date,open,high,low,close,volume
2021-03-18,1.6551,1.88,1.2155,1.23,112384864.67
2021-03-19,1.2311,1.396,1.1808,1.3076,166658507.55
2021-03-20,1.3065,1.345,1.2001,1.2013,121442030.52
2021-03-21,1.2013,1.2463,1.1607,1.1885,55592643.07
2021-03-22,1.1885,1.2076,1.07,1.1027,80249983.81
2021-03-23,1.1027,1.1742,1.082,1.1178,63714627.98
2021-03-24,1.1175,1.1686,1.04,1.0674,60465685.88
2021-03-25,1.0691,1.1547,1.0442,1.0963,74708052.97
2021-03-26,1.0963,1.2869,1.0944,1.2144,73745757.07
2021-03-27,1.2149,1.2415,1.1575,1.1768,47923717.62
2021-03-28,1.1775,1.2188,1.1666,1.1903,39099166.73
2021-03-29,1.1904,1.2294,1.1777,1.2032,43471602.2
2021-03-30,1.2032,1.2365,1.1888,1.2135,45176667.11
2021-03-31,1.2135,1.2138,1.1526,1.1934,46011378.93
2021-04-01,1.1926,1.2079,1.171,1.1842,36842053.16
2021-04-02,1.1842,1.245,1.18,1.1908,45706769.96
2021-04-03,1.1908,1.2413,1.1605,1.1637,51681666.91
2021-04-04,1.1639,1.1941,1.1521,1.1817,25801716.36
2021-04-05,1.1823,1.2263,1.1608,1.2123,43263805.66
2021-04-06,1.2124,1.3423,1.1913,1.2566,91644956.18
2021-04-07,1.2578,1.2909,1.1601,1.1745,60930156.15
2021-04-08,1.1745,1.2289,1.1703,1.2195,34901097.69
2021-04-09,1.219,1.2299,1.1922,1.2027,36252890.19
2021-04-10,1.2027,1.2516,1.195,1.2176,43156667.15
2021-04-11,1.2182,1.29,1.1986,1.2647,60569061.79
2021-04-12,1.2638,1.3476,1.2635,1.3153,81402849.96
2021-04-13,1.3153,1.4368,1.2828,1.414,104171409.13
2021-04-14,1.414,1.5591,1.3495,1.4512,178796472
2021-04-15,1.4528,1.4975,1.4111,1.4803,86951329.97
2021-04-16,1.4806,1.5222,1.34,1.413,123840398.92
2021-04-17,1.413,1.4599,1.36,1.3772,68299999.39
2021-04-18,1.3773,1.3924,1.13,1.2804,162318050.41
2021-04-19,1.2804,1.3277,1.17,1.1963,89753007.84
2021-04-20,1.1968,1.2839,1.1239,1.2689,102388446.16
2021-04-21,1.2685,1.289,1.1964,1.2042,74010406
2021-04-22,1.2048,1.28,1.12,1.1456,102691576.41
2021-04-23,1.1456,1.1691,0.991,1.1599,192087824.74
2021-04-24,1.16,1.1985,1.0944,1.1047,64659652.49
2021-04-25,1.1047,1.1481,1.02,1.0927,51403665.39
2021-04-26,1.0923,1.2543,1.0808,1.239,74614548.83
2021-04-27,1.2385,1.3356,1.2238,1.3081,67635192.94
2021-04-28,1.3081,1.35,1.235,1.3383,71378107.51
2021-04-29,1.339,1.4124,1.2685,1.3076,93378698.17
2021-04-30,1.3066,1.372,1.2886,1.3556,55481493.84
2021-05-01,1.3556,1.37,1.31,1.3537,43727490.01
2021-05-02,1.3537,1.3575,1.296,1.3284,31217982.88
2021-05-03,1.3284,1.3816,1.3223,1.3634,55647160.05
2021-05-04,1.3643,1.3681,1.258,1.2719,85945540.16
2021-05-05,1.2716,1.5,1.2609,1.4827,144130956.71
2021-05-06,1.4827,1.705,1.4302,1.6503,239388664.66
2021-05-07,1.6509,1.7499,1.53,1.6551,145970329.27
2021-05-08,1.6559,1.6569,1.5652,1.625,85189669.22
2021-05-09,1.6252,1.8356,1.5765,1.7704,164921968.75
2021-05-10,1.7698,1.8274,1.5351,1.6449,171497781.28
2021-05-11,1.6447,1.78,1.598,1.7661,142830249.17
2021-05-12,1.7669,1.8229,1.54,1.5667,161765363.86
2021-05-13,1.57,2.1,1.5,1.9556,399388845.56
2021-05-14,1.9556,2.0463,1.8137,2.011,195028170.93
2021-05-15,2.0109,2.49,1.9669,2.1935,380636022.42
2021-05-16,2.1936,2.47,2.002,2.3101,323707586.74
2021-05-17,2.3103,2.3317,1.91,2.0324,332519172.61
2021-05-18,2.033,2.152,1.976,2.0049,177523325.9
2021-05-19,2.0045,2.031,1.05,1.4919,708126731.14
2021-05-20,1.4927,1.9696,1.3334,1.806,335495873.03
2021-05-21,1.806,1.874,1.3169,1.5525,307315756.9
2021-05-22,1.5524,1.601,1.3674,1.4652,155738930.97
2021-05-23,1.4653,1.54,1.06,1.3178,362911913.98
2021-05-24,1.3178,1.5999,1.2586,1.55,255961229.19
2021-05-25,1.5499,1.65,1.4373,1.5549,193646460.6
2021-05-26,1.5547,1.8332,1.554,1.7811,224330520.17
2021-05-27,1.7822,1.79,1.61,1.6567,128226844.71
2021-05-28,1.6565,1.68,1.4501,1.5141,196815551.17
2021-05-29,1.5133,1.5615,1.3358,1.4051,156390351.21
2021-05-30,1.4043,1.7,1.3468,1.5769,165291552.44
2021-05-31,1.5769,1.75,1.526,1.7391,142200899.37
2021-06-01,1.7383,1.78,1.6541,1.7349,108468694.75
2021-06-02,1.7349,1.805,1.7184,1.7542,99433219.87
2021-06-03,1.7538,1.889,1.711,1.8456,80171317.73
2021-06-04,1.8459,1.8483,1.6083,1.7085,130381989.09
2021-06-05,1.7087,1.7833,1.6003,1.657,74308251.02
2021-06-06,1.6562,1.708,1.6465,1.6778,35246659.42
2021-06-07,1.6778,1.7436,1.5501,1.5665,73337180.02
2021-06-08,1.5665,1.5973,1.4,1.5842,152186768.64
2021-06-09,1.5837,1.6349,1.4832,1.6279,94447813.98
2021-06-10,1.6281,1.6396,1.5074,1.5321,56041433.06
2021-06-11,1.5328,1.5479,1.42,1.4378,63235405.02
2021-06-12,1.4377,1.4941,1.3574,1.4781,66739516.18
2021-06-13,1.4781,1.582,1.4015,1.5573,56488386.02
2021-06-14,1.5568,1.5958,1.506,1.5772,58934752.29
2021-06-15,1.5772,1.6127,1.541,1.5545,43268476.61
2021-06-16,1.5553,1.5747,1.4741,1.485,42216624.64
2021-06-17,1.485,1.5389,1.4562,1.4824,38147376.84
2021-06-18,1.4824,1.492,1.3751,1.4169,56431542
2021-06-19,1.4169,1.4422,1.3843,1.3844,27690555.42
2021-06-20,1.3848,1.4593,1.3062,1.4252,52741515.38
2021-06-21,1.4255,1.4364,1.162,1.1734,136822914.75
2021-06-22,1.1742,1.2678,1.0009,1.1586,256337195.12
2021-06-23,1.1584,1.31,1.1088,1.2508,98816704.27
2021-06-24,1.2513,1.3998,1.201,1.3602,81898737.2
2021-06-25,1.36,1.3961,1.2409,1.2529,96273190.11
2021-06-26,1.2529,1.2918,1.2,1.2518,52812119.45
2021-06-27,1.2519,1.35,1.2421,1.3372,46886100.19
2021-06-28,1.3386,1.35,1.3043,1.326,40116253.34
2021-06-29,1.3263,1.4218,1.3196,1.3736,68003255.4
2021-06-30,1.3728,1.4019,1.2832,1.3863,66647477.56
2021-07-01,1.3861,1.3869,1.303,1.3325,54875277.14
2021-07-02,1.3322,1.3963,1.285,1.3956,51154356.54
2021-07-03,1.3957,1.444,1.3589,1.4054,34164318.81
2021-07-04,1.4053,1.496,1.383,1.4623,37514949.91
2021-07-05,1.4621,1.4623,1.3775,1.4038,34915915.87
2021-07-06,1.4038,1.4575,1.3901,1.4161,32754877.29
2021-07-07,1.4163,1.4412,1.4,1.4049,25560439.92
2021-07-08,1.4049,1.4073,1.3193,1.3276,41753984.35
2021-07-09,1.3276,1.3743,1.2872,1.351,28256220.22
2021-07-10,1.3509,1.3665,1.3178,1.3356,17670645.6
2021-07-11,1.3358,1.3673,1.3235,1.3486,12144955.48
2021-07-12,1.3491,1.3747,1.2916,1.3129,28271194.5
2021-07-13,1.3122,1.3202,1.25,1.2654,35873298.1
2021-07-14,1.2651,1.29,1.2,1.2633,42094984.08
2021-07-15,1.2636,1.29,1.2051,1.2249,32055889.27
2021-07-16,1.2249,1.2452,1.1661,1.1714,36764908.57
2021-07-17,1.1714,1.1954,1.1503,1.173,30485996.64
2021-07-18,1.1731,1.2193,1.1674,1.1815,20204036.8
2021-07-19,1.1816,1.1922,1.1159,1.1226,38666530.06
2021-07-20,1.1228,1.1365,1.025,1.0559,98783713.28
2021-07-21,1.0559,1.2261,1.038,1.1703,67158180.72
2021-07-22,1.1713,1.209,1.1503,1.1858,32116111.23
2021-07-23,1.1858,1.2086,1.1465,1.2079,36324704.62
2021-07-24,1.208,1.2499,1.1971,1.2345,34456298.8
2021-07-25,1.2341,1.24,1.1909,1.2295,28499631.24
2021-07-26,1.2296,1.4,1.2233,1.2554,115870944.93
2021-07-27,1.2556,1.317,1.214,1.2807,52836429.68
2021-07-28,1.2805,1.3183,1.258,1.288,40890998.88
2021-07-29,1.288,1.2986,1.2576,1.286,31307955.85
2021-07-30,1.2856,1.3183,1.2489,1.3115,38616782.07
2021-07-31,1.3119,1.3339,1.2886,1.3206,34186235.93
2021-08-01,1.3211,1.3893,1.3,1.3147,57836099.18
2021-08-02,1.3141,1.3504,1.2941,1.3078,40273945.27
2021-08-03,1.3082,1.3815,1.262,1.3692,58921735.47
2021-08-04,1.3689,1.3935,1.3229,1.3767,47303288.33
2021-08-05,1.3763,1.3987,1.3384,1.3867,44521029.62
2021-08-06,1.3867,1.4261,1.3622,1.4032,51652205.51
2021-08-07,1.403,1.4866,1.3959,1.4744,62478714.35
2021-08-08,1.4743,1.4952,1.4075,1.4268,49197827.67
2021-08-09,1.4265,1.5,1.3921,1.4752,58582548.76
2021-08-10,1.4752,1.701,1.4581,1.6788,108892118.16
2021-08-11,1.6788,1.898,1.6708,1.7948,186420478.2
2021-08-12,1.7946,1.8694,1.68,1.8349,126565603.28
2021-08-13,1.8351,2.15,1.8211,2.1398,204385133.6
2021-08-14,2.1398,2.25,2.0839,2.1906,149551730.8
2021-08-15,2.1906,2.2499,2.0327,2.1686,115045279.71
2021-08-16,2.1684,2.1968,2.0475,2.0725,92987495.02
2021-08-17,2.0717,2.1413,1.906,1.9223,142461023.9
2021-08-18,1.9233,2.165,1.8703,2.1046,151190312.96
2021-08-19,2.1047,2.4494,2.0473,2.4411,232394266.05
2021-08-20,2.441,2.5832,2.3713,2.4567,213862132.05
2021-08-21,2.457,2.5295,2.3828,2.4377,84168259.94
2021-08-22,2.4366,2.7238,2.4333,2.711,137574424.27
2021-08-23,2.71,2.97,2.689,2.9179,206156648.77
2021-08-24,2.9176,2.9496,2.59,2.7209,215490110.4
2021-08-25,2.7209,2.8,2.604,2.7402,126215282.05
2021-08-26,2.7406,2.785,2.4701,2.5301,166628803.47
2021-08-27,2.5313,2.9485,2.4968,2.9477,171789079.42
2021-08-28,2.9485,2.95,2.7757,2.8494,92235484.7
2021-08-29,2.8494,2.9371,2.7235,2.853,98034097.37
2021-08-30,2.8532,2.8867,2.7242,2.7368,104408538.06
2021-08-31,2.7367,2.88,2.7021,2.7698,103953976.7
2021-09-01,2.7697,2.9052,2.724,2.8707,93378811.02
2021-09-02,2.8706,3.0994,2.8371,2.9635,174814779.01
2021-09-03,2.9634,3.0333,2.9045,2.9677,108852651.3
2021-09-04,2.968,2.968,2.8033,2.833,94616818.91
2021-09-05,2.8334,2.9594,2.8255,2.9135,76119422.93
2021-09-06,2.9135,2.9303,2.8031,2.8349,75387789.86
2021-09-07,2.8346,2.8769,2.003,2.5238,312991196.1
2021-09-08,2.5242,2.58,2.2007,2.47,224011712.45
2021-09-09,2.4708,2.6229,2.3852,2.5182,172191066.72
2021-09-10,2.5182,2.5862,2.276,2.3826,144594381.37
2021-09-11,2.3829,2.8,2.3682,2.6364,192090214.45
2021-09-12,2.6384,2.79,2.5025,2.5806,160085304.49
2021-09-13,2.5812,2.5934,2.3111,2.4022,162871199.75
2021-09-14,2.4021,2.4394,2.3217,2.3987,91067546.12
2021-09-15,2.3985,2.5862,2.3583,2.5052,106653084.53
2021-09-16,2.5053,2.5249,2.3821,2.4169,77817160.06
2021-09-17,2.4169,2.4418,2.3142,2.3509,64832101.83
2021-09-18,2.3512,2.4395,2.3118,2.3706,52470922.83
2021-09-19,2.371,2.3969,2.2611,2.2833,46821064.59
2021-09-20,2.2835,2.2928,1.977,2.0812,223008365.22
2021-09-21,2.082,2.229,1.9111,1.987,187395364.02
2021-09-22,1.9873,2.2697,1.9682,2.2588,134994934.21
2021-09-23,2.2579,2.3478,2.1813,2.3281,81744128.55
2021-09-24,2.3291,2.3469,2.0636,2.2802,155005928.48
2021-09-25,2.2797,2.4604,2.238,2.3022,119272391.19
2021-09-26,2.3014,2.3034,2.15,2.2075,87949422.33
2021-09-27,2.2069,2.2772,2.1303,2.1303,74510887.36
2021-09-28,2.1304,2.1738,2.0291,2.0374,77750082.48
2021-09-29,2.0374,2.1442,2.02,2.066,81816456.54
2021-09-30,2.066,2.1369,2.0512,2.1155,72908500.56
2021-10-01,2.1157,2.275,2.093,2.2554,79086562.56
2021-10-02,2.256,2.3227,2.195,2.2489,61828094.53
2021-10-03,2.2485,2.3093,2.2224,2.2531,53567300.93
2021-10-04,2.2529,2.2545,2.1502,2.1915,73151315.08
2021-10-05,2.1922,2.2589,2.1778,2.2331,70681453.13
2021-10-06,2.2339,2.25,2.1137,2.2107,115551165.08
2021-10-07,2.2111,2.3749,2.151,2.2783,131904993.78
2021-10-08,2.2784,2.3129,2.2157,2.238,67219015.77
2021-10-09,2.2382,2.3,2.2199,2.2689,66842424.87
2021-10-10,2.2691,2.2776,2.1628,2.1897,46743847.32
2021-10-11,2.19,2.25,2.11,2.1715,71150616.35
2021-10-12,2.171,2.1731,2.0718,2.1176,80220590.05
2021-10-13,2.117,2.1993,2.081,2.1891,64618058.16
2021-10-14,2.1901,2.2245,2.1573,2.1743,50226852.48
2021-10-15,2.174,2.2427,2.1358,2.2172,101743972.49
2021-10-16,2.2174,2.25,2.1704,2.1784,54970586
2021-10-17,2.1783,2.19,2.0923,2.1589,45055894.89
2021-10-18,2.1589,2.1746,2.105,2.1283,51016551.35
2021-10-19,2.1271,2.1568,2.0925,2.1094,52528925.65
2021-10-20,2.1099,2.213,2.0918,2.1898,78623295.4
2021-10-21,2.1897,2.2985,2.009,2.1367,120719760.25
2021-10-22,2.1367,2.2096,2.1241,2.1555,63805646.31
2021-10-23,2.156,2.1736,2.1321,2.1661,36578560.6
2021-10-24,2.1661,2.1676,2.0936,2.1198,56799100.77
2021-10-25,2.1197,2.1777,2.1136,2.145,58100532.53
2021-10-26,2.1449,2.2024,2.1213,2.1372,79282722.11
2021-10-27,2.1379,2.1551,1.848,1.9105,220711400.28
2021-10-28,1.912,2.0601,1.9066,1.9874,156835181.94
2021-10-29,1.9874,2.0479,1.9798,2.015,100992108.54
2021-10-30,2.0152,2.0181,1.923,1.9552,74207935.05
2021-10-31,1.956,2.03,1.9191,1.9668,83790893.76
2021-11-01,1.9665,2.0193,1.913,1.9493,74162702.01
2021-11-02,1.9492,1.9969,1.9346,1.972,76676086.06
2021-11-03,1.9721,2.1462,1.9511,2.0644,167786500.87
2021-11-04,2.0644,2.11,1.938,1.9826,95516481.17
2021-11-05,1.9827,2.0195,1.9605,1.9833,62067034.93
2021-11-06,1.9833,2.0417,1.9445,2.0062,57134826.32
2021-11-07,2.0062,2.0373,1.9762,2.0228,43877563.81
2021-11-08,2.0226,2.1426,2.0105,2.1271,105638476.89
2021-11-09,2.1271,2.38,2.1063,2.2687,253523654.06
2021-11-10,2.2692,2.3299,1.9363,2.0996,202577941.42
2021-11-11,2.0996,2.1532,2.0555,2.0792,98683919.21
2021-11-12,2.0796,2.0996,1.9921,2.0454,120230585.1
2021-11-13,2.0454,2.08,2.0217,2.0508,42830765.84
2021-11-14,2.0506,2.07,2.011,2.0392,42175639.5
2021-11-15,2.0397,2.0947,2.0125,2.0183,51415542.73
2021-11-16,2.0184,2.0186,1.7626,1.8759,188143420.29
2021-11-17,1.8759,1.8937,1.7967,1.8777,104995452.24
2021-11-18,1.8777,1.9091,1.7011,1.7867,132663231.09
2021-11-19,1.7877,1.8967,1.74,1.865,86323118.52
2021-11-20,1.8651,1.9577,1.8621,1.9236,53675752.88
2021-11-21,1.9238,1.9254,1.8343,1.8355,43583290.09
2021-11-22,1.8361,1.8397,1.7587,1.7779,74955946.02
2021-11-23,1.7782,1.8169,1.74,1.7505,74430169.2
2021-11-24,1.7505,1.7509,1.5863,1.666,171367527.47
2021-11-25,1.6663,1.7504,1.6206,1.6762,94896693.4
2021-11-26,1.6769,1.6862,1.5,1.5345,164281646.59
2021-11-27,1.5333,1.5866,1.532,1.5447,54101869.15
2021-11-28,1.5447,1.601,1.419,1.5953,110055133.01
2021-11-29,1.5952,1.6376,1.5589,1.603,66260267.14
2021-11-30,1.603,1.63,1.546,1.5552,88998950.94
2021-12-01,1.5552,1.6241,1.533,1.548,77606872.57
2021-12-02,1.5479,1.7608,1.5193,1.7209,154688938.48
2021-12-03,1.721,1.7301,1.5146,1.5573,106630453.02
2021-12-04,1.5566,1.5593,1.3,1.421,151436955.04
2021-12-05,1.4209,1.4372,1.2858,1.3805,152874606.79
2021-12-06,1.381,1.4446,1.257,1.4209,166328398.34
2021-12-07,1.4209,1.4808,1.3659,1.3798,128023696.06
2021-12-08,1.3798,1.4251,1.3401,1.3977,95355728.05
2021-12-09,1.3977,1.4096,1.2877,1.2894,103893055
2021-12-10,1.2894,1.3345,1.2063,1.2115,118869778.24
2021-12-11,1.2112,1.362,1.1926,1.3544,94184256.58
2021-12-12,1.3545,1.4154,1.3202,1.3471,59670663.62
2021-12-13,1.347,1.3582,1.2,1.2252,98160986.97
2021-12-14,1.2247,1.2853,1.1993,1.2675,81576010.92
2021-12-15,1.2671,1.3325,1.2045,1.3114,92447442.77
2021-12-16,1.3118,1.3313,1.2354,1.2395,65906533.08
2021-12-17,1.2396,1.2589,1.1829,1.2178,80785625.82
2021-12-18,1.2176,1.2671,1.2003,1.243,50292409.98
2021-12-19,1.2431,1.3358,1.2405,1.2443,76578326.23
2021-12-20,1.2442,1.2609,1.2014,1.2381,75993908.27
2021-12-21,1.2378,1.29,1.2278,1.2801,52860046.67
2021-12-22,1.2801,1.3687,1.2764,1.3279,76620410.27
2021-12-23,1.3281,1.4904,1.3074,1.4743,97844844.82
2021-12-24,1.4748,1.4911,1.3814,1.3935,57127593.85
2021-12-25,1.3935,1.4607,1.3813,1.4542,36451494.3
2021-12-26,1.4542,1.468,1.4082,1.4549,44040852.16
2021-12-27,1.4557,1.5934,1.4512,1.5164,71946493.29
2021-12-28,1.5164,1.5397,1.3761,1.3998,91052914.49
2021-12-29,1.3994,1.4378,1.3218,1.3322,72044988.27
2021-12-30,1.3321,1.3786,1.2979,1.3585,62342074.95
2021-12-31,1.3582,1.3832,1.28,1.3082,75407241.07
2022-01-01,1.3082,1.3799,1.305,1.3797,49289114.64
2022-01-02,1.3796,1.3917,1.3385,1.3779,36457985.23
2022-01-03,1.3777,1.3782,1.3087,1.3186,58622712.43
2022-01-04,1.3189,1.3519,1.2947,1.3092,53827919.71
2022-01-05,1.3093,1.3532,1.194,1.2304,88384779.1
2022-01-06,1.2303,1.2969,1.186,1.2794,90182146.61
2022-01-07,1.2792,1.285,1.189,1.2093,108193614.4
2022-01-08,1.2096,1.254,1.126,1.1827,92792139.92
2022-01-09,1.1824,1.2068,1.1474,1.1707,59707592.58
2022-01-10,1.1702,1.1813,1.0706,1.1235,101814559.2
2022-01-11,1.1232,1.1963,1.1222,1.1879,65082991.55
2022-01-12,1.1877,1.3141,1.1874,1.313,85302050.58
2022-01-13,1.313,1.3549,1.2273,1.2328,80647676.12
2022-01-14,1.2323,1.31,1.2186,1.2931,75989231.78
2022-01-15,1.2931,1.3193,1.2517,1.2922,37195907.35
2022-01-16,1.2923,1.4236,1.2867,1.4118,107729976.44
2022-01-17,1.4121,1.6068,1.3871,1.6027,213635553.98
2022-01-18,1.6031,1.64,1.4102,1.4589,183975761.78
2022-01-19,1.4586,1.5346,1.3259,1.3366,172084490.06
2022-01-20,1.336,1.427,1.25,1.2589,167831926.13
2022-01-21,1.259,1.2879,1.101,1.1211,271741360.35
2022-01-22,1.1205,1.1562,0.9235,1.0713,345426124.83
2022-01-23,1.0712,1.17,1.0511,1.1249,169612916.38
2022-01-24,1.125,1.1253,0.951,1.0664,266480460.08
2022-01-25,1.0664,1.0748,0.9921,1.043,130784236.71
2022-01-26,1.043,1.1617,1.0227,1.0784,199919647.59
2022-01-27,1.0779,1.0809,1.0005,1.0428,132114958.68
2022-01-28,1.0429,1.0608,1.0092,1.0486,101501039.48
2022-01-29,1.0486,1.0839,1.0382,1.0603,64059801.51
2022-01-30,1.0604,1.0776,1.024,1.0359,52965167.17
2022-01-31,1.0362,1.0596,1.01,1.0524,92189401.73
2022-02-01,1.0525,1.0968,1.0352,1.0965,98217378.69
2022-02-02,1.0966,1.103,1.0232,1.0268,95925063.58
2022-02-03,1.0274,1.0622,1.0174,1.061,81980070.63
2022-02-04,1.0608,1.14,1.0458,1.1398,94235952.67
2022-02-05,1.1396,1.1785,1.0972,1.1255,84337984.66
2022-02-06,1.1259,1.1509,1.0983,1.1436,51689034.46
2022-02-07,1.1438,1.21,1.1261,1.1991,124152495.63
2022-02-08,1.1991,1.2639,1.1336,1.1764,122033524.12
2022-02-09,1.1764,1.216,1.1523,1.1947,81723558.83
2022-02-10,1.1947,1.225,1.1445,1.1515,107401695.38
2022-02-11,1.1515,1.1642,1.0676,1.0803,87692882.07
2022-02-12,1.0804,1.0931,1.03,1.0596,72908261.76
2022-02-13,1.0595,1.0777,1.0328,1.0431,51559918.48
2022-02-14,1.0429,1.0553,1.0184,1.05,72366907.61
2022-02-15,1.0501,1.1163,1.0492,1.1087,74560936.03
2022-02-16,1.1085,1.1126,1.066,1.0833,54454972.34
2022-02-17,1.0834,1.0943,1.009,1.0203,69002542.69
2022-02-18,1.0206,1.043,0.9847,0.9958,90025938.13
2022-02-19,0.9959,1.0196,0.9739,0.9969,68090617.71
2022-02-20,0.9972,0.9983,0.9191,0.9319,110716424.57
2022-02-21,0.9317,0.9925,0.852,0.8572,166847583.48
2022-02-22,0.8575,0.897,0.8139,0.8881,180973463.65
2022-02-23,0.8883,0.9604,0.8633,0.8664,123887036.47
2022-02-24,0.8666,0.905,0.7474,0.8533,272354246.81
2022-02-25,0.8534,0.91,0.8241,0.8997,110950646.59
2022-02-26,0.8997,0.9304,0.8817,0.8873,62117579.09
2022-02-27,0.8875,0.9152,0.8327,0.8569,73938481.08
2022-02-28,0.8567,0.97,0.8425,0.964,111134770.7
2022-03-01,0.964,1.0142,0.94,0.9643,114858104.35
2022-03-02,0.9643,0.9774,0.9276,0.9394,83022741.74
2022-03-03,0.9395,0.946,0.8837,0.9021,71860077.03
2022-03-04,0.9019,0.9029,0.827,0.845,77935400.51
2022-03-05,0.8448,0.883,0.819,0.8654,60894863.14
2022-03-06,0.8652,0.872,0.8196,0.823,44563261.31
2022-03-07,0.823,0.8469,0.7774,0.7932,90145087.52
2022-03-08,0.7931,0.8213,0.7876,0.8021,76973355.12
2022-03-09,0.802,0.8631,0.7993,0.8495,76855159.71
2022-03-10,0.8495,0.8541,0.787,0.807,68907516.56
2022-03-11,0.8068,0.8194,0.7826,0.7884,65030253.53
2022-03-12,0.7885,0.8018,0.7856,0.7898,33024694.01
2022-03-13,0.7896,0.8205,0.7807,0.7875,42300673.43
2022-03-14,0.7872,0.813,0.777,0.8028,52058611.92
2022-03-15,0.8026,0.8172,0.7828,0.7992,53954795.63
2022-03-16,0.7992,0.8401,0.7941,0.8393,71660052.99
2022-03-17,0.8391,0.858,0.8283,0.8365,49071648.19
2022-03-18,0.8363,0.86,0.8216,0.852,44879680.43
2022-03-19,0.8522,0.9164,0.851,0.903,60988670.78
2022-03-20,0.9029,0.916,0.8643,0.879,45508548.46
2022-03-21,0.8788,0.93,0.8631,0.9179,62081430.14
2022-03-22,0.9179,0.9887,0.908,0.9753,97598600.51
2022-03-23,0.9752,1.1104,0.9575,1.1087,202463412.76
2022-03-24,1.1086,1.19,1.0805,1.1314,193739468.76
2022-03-25,1.1314,1.1669,1.0723,1.0966,132892712.11
2022-03-26,1.0969,1.1595,1.08,1.153,79564451.2
2022-03-27,1.1528,1.1872,1.1052,1.1845,65733416.11
2022-03-28,1.1842,1.2462,1.158,1.1694,136032679.49
2022-03-29,1.1691,1.2426,1.1667,1.1909,91591733.3
2022-03-30,1.1911,1.2182,1.1628,1.1906,72542288
2022-03-31,1.1903,1.2287,1.1331,1.1417,113833229.2
2022-04-01,1.1416,1.1751,1.104,1.1654,86040630.27
2022-04-02,1.1662,1.1961,1.1476,1.1562,56939385.99
2022-04-03,1.1564,1.2,1.1436,1.1865,37982559.65
2022-04-04,1.1863,1.2458,1.1608,1.2117,99276047.97
2022-04-05,1.212,1.2187,1.1637,1.1705,46556645.87
2022-04-06,1.1712,1.1733,1.0479,1.0525,113961565.01
2022-04-07,1.0524,1.1195,1.039,1.0894,66020852.46
2022-04-08,1.0887,1.0995,1.019,1.0245,56221626.15
2022-04-09,1.0247,1.0481,1.0213,1.0453,28494643.26
2022-04-10,1.0453,1.0699,1.0231,1.0274,26316466.2
2022-04-11,1.0274,1.0329,0.917,0.9198,96928149.01
2022-04-12,0.9199,0.9836,0.9157,0.9545,62045907.53
2022-04-13,0.9545,0.98,0.9349,0.9748,42403390.38
2022-04-14,0.9748,0.9854,0.9228,0.9325,43069932.87
2022-04-15,0.9322,0.9589,0.9293,0.9553,28190817.18
2022-04-16,0.9558,0.963,0.9374,0.9514,20412257.97
2022-04-17,0.9514,0.9625,0.912,0.9148,22296536.11
2022-04-18,0.9148,0.9382,0.8744,0.9367,56052555.88
2022-04-19,0.9367,0.957,0.9272,0.9524,37117160.63
2022-04-20,0.9526,0.9755,0.9309,0.9367,39035207.21
2022-04-21,0.9367,0.9707,0.8922,0.9102,44822082.22
2022-04-22,0.9101,0.9247,0.8908,0.9064,33272639.38
2022-04-23,0.9064,0.9128,0.8821,0.8873,20009235.26
2022-04-24,0.8869,0.899,0.8772,0.886,21840374.53
2022-04-25,0.8859,0.9033,0.8267,0.8975,82751434.23
2022-04-26,0.898,0.9032,0.8166,0.8259,68602667.38
2022-04-27,0.8258,0.856,0.8192,0.8405,50643834.45
2022-04-28,0.8405,0.8529,0.8257,0.8433,45973421.77
2022-04-29,0.8432,0.8494,0.7893,0.8049,59378862.25
2022-04-30,0.805,0.818,0.7357,0.7558,64218106.87
2022-05-01,0.7558,0.8002,0.7452,0.7896,63290070.87
2022-05-02,0.7895,0.7971,0.7636,0.7806,51891229.75
2022-05-03,0.7805,0.7994,0.76,0.7711,38413769.32
2022-05-04,0.7711,0.899,0.7676,0.8983,77542412.72
2022-05-05,0.8983,0.9052,0.7717,0.7884,115818008.88
2022-05-06,0.7883,0.7993,0.7622,0.7831,67535550.13
2022-05-07,0.7833,0.7859,0.7467,0.7598,40658639.31
2022-05-08,0.7598,0.7659,0.7256,0.7403,60522189
2022-05-09,0.7401,0.754,0.6,0.6018,213289138.31
2022-05-10,0.6028,0.7021,0.5829,0.6283,229219433.5
2022-05-11,0.6282,0.6629,0.4685,0.5161,311609866.59
2022-05-12,0.5161,0.55,0.39,0.4724,302112281.19
2022-05-13,0.4723,0.6069,0.4678,0.5281,194184455.29
2022-05-14,0.5281,0.5565,0.4879,0.5371,90751875.74
2022-05-15,0.537,0.5999,0.5137,0.598,84918919.9
2022-05-16,0.5977,0.6135,0.5436,0.5561,95586214.4
2022-05-17,0.5561,0.5996,0.55,0.577,72308439.49
2022-05-18,0.577,0.5859,0.502,0.5053,87090432.73
2022-05-19,0.5051,0.5464,0.4909,0.5326,73137010.36
2022-05-20,0.5329,0.5442,0.5008,0.5155,83778682.93
2022-05-21,0.5157,0.538,0.5081,0.5279,35245556.22
2022-05-22,0.5279,0.5478,0.521,0.5413,35281038.38
2022-05-23,0.5411,0.5589,0.5036,0.5129,66212225.25
2022-05-24,0.513,0.5246,0.4921,0.5214,75384777.88
2022-05-25,0.5213,0.532,0.5064,0.5139,54033189.37
2022-05-26,0.5138,0.5204,0.461,0.4785,93330369.67
2022-05-27,0.4785,0.4834,0.445,0.4562,133272478.44
2022-05-28,0.4561,0.4688,0.4455,0.4643,52909618.33
2022-05-29,0.4643,0.4824,0.4558,0.4817,49099450.17
2022-05-30,0.4818,0.5779,0.4765,0.5697,124235454.04
2022-05-31,0.5697,0.689,0.5677,0.6263,285278832.16
2022-06-01,0.6264,0.631,0.5358,0.5515,177173384.31
2022-06-02,0.5514,0.598,0.5483,0.587,172333844.23
2022-06-03,0.5871,0.6049,0.5378,0.5594,139224383.51
2022-06-04,0.5593,0.5714,0.5441,0.5662,72041202.17
2022-06-05,0.5663,0.5803,0.5532,0.5669,60763844.33
2022-06-06,0.567,0.6454,0.5646,0.6087,210533266.07
2022-06-07,0.6087,0.645,0.5706,0.6136,186055410.28
2022-06-08,0.6134,0.6691,0.6082,0.6405,205687679.33
2022-06-09,0.6404,0.6573,0.625,0.6321,123278887.46
2022-06-10,0.6321,0.6356,0.5702,0.5737,162892413.65
2022-06-11,0.5736,0.617,0.5424,0.5535,128648023.29
2022-06-12,0.5538,0.5606,0.4885,0.4899,205421507.5
2022-06-13,0.4899,0.4983,0.4357,0.4636,421461647.84
2022-06-14,0.4635,0.5194,0.4352,0.4828,318937751.45
2022-06-15,0.4826,0.5388,0.4478,0.5343,338329443.2
2022-06-16,0.5339,0.5466,0.4666,0.4756,160047664.58
2022-06-17,0.4754,0.5032,0.4708,0.4868,130496025.11
2022-06-18,0.4868,0.4947,0.4201,0.4544,178043518.79
2022-06-19,0.4543,0.4895,0.4352,0.484,160363101.98
2022-06-20,0.484,0.5088,0.4607,0.4913,127270548.84
2022-06-21,0.491,0.5105,0.4741,0.4808,147705203.67
2022-06-22,0.4808,0.4809,0.4556,0.4589,101466584.89
2022-06-23,0.459,0.483,0.456,0.4798,95619781.45
2022-06-24,0.4799,0.5093,0.4757,0.4979,107704836.17
2022-06-25,0.498,0.5073,0.4782,0.4982,80940603.35
2022-06-26,0.4981,0.5255,0.4885,0.4899,100720967.96
2022-06-27,0.4897,0.5086,0.4755,0.4853,80509659.32
2022-06-28,0.4853,0.4971,0.4665,0.469,94183598.54
2022-06-29,0.4688,0.4767,0.4583,0.4658,99899013.89
2022-06-30,0.4659,0.4672,0.4343,0.4598,133737584.93
2022-07-01,0.46,0.474,0.4422,0.4479,104900784.21
2022-07-02,0.4482,0.4609,0.44,0.4552,47065388.89
2022-07-03,0.4552,0.4593,0.4431,0.4555,42651768.97
2022-07-04,0.4556,0.4755,0.4443,0.469,79188771.28
2022-07-05,0.4692,0.4711,0.4442,0.4567,93718817.41
2022-07-06,0.4567,0.4648,0.4465,0.4619,76756525.33
2022-07-07,0.4619,0.4824,0.4604,0.4774,83157690.75
2022-07-08,0.4775,0.4927,0.46,0.4657,93840962.74
2022-07-09,0.4657,0.4847,0.4648,0.4777,61167151.56
2022-07-10,0.4777,0.4797,0.4549,0.4622,57622909.57
2022-07-11,0.4621,0.4626,0.4312,0.4344,85042716.07
2022-07-12,0.4342,0.442,0.415,0.4165,86680083.47
2022-07-13,0.4165,0.44,0.4019,0.4382,165169356.83
2022-07-14,0.4381,0.446,0.4166,0.4414,123889639.08
2022-07-15,0.4414,0.454,0.4326,0.4419,119045708.9
2022-07-16,0.4419,0.4591,0.4316,0.4579,74868017.59
2022-07-17,0.4578,0.4658,0.4417,0.4477,85576074.02
2022-07-18,0.4477,0.4994,0.4456,0.49,220720171.95
2022-07-19,0.4901,0.5268,0.4735,0.5151,180703250.91
2022-07-20,0.5152,0.5489,0.4866,0.4911,187221752.45
2022-07-21,0.4908,0.5027,0.4751,0.4996,125817723.06
2022-07-22,0.4996,0.5116,0.4775,0.483,77301017.74
2022-07-23,0.4832,0.5189,0.4731,0.5171,91435845.89
2022-07-24,0.5172,0.5366,0.5093,0.512,76162007.47
2022-07-25,0.5119,0.5158,0.474,0.4749,84346328.12
2022-07-26,0.475,0.4775,0.4508,0.4683,109611206.07
2022-07-27,0.4681,0.5124,0.4588,0.5113,130137067.17
2022-07-28,0.5113,0.5242,0.4885,0.5129,128504449.17
2022-07-29,0.513,0.5455,0.5065,0.5222,163937273.1
2022-07-30,0.5222,0.5558,0.5089,0.5267,127460070.7
2022-07-31,0.5267,0.5444,0.5133,0.5165,79424673.87
2022-08-01,0.5165,0.5268,0.5008,0.5128,73735836.23
2022-08-02,0.5128,0.5158,0.4889,0.4966,76455587.49
2022-08-03,0.4967,0.5172,0.4892,0.5009,56698603.49
2022-08-04,0.501,0.5112,0.4937,0.4997,51376142.48
2022-08-05,0.4998,0.5194,0.4992,0.5176,53475805.1
2022-08-06,0.5176,0.5235,0.5102,0.5114,43751112.44
2022-08-07,0.5114,0.538,0.5057,0.5277,55969954.44
2022-08-08,0.5277,0.5497,0.5229,0.5372,82455329.69
2022-08-09,0.5372,0.5376,0.5054,0.513,73624846.96
2022-08-10,0.5131,0.539,0.5022,0.5376,101760097.54
2022-08-11,0.5377,0.5482,0.5287,0.5306,81051694.87
2022-08-12,0.5306,0.5425,0.5209,0.5407,43512763.42
2022-08-13,0.5407,0.5685,0.5381,0.5598,91736573.59
2022-08-14,0.5597,0.595,0.5571,0.5701,109962781.82
2022-08-15,0.5703,0.582,0.5429,0.5501,87100106.32
2022-08-16,0.5502,0.5701,0.5474,0.5571,65420007.01
2022-08-17,0.5568,0.5828,0.5282,0.5386,128953659.55
2022-08-18,0.5387,0.5442,0.5079,0.5121,64719988.13
2022-08-19,0.5121,0.5121,0.4462,0.4497,215890873.87
2022-08-20,0.4499,0.4633,0.435,0.4513,118571393.19
2022-08-21,0.4513,0.4728,0.4467,0.4624,87318033.51
2022-08-22,0.4626,0.463,0.4373,0.4615,103029275.56
2022-08-23,0.4615,0.47,0.4457,0.466,56084502.08
2022-08-24,0.466,0.469,0.4535,0.4577,58114221.11
2022-08-25,0.4577,0.4741,0.4573,0.4642,70422554.02
2022-08-26,0.4642,0.4822,0.4256,0.4317,161110176.53
2022-08-27,0.4316,0.4515,0.4261,0.45,96345689.11
2022-08-28,0.45,0.4546,0.4273,0.4291,68961241.84
2022-08-29,0.4292,0.453,0.4239,0.4505,73657498.99
2022-08-30,0.4505,0.4631,0.4384,0.453,78096905.66
2022-08-31,0.4532,0.4634,0.4434,0.4458,65656577.94
2022-09-01,0.4458,0.4622,0.4408,0.4576,57455133.53
2022-09-02,0.4577,0.4667,0.4489,0.4544,56014953.17
2022-09-03,0.4544,0.486,0.4534,0.4804,84139463.56
2022-09-04,0.4802,0.51,0.4757,0.5035,83995245.49
2022-09-05,0.5032,0.5074,0.4823,0.4987,47281150.48
2022-09-06,0.4986,0.512,0.4598,0.4626,106505594.3
2022-09-07,0.4625,0.4821,0.4537,0.4788,71908060.37
2022-09-08,0.4786,0.4834,0.4625,0.479,58038716.8
2022-09-09,0.4791,0.5049,0.4783,0.5022,78527559.68
2022-09-10,0.5022,0.5243,0.4947,0.5124,99432593.44
2022-09-11,0.5124,0.5203,0.5,0.5101,73090814.57
2022-09-12,0.5101,0.5203,0.496,0.5014,93631348.51
2022-09-13,0.5016,0.5094,0.4615,0.4637,97580047.36
2022-09-14,0.4636,0.4872,0.462,0.481,57764881.06
2022-09-15,0.4807,0.4821,0.4618,0.466,58758222.05
2022-09-16,0.4661,0.4748,0.4541,0.4748,39427697.41
2022-09-17,0.4746,0.4884,0.4724,0.486,32516609.83
2022-09-18,0.486,0.4901,0.4413,0.4478,62830566.71
2022-09-19,0.4477,0.4571,0.4329,0.4526,69641991.85
2022-09-20,0.4525,0.4545,0.4374,0.4423,55094354.98
2022-09-21,0.4423,0.4643,0.4254,0.4389,135362697.01
2022-09-22,0.4387,0.4665,0.4345,0.4583,77482556.77
2022-09-23,0.4583,0.4823,0.4459,0.4617,92309304.29
2022-09-24,0.4618,0.4688,0.4503,0.4511,45837288.36
2022-09-25,0.4511,0.4628,0.4385,0.4463,45212484.87
2022-09-26,0.4462,0.4508,0.4366,0.4471,60767583.88
2022-09-27,0.4471,0.4631,0.4373,0.4412,66443414.42
2022-09-28,0.4412,0.4432,0.425,0.4362,61225299.26
2022-09-29,0.4361,0.4392,0.4277,0.4381,47071937.12
2022-09-30,0.4382,0.4414,0.4293,0.4348,53756059.3
2022-10-01,0.4348,0.4365,0.4277,0.4302,26649371.05
2022-10-02,0.4302,0.4328,0.4178,0.4196,35853259.03
2022-10-03,0.4196,0.4292,0.4158,0.4276,49361575.07
2022-10-04,0.4276,0.4379,0.4254,0.4357,52118144.13
2022-10-05,0.4356,0.4367,0.4235,0.431,53303627.49
2022-10-06,0.431,0.4371,0.4256,0.4287,53336851.27
2022-10-07,0.4287,0.4305,0.4216,0.424,44380290.26
2022-10-08,0.4241,0.427,0.4193,0.4221,27869192.01
2022-10-09,0.422,0.4242,0.4191,0.423,25103478.19
2022-10-10,0.423,0.4268,0.3989,0.4012,65154667.39
2022-10-11,0.401,0.4014,0.3838,0.3906,101779972.89
2022-10-12,0.3906,0.3955,0.376,0.3813,57722723.36
2022-10-13,0.3812,0.3824,0.35,0.3769,183443417.42
2022-10-14,0.3768,0.3891,0.3607,0.3667,79737165.54
2022-10-15,0.3667,0.3701,0.3613,0.3641,55135688.08
2022-10-16,0.3642,0.3749,0.3638,0.3704,37436019.22
2022-10-17,0.3703,0.376,0.3661,0.3726,35652609.08
2022-10-18,0.3726,0.3744,0.3572,0.3625,49934929.72
2022-10-19,0.3625,0.3625,0.3472,0.3498,53678207.61
2022-10-20,0.3498,0.3558,0.3363,0.3401,61059005.21
2022-10-21,0.3401,0.3499,0.33,0.3492,73365114.17
2022-10-22,0.3491,0.3546,0.343,0.3514,37403222.54
2022-10-23,0.3515,0.3639,0.346,0.3621,48185794.42
2022-10-24,0.3621,0.3652,0.3533,0.3574,45830793.21
2022-10-25,0.3574,0.43,0.3569,0.4001,176376778.54
2022-10-26,0.4002,0.4122,0.3946,0.403,86024174.78
2022-10-27,0.4031,0.419,0.3863,0.3883,100374444.23
2022-10-28,0.3883,0.4115,0.378,0.4046,87802014.4
2022-10-29,0.4045,0.44,0.4011,0.4203,103073925.52
2022-10-30,0.4203,0.4217,0.3983,0.4058,80038021.83
2022-10-31,0.4058,0.4164,0.3976,0.4056,92126882.78
2022-11-01,0.4056,0.415,0.3985,0.4012,68262304.89
2022-11-02,0.4013,0.4119,0.38,0.3857,122806610.25
2022-11-03,0.3858,0.3991,0.3842,0.3895,67339573.27
2022-11-04,0.3894,0.4264,0.3881,0.4217,133205947.86
2022-11-05,0.4217,0.4377,0.4201,0.4265,91470553.37
2022-11-06,0.4264,0.4311,0.4016,0.4022,71428349.91
2022-11-07,0.4021,0.4162,0.3976,0.4042,83894014.8
2022-11-08,0.4042,0.4154,0.3469,0.3723,224690887.88
2022-11-09,0.3721,0.3763,0.31,0.3178,245732328.17
2022-11-10,0.3178,0.3774,0.3114,0.3677,171340824.46
2022-11-11,0.3678,0.3731,0.3412,0.3543,86300391.26
2022-11-12,0.3545,0.3558,0.3354,0.3392,64845207.04
2022-11-13,0.3391,0.3449,0.3249,0.3292,77101321.89
2022-11-14,0.3291,0.3413,0.3138,0.3318,97458184.88
2022-11-15,0.3317,0.3443,0.3287,0.3369,64097413.27
2022-11-16,0.3368,0.344,0.3235,0.3316,56155913.55
2022-11-17,0.3316,0.3342,0.3183,0.3248,48294842.18
2022-11-18,0.3249,0.3323,0.3203,0.3257,39308172.51
2022-11-19,0.3257,0.332,0.3211,0.3277,27998888.12
2022-11-20,0.3276,0.331,0.3094,0.3117,44046794.83
2022-11-21,0.3116,0.3131,0.2953,0.3043,88861212.08
2022-11-22,0.3042,0.3165,0.2978,0.3122,71058932.32
2022-11-23,0.3122,0.32,0.3088,0.3181,51932657.15
2022-11-24,0.3182,0.3209,0.3112,0.3159,33854654.47
2022-11-25,0.3158,0.317,0.3073,0.3145,29237743.48
2022-11-26,0.3144,0.3226,0.3108,0.3136,29717971.69
2022-11-27,0.3136,0.3194,0.3113,0.3125,23635100.51
2022-11-28,0.3124,0.3138,0.3,0.3064,47791205.46
2022-11-29,0.3064,0.3126,0.3041,0.309,38509662.74
2022-11-30,0.309,0.3209,0.3083,0.3189,80337028.06
2022-12-01,0.3187,0.32,0.3125,0.3145,40802423.27
2022-12-02,0.3144,0.32,0.3106,0.3191,36508123.98
2022-12-03,0.3192,0.3263,0.3163,0.3196,33611865
2022-12-04,0.3197,0.3242,0.3183,0.3224,29688601.9
2022-12-05,0.3222,0.329,0.3163,0.3195,32197585.07
2022-12-06,0.3195,0.321,0.3137,0.3183,23786553.89
2022-12-07,0.3182,0.3198,0.307,0.3104,45138065.49
2022-12-08,0.3104,0.3158,0.3073,0.3145,35882618.5
2022-12-09,0.3144,0.3166,0.3086,0.3119,34901098.97
2022-12-10,0.3119,0.3149,0.3106,0.3126,17622329.21
2022-12-11,0.3125,0.315,0.3053,0.3075,25944029.7
2022-12-12,0.3074,0.308,0.3007,0.307,41872738.59
2022-12-13,0.307,0.32,0.2995,0.3141,72314315.67
2022-12-14,0.314,0.3156,0.3052,0.308,68412137.66
2022-12-15,0.308,0.3086,0.2967,0.3003,43966227.63
2022-12-16,0.3003,0.3013,0.2588,0.2637,97203608.05
2022-12-17,0.2636,0.268,0.2589,0.2677,103986351.01
2022-12-18,0.2677,0.2719,0.263,0.2661,54386944.64
2022-12-19,0.266,0.2695,0.2499,0.2529,70961744.41
2022-12-20,0.2529,0.2622,0.2513,0.2587,53476323.01
2022-12-21,0.2587,0.2593,0.2479,0.2534,63497866.05
2022-12-22,0.2533,0.2569,0.2467,0.2567,47948336.17
2022-12-23,0.2566,0.264,0.2554,0.2594,54372913.03
2022-12-24,0.2593,0.2604,0.2566,0.2591,26159699.18
2022-12-25,0.2592,0.2599,0.2545,0.2592,33707597.5
2022-12-26,0.2592,0.2656,0.2576,0.2653,45072658.63
2022-12-27,0.2654,0.2664,0.256,0.2603,41219733.01
2022-12-28,0.2603,0.2609,0.2466,0.2482,68362964.02
2022-12-29,0.2482,0.2483,0.24,0.2438,81276797.02
2022-12-30,0.2438,0.2461,0.2391,0.2455,76414750.93
2022-12-31,0.2455,0.2519,0.2439,0.2457,58978495.61
2023-01-01,0.2456,0.25,0.2434,0.2499,41827853.23
2023-01-02,0.2499,0.2564,0.2465,0.2537,50527869.06
2023-01-03,0.2538,0.2553,0.2501,0.2527,41866222.45
2023-01-04,0.2527,0.2705,0.2518,0.2679,82755299.49
2023-01-05,0.2679,0.2712,0.2632,0.2692,38557890.47
2023-01-06,0.2691,0.2798,0.2671,0.2786,80345060.1
2023-01-07,0.2786,0.2805,0.2723,0.2768,37151555.81
2023-01-08,0.2768,0.299,0.2743,0.2974,88623342.1
2023-01-09,0.2974,0.3462,0.2956,0.3167,200700673.9
2023-01-10,0.3167,0.3251,0.3067,0.3224,110490892.33
2023-01-11,0.3223,0.3235,0.3076,0.3231,78260220.84
2023-01-12,0.3231,0.335,0.3156,0.3295,118882701.62
2023-01-13,0.3296,0.3511,0.3237,0.3455,81058835.75
2023-01-14,0.3455,0.37,0.3319,0.3526,143089561.06
2023-01-15,0.3525,0.354,0.3387,0.3508,62006290.48
2023-01-16,0.3507,0.364,0.3378,0.3505,75625282.65
2023-01-17,0.3505,0.3576,0.343,0.3457,49962929.88
2023-01-18,0.3455,0.3555,0.3232,0.3266,92925231.95
2023-01-19,0.3266,0.3434,0.3257,0.3381,41398900.82
2023-01-20,0.3381,0.3657,0.3336,0.3651,76429750.12
2023-01-21,0.3652,0.3809,0.3574,0.3688,101511856.04
2023-01-22,0.3688,0.3871,0.363,0.3765,92499127.81
2023-01-23,0.3765,0.3837,0.3686,0.375,76055031.39
2023-01-24,0.375,0.383,0.355,0.3589,55934770.37
2023-01-25,0.3587,0.3797,0.3471,0.3733,64084934.06
2023-01-26,0.3734,0.3891,0.3712,0.3796,80314976.08
2023-01-27,0.3797,0.3911,0.3678,0.3899,63443244.73
2023-01-28,0.39,0.3983,0.3775,0.3819,62996292.57
2023-01-29,0.3819,0.3991,0.3768,0.3975,59661306.95
2023-01-30,0.3978,0.3983,0.3655,0.3725,81100225.13
2023-01-31,0.3727,0.4,0.3684,0.3902,71461220.47
2023-02-01,0.3901,0.4018,0.3714,0.397,81562495.84
2023-02-02,0.3969,0.4137,0.3923,0.3981,97031795.11
2023-02-03,0.3983,0.4072,0.3944,0.4037,61895529.3
2023-02-04,0.4037,0.4056,0.3975,0.3995,36660548.82
2023-02-05,0.3995,0.402,0.382,0.3926,59152147.87
2023-02-06,0.3926,0.4034,0.3796,0.3824,63572773.26
2023-02-07,0.3824,0.3999,0.3815,0.3991,57615559.02
2023-02-08,0.399,0.404,0.3855,0.3942,54769048.92
2023-02-09,0.3943,0.3958,0.3542,0.3621,99613682.79
2023-02-10,0.3622,0.3657,0.3539,0.3582,76188468
2023-02-11,0.3581,0.3703,0.3569,0.3686,50564715.4
2023-02-12,0.3687,0.3738,0.3596,0.3641,47752930.89
2023-02-13,0.3642,0.3658,0.3454,0.3596,72681806.41
2023-02-14,0.3595,0.3936,0.3548,0.387,97625668.94
2023-02-15,0.387,0.4207,0.382,0.4204,96156573.66
2023-02-16,0.4203,0.4221,0.3864,0.3874,87297280.69
2023-02-17,0.3874,0.4099,0.3855,0.4035,55766526.66
2023-02-18,0.4034,0.4185,0.3979,0.406,39596048.16
2023-02-19,0.406,0.4125,0.397,0.3995,54786149.64
2023-02-20,0.3996,0.4097,0.3893,0.4036,57731131.59
2023-02-21,0.4035,0.4061,0.3852,0.3927,62122816.45
2023-02-22,0.3927,0.393,0.3769,0.3889,69050626.37
2023-02-23,0.3889,0.3951,0.3795,0.3823,44904555.1
2023-02-24,0.3824,0.3857,0.3583,0.3659,67974713.73
2023-02-25,0.3657,0.3677,0.3516,0.362,52882212.97
2023-02-26,0.362,0.3703,0.3577,0.3691,40653684.87
2023-02-27,0.3691,0.3702,0.3576,0.3646,40099540.25
2023-02-28,0.3646,0.3681,0.3486,0.3518,35943327.04
2023-03-01,0.3519,0.3644,0.3493,0.3602,52125434.63
2023-03-02,0.3601,0.3614,0.3445,0.3505,51609783.18
2023-03-03,0.3504,0.3508,0.321,0.3432,89709271.91
2023-03-04,0.3431,0.3448,0.3308,0.3367,12106254.6
2023-03-05,0.3367,0.3431,0.3345,0.3369,24255794.07
2023-03-06,0.337,0.3387,0.3292,0.3306,50846604.75
2023-03-07,0.3306,0.3349,0.3208,0.3305,52223396.49
2023-03-08,0.3306,0.3327,0.3134,0.3176,58424242.21
2023-03-09,0.3175,0.3221,0.303,0.3104,103410740.97
2023-03-10,0.3104,0.319,0.2977,0.316,120724611.87
2023-03-11,0.3159,0.327,0.3034,0.3074,77546565.07
2023-03-12,0.3074,0.3336,0.3037,0.3325,59882829.78
2023-03-13,0.3324,0.3538,0.328,0.345,88617947.65
2023-03-14,0.345,0.3695,0.3375,0.3445,116086725.77
2023-03-15,0.3442,0.3484,0.3166,0.3255,83509162.13
2023-03-16,0.3255,0.33,0.3184,0.3255,73663626.03
2023-03-17,0.3255,0.3511,0.3219,0.3503,66051150.55
2023-03-18,0.3502,0.3579,0.3359,0.3378,50642692.71
2023-03-19,0.3378,0.3536,0.3376,0.3461,39453660.13
2023-03-20,0.3461,0.3472,0.3317,0.3336,48985462.97
2023-03-21,0.3333,0.3877,0.3305,0.3708,74435189.9
2023-03-22,0.3707,0.3882,0.3499,0.3605,103488613.03
2023-03-23,0.3605,0.3861,0.3544,0.3724,58029751.18
2023-03-24,0.3723,0.3734,0.3556,0.3602,54482221.21
2023-03-25,0.3602,0.3633,0.3491,0.3518,20670350.01
2023-03-26,0.3517,0.3617,0.349,0.3562,22062490.92
2023-03-27,0.3561,0.3576,0.3369,0.3458,36440893.69
2023-03-28,0.3457,0.3703,0.3429,0.3683,35762127.33
2023-03-29,0.3682,0.3899,0.3667,0.3811,66639110.21
2023-03-30,0.3813,0.389,0.3697,0.3762,52912138.93
2023-03-31,0.3762,0.4093,0.3742,0.3991,65415378.71
2023-04-01,0.399,0.4029,0.3884,0.3921,27000626.37
2023-04-02,0.3922,0.3932,0.3761,0.3818,27353119.87
2023-04-03,0.3816,0.4049,0.3711,0.3871,70703925.87
2023-04-04,0.3874,0.4001,0.3846,0.3897,43921357.06
2023-04-05,0.3897,0.4003,0.387,0.3923,32645693.45
2023-04-06,0.3922,0.3923,0.3766,0.3833,32521500.95
2023-04-07,0.3832,0.3875,0.3761,0.3839,22345678.67
2023-04-08,0.3838,0.3906,0.3807,0.3857,17751685.48
2023-04-09,0.3855,0.3936,0.3845,0.3897,19831195.54
2023-04-10,0.3897,0.3981,0.385,0.3973,32211265.79
2023-04-11,0.3973,0.4134,0.396,0.4021,63928602.79
2023-04-12,0.402,0.4069,0.3892,0.4051,50601291.45
2023-04-13,0.4051,0.4293,0.4,0.4256,68237633.65
2023-04-14,0.4257,0.4446,0.4234,0.4385,102944924.03
2023-04-15,0.4384,0.4625,0.4315,0.4528,77920909.51
2023-04-16,0.4528,0.4582,0.4426,0.4516,44067256.25
2023-04-17,0.4514,0.4519,0.4315,0.4345,61663398.22
2023-04-18,0.4345,0.4482,0.428,0.4436,52706940.99
2023-04-19,0.4436,0.4436,0.4076,0.4164,101173120.34
2023-04-20,0.4163,0.4223,0.3956,0.4006,63638053.3
2023-04-21,0.4007,0.4072,0.3789,0.3824,74627581.77
2023-04-22,0.3823,0.399,0.3811,0.3957,24476996.16
2023-04-23,0.3956,0.3958,0.38,0.3889,20787087.77
2023-04-24,0.3887,0.3976,0.3795,0.3837,20855491.18
2023-04-25,0.3837,0.3954,0.3763,0.3948,27696961.18
2023-04-26,0.3944,0.4173,0.3782,0.4015,46069451.91
2023-04-27,0.4016,0.4186,0.401,0.4102,31356347.87
2023-04-28,0.41,0.4111,0.3971,0.4048,22942352.5
2023-04-29,0.4047,0.408,0.4,0.4026,13043017.63
2023-04-30,0.4027,0.4152,0.3949,0.3959,17042849.21
2023-05-01,0.396,0.3983,0.3803,0.3868,24888074.04
2023-05-02,0.3867,0.395,0.3814,0.392,23207370.87
2023-05-03,0.392,0.3965,0.3785,0.3942,32767826.91
2023-05-04,0.3942,0.3965,0.3851,0.3876,17069925.74
2023-05-05,0.3874,0.3973,0.3825,0.3947,25315764.99
2023-05-06,0.3945,0.3971,0.3742,0.3797,24891834.44
2023-05-07,0.3796,0.3838,0.3745,0.3765,17430808.2
2023-05-08,0.3765,0.38,0.3539,0.3658,43632205.23
2023-05-09,0.3658,0.3708,0.36,0.3636,28002172.29
2023-05-10,0.3636,0.3735,0.3547,0.3695,60043988.52
2023-05-11,0.3696,0.3699,0.35,0.3602,41885441.13
2023-05-12,0.3602,0.371,0.3535,0.3707,40886216.82
2023-05-13,0.3707,0.3712,0.3625,0.3648,14563250.37
2023-05-14,0.3648,0.3732,0.3628,0.3711,13066873.16
2023-05-15,0.3711,0.376,0.366,0.367,22912513.01
2023-05-16,0.367,0.3708,0.3616,0.3684,31819401.74
2023-05-17,0.3684,0.3805,0.3646,0.3757,46717352.8
2023-05-18,0.3757,0.3803,0.3658,0.3713,36022878.31
2023-05-19,0.3714,0.3731,0.3661,0.3683,18269339.41
2023-05-20,0.3682,0.3685,0.3636,0.3665,13629163.77
2023-05-21,0.3663,0.3677,0.3572,0.3604,14976247.57
2023-05-22,0.3603,0.3742,0.3564,0.3678,25386242.89
2023-05-23,0.3679,0.3755,0.3659,0.3703,21660236.51
2023-05-24,0.3703,0.3706,0.3602,0.364,25950583.82
2023-05-25,0.364,0.3648,0.3551,0.3581,24478737.2
2023-05-26,0.3581,0.3671,0.3537,0.3629,30096759.27
2023-05-27,0.3629,0.3675,0.3608,0.3668,12828524.43
2023-05-28,0.3669,0.3849,0.3662,0.3827,29802528.36
2023-05-29,0.3829,0.3864,0.3756,0.3788,28352936.3
2023-05-30,0.3788,0.3834,0.3748,0.378,23710444.12
2023-05-31,0.3779,0.3809,0.3702,0.3744,32073346.25
2023-06-01,0.3744,0.3759,0.361,0.3645,35693037.18
2023-06-02,0.3646,0.3795,0.362,0.3783,24288376.53
2023-06-03,0.3782,0.3783,0.3731,0.3762,9243289.36
2023-06-04,0.3761,0.382,0.3748,0.3774,12996473.03
2023-06-05,0.3775,0.3792,0.347,0.3516,48095983.73
2023-06-06,0.3516,0.357,0.3364,0.3531,45175234.22
2023-06-07,0.3531,0.3556,0.3177,0.3222,75761781.55
2023-06-08,0.3222,0.3309,0.32,0.3229,26393499.94
2023-06-09,0.3229,0.3239,0.29,0.295,80873699.17
2023-06-10,0.295,0.2952,0.23,0.275,166563855.34
2023-06-11,0.2748,0.28,0.2591,0.2721,42220034.19
2023-06-12,0.2721,0.2865,0.2651,0.2748,35202593.95
2023-06-13,0.2747,0.2895,0.2683,0.2752,41473486.77
2023-06-14,0.2751,0.2775,0.2565,0.2633,32046579.98
2023-06-15,0.2634,0.266,0.2522,0.2618,33721613.5
2023-06-16,0.2618,0.2673,0.2533,0.263,24328147.59
2023-06-17,0.263,0.2735,0.2605,0.2667,16474258.35
2023-06-18,0.2666,0.269,0.2589,0.2609,12903424.33
2023-06-19,0.2608,0.2635,0.257,0.2632,15309301.19
2023-06-20,0.2631,0.2708,0.2522,0.2707,33589259.97
2023-06-21,0.2705,0.2891,0.2687,0.2863,47952480.77
2023-06-22,0.2863,0.305,0.2857,0.29,39279081.74
2023-06-23,0.2899,0.3028,0.2869,0.2968,31599123.44
2023-06-24,0.2968,0.2977,0.2845,0.2896,18927525.21
2023-06-25,0.2896,0.3051,0.2886,0.2923,19791612.32
2023-06-26,0.2921,0.2923,0.2759,0.2807,24749233.98
2023-06-27,0.2806,0.2897,0.2785,0.2868,23649136.19
2023-06-28,0.287,0.2872,0.2602,0.2669,37113062.52
2023-06-29,0.2669,0.2782,0.2664,0.275,18466014.22
2023-06-30,0.2754,0.2997,0.2673,0.2868,42558965.55
2023-07-01,0.2871,0.2935,0.2811,0.2925,19137008.06
2023-07-02,0.2925,0.2937,0.2853,0.2918,13533067.56
2023-07-03,0.2917,0.2995,0.2904,0.2967,22247964.31
2023-07-04,0.2968,0.3018,0.2893,0.2924,19697217.97
2023-07-05,0.2925,0.2964,0.28,0.284,19283335.56
2023-07-06,0.2841,0.2938,0.2763,0.2784,24400227.54
2023-07-07,0.2785,0.2854,0.2761,0.2847,17571067.55
2023-07-08,0.2847,0.2933,0.2817,0.2907,19260441.57
2023-07-09,0.2908,0.2918,0.2831,0.2846,14648259.93
2023-07-10,0.2844,0.2927,0.2782,0.2877,23533510.83
2023-07-11,0.2879,0.294,0.2875,0.2928,16839195.98
2023-07-12,0.2928,0.2952,0.285,0.289,21780423.7
2023-07-13,0.289,0.3676,0.2857,0.357,96623351.25
2023-07-14,0.357,0.3801,0.317,0.328,73276342.39
2023-07-15,0.3281,0.3378,0.3243,0.3263,16237214.52
2023-07-16,0.3263,0.328,0.3122,0.3148,21147404.53
2023-07-17,0.3147,0.3199,0.3055,0.3119,25458118.27
2023-07-18,0.3119,0.3142,0.3,0.3094,24925106.37
2023-07-19,0.3095,0.3261,0.307,0.3227,33718633.74
2023-07-20,0.3228,0.3326,0.31,0.3162,41781647.5
2023-07-21,0.316,0.3185,0.3105,0.3132,16223527.2
2023-07-22,0.3132,0.3151,0.3066,0.3101,11615279.24
2023-07-23,0.31,0.3191,0.3073,0.3172,11217487.32
2023-07-24,0.3172,0.319,0.3,0.3054,25066235.69
2023-07-25,0.3051,0.3078,0.3015,0.3037,15617513.42
2023-07-26,0.3037,0.3106,0.3002,0.3069,18907346.18
2023-07-27,0.307,0.3134,0.3053,0.3078,17376590.54
2023-07-28,0.3077,0.313,0.3059,0.31,13338064.74
2023-07-29,0.3099,0.3145,0.3087,0.3129,9512816.53
2023-07-30,0.3131,0.3182,0.3054,0.3156,10370871.32
2023-07-31,0.3155,0.3189,0.3063,0.3071,15218385.3
2023-08-01,0.307,0.3105,0.295,0.3102,21951235.99
2023-08-02,0.3102,0.3119,0.2974,0.2992,15225978.03
2023-08-03,0.2991,0.3013,0.289,0.2922,16307508.92
2023-08-04,0.2922,0.297,0.2902,0.2932,12485189.62
2023-08-05,0.2932,0.2939,0.2899,0.2936,8489582.37
2023-08-06,0.2936,0.2955,0.2902,0.2917,6944430.55
2023-08-07,0.2918,0.2956,0.2817,0.2907,14289732.97
2023-08-08,0.2906,0.3025,0.2892,0.2972,39262655.03
2023-08-09,0.2972,0.3022,0.2958,0.3011,12840104.09
2023-08-10,0.3012,0.3016,0.2955,0.296,13740130.57
2023-08-11,0.2961,0.2972,0.2917,0.2931,24292194.06
2023-08-12,0.2931,0.2944,0.2904,0.2919,16567489.02
2023-08-13,0.2918,0.2933,0.2867,0.2891,19218299.52
2023-08-14,0.2891,0.2923,0.2868,0.2904,18360700.58
2023-08-15,0.2904,0.2908,0.2756,0.2819,22579781.35
2023-08-16,0.2817,0.2826,0.2655,0.2745,44079965.58
2023-08-17,0.2745,0.2782,0.252,0.256,50048542.13
2023-08-18,0.2559,0.2674,0.2554,0.264,44021354.49
2023-08-19,0.2639,0.2699,0.2604,0.2688,13062556.86
2023-08-20,0.2689,0.2731,0.2648,0.2704,11864482.64
2023-08-21,0.2704,0.2724,0.2586,0.2628,16948235.32
2023-08-22,0.2628,0.2633,0.2502,0.2586,23194253.44
2023-08-23,0.2586,0.2698,0.2578,0.268,15117569.33
2023-08-24,0.2681,0.2713,0.2621,0.2657,13157130.37
2023-08-25,0.2657,0.2706,0.259,0.2611,19368396.41
2023-08-26,0.2611,0.2619,0.2578,0.261,9801249.11
2023-08-27,0.261,0.2653,0.26,0.2633,9405500.98
2023-08-28,0.2632,0.2677,0.2575,0.2674,12918492.32
2023-08-29,0.2675,0.2799,0.26,0.2727,28103260.69
2023-08-30,0.2728,0.2731,0.2605,0.2656,15293330.61
2023-08-31,0.2656,0.2668,0.25,0.2553,23563500.52
2023-09-01,0.2554,0.2588,0.2512,0.2551,18882903.81
2023-09-02,0.255,0.2574,0.2537,0.2562,9172082.27
2023-09-03,0.2562,0.2568,0.2531,0.2559,9453234.52
2023-09-04,0.2559,0.2599,0.2533,0.2561,10365631.64
2023-09-05,0.2561,0.2586,0.2538,0.2577,12126989.12
2023-09-06,0.2579,0.2608,0.2521,0.2575,13735002.63
2023-09-07,0.2577,0.2595,0.253,0.258,16182036.32
2023-09-08,0.2579,0.2595,0.2526,0.2542,14477524.05
2023-09-09,0.2543,0.2558,0.253,0.2532,8897729.75
2023-09-10,0.2532,0.2533,0.2442,0.2491,19787722.63
2023-09-11,0.2491,0.2497,0.2368,0.2421,24620523.64
2023-09-12,0.2419,0.2526,0.2408,0.2456,20059953.06
2023-09-13,0.2456,0.25,0.2434,0.2487,15674320.12
2023-09-14,0.2487,0.2527,0.2465,0.2514,21044468.98
2023-09-15,0.2515,0.2554,0.2452,0.2506,21315012.26
2023-09-16,0.2506,0.2539,0.2482,0.2504,12660550.8
2023-09-17,0.2504,0.2513,0.2447,0.2472,10928060.36
2023-09-18,0.2471,0.256,0.2444,0.2516,16915869.66
2023-09-19,0.2515,0.2579,0.2508,0.2549,16615086.62
2023-09-20,0.2548,0.2565,0.2502,0.2517,17840969.94
2023-09-21,0.2518,0.2532,0.2449,0.245,18451440.53
2023-09-22,0.2449,0.2465,0.2427,0.245,17517525.44
2023-09-23,0.245,0.2468,0.2437,0.2462,7975065.79
2023-09-24,0.2462,0.2463,0.2418,0.2428,8280543.83
2023-09-25,0.2427,0.2461,0.2405,0.2458,15399492.27
2023-09-26,0.2459,0.2477,0.2431,0.2453,13348971.45
2023-09-27,0.2453,0.2481,0.2424,0.2444,13369721.46
2023-09-28,0.2445,0.2506,0.2432,0.249,18090193.43
2023-09-29,0.249,0.2558,0.2476,0.2493,20193452.81
2023-09-30,0.2494,0.2549,0.2489,0.254,14414064.6
2023-10-01,0.2541,0.2678,0.2537,0.2659,24460969.8
2023-10-02,0.266,0.2697,0.2575,0.2591,26344657.76
2023-10-03,0.2592,0.2646,0.2574,0.2609,19966973.64
2023-10-04,0.261,0.2612,0.2527,0.2588,21575156.23
2023-10-05,0.259,0.264,0.2565,0.2603,18501087.15
2023-10-06,0.2604,0.2672,0.2604,0.2648,13855332.42
2023-10-07,0.2648,0.2659,0.2567,0.2589,9640210.54
2023-10-08,0.2588,0.2593,0.2556,0.2566,6287057.56
2023-10-09,0.2565,0.2588,0.249,0.2513,17233418.3
2023-10-10,0.2513,0.2534,0.2468,0.2491,19175883.02
2023-10-11,0.2491,0.2495,0.245,0.2478,11981916.24
2023-10-12,0.248,0.2481,0.2424,0.2459,12538972.54
2023-10-13,0.2459,0.2495,0.2448,0.2458,9895901.35
2023-10-14,0.2459,0.2477,0.2449,0.2471,6368498.32
2023-10-15,0.2471,0.2484,0.2454,0.2474,7450011.05
2023-10-16,0.2475,0.2601,0.2472,0.2514,16923951.64
2023-10-17,0.2513,0.2519,0.245,0.2465,10825539.12
2023-10-18,0.2465,0.2483,0.2423,0.243,11337856.78
2023-10-19,0.243,0.2471,0.24,0.2471,14220264.39
2023-10-20,0.2471,0.2535,0.2455,0.2515,14426208
2023-10-21,0.2516,0.2629,0.2496,0.2588,18815430.81
2023-10-22,0.259,0.2646,0.2557,0.2641,13044674.38
2023-10-23,0.2642,0.2816,0.2615,0.2809,43015690.21
2023-10-24,0.2811,0.2939,0.2734,0.2792,47389588.76
2023-10-25,0.2794,0.29,0.2763,0.2809,25717763.01
2023-10-26,0.2808,0.2975,0.2802,0.2872,43641175.77
2023-10-27,0.2871,0.2928,0.2805,0.2895,21208554.7
2023-10-28,0.2895,0.2977,0.2889,0.2911,16326914.85
2023-10-29,0.2909,0.2988,0.2885,0.2956,15328219.57
2023-10-30,0.2959,0.3033,0.2922,0.3032,30901199.4
2023-10-31,0.3032,0.3049,0.285,0.2931,32039015.29
2023-11-01,0.2931,0.3089,0.2843,0.3074,37300912.71
2023-11-02,0.3074,0.3297,0.2985,0.3231,54288539.51
2023-11-03,0.3232,0.3297,0.3114,0.3294,46729090.11
2023-11-04,0.3293,0.3307,0.321,0.3281,23328629.09
2023-11-05,0.3281,0.3504,0.3263,0.3421,40305418.84
2023-11-06,0.3425,0.3758,0.338,0.3625,55436737.26
2023-11-07,0.3624,0.3658,0.3334,0.3512,59020596.44
2023-11-08,0.3515,0.3605,0.3487,0.358,38467172.12
2023-11-09,0.3578,0.3868,0.351,0.3685,72376720.2
2023-11-10,0.3687,0.3886,0.3629,0.3863,58196304.46
2023-11-11,0.3863,0.3955,0.37,0.3845,52032030.64
2023-11-12,0.3846,0.3915,0.3709,0.3836,35210387.67
2023-11-13,0.3837,0.3888,0.3529,0.3569,55655007.33
2023-11-14,0.3568,0.372,0.3401,0.3579,52323984.45
2023-11-15,0.3578,0.3797,0.3537,0.3789,50799109.41
2023-11-16,0.3791,0.4097,0.3588,0.3708,89446865.1
2023-11-17,0.3709,0.3782,0.3529,0.3674,35830381.04
2023-11-18,0.3673,0.378,0.35,0.3776,31396222.35
2023-11-19,0.3776,0.3857,0.369,0.3842,23293815.8
2023-11-20,0.3843,0.3996,0.3767,0.3806,46019429.76
2023-11-21,0.3804,0.3901,0.3557,0.3568,45893835.11
2023-11-22,0.3567,0.3878,0.3559,0.3803,30814588.95
2023-11-23,0.3807,0.3874,0.3761,0.3874,21437024.59
2023-11-24,0.3872,0.3979,0.384,0.3863,36682032.09
2023-11-25,0.3865,0.3965,0.3849,0.3944,20660831.69
2023-11-26,0.3947,0.3959,0.3787,0.3876,24728651.53
2023-11-27,0.3876,0.3922,0.3712,0.3777,32048862.61
2023-11-28,0.3778,0.3886,0.3695,0.3859,20850113.5
2023-11-29,0.3859,0.3894,0.3777,0.3817,19612786.7
2023-11-30,0.3818,0.383,0.372,0.376,24351023.49
2023-12-01,0.376,0.3858,0.3737,0.3845,25546980.5
2023-12-02,0.3846,0.3981,0.383,0.3979,22216918.41
2023-12-03,0.3977,0.4031,0.3881,0.3951,26794189.95
2023-12-04,0.3951,0.415,0.3916,0.4068,53968697.23
2023-12-05,0.4067,0.4261,0.3969,0.4258,51572195.12
2023-12-06,0.4261,0.455,0.4168,0.4429,70081453.65
2023-12-07,0.443,0.4595,0.431,0.4557,59052844.26
2023-12-08,0.4556,0.6,0.4522,0.5459,123266100.49
2023-12-09,0.5458,0.6488,0.5435,0.5792,145919755.8
2023-12-10,0.5792,0.6147,0.57,0.5948,77596298.13
2023-12-11,0.5946,0.5986,0.5094,0.5504,111211231.77
2023-12-12,0.5507,0.6064,0.5506,0.5783,82771785.26
2023-12-13,0.5782,0.6819,0.5422,0.6675,119925769.87
2023-12-14,0.6677,0.695,0.61,0.6435,99374535.62
2023-12-15,0.6434,0.6542,0.6,0.6004,59083492.18
2023-12-16,0.6007,0.6255,0.5863,0.6075,39569439.72
2023-12-17,0.6073,0.6177,0.5763,0.5798,34789388.14
2023-12-18,0.5802,0.6033,0.5432,0.6022,50774069.39
2023-12-19,0.6022,0.6168,0.5658,0.576,45744310.63
2023-12-20,0.576,0.61,0.5683,0.5896,46543096.55
2023-12-21,0.5896,0.6394,0.582,0.6351,55298350.08
2023-12-22,0.6354,0.6513,0.6061,0.6232,52068484.03
2023-12-23,0.623,0.6236,0.5969,0.6134,27812401.11
2023-12-24,0.6132,0.6288,0.5881,0.5923,53345790.68
2023-12-25,0.5919,0.6351,0.5896,0.6241,30450821.04
2023-12-26,0.6242,0.6281,0.5625,0.6089,47108019.94
2023-12-27,0.6088,0.6435,0.5839,0.6338,55020616.55
2023-12-28,0.6339,0.6785,0.6101,0.6161,86360776.71
2023-12-29,0.6166,0.626,0.5916,0.6084,42943963.04
2023-12-30,0.6084,0.6132,0.5932,0.601,23674055.52
2023-12-31,0.601,0.6098,0.58,0.5937,21842891.09
2024-01-01,0.5935,0.6244,0.5903,0.6236,23562755.36
2024-01-02,0.6236,0.6373,0.6021,0.6053,34402311.98
2024-01-03,0.605,0.6187,0.54,0.5572,61008077.04
2024-01-04,0.5571,0.5796,0.5498,0.5704,34951418.32
2024-01-05,0.5708,0.5733,0.5223,0.5419,39623373.26
2024-01-06,0.542,0.5435,0.5073,0.5231,25054540.88
2024-01-07,0.5234,0.5303,0.4882,0.4947,27990687.11
2024-01-08,0.4949,0.5449,0.465,0.5416,59450052.02
2024-01-09,0.5417,0.5441,0.4965,0.5123,42172469.01
2024-01-10,0.5123,0.5899,0.4876,0.5664,61256264.89
2024-01-11,0.5664,0.6196,0.5607,0.582,63008097.79
2024-01-12,0.582,0.589,0.5258,0.5475,43886794.87
2024-01-13,0.5477,0.5537,0.531,0.5491,20149473.06
2024-01-14,0.5489,0.55,0.5232,0.5246,17280848.2
2024-01-15,0.525,0.5472,0.5215,0.5272,17485025.64
2024-01-16,0.5277,0.548,0.525,0.5353,15991570.25
2024-01-17,0.5355,0.5395,0.5207,0.5278,16210571.39
2024-01-18,0.5278,0.5278,0.495,0.502,30349983.92
2024-01-19,0.5019,0.5049,0.4704,0.504,34342163.76
2024-01-20,0.504,0.5175,0.4982,0.5156,19164433.58
2024-01-21,0.5154,0.5203,0.502,0.5028,13543740.93
2024-01-22,0.5029,0.5059,0.4743,0.4781,30241489.83
2024-01-23,0.478,0.4858,0.4473,0.477,41344938.09
2024-01-24,0.477,0.4801,0.4639,0.4762,33790698.16
2024-01-25,0.4763,0.4837,0.4581,0.4663,18477917.96
2024-01-26,0.466,0.4902,0.4628,0.4848,16843639.69
2024-01-27,0.4849,0.4899,0.4753,0.4861,11212486.85
2024-01-28,0.4862,0.5004,0.4834,0.4903,14869122.02
2024-01-29,0.4904,0.528,0.4837,0.5261,24636006.7
2024-01-30,0.5263,0.5376,0.5123,0.5137,33057566.32
2024-01-31,0.5138,0.5203,0.4931,0.4974,29870505.25
2024-02-01,0.4972,0.5083,0.4854,0.5075,15659657.73
2024-02-02,0.5079,0.524,0.5038,0.5144,23705323.05
2024-02-03,0.5145,0.5254,0.5115,0.5123,14278618.48
2024-02-04,0.5122,0.5124,0.493,0.4931,11624478.99
2024-02-05,0.493,0.5057,0.4867,0.4938,15292779.15
2024-02-06,0.4938,0.504,0.4884,0.4982,15924129.14
2024-02-07,0.4981,0.5024,0.4738,0.5022,31952976.66
2024-02-08,0.5022,0.5376,0.5019,0.5305,42770513.91
2024-02-09,0.5304,0.5489,0.5279,0.5409,36598494.85
2024-02-10,0.5411,0.5583,0.5282,0.5516,28477631.61
2024-02-11,0.5517,0.5656,0.5356,0.5418,30498260.03
2024-02-12,0.5417,0.5687,0.5308,0.5595,31686695.49
2024-02-13,0.5594,0.5647,0.5341,0.5452,27978738.81
2024-02-14,0.5452,0.5835,0.54,0.5776,33810719.74
2024-02-15,0.5774,0.6125,0.5712,0.6094,46175888.41
2024-02-16,0.6092,0.6142,0.5824,0.5992,43402629.47
2024-02-17,0.599,0.6109,0.5691,0.6097,25028536.84
2024-02-18,0.6099,0.639,0.6094,0.6196,39438221.78
2024-02-19,0.6197,0.639,0.615,0.6308,24657674.62
2024-02-20,0.6309,0.6413,0.5944,0.622,36743066.68
2024-02-21,0.6218,0.6237,0.5746,0.5988,32643512.61
2024-02-22,0.5988,0.6079,0.5807,0.5855,22104517.14
2024-02-23,0.5855,0.5948,0.5681,0.5823,19388978.96
2024-02-24,0.5822,0.5999,0.5695,0.5969,16446681.71
2024-02-25,0.597,0.6006,0.5804,0.5913,16558671
2024-02-26,0.5914,0.6229,0.5734,0.6197,37286840.76
2024-02-27,0.6198,0.631,0.6076,0.6242,48809963.66
2024-02-28,0.6243,0.6619,0.598,0.6293,66395959.3
2024-02-29,0.6295,0.709,0.6232,0.6552,89684995.6156894
2024-03-01,0.6553,0.7214,0.6531,0.7203,46524167.53441218
2024-03-02,0.7204,0.7645,0.7179,0.7422,59460400.23269315
2024-03-03,0.742,0.7431,0.6899,0.7285,30624170.75171903
2024-03-04,0.7285,0.7991,0.7237,0.7712,73808573.99043125
2024-03-05,0.7714,0.7834,0.58,0.6932,99501984.08071154
2024-03-06,0.6933,0.757,0.6656,0.7355,52028853.93053169
2024-03-07,0.7354,0.756,0.7186,0.7439,40020034.44830853
2024-03-08,0.7439,0.7556,0.6998,0.7246,46114405.80977563
2024-03-09,0.7246,0.7473,0.7216,0.743,22881453.70293556
2024-03-10,0.7431,0.7456,0.7011,0.7173,26222687.67589033
2024-03-11,0.7173,0.7884,0.6858,0.7754,64170508.2979103
2024-03-12,0.7755,0.7761,0.7042,0.7483,44639757.56694202
2024-03-13,0.7484,0.7736,0.7377,0.7646,40863956.53725657
2024-03-14,0.7647,0.8102,0.7129,0.7506,76549201.94490649
2024-03-15,0.751,0.764,0.6703,0.7275,56672218.19662288
2024-03-16,0.7276,0.7349,0.6502,0.6585,34629348.9059031
2024-03-17,0.6585,0.7021,0.6286,0.6808,37277822.02145146
2024-03-18,0.6809,0.6988,0.642,0.6604,33443555.36964577
2024-03-19,0.6601,0.6659,0.58,0.5862,61081840.17862668
2024-03-20,0.5862,0.6447,0.569,0.6399,47806918.65483145
2024-03-21,0.6398,0.6483,0.6176,0.6315,26143850.2597165
2024-03-22,0.6314,0.6426,0.5988,0.6147,25520158.23631548
2024-03-23,0.6148,0.6394,0.6103,0.6231,13640614.65281187
2024-03-24,0.6231,0.6481,0.6224,0.6467,14610881.03462784
2024-03-25,0.6468,0.6684,0.6381,0.6565,28079295.94346843
2024-03-26,0.6565,0.6839,0.6515,0.6651,28838268.1193335
2024-03-27,0.6651,0.671,0.63,0.6475,32785896.98897415
2024-03-28,0.6475,0.6583,0.6349,0.651,20069503.11149852
2024-03-29,0.6512,0.6682,0.6352,0.6647,19625453.4749044
2024-03-30,0.6646,0.6694,0.6419,0.6438,17522801.65659307
2024-03-31,0.6438,0.6536,0.6419,0.6499,14367860.22001281
2024-04-01,0.6499,0.6516,0.6052,0.6216,28397876.79510694
2024-04-02,0.6216,0.6218,0.5739,0.5809,32965941.89150286
2024-04-03,0.581,0.595,0.5628,0.5693,22655781.92019766
2024-04-04,0.5694,0.5971,0.5592,0.5833,24783297.16775102
2024-04-05,0.5835,0.5852,0.5598,0.5742,19993781.56396254
2024-04-06,0.5745,0.5897,0.5711,0.5836,11341306.46008998
2024-04-07,0.584,0.5973,0.5817,0.5888,13850459.63372842
2024-04-08,0.5888,0.617,0.5792,0.6138,21265392.73423598
2024-04-09,0.6138,0.6241,0.5896,0.591,21951253.72900763
2024-04-10,0.5909,0.5939,0.558,0.5861,25484497.48311125
2024-04-11,0.5863,0.5945,0.5753,0.5857,14228587.85308769
2024-04-12,0.5859,0.5924,0.47,0.503,71416511.95584968
2024-04-13,0.503,0.5167,0.4051,0.446,72923406.77084918
2024-04-14,0.4461,0.4783,0.4333,0.4682,52100492.66872696
2024-04-15,0.4682,0.4957,0.4392,0.4612,42492992.23288223
2024-04-16,0.4612,0.4788,0.4393,0.4586,27154820.61374713
2024-04-17,0.4585,0.4652,0.4274,0.4441,24223689.91872043
2024-04-18,0.4442,0.4614,0.4345,0.4583,20967986.84086637
2024-04-19,0.4583,0.4763,0.4228,0.4683,32468216.29167013
2024-04-20,0.4683,0.5089,0.4647,0.5074,26188128.28078643
2024-04-21,0.5073,0.5128,0.4877,0.4992,21592077.1820638
2024-04-22,0.4995,0.5227,0.495,0.517,22749774.87322417
2024-04-23,0.5167,0.5219,0.497,0.4999,26060228.38560476
2024-04-24,0.5,0.5108,0.4685,0.4746,25364299.59466659
2024-04-25,0.4745,0.4798,0.462,0.4705,18697839.87020219
2024-04-26,0.4704,0.4788,0.4605,0.4628,12297184.19261632
2024-04-27,0.4629,0.4696,0.445,0.467,12146522.5943886
2024-04-28,0.4673,0.478,0.458,0.4596,10633937.41076047
2024-04-29,0.4599,0.4636,0.4464,0.457,14069564.23447742
2024-04-30,0.4571,0.4631,0.4255,0.4409,30325151.80990844
2024-05-01,0.4408,0.4573,0.4179,0.4493,32158249.79691032
2024-05-02,0.4494,0.4625,0.4383,0.4577,26865898.96091807
2024-05-03,0.4578,0.4738,0.4463,0.4675,18759968.51220508
2024-05-04,0.4676,0.4772,0.4625,0.4633,12070110.90168488
2024-05-05,0.4634,0.466,0.4522,0.4581,10636487.241697
2024-05-06,0.4581,0.4753,0.4515,0.4538,16964297.77253549
2024-05-07,0.4539,0.4565,0.4407,0.4414,17642643.99649607
2024-05-08,0.4414,0.4687,0.4364,0.4515,22959273.54426799
2024-05-09,0.4515,0.4645,0.4467,0.4635,14615040.41130642
2024-05-10,0.4635,0.4687,0.443,0.4477,14929489.57187615
2024-05-11,0.4479,0.451,0.4378,0.4388,9118918.37164929
2024-05-12,0.4388,0.4434,0.4329,0.4377,5959871.61490448
2024-05-13,0.4378,0.4529,0.4251,0.4366,15113377.90765634
2024-05-14,0.4365,0.4383,0.426,0.4282,10365622.45993868
2024-05-15,0.4284,0.4554,0.4258,0.4527,19598356.68117369
2024-05-16,0.4528,0.4628,0.4486,0.4597,18175997.00172014
2024-05-17,0.4597,0.4908,0.4552,0.4822,22398034.89297534
2024-05-18,0.4826,0.486,0.4757,0.4824,9397792.18760239
2024-05-19,0.4821,0.484,0.4648,0.4671,9492432.16131735
2024-05-20,0.4674,0.5032,0.4607,0.5021,26414163.15924881
2024-05-21,0.5022,0.5105,0.4906,0.4945,20902892.20708156
2024-05-22,0.4946,0.4953,0.4747,0.4832,16219044.09371565
2024-05-23,0.4832,0.4884,0.4453,0.4656,25612538.477686
2024-05-24,0.4654,0.4696,0.454,0.46,14930314.77630633
2024-05-25,0.46,0.4645,0.457,0.462,8319090.11427813
2024-05-26,0.4622,0.4628,0.4547,0.458,8173370.39611897
2024-05-27,0.4581,0.4749,0.4563,0.4681,13456853.86205577
2024-05-28,0.4681,0.4689,0.4515,0.4572,11074715.13660564
2024-05-29,0.4573,0.4638,0.4502,0.4507,12586574.65667944
2024-05-30,0.4506,0.4684,0.44,0.4464,16765208.12096234
2024-05-31,0.4465,0.4556,0.4433,0.4464,9995960.92296023
2024-06-01,0.4467,0.453,0.4445,0.4495,5883055.41174469
2024-06-02,0.4496,0.4537,0.4402,0.4462,7511438.58438071
2024-06-03,0.4464,0.4633,0.4431,0.4574,12605390.24851935
2024-06-04,0.4574,0.4661,0.4525,0.4616,16497741.26000609
2024-06-05,0.4616,0.469,0.4571,0.4614,12789403.27950299
2024-06-06,0.4613,0.4622,0.446,0.4581,14694354.23929434
2024-06-07,0.4581,0.49,0.43,0.4492,38919069.96793895
2024-06-08,0.4492,0.4492,0.4321,0.4368,13680988.19305782
2024-06-09,0.4367,0.4462,0.4317,0.444,7719272.78227099
2024-06-10,0.4441,0.4511,0.435,0.4403,12408264.53716113
2024-06-11,0.4404,0.4416,0.4127,0.422,20730045.0832099
2024-06-12,0.422,0.4442,0.4145,0.4377,15727538.97114173
2024-06-13,0.4377,0.4389,0.4187,0.4208,13752736.81019648
2024-06-14,0.4209,0.4245,0.4,0.4119,18469212.36628998
2024-06-15,0.4118,0.4155,0.4079,0.4137,8910939.45174182
2024-06-16,0.4138,0.419,0.4089,0.4165,6096155.62048681
2024-06-17,0.4167,0.4207,0.39,0.401,16717608.12715805
2024-06-18,0.4012,0.4025,0.3661,0.3833,45083745.37674993
2024-06-19,0.3837,0.3978,0.3801,0.3843,26765028.11398451
2024-06-20,0.3845,0.3974,0.377,0.384,26819349.31623356
2024-06-21,0.3842,0.3908,0.3734,0.3759,19939666.92527858
2024-06-22,0.376,0.3909,0.3711,0.3845,12685469.25523822
2024-06-23,0.3846,0.393,0.3784,0.3799,7725090.09476098
2024-06-24,0.3798,0.3814,0.3641,0.3776,25978599.27188457
2024-06-25,0.3775,0.3974,0.3766,0.3917,15445029.20638169
2024-06-26,0.3918,0.3963,0.3825,0.3847,10536488.54682921
2024-06-27,0.3848,0.399,0.3774,0.3907,16216773.00612471
2024-06-28,0.3908,0.3963,0.3844,0.3851,15925600.02685922
2024-06-29,0.3851,0.4032,0.3827,0.3834,8668798.40639702
2024-06-30,0.3835,0.3938,0.3779,0.3919,10013819.9203909
2024-07-01,0.3919,0.4081,0.3909,0.4027,15770307.9004962
2024-07-02,0.4029,0.419,0.4024,0.4179,14132188.50447951
2024-07-03,0.4177,0.423,0.3996,0.4065,19399927.83332402
2024-07-04,0.4066,0.4133,0.3614,0.362,24537009.66519366
2024-07-05,0.3622,0.3622,0.3171,0.35,60922300.12525189
2024-07-06,0.35,0.385,0.3467,0.3707,19084730.57308385
2024-07-07,0.3709,0.3713,0.3445,0.3466,11332164.11147243
2024-07-08,0.3466,0.3799,0.3309,0.3691,29125772.15418224
2024-07-09,0.3691,0.3806,0.3626,0.3753,15470926.41885209
2024-07-10,0.3754,0.3899,0.3719,0.3886,15214537.71197463
2024-07-11,0.3887,0.405,0.3845,0.3961,19286264.52413653
2024-07-12,0.3962,0.418,0.3932,0.4164,19244377.32248538
2024-07-13,0.4166,0.4471,0.4117,0.4419,20120019.61153794
2024-07-14,0.4419,0.4453,0.4239,0.4318,13159738.55483112
2024-07-15,0.4318,0.446,0.4312,0.4451,19978852.89470907
2024-07-16,0.4452,0.4528,0.4266,0.4382,20002757.25246923
2024-07-17,0.4381,0.4568,0.4355,0.436,18761143.06465454
2024-07-18,0.436,0.4497,0.4198,0.4234,12702628.00194825
2024-07-19,0.4235,0.4433,0.4142,0.4392,12951043.62381224
2024-07-20,0.4393,0.4421,0.4276,0.4375,8751630.13137352
2024-07-21,0.4376,0.4488,0.4169,0.447,10775240.60957627
2024-07-22,0.447,0.4502,0.4239,0.4263,20260876.6444582
2024-07-23,0.4263,0.4298,0.403,0.4102,14401449.5854196
2024-07-24,0.4101,0.4213,0.4037,0.4062,21970414.11459259
2024-07-25,0.4062,0.4083,0.3816,0.3946,22541168.54456438
2024-07-26,0.3946,0.4199,0.3944,0.4172,14698973.75952684
2024-07-27,0.4173,0.4292,0.4128,0.4173,15847059.95267009
2024-07-28,0.4176,0.4206,0.4045,0.4073,5780121.27490132
2024-07-29,0.4074,0.4272,0.403,0.403,14579544.14855112
2024-07-30,0.4031,0.4076,0.394,0.4012,12869967.8647467
2024-07-31,0.4014,0.4077,0.387,0.388,15628306.24745156
2024-08-01,0.388,0.3955,0.368,0.3924,24914594.57802003
2024-08-02,0.3924,0.3949,0.3587,0.3632,29173591.33012418
2024-08-03,0.3633,0.3726,0.349,0.3644,15244610.15115406
2024-08-04,0.3646,0.3676,0.3335,0.3441,24641689.80707058
2024-08-05,0.3442,0.3457,0.2774,0.312,95890472.36291341
2024-08-06,0.3121,0.3371,0.3115,0.3312,23684803.27106949
2024-08-07,0.3313,0.3411,0.3125,0.324,21846579.83304289
2024-08-08,0.3241,0.3539,0.3188,0.3517,19027889.57553037
2024-08-09,0.3516,0.3546,0.3366,0.3485,17151119.13407163
2024-08-10,0.3486,0.3523,0.3444,0.3458,7053084.14621846
2024-08-11,0.3459,0.3565,0.3271,0.3276,10006650.81284585
2024-08-12,0.3278,0.3445,0.3265,0.339,11143362.93444003
2024-08-13,0.3392,0.3451,0.3307,0.3399,9504683.52019074
2024-08-14,0.3401,0.3458,0.3311,0.3353,12403873.9188981
2024-08-15,0.3355,0.3418,0.3205,0.3248,15033221.04657151
2024-08-16,0.325,0.3454,0.3204,0.3303,14490144.5789669
2024-08-17,0.3302,0.3389,0.3274,0.3373,8418718.12970399
2024-08-18,0.3374,0.3399,0.3329,0.3342,9765554.42062507
2024-08-19,0.3342,0.3377,0.3279,0.3367,8633400.87287551
2024-08-20,0.3367,0.3545,0.3355,0.3435,17111248.38951039
2024-08-21,0.3434,0.3776,0.343,0.3689,21302780.71946365
2024-08-22,0.3689,0.3776,0.3644,0.3763,19182148.94649469
2024-08-23,0.3764,0.393,0.3738,0.3915,22537111.66850473
2024-08-24,0.3915,0.4016,0.3878,0.3939,13845531.55526929
2024-08-25,0.3938,0.3945,0.3776,0.385,13381240.10732385
2024-08-26,0.3851,0.3881,0.3661,0.3662,16125348.27896725
2024-08-27,0.3661,0.3728,0.3419,0.3504,19700897.75407274
2024-08-28,0.3505,0.3606,0.3406,0.3501,19395874.24689358
2024-08-29,0.3503,0.3677,0.3458,0.3577,17912836.5215463
2024-08-30,0.3577,0.3621,0.3373,0.3469,15144633.03792671
2024-08-31,0.3469,0.3504,0.3444,0.3449,7904492.78496779
2024-09-01,0.345,0.3456,0.327,0.3311,11148620.51278668
2024-09-02,0.3309,0.3373,0.3246,0.3364,13485903.69530435
2024-09-03,0.3361,0.3397,0.3174,0.3185,17993739.68726992
2024-09-04,0.3183,0.3293,0.3051,0.3234,33292397.02662763
2024-09-05,0.3234,0.3399,0.3195,0.3249,16892167.92314989
2024-09-06,0.3251,0.3318,0.3033,0.3149,15414812.36133882
2024-09-07,0.3149,0.328,0.3148,0.3254,7972968.86801604
2024-09-08,0.3252,0.3408,0.3238,0.339,8304966.29592959
2024-09-09,0.3391,0.3489,0.3375,0.3434,14872304.66786745
2024-09-10,0.3435,0.3457,0.3373,0.343,6865178.24989251
2024-09-11,0.3429,0.3574,0.33,0.3531,17186051.67256263
2024-09-12,0.3532,0.3614,0.3519,0.3562,13843569.35869367
2024-09-13,0.3565,0.365,0.3502,0.3609,11905216.11910279
2024-09-14,0.3609,0.3621,0.3513,0.3542,7287394.59196473
2024-09-15,0.3542,0.3564,0.3342,0.3386,11783742.12067111
2024-09-16,0.3386,0.3386,0.3263,0.3303,11895920.40489704
2024-09-17,0.3303,0.3432,0.3283,0.3339,9535453.77118459
2024-09-18,0.3339,0.3443,0.3272,0.3442,11909690.46309686
2024-09-19,0.3443,0.3566,0.3443,0.3511,21982277.67692942
2024-09-20,0.3511,0.3613,0.349,0.3524,14232807.64669475
2024-09-21,0.3524,0.3599,0.3505,0.3585,11032785.09135559
2024-09-22,0.3585,0.3594,0.3427,0.3518,8937657.00649539
2024-09-23,0.3518,0.3657,0.3454,0.3638,19801500.93832556
2024-09-24,0.3637,0.3916,0.3585,0.3877,28353343.95779659
2024-09-25,0.3879,0.3938,0.3788,0.3809,17060095.17989248
2024-09-26,0.3809,0.404,0.378,0.4017,25683097.33961554
2024-09-27,0.4017,0.4158,0.3995,0.4019,20837876.85715938
2024-09-28,0.402,0.4063,0.3923,0.4005,11121339.17850274
2024-09-29,0.4007,0.4044,0.3927,0.3978,8457091.02078374
2024-09-30,0.3976,0.3976,0.3707,0.3732,19485088.03132311
2024-10-01,0.3733,0.3898,0.3425,0.352,32183999.92227986
2024-10-02,0.3521,0.3634,0.3357,0.3432,21469029.74189862
2024-10-03,0.3432,0.3496,0.3319,0.3454,27401123.40173042
2024-10-04,0.3454,0.3562,0.3428,0.3516,15124942.90943108
2024-10-05,0.3517,0.3557,0.3454,0.3509,6663043.13276941
2024-10-06,0.3509,0.3585,0.3477,0.3572,8211631.68321768
2024-10-07,0.3575,0.3683,0.3503,0.3515,18067581.28243799
2024-10-08,0.3515,0.365,0.3408,0.3444,15943598.2500413
2024-10-09,0.3446,0.3478,0.3337,0.3392,11527571.71291611
2024-10-10,0.3394,0.3415,0.3311,0.3395,10094251.56588475
2024-10-11,0.3394,0.3549,0.338,0.3515,11011086.77212918
2024-10-12,0.3517,0.3566,0.3507,0.3529,7563889.31464643
2024-10-13,0.3531,0.3595,0.3443,0.3486,9876745.01037754
2024-10-14,0.3484,0.3654,0.342,0.3644,23314848.87695291
2024-10-15,0.3644,0.3712,0.3479,0.359,22743679.50201105
2024-10-16,0.3591,0.361,0.351,0.352,18276847.29823164
2024-10-17,0.352,0.362,0.3393,0.3432,20453400.30032265
2024-10-18,0.3432,0.353,0.3424,0.3506,15720400.72199186
2024-10-19,0.3507,0.357,0.3491,0.3513,8720489.61419166
2024-10-20,0.3514,0.3656,0.3481,0.3649,14302208.32200178
2024-10-21,0.365,0.3724,0.353,0.3607,23280124.18055656
2024-10-22,0.3607,0.3679,0.3549,0.3641,19343446.09092929
2024-10-23,0.3642,0.3688,0.3421,0.3493,23675927.65760024
2024-10-24,0.3495,0.3547,0.3395,0.3463,22710428.19564467
2024-10-25,0.3463,0.3469,0.3173,0.3261,27835876.36529647
2024-10-26,0.3261,0.3346,0.3205,0.3334,16845981.9115065
2024-10-27,0.3334,0.342,0.3304,0.3394,8603868.88026809
2024-10-28,0.3395,0.3478,0.33,0.3434,17003311.68699007
2024-10-29,0.3435,0.3569,0.3425,0.3562,24059476.25441426
2024-10-30,0.3561,0.3639,0.3505,0.355,20627737.28233069
2024-10-31,0.3552,0.3612,0.3401,0.3413,18600287.01430252
2024-11-01,0.3412,0.3616,0.3337,0.3574,21797390.70094781
2024-11-02,0.3571,0.3637,0.3451,0.3481,11290256.09642918
2024-11-03,0.3482,0.3483,0.3273,0.3338,15064216.19133533
2024-11-04,0.3341,0.3367,0.32,0.3262,17187418.00357715
2024-11-05,0.3263,0.3382,0.3259,0.3335,15822978.48745629
2024-11-06,0.3337,0.366,0.3335,0.3633,43857709.68107864
2024-11-07,0.3635,0.4071,0.3616,0.4069,50971361.02289865
2024-11-08,0.407,0.4592,0.4041,0.4451,86820148.04712348
2024-11-09,0.4451,0.4986,0.4276,0.4965,48074601.59145229
2024-11-10,0.4972,0.6899,0.4881,0.5902,249277690.357309
2024-11-11,0.5909,0.6247,0.5643,0.6139,132776243.61206426
2024-11-12,0.6142,0.655,0.5556,0.5715,138778101.983704
2024-11-13,0.5716,0.6108,0.5197,0.5791,113575358.62240237
2024-11-14,0.579,0.6,0.5418,0.579,78072120.01633617
2024-11-15,0.579,0.7076,0.575,0.7073,191383299.68376872
2024-11-16,0.7073,0.8199,0.7026,0.742,189538755.45339727
2024-11-17,0.742,0.7738,0.6904,0.7028,78989637.38300343
2024-11-18,0.7028,0.7837,0.7005,0.7332,90782144.15787345
2024-11-19,0.7329,0.7655,0.7212,0.7397,61070502.39079559
2024-11-20,0.7396,0.849,0.7393,0.8007,139995394.63694516
2024-11-21,0.8009,0.825,0.7676,0.823,94551159.11583863
2024-11-22,0.8229,1.0478,0.8134,1.019,253984616.83323562
2024-11-23,1.0191,1.155,1.0174,1.067,223180919.31298667
2024-11-24,1.0668,1.0996,0.9386,1.0241,147919637.7067232
2024-11-25,1.0243,1.0793,0.9264,0.9435,124539606.4817677
2024-11-26,0.943,0.9907,0.8723,0.9599,111391891.32774588
2024-11-27,0.9599,1.0427,0.9312,1.0123,92209033.20044747
2024-11-28,1.0132,1.0492,0.9705,1.0323,50937835.77918081
2024-11-29,1.0321,1.1,1.0278,1.0761,88949295.60136749
2024-11-30,1.0755,1.15,1.0505,1.0797,81483792.27680776
2024-12-01,1.0796,1.1647,1.0373,1.1503,98752300.74462733
2024-12-02,1.1505,1.2428,1.0568,1.2024,204284456.15367785
2024-12-03,1.2028,1.3278,1.1402,1.192,204264338.4985357
2024-12-04,1.193,1.242,1.1407,1.1887,108667129.57807817
2024-12-05,1.1886,1.2461,1.1163,1.1612,141869812.62445626
2024-12-06,1.1614,1.2388,1.1358,1.2292,91949296.33358835
2024-12-07,1.2298,1.2383,1.19,1.2111,52873746.40561975
2024-12-08,1.211,1.2249,1.1733,1.1946,67370862.6607311
2024-12-09,1.1944,1.1946,0.9,1.004,179961375.02057475
2024-12-10,1.0045,1.0438,0.91,1.0223,208565586.4697483
2024-12-11,1.0222,1.116,0.9721,1.0873,109686492.76421243
2024-12-12,1.0874,1.1829,1.0728,1.123,106811646.84176806
2024-12-13,1.1232,1.131,1.0771,1.1212,60630948.41753733
2024-12-14,1.1213,1.1332,1.0429,1.0609,48876226.80342918
2024-12-15,1.0607,1.112,1.0388,1.0989,40662182.50572418
2024-12-16,1.099,1.1209,1.047,1.0781,63960120.28478871
2024-12-17,1.0779,1.1116,1.0422,1.0523,53314603.94136879
2024-12-18,1.0524,1.061,0.9635,0.9678,73184303.84962691
2024-12-19,0.9677,0.9886,0.846,0.8799,129588528.4233767
2024-12-20,0.8801,0.9594,0.7606,0.9498,167668111.92074654
2024-12-21,0.9495,0.9976,0.8859,0.9047,76129984.17900372
2024-12-22,0.9047,0.9243,0.858,0.8824,48726488.53317381
2024-12-23,0.8824,0.9412,0.8612,0.9252,71956343.20009315
2024-12-24,0.9251,0.9497,0.8905,0.9352,45299135.91467165
2024-12-25,0.9351,0.9394,0.8991,0.9169,28710513.73598966
2024-12-26,0.9169,0.9274,0.85,0.8601,32696061.21437293
2024-12-27,0.8601,0.9135,0.8541,0.8758,38282571.54996995
2024-12-28,0.8758,0.8982,0.865,0.8881,18604958.05807439
2024-12-29,0.888,0.9106,0.85,0.8572,29666737.56136022
2024-12-30,0.8573,0.903,0.8279,0.8598,60449520.78695706
2024-12-31,0.86,0.8777,0.8386,0.8434,36257628.18297787
2025-01-01,0.8433,0.9332,0.8366,0.9206,49549511.00384249
2025-01-02,0.9204,0.9813,0.9204,0.9601,42705820.32389467
2025-01-03,0.9606,1.1187,0.9562,1.0889,98360697.15255073
2025-01-04,1.0888,1.1139,1.0557,1.0703,42183758.79403363
2025-01-05,1.0703,1.1124,1.0521,1.0909,50821006.0011013
2025-01-06,1.0908,1.116,1.0623,1.094,59462854.60299187
2025-01-07,1.094,1.1515,0.9873,0.9891,96298858.94923481
2025-01-08,0.9891,1.0243,0.9094,0.9467,84503003.95917894
2025-01-09,0.9466,0.9628,0.8791,0.9042,77709605.54939029
2025-01-10,0.9042,0.974,0.904,0.9303,50964522.27189341
2025-01-11,0.9302,1.0167,0.9134,0.9949,37739780.83791188
2025-01-12,0.9949,1.0362,0.961,0.9672,46809903.76600889
2025-01-13,0.9671,0.9934,0.8775,0.9438,68949707.65425017
2025-01-14,0.9439,1.01,0.9375,0.9969,62118214.64165333
2025-01-15,0.9968,1.0893,0.9817,1.0757,89943815.43682484
2025-01-16,1.0755,1.1448,1.0269,1.0891,99752637.3263888
2025-01-17,1.0895,1.1667,1.0854,1.1337,81337465.26133582
2025-01-18,1.1337,1.1469,1.0499,1.1033,66476446.96841187
2025-01-19,1.1032,1.1509,0.9623,0.9918,122845544.66761258
2025-01-20,0.9918,1.0999,0.96,1.0082,118820448.33509587
2025-01-21,1.0085,1.0288,0.9501,1.0061,71924982.4040997
2025-01-22,1.0061,1.0199,0.9748,0.9821,49356711.93643509
2025-01-23,0.9822,1.012,0.9506,0.9864,62115605.65322228
2025-01-24,0.9867,1.0096,0.9636,0.9714,45862786.1112326
2025-01-25,0.971,0.9916,0.9642,0.9764,23601187.69389802
2025-01-26,0.9764,1.0001,0.9514,0.9528,29843870.90416618
2025-01-27,0.9527,0.9591,0.8565,0.9343,95260753.00472067
2025-01-28,0.9344,0.9682,0.9026,0.9164,44525850.70528285
2025-01-29,0.916,0.9874,0.9018,0.94,50755849.97435857
2025-01-30,0.9398,0.9884,0.9364,0.9595,31839788.59164584
2025-01-31,0.96,0.9836,0.9342,0.9423,37786793.86479468
2025-02-01,0.9422,0.9572,0.887,0.8946,32228490.91302737
2025-02-02,0.8946,0.9113,0.7523,0.8047,122732485.37880094
2025-02-03,0.8048,0.8278,0.5569,0.8129,323395073.709076
2025-02-04,0.8127,0.8209,0.7156,0.7439,119453397.25183219
2025-02-05,0.7442,0.7765,0.7251,0.7324,68459916.50368547
2025-02-06,0.7322,0.7659,0.6985,0.7052,56688081.52570574
2025-02-07,0.7054,0.7534,0.6904,0.7076,58931452.34700837
2025-02-08,0.7076,0.7172,0.6816,0.7007,32562890.56234607
2025-02-09,0.7007,0.716,0.6501,0.6818,55804346.11266945
2025-02-10,0.6814,0.7244,0.6636,0.7121,43610432.81001929
2025-02-11,0.7119,0.8232,0.7105,0.7782,129972002.65595147
2025-02-12,0.7781,0.8077,0.7463,0.7997,72970642.27670918
2025-02-13,0.8,0.8309,0.7697,0.8106,52563300.21219445
2025-02-14,0.8109,0.8291,0.79,0.8,42945622.66226575
2025-02-15,0.7998,0.8141,0.7748,0.7811,28366215.23186171
2025-02-16,0.7811,0.7895,0.7618,0.7712,24555267.890987
2025-02-17,0.7714,0.8287,0.7706,0.809,75671126.24263443
2025-02-18,0.8091,0.8139,0.735,0.7538,60974429.27500201
2025-02-19,0.7539,0.7762,0.7314,0.7737,43037819.41921718
2025-02-20,0.7741,0.8112,0.7702,0.8037,37373028.18652498
2025-02-21,0.8036,0.8191,0.75,0.7618,55594682.86173972
2025-02-22,0.7616,0.7844,0.757,0.7736,22491618.89466391
2025-02-23,0.7735,0.7883,0.76,0.7695,22953949.6857224
2025-02-24,0.7696,0.7774,0.6697,0.6813,69052954.46268222
2025-02-25,0.6813,0.6958,0.63,0.6823,111071122.48994197
2025-02-26,0.6825,0.6946,0.6305,0.6463,67911369.45895769
2025-02-27,0.6461,0.6792,0.6245,0.6449,39059198.66190946
2025-02-28,0.6449,0.6463,0.5794,0.6325,79185100.87505864
2025-03-01,0.6325,0.6767,0.6247,0.6588,32421926.98897048
2025-03-02,0.659,1.19,0.6447,1.1356,425677493.0358834
2025-03-03,1.1352,1.1739,0.8222,0.8571,370534088.32357204
2025-03-04,0.8571,0.9561,0.757,0.9408,419800114.0044685
2025-03-05,0.9405,1.0276,0.9135,0.9742,252136510.8222909
2025-03-06,0.9742,0.9895,0.885,0.9065,181239280.40510598
2025-03-07,0.9064,0.9207,0.8062,0.818,221147370.43881905
2025-03-08,0.8178,0.8388,0.793,0.8049,73056638.50103092
2025-03-09,0.805,0.8173,0.7086,0.7212,118908292.0018136
2025-03-10,0.7213,0.7786,0.6578,0.6706,165373530.94343594
2025-03-11,0.6708,0.745,0.6472,0.7238,179971071.3705702
2025-03-12,0.7238,0.7688,0.711,0.7358,104724774.3605097
2025-03-13,0.7358,0.7415,0.6872,0.7026,108307057.61101963
2025-03-14,0.7026,0.7514,0.696,0.7374,69469145.71089526
2025-03-15,0.7373,0.7595,0.7309,0.7466,35544474.66076888
2025-03-16,0.7467,0.7472,0.6941,0.7047,67712409.39674954
2025-03-17,0.7046,0.7302,0.7024,0.7176,61247305.26425992
2025-03-18,0.7176,0.7184,0.6815,0.7015,50165875.01563611
2025-03-19,0.7016,0.7477,0.7002,0.7439,86202459.46363111
2025-03-20,0.7441,0.755,0.7117,0.7175,55520005.9107025
2025-03-21,0.7175,0.7275,0.7002,0.7047,41802836.04488497
2025-03-22,0.7045,0.7159,0.697,0.7013,20899651.08310027
2025-03-23,0.7013,0.7159,0.6917,0.7105,25542933.69443374
2025-03-24,0.7106,0.7458,0.7055,0.7321,61071344.1512555
2025-03-25,0.7321,0.7665,0.7209,0.7447,75631447.00668396
2025-03-26,0.7447,0.7744,0.7197,0.7289,53349426.44286419
2025-03-27,0.729,0.7443,0.7208,0.738,29554180.46058434
2025-03-28,0.7379,0.7462,0.6892,0.7059,50095744.13797482
2025-03-29,0.706,0.7119,0.6586,0.6729,42391436.28028769
2025-03-30,0.673,0.6872,0.6512,0.661,26878491.53132094
2025-03-31,0.6614,0.6655,0.6296,0.6616,52449731.87752521
2025-04-01,0.6617,0.6945,0.6576,0.6771,42927984.77091927
2025-04-02,0.6773,0.7098,0.6346,0.64,61559024.80553155
2025-04-03,0.6399,0.6574,0.6129,0.6505,56509845.6128887
2025-04-04,0.6506,0.6713,0.6269,0.6601,54471168.8121046
2025-04-05,0.66,0.6673,0.6446,0.6544,18130914.71714435
2025-04-06,0.6546,0.6549,0.5596,0.5732,90209427.08515406
2025-04-07,0.5735,0.6057,0.5107,0.586,176564797.12093002
2025-04-08,0.586,0.6198,0.5522,0.5579,98424245.53602207
2025-04-09,0.5579,0.646,0.5347,0.6311,132872014.11994568
2025-04-10,0.6312,0.6334,0.5852,0.6091,71892268.2124079
2025-04-11,0.6091,0.6446,0.6055,0.6238,50515209.26279493
2025-04-12,0.6236,0.6673,0.6168,0.6593,38676252.8789923
2025-04-13,0.6596,0.6687,0.6292,0.638,37859200.17909065
2025-04-14,0.6382,0.6615,0.6278,0.6351,39740302.6481243
2025-04-15,0.6354,0.6485,0.607,0.6091,36977999.46071132
2025-04-16,0.6089,0.6244,0.5947,0.6107,33339245.18109717
2025-04-17,0.6107,0.6297,0.6089,0.6168,20009798.07023668
2025-04-18,0.6169,0.6319,0.6102,0.6272,15159288.32528138
2025-04-19,0.6274,0.635,0.619,0.6281,15699925.18669906
2025-04-20,0.6279,0.6347,0.61,0.62,14513982.74168512
2025-04-21,0.6202,0.6508,0.6161,0.6241,27578793.50833449
2025-04-22,0.6242,0.6849,0.6156,0.6795,45932154.71266683
2025-04-23,0.6799,0.7183,0.6775,0.6979,45534703.85885011
2025-04-24,0.6978,0.7462,0.6702,0.7221,44876985.67342438
2025-04-25,0.7221,0.7332,0.7022,0.7138,42245599.59872641
2025-04-26,0.7139,0.7348,0.7,0.7072,21251459.32335675
2025-04-27,0.7074,0.718,0.6904,0.7033,24454624.78242753
2025-04-28,0.7034,0.7292,0.6823,0.7058,40181677.09598785
2025-04-29,0.7059,0.7188,0.689,0.696,24810126.97962793
2025-04-30,0.696,0.7038,0.665,0.6817,31074349.32887156
2025-05-01,0.6818,0.7148,0.6816,0.7051,30697762.90689948
2025-05-02,0.7052,0.7255,0.6889,0.6986,31375797.43396262
2025-05-03,0.6986,0.7296,0.6921,0.7,33575624.00509205
2025-05-04,0.6998,0.7147,0.672,0.6763,26283059.80253898
2025-05-05,0.6763,0.692,0.6539,0.6623,29803409.81174428
2025-05-06,0.6622,0.6806,0.6425,0.6789,33109523.64622822
2025-05-07,0.6789,0.6892,0.655,0.6716,22449122.73911811
2025-05-08,0.6718,0.7708,0.67,0.7693,67761891.37871154
2025-05-09,0.7691,0.8182,0.7511,0.7773,66775923.59819606
2025-05-10,0.7771,0.8445,0.7701,0.841,60692392.90183128
2025-05-11,0.8411,0.8471,0.7805,0.8054,48128558.76850317
2025-05-12,0.8057,0.8645,0.7803,0.8171,92662764.19830818
2025-05-13,0.8171,0.842,0.7718,0.8301,52989083.89868223
2025-05-14,0.83,0.8336,0.7883,0.7989,48641787.46305229
2025-05-15,0.7988,0.8105,0.7447,0.7624,71850177.83419178
2025-05-16,0.7627,0.7862,0.7508,0.759,30118270.56093931
2025-05-17,0.7591,0.7814,0.7272,0.7432,44189589.62002999
2025-05-18,0.7433,0.7768,0.7181,0.7601,49517547.43206164
2025-05-19,0.7603,0.7652,0.7105,0.7427,36949907.05635415
2025-05-20,0.7429,0.7539,0.7228,0.7461,26896338.40704983
2025-05-21,0.7463,0.7843,0.7369,0.7694,45730507.96080949
2025-05-22,0.7697,0.8106,0.7688,0.8093,42558152.02721984
2025-05-23,0.8094,0.8413,0.7434,0.7474,68224887.86157489
2025-05-24,0.7472,0.7671,0.7413,0.747,18515691.9388901
2025-05-25,0.7472,0.7608,0.7281,0.7603,25704413.60697444
2025-05-26,0.7604,0.7775,0.7513,0.7604,20696987.34997957
2025-05-27,0.7605,0.7759,0.7435,0.7587,26117879.51631958
2025-05-28,0.7587,0.7616,0.7321,0.7479,24018464.17290129
2025-05-29,0.748,0.7654,0.72,0.7223,31096587.0013063
2025-05-30,0.7222,0.7281,0.6823,0.6893,48167455.68717356
2025-05-31,0.6895,0.6954,0.6567,0.6863,36754381.59713573
2025-06-01,0.6863,0.6884,0.6547,0.6857,24825757.51525158
2025-06-02,0.6859,0.6924,0.664,0.69,24974305.38571347
2025-06-03,0.6901,0.7077,0.6743,0.6842,27732297.38104537
2025-06-04,0.6841,0.703,0.6623,0.6657,23715720.9824778
2025-06-05,0.6659,0.6901,0.619,0.626,51876888.7802913
2025-06-06,0.6261,0.6728,0.6214,0.6559,35337923.25083095
2025-06-07,0.6558,0.6713,0.65,0.6648,12278194.4713381
2025-06-08,0.6646,0.6799,0.6522,0.6706,19435965.8895851
2025-06-09,0.6704,0.7082,0.6568,0.7052,24835957.56475417
2025-06-10,0.7052,0.7205,0.6864,0.7169,36139090.66993544
2025-06-11,0.7167,0.7316,0.691,0.6982,35506371.85035582
2025-06-12,0.6981,0.7004,0.657,0.6617,30939190.73281012
2025-06-13,0.6617,0.6618,0.618,0.6424,52221815.21082891
2025-06-14,0.6424,0.6431,0.6135,0.6251,17304567.91985754
2025-06-15,0.6251,0.6361,0.6209,0.6335,12369363.97030018
2025-06-16,0.6336,0.6579,0.6248,0.6305,27600405.80677353
2025-06-17,0.6303,0.6427,0.6,0.6091,28762368.41696653
2025-06-18,0.6092,0.6219,0.5882,0.6042,31943154.13982836
2025-06-19,0.6042,0.6118,0.5901,0.6021,17646725.54579317
2025-06-20,0.6023,0.607,0.5613,0.5776,29951908.93500993
2025-06-21,0.5776,0.5885,0.5446,0.5564,27113225.95499243
2025-06-22,0.5566,0.5644,0.5101,0.5421,60664885.96585263
2025-06-23,0.542,0.5871,0.5291,0.5827,51662700.66951385
2025-06-24,0.5827,0.594,0.5767,0.5877,29826651.61675649
2025-06-25,0.5879,0.5912,0.5632,0.5673,28031981.91540882
2025-06-26,0.5673,0.582,0.55,0.5547,23514324.10056337
2025-06-27,0.5547,0.5633,0.5452,0.559,19769726.58416846
2025-06-28,0.5589,0.5689,0.5557,0.5659,13494726.15528695
2025-06-29,0.5658,0.5857,0.5552,0.5774,24152054.0294282
2025-06-30,0.5777,0.5906,0.5563,0.5724,34817768.45819149
2025-07-01,0.5724,0.5768,0.5367,0.5423,28030624.60498642
2025-07-02,0.5423,0.5999,0.5388,0.5841,40465273.36844718
2025-07-03,0.5842,0.6118,0.5827,0.5995,32820543.3099137
2025-07-04,0.5996,0.6037,0.5632,0.5725,21340624.43127938
2025-07-05,0.5726,0.5835,0.5689,0.5757,10248025.36049926
2025-07-06,0.5757,0.5932,0.5708,0.5859,13267260.66087101
2025-07-07,0.586,0.5946,0.5736,0.5804,24115411.91388964
2025-07-08,0.5806,0.592,0.5722,0.5885,22388225.00397918
2025-07-09,0.5885,0.6278,0.5841,0.6234,47942606.04514589
2025-07-10,0.6236,0.6803,0.6176,0.6776,56674392.79058756
2025-07-11,0.6776,0.7771,0.6681,0.7093,147584525.94617298
2025-07-12,0.7094,0.7373,0.6883,0.7092,58617828.75020636
2025-07-13,0.7092,0.7565,0.7051,0.737,68920878.38307992
2025-07-14,0.7372,0.7687,0.7212,0.7353,86833733.71382052
2025-07-15,0.7352,0.7595,0.7106,0.7468,68736075.6705993
2025-07-16,0.7468,0.7849,0.733,0.7647,68738541.0953242
2025-07-17,0.7649,0.8393,0.7399,0.8223,112273818.92361358
2025-07-18,0.8225,0.8961,0.7961,0.8166,130873265.9446568
2025-07-19,0.8164,0.838,0.8022,0.8312,37246481.34210964
2025-07-20,0.8313,0.8789,0.8236,0.8584,69160873.25485794
2025-07-21,0.8585,0.935,0.8417,0.8896,101229318.7692076
2025-07-22,0.8898,0.9102,0.8528,0.9039,82673277.41476227
2025-07-23,0.9041,0.9042,0.786,0.8164,85843822.1867067
2025-07-24,0.8164,0.8389,0.7618,0.8063,86366014.11936967
2025-07-25,0.8064,0.8187,0.7748,0.8159,59224528.53425288
2025-07-26,0.8161,0.839,0.8122,0.82,28452005.23618042
2025-07-27,0.82,0.8397,0.8146,0.8323,31716336.27629782
2025-07-28,0.8323,0.856,0.7856,0.7932,54491951.32735056
2025-07-29,0.7933,0.8098,0.7687,0.7828,39123672.77731453
2025-07-30,0.7828,0.7897,0.7296,0.7633,43531473.01567012
2025-07-31,0.7633,0.7896,0.7356,0.7391,33294452.95219333
2025-08-01,0.739,0.741,0.6955,0.7139,65667382.32208168
2025-08-02,0.7138,0.7275,0.6841,0.6972,33814481.43732613
2025-08-03,0.6974,0.7312,0.6868,0.7271,22780133.97459359
2025-08-04,0.7274,0.7591,0.7252,0.755,29599270.68690631
2025-08-05,0.755,0.76,0.7119,0.7256,29529522.96938113
2025-08-06,0.7258,0.7481,0.7107,0.7413,18957487.77416257
2025-08-07,0.7415,0.7889,0.734,0.7877,36335043.74013546
2025-08-08,0.7876,0.8074,0.776,0.7912,45775816.566968
2025-08-09,0.7913,0.8212,0.7898,0.8029,34352741.15829699
2025-08-10,0.8032,0.8343,0.7844,0.8015,30483140.69989658
2025-08-11,0.8016,0.8336,0.7664,0.773,47086967.92302314
2025-08-12,0.773,0.8575,0.7657,0.841,64592657.02887016
2025-08-13,0.8408,0.9225,0.8326,0.9045,77632306.27044638
2025-08-14,0.9045,1.0196,0.8784,0.9264,229664963.53156564
2025-08-15,0.9264,0.9668,0.9109,0.946,123370711.17625052
2025-08-16,0.9458,0.9784,0.9019,0.9217,71398428.94233626
2025-08-17,0.9217,0.9875,0.9051,0.9612,74565033.54819676
2025-08-18,0.9614,0.9688,0.8918,0.9237,86720570.7528708
2025-08-19,0.9236,0.9539,0.8432,0.8464,120850456.61336862
2025-08-20,0.8463,0.8928,0.8372,0.8811,83908228.41931506
2025-08-21,0.881,0.8925,0.8464,0.8516,42504178.47140034
2025-08-22,0.8514,0.9415,0.8215,0.9309,109606507.63130058
2025-08-23,0.931,0.9384,0.8906,0.9137,43876500.14481941
2025-08-24,0.914,0.9639,0.8882,0.9086,80852510.12719552
2025-08-25,0.9087,0.94,0.83,0.8373,87625823.4892742
2025-08-26,0.8374,0.8748,0.8274,0.8665,55009685.24430648
2025-08-27,0.8665,0.8785,0.8467,0.8503,50341892.1381705
2025-08-28,0.8505,0.8796,0.8418,0.8577,39029816.69573239
2025-08-29,0.8578,0.8663,0.81,0.8266,60588383.17478474
2025-08-30,0.8267,0.8443,0.806,0.8222,22660066.34409626
2025-08-31,0.8226,0.838,0.8096,0.8114,19535810.76179366
2025-09-01,0.8112,0.8451,0.782,0.8016,55945696.60326616
2025-09-02,0.8015,0.8356,0.798,0.8349,43046216.50143837
2025-09-03,0.835,0.844,0.8259,0.8369,28046537.0252095
2025-09-04,0.8369,0.842,0.8028,0.8093,25990748.52061015
2025-09-05,0.8093,0.8496,0.8048,0.8304,35869047.37823382
2025-09-06,0.8305,0.8359,0.8144,0.8184,12709394.70155886
2025-09-07,0.8186,0.8417,0.8182,0.8349,17409336.69916355
2025-09-08,0.8349,0.869,0.8299,0.865,47801964.90815444
2025-09-09,0.865,0.8958,0.8524,0.8651,47908008.15947631
2025-09-10,0.8652,0.8967,0.8594,0.8852,44673162.14985802
2025-09-11,0.8852,0.897,0.8657,0.894,55548693.78698554
2025-09-12,0.8942,0.9186,0.8827,0.9176,48462442.95982758
2025-09-13,0.9177,0.9543,0.915,0.9298,61873221.23644061
2025-09-14,0.9297,0.9316,0.8795,0.8884,35125427.70500474
2025-09-15,0.8883,0.9028,0.8531,0.8635,47181855.20801476
2025-09-16,0.8634,0.8843,0.8534,0.8805,27882475.81848379
2025-09-17,0.8805,0.9197,0.8617,0.9137,49561627.11344839
2025-09-18,0.914,0.9387,0.8997,0.9247,49007397.20953007
2025-09-19,0.9247,0.9377,0.8851,0.8901,41743693.38924028
2025-09-20,0.89,0.9068,0.8876,0.8936,15722904.2562603
2025-09-21,0.8935,0.9031,0.8757,0.8846,16983651.17423959
2025-09-22,0.8844,0.888,0.7883,0.8264,67526345.95362733
2025-09-23,0.8262,0.8299,0.8037,0.8063,29925497.30934808
2025-09-24,0.8062,0.8304,0.7905,0.813,27564685.20701038
2025-09-25,0.8128,0.8148,0.7546,0.764,78108543.3004876
2025-09-26,0.7641,0.7969,0.7579,0.7924,43477876.0585229
2025-09-27,0.7923,0.7946,0.7769,0.7814,13666236.59826952
2025-09-28,0.7814,0.8121,0.7649,0.8088,23211870.8897834
2025-09-29,0.8088,0.8165,0.7882,0.8063,30163873.5437914
2025-09-30,0.8063,0.8131,0.7781,0.8072,33456633.59249882
2025-10-01,0.8074,0.8517,0.7964,0.8512,44059189.99329974
2025-10-02,0.8512,0.8785,0.8364,0.8712,48090236.28064037
2025-10-03,0.8712,0.8929,0.8499,0.8659,47312382.03882425
2025-10-04,0.866,0.8693,0.8334,0.8396,33325974.90249551
2025-10-05,0.8396,0.8829,0.8277,0.8375,41853200.2878195
2025-10-06,0.8374,0.8813,0.8324,0.8716,43910819.52244115
2025-10-07,0.8717,0.8782,0.8178,0.8204,45374991.40697294
2025-10-08,0.8204,0.8517,0.8083,0.8393,40355805.04954548
2025-10-09,0.8394,0.8398,0.7947,0.8157,39695271.35102962
2025-10-10,0.8158,0.8245,0.6177,0.6582,135728008.42913377
2025-10-11,0.6583,0.6837,0.61,0.6324,133156825.20781304
2025-10-12,0.6324,0.71,0.6183,0.7008,94710044.17006876
2025-10-13,0.701,0.7365,0.6931,0.7291,76345548.4217686
2025-10-14,0.7292,0.734,0.6626,0.6992,93232453.36433947
2025-10-15,0.699,0.7164,0.6577,0.6688,57414971.80863608
2025-10-16,0.6688,0.6851,0.6332,0.6453,73304856.53429767
2025-10-17,0.6452,0.6561,0.5922,0.6246,106591474.7920339
2025-10-18,0.6249,0.6411,0.6233,0.6343,20812514.69389364
2025-10-19,0.6342,0.6655,0.6226,0.653,40514931.65022295
2025-10-20,0.653,0.6761,0.6395,0.6627,30323992.44016466
2025-10-21,0.6625,0.6857,0.637,0.6431,66327894.71154682
2025-10-22,0.643,0.6469,0.6071,0.6238,50928307.92184871
2025-10-23,0.6239,0.6543,0.623,0.643,37147119.00545744
2025-10-24,0.6432,0.6643,0.639,0.6561,33243321.25592829
2025-10-25,0.656,0.6594,0.6482,0.6543,8883751.41709743
2025-10-26,0.6542,0.6879,0.6467,0.6813,26320313.69689652
2025-10-27,0.6813,0.6938,0.6636,0.667,33157572.91256866
2025-10-28,0.6667,0.6756,0.6358,0.646,34333875.96334254
2025-10-29,0.646,0.6603,0.6261,0.6401,36760409.51629876
2025-10-30,0.6401,0.6487,0.5863,0.6016,59085952.87884755
2025-10-31,0.6016,0.6197,0.5973,0.6091,41691606.96517915
2025-11-01,0.6092,0.6174,0.6031,0.6126,16143383.75637285
2025-11-02,0.6125,0.6187,0.5922,0.6105,22470044.2048809
2025-11-03,0.6105,0.6121,0.525,0.5526,101164724.0706839
2025-11-04,0.5528,0.5632,0.49,0.5205,151013849.02726665
2025-11-05,0.5207,0.5503,0.4946,0.5451,105658868.07065117
2025-11-06,0.5451,0.5454,0.5165,0.5315,62503157.02503547
2025-11-07,0.5317,0.5861,0.5192,0.576,90147477.9419751
2025-11-08,0.5759,0.5928,0.5537,0.5687,40857362.98952985
2025-11-09,0.5686,0.5846,0.5478,0.5787,46028909.3859648
2025-11-10,0.5787,0.6028,0.5736,0.5927,49782176.92561986
2025-11-11,0.5928,0.6069,0.5532,0.5562,61339737.53254615
2025-11-12,0.5563,0.5808,0.5389,0.5456,47297344.32772516
2025-11-13,0.5456,0.5715,0.5141,0.5294,61198308.66171951
2025-11-14,0.5295,0.5334,0.4897,0.4979,81212116.13692202
2025-11-15,0.498,0.517,0.4975,0.5034,45405216.03130236
2025-11-16,0.5032,0.5089,0.473,0.4843,85901972.46506931
2025-11-17,0.4842,0.4989,0.457,0.4658,110782330.37518486
2025-11-18,0.4659,0.4822,0.4554,0.475,91982694.26163195
2025-11-19,0.4751,0.4771,0.4376,0.4639,99039712.80305593
2025-11-20,0.4634,0.4717,0.4285,0.4319,85532052.70760182
2025-11-21,0.4318,0.4391,0.3868,0.409,158690431.1959199
2025-11-22,0.409,0.4131,0.3904,0.4045,41573802.08938706
2025-11-23,0.4045,0.4185,0.4014,0.4086,55958886.33446053
2025-11-24,0.4084,0.4347,0.4018,0.4275,61394975.16403505
2025-11-25,0.4276,0.4291,0.4045,0.4216,62939871.95418348
2025-11-26,0.4217,0.4372,0.4102,0.4356,41713989.50399748
2025-11-27,0.4357,0.439,0.4265,0.4331,31225541.81599474
2025-11-28,0.4331,0.4369,0.4148,0.4201,45030002.73540546
2025-11-29,0.4201,0.422,0.4116,0.4147,21708460.05988796
2025-11-30,0.4147,0.4275,0.4136,0.4143,20655682.58183394
2025-12-01,0.4143,0.4157,0.3711,0.3856,96334033.58908647
2025-12-02,0.3857,0.439,0.3849,0.4337,66212706.47271439
2025-12-03,0.4336,0.4541,0.42,0.4501,79788072.01026554
2025-12-04,0.4499,0.4559,0.4346,0.4394,37422432.91911257
2025-12-05,0.4394,0.4429,0.4093,0.4158,33275089.50128217
2025-12-06,0.4157,0.4214,0.41,0.4138,17942240.29778686
2025-12-07,0.4137,0.4352,0.4061,0.4171,41566188.44932091
2025-12-08,0.417,0.4413,0.4144,0.4329,33714031.74116769
2025-12-09,0.4328,0.484,0.4239,0.4702,70374086.3869079
2025-12-10,0.4703,0.4759,0.4525,0.4536,41150280.27888572
2025-12-11,0.4534,0.455,0.4096,0.4255,58005179.84975706
2025-12-12,0.4255,0.4293,0.4036,0.4091,38357138.46585164
2025-12-13,0.4091,0.4157,0.4063,0.4108,14123017.98883674
2025-12-14,0.4107,0.4117,0.3921,0.3965,31783267.4079169
2025-12-15,0.3964,0.4076,0.377,0.3882,53206399.25145509
2025-12-16,0.3882,0.3915,0.3775,0.3858,35686225.41778061
2025-12-17,0.3857,0.4006,0.3638,0.3672,55299226.03030608
2025-12-18,0.3669,0.3791,0.3459,0.3512,68561715.26953293
2025-12-19,0.3512,0.3805,0.3464,0.3767,42613181.46754965
2025-12-20,0.3766,0.3802,0.3721,0.3728,13823828.82753604
2025-12-21,0.3728,0.3745,0.3575,0.366,31037532.61192782
2025-12-22,0.3662,0.382,0.3616,0.3709,37814887.92050265
2025-12-23,0.371,0.3741,0.355,0.3626,26515496.2022421
2025-12-24,0.3626,0.3649,0.3521,0.3564,29041131.75661028
2025-12-25,0.3565,0.3625,0.3401,0.3435,29719746.18797561
2025-12-26,0.3433,0.3582,0.3418,0.3494,33466624.11594568
2025-12-27,0.3493,0.3707,0.3485,0.3696,24507054.6806927
2025-12-28,0.3697,0.3766,0.3611,0.3684,32035800.80240038
2025-12-29,0.3685,0.3842,0.35,0.3529,64776402.29647618
2025-12-30,0.3526,0.3564,0.348,0.3509,40955995.93579988
2025-12-31,0.3508,0.3533,0.3297,0.3329,77538606.87079915
2026-01-01,0.3329,0.3601,0.3314,0.3561,61050033.01747824
2026-01-02,0.3561,0.3961,0.354,0.3952,60164541.960666
2026-01-03,0.3952,0.399,0.3825,0.3892,29271017.44198984
2026-01-04,0.3891,0.4055,0.3885,0.4006,44092954.75801945
2026-01-05,0.4005,0.4251,0.3938,0.4211,68710898.5977117
2026-01-06,0.4212,0.4374,0.4008,0.4192,66198527.12025881
2026-01-07,0.4191,0.4224,0.3973,0.402,41924560.25450257
2026-01-08,0.4019,0.4044,0.3841,0.3953,51066342.27984543
2026-01-09,0.3954,0.4048,0.3873,0.391,50736721.36271313
2026-01-10,0.3911,0.392,0.3841,0.3881,13392814.1084968
2026-01-11,0.388,0.3967,0.3834,0.3904,24608573.10597936
2026-01-12,0.3903,0.403,0.381,0.3855,45371747.16927784
2026-01-13,0.3856,0.4265,0.3845,0.4217,60401331.51981181
2026-01-14,0.4217,0.427,0.4095,0.4142,63111579.32532761
2026-01-15,0.4144,0.4144,0.389,0.3932,48258530.58707134
2026-01-16,0.3931,0.3984,0.379,0.3958,27056264.86620115
2026-01-17,0.3959,0.4041,0.3934,0.3967,15481339.7950226
2026-01-18,0.3967,0.3987,0.3747,0.3757,19668952.16274031
2026-01-19,0.3755,0.3755,0.345,0.3701,75418715.85507841
2026-01-20,0.37,0.3702,0.3466,0.3503,55096723.94674473
2026-01-21,0.3503,0.3737,0.3464,0.3657,42122199.52280558
2026-01-22,0.3657,0.3687,0.3552,0.359,26791041.58464405
2026-01-23,0.3589,0.3703,0.3521,0.3598,28827561.88802772
2026-01-24,0.3601,0.362,0.3558,0.3579,10427296.64420035
2026-01-25,0.3577,0.3597,0.3323,0.3386,42800647.55612667
2026-01-26,0.3387,0.358,0.3384,0.3517,33886869.1666569
2026-01-27,0.3518,0.363,0.3472,0.3601,33253333.15160048
2026-01-28,0.3603,0.3646,0.3541,0.3579,46251227.26357572
2026-01-29,0.3579,0.3586,0.3266,0.3341,62056493.72183822
2026-01-30,0.3341,0.3353,0.3156,0.3202,79629193.22111066
2026-01-31,0.3203,0.322,0.269,0.2934,151724699.93150276
2026-02-01,0.2933,0.2988,0.2788,0.2854,94625302.35540901
2026-02-02,0.2854,0.3033,0.2755,0.2989,103928332.6780033
2026-02-03,0.2989,0.3047,0.2814,0.2914,80914164.69952299
2026-02-04,0.2912,0.3024,0.2795,0.2857,88401245.96244983
2026-02-05,0.2858,0.2892,0.2431,0.245,207976100.13150376
2026-02-06,0.2449,0.2841,0.2203,0.2759,196246305.6130152
2026-02-07,0.2759,0.2795,0.2654,0.2719,74408183.7710199
2026-02-08,0.272,0.2764,0.2668,0.2697,40094861.67798282
2026-02-09,0.2697,0.2737,0.2591,0.2698,41950187.51764556
2026-02-10,0.2698,0.2704,0.2597,0.2618,38385759.2128223
2026-02-11,0.2618,0.2646,0.2503,0.2558,51919750.7007997
2026-02-12,0.2558,0.2694,0.2558,0.2641,37465856.68546983
2026-02-13,0.2641,0.2746,0.2581,0.2727,54460450.10782902
2026-02-14,0.2728,0.3005,0.2725,0.2949,51107784.61234936
2026-02-15,0.2949,0.3018,0.2773,0.2815,48276952.46975348
2026-02-16,0.2816,0.2891,0.2766,0.2857,34806324.10420007
2026-02-17,0.2858,0.2896,0.2772,0.2809,36779856.51805133
2026-02-18,0.281,0.2873,0.2713,0.2734,27020389.96866334
2026-02-19,0.2733,0.2772,0.267,0.2728,31931087.68963052
2026-02-20,0.2728,0.2937,0.2698,0.2849,46724807.03385184
2026-02-21,0.285,0.2865,0.2791,0.28,19925814.12206192
2026-02-22,0.28,0.2801,0.2688,0.2716,16601336.91483194
2026-02-23,0.2717,0.2754,0.2572,0.2622,51171628.59503099
2026-02-24,0.2623,0.2645,0.2536,0.2587,34212368.20037541
2026-02-25,0.2587,0.3136,0.2578,0.2972,143720938.17185554
2026-02-26,0.2972,0.3009,0.2822,0.287,66853018.12615642
2026-02-27,0.2869,0.2963,0.2726,0.2777,48210023.07507068
2026-02-28,0.2776,0.2844,0.2594,0.2811,81495126.72011477
2026-03-01,0.281,0.2922,0.2691,0.2735,61751286.87381476
2026-03-02,0.2735,0.2886,0.2686,0.277,57016259.93658523
2026-03-03,0.277,0.2771,0.2605,0.2626,65485630.75055873
2026-03-04,0.2625,0.285,0.2584,0.2763,93119307.56609672
2026-03-05,0.2763,0.2781,0.2653,0.2693,47102266.10075364
2026-03-06,0.2693,0.2719,0.2555,0.259,55307285.79490665
2026-03-07,0.259,0.261,0.252,0.2545,29529465.69550097
2026-03-08,0.2545,0.2573,0.2459,0.2493,43993332.1040548
2026-03-09,0.2492,0.2667,0.2489,0.2553,55246446.27284491
2026-03-10,0.2552,0.2741,0.2551,0.2618,57079747.91606567
2026-03-11,0.2618,0.2679,0.2567,0.2626,40578805.6957841
2026-03-12,0.2627,0.2658,0.258,0.2635,34653625.59082659
2026-03-13,0.2634,0.2815,0.263,0.2657,54500500.00302643
2026-03-14,0.2656,0.2667,0.2586,0.2638,28642944.41660803
2026-03-15,0.2639,0.272,0.2614,0.2706,34302456.11776499
2026-03-16,0.2707,0.2935,0.2688,0.2904,91407965.31668174
2026-03-17,0.2905,0.2932,0.282,0.289,50750114.08103519
2026-03-18,0.2891,0.2953,0.2697,0.2743,49259722.2395275
2026-03-19,0.2743,0.2767,0.2626,0.2674,39959310.42333915
2026-03-20,0.2675,0.273,0.2617,0.2661,32308933.70475073
2026-03-21,0.2662,0.2674,0.2557,0.2575,27755795.34752683
2026-03-22,0.2574,0.2602,0.248,0.2507,51483300.26533148
2026-03-23,0.2507,0.2669,0.2477,0.2616,59434515.87244071
2026-03-24,0.2619,0.2684,0.2581,0.2662,36006126.92818921
2026-03-25,0.2663,0.2767,0.2655,0.2705,39433147.76311669
2026-03-26,0.2705,0.2706,0.2525,0.2546,38254309.90118146
2026-03-27,0.2546,0.2561,0.2443,0.246,45658799.62009353
2026-03-28,0.246,0.2528,0.244,0.2458,25596943.97859597
2026-03-29,0.2458,0.2471,0.233,0.2402,40271377.15519431
2026-03-30,0.2401,0.2525,0.2392,0.2432,40331870.40746
2026-03-31,0.2433,0.2491,0.2344,0.2417,47639809.50019987
2026-04-01,0.2418,0.2545,0.241,0.2483,51611388.40387684
2026-04-02,0.2484,0.2507,0.2347,0.2393,61200804.76386138
2026-04-03,0.2395,0.2513,0.2388,0.2462,39740135.13177903
2026-04-04,0.2461,0.2499,0.2433,0.2479,22055693.48268609
2026-04-05,0.2479,0.2509,0.24,0.2507,32155519.4480901
2026-04-06,0.2508,0.26,0.2449,0.2461,56250687.14835285
2026-04-07,0.246,0.2662,0.24,0.2627,64886662.32266923
2026-04-08,0.2626,0.2644,0.25,0.2508,54289957.12774521
2026-04-09,0.2508,0.261,0.2476,0.2542,31650356.29677484
2026-04-10,0.2542,0.259,0.2498,0.2543,45731126.54029698
2026-04-11,0.2542,0.2555,0.2468,0.2496,39553932.57133106
2026-04-12,0.2496,0.2508,0.2356,0.2362,43372210.8369758
2026-04-13,0.2363,0.2491,0.236,0.2487,53700415.92951301
2026-04-14,0.2488,0.2496,0.2386,0.2397,42365719.89035263
2026-04-15,0.2398,0.2505,0.2382,0.246,38776094.36932767
2026-04-16,0.2461,0.2616,0.2438,0.2593,51494680.76785815
2026-04-17,0.2594,0.2682,0.2521,0.2588,50944850.56799023
2026-04-18,0.2586,0.2596,0.2475,0.2492,25666598.23481138
2026-04-19,0.249,0.2511,0.2411,0.2425,37334979.27882487
2026-04-20,0.2426,0.2517,0.2421,0.248,30289787.26578526
2026-04-21,0.248,0.2524,0.2442,0.2501,33971116.82366917
2026-04-22,0.2502,0.2577,0.2481,0.2484,38196124.02079706
2026-04-23,0.2485,0.2509,0.2448,0.25,36236386.90668872
2026-04-24,0.2501,0.253,0.2473,0.2503,26113591.05964499
2026-04-25,0.2503,0.2539,0.2482,0.2504,19802026.08505807
2026-04-26,0.2503,0.2543,0.2486,0.2521,21183268.78890369
2026-04-27,0.2523,0.2561,0.2432,0.2481,39980424.31015818
2026-04-28,0.2482,0.2488,0.2442,0.2469,20217562.89931831
2026-04-29,0.2468,0.2539,0.2385,0.2448,43061721.2521153
2026-04-30,0.2449,0.2483,0.2444,0.2461,22980607.96540901
2026-05-01,0.2461,0.2511,0.2458,0.2482,30896305.9167686
2026-05-02,0.2483,0.2527,0.2469,0.2501,15130578.20168143
2026-05-03,0.2501,0.2518,0.2474,0.2495,16815095.72913824
2026-05-04,0.2494,0.255,0.247,0.2498,37934162.24628405
2026-05-05,0.2499,0.2658,0.2497,0.262,47706975.32972968
2026-05-06,0.2619,0.2737,0.2595,0.2668,56190964.67391135
2026-05-07,0.267,0.2703,0.2597,0.2628,47283777.91157812
2026-05-08,0.2627,0.2785,0.261,0.2735,23473520.61162242
2026-05-09,0.2735,0.2784,0.269,0.2709,37166795.13468344
2026-05-10,0.2709,0.2886,0.2684,0.2825,60955913.56761695
2026-05-11,0.2824,0.2834,0.274,0.2804,52785188.55578058
2026-05-12,0.2803,0.2818,0.2672,0.2711,38301476.61575487
2026-05-13,0.2711,0.2776,0.2612,0.2646,49725838.94662865
2026-05-14,0.2647,0.2805,0.2622,0.2705,57046963.82890974
2026-05-15,0.2705,0.2728,0.2569,0.2615,47168070.22136072
2026-05-16,0.2614,0.2622,0.2521,0.255,26096974.46367322
2026-05-17,0.255,0.2581,0.2457,0.2521,23161618.33550694
2026-05-18,0.2521,0.253,0.2462,0.2516,48133939.60142097
2026-05-19,0.2515,0.2533,0.2469,0.2479,26777379.76172578
2026-05-20,0.2479,0.2513,0.2467,0.249,31383302.87131894
2026-05-21,0.2489,0.2536,0.2454,0.2504,46018275.18383972
2026-05-22,0.2505,0.2543,0.2408,0.2422,43606960.00570924
2026-05-23,0.2423,0.2504,0.2359,0.2458,43557770.85442182
2026-05-24,0.2458,0.2466,0.2382,0.242,16098393.05638003
2026-05-25,0.242,0.2476,0.2402,0.2433,23288806.20371394
2026-05-26,0.2433,0.247,0.2379,0.2398,33858633.25224341
2026-05-27,0.2399,0.243,0.2356,0.2369,36466836.34749576
2026-05-28,0.2368,0.238,0.2278,0.2346,57600180.81985639
2026-05-29,0.2346,0.2392,0.2294,0.2328,50198186.27634696
2026-05-30,0.2328,0.2391,0.2322,0.2356,35968836.87365024
2026-05-31,0.2357,0.2384,0.2315,0.2354,24453111.28715813
2026-06-01,0.2355,0.2374,0.2251,0.2308,71277236.83880349
2026-06-02,0.2308,0.231,0.2092,0.2126,100654825.3834016
2026-06-03,0.2127,0.2183,0.1997,0.2002,106737550.81193107
2026-06-04,0.2001,0.2015,0.1787,0.1796,202162680.06262547
2026-06-05,0.1795,0.1795,0.1545,0.1568,372182581.3775418
2026-06-06,0.1567,0.1625,0.1485,0.1573,149534639.98831114
2026-06-07,0.1573,0.1687,0.1567,0.1652,97434346.93480176
2026-06-08,0.1652,0.1744,0.1599,0.1705,95743674.49485913
2026-06-09,0.1704,0.171,0.1606,0.1653,75988868.91662905
2026-06-10,0.1654,0.1667,0.158,0.1605,81429360.37491672
2026-06-11,0.1605,0.1718,0.1605,0.1705,85475908.68698718
2026-06-12,0.1706,0.1743,0.1675,0.1696,70654121.26721711
2026-06-13,0.1696,0.1757,0.169,0.1717,44920943.64947444
2026-06-14,0.1716,0.1837,0.1654,0.1829,48755337.89728043
2026-06-15,0.1829,0.1898,0.1768,0.1784,135218479.66397506
2026-06-16,0.1784,0.1813,0.1719,0.1725,57429314.99547117
2026-06-17,0.1724,0.1748,0.1637,0.1667,99172392.53133559
2026-06-18,0.1667,0.1687,0.1596,0.1634,61665128.36847134
2026-06-19,0.1633,0.1648,0.1586,0.1619,47671694.02384807
2026-06-20,0.162,0.1648,0.1599,0.163,26118402.18102875
2026-06-21,0.1631,0.1634,0.1562,0.1565,46077756.77192341
2026-06-22,0.1565,0.1631,0.1565,0.1584,56711594.68837678
2026-06-23,0.1583,0.1599,0.1492,0.1513,67617029.12757425
2026-06-24,0.1513,0.1541,0.1394,0.1475,122071901.67607114
2026-06-25,0.1476,0.1506,0.1381,0.1435,95465695.44856034
2026-06-26,0.1436,0.1497,0.1384,0.1484,97085588.40695097
2026-06-27,0.1484,0.1495,0.1436,0.1451,28915805.84545777
2026-06-28,0.1451,0.1463,0.1409,0.1435,24100749.16274555
2026-06-29,0.1434,0.1485,0.1417,0.1456,40877736.63169317
2026-06-30,0.1456,0.1462,0.1419,0.1441,34657211.03838394
2026-07-01,0.1442,0.1579,0.1418,0.1538,117339415.76270583
2026-07-02,0.1537,0.1627,0.1524,0.1613,69829683.19650978
2026-07-03,0.1614,0.1831,0.1605,0.1797,163711792.6775619
2026-07-04,0.1797,0.1998,0.1749,0.192,138281067.07810482
2026-07-05,0.192,0.1949,0.1851,0.1893,93457764.32704376
2026-07-06,0.1893,0.1905,0.1778,0.1841,73141421.53580508
2026-07-07,0.1842,0.185,0.1733,0.1748,50640609.49182445
2026-07-08,0.1748,0.1761,0.1647,0.1669,67936117.21129844
2026-07-09,0.1669,0.1702,0.1649,0.1663,55345760.32616564
2026-07-10,0.1664,0.1697,0.1651,0.1667,60586211.47668907
2026-07-11,0.1667,0.1746,0.1655,0.1655,58052433.77987939
2026-07-12,0.1655,0.1665,0.1609,0.1619,36244687.3906633
2026-07-13,0.1618,0.1644,0.1553,0.1573,45321479.21138724
2026-07-14,0.1573,0.168,0.156,0.1654,45641558.01227921
2026-07-15,0.1655,0.1693,0.162,0.165,54855667.27053538
2026-07-16,0.1649,0.1664,0.1598,0.1606,39881087.38760045
2026-07-17,0.1606,0.1674,0.1577,0.1672,64064727.15598617
2026-07-18,0.1672,0.1692,0.1634,0.1667,25814243.51722853
2026-07-19,0.1668,0.1686,0.1638,0.1658,19039075.69524082
2026-07-20,0.1658,0.1717,0.1605,0.1694,55621285.30817452
2026-07-21,0.1694,0.1775,0.1694,0.1734,64512035.93461279
2026-07-22,0.1734,0.1807,0.1703,0.1744,40020831.01759111
2026-07-23,0.1744,0.1766,0.1679,0.1682,29907108.04724756
2026-07-24,0.1682,0.1684,0.1627,0.1638,29225967.64379178
2026-07-25,0.1637,0.1669,0.1614,0.1647,14856493.12828447
2026-07-26,0.1646,0.1665,0.1641,0.1658,19290449.58162766
2026-07-27,0.1658,0.1671,0.1537,0.1556,45657145.66254447
2026-07-28,0.1555,0.1632,0.1533,0.1618,57622896.39693806
2026-07-29,0.1617,0.1689,0.1604,0.1619,60427680.49979051
2026-07-30,0.162,0.176,0.1613,0.1697,64110715.49907477
2026-07-31,0.1698,0.1725,0.1664,0.1681,67114555.01397596
2026-08-01,0.1681,0.1766,0.1681,0.1742,58096783.16168078
2026-08-02,0.1742,0.1919,0.1727,0.1894,125422022.77954072
2026-08-03,0.1893,0.1961,0.1814,0.1935,127130047.64001586
2026-08-04,0.19345,0.1993,0.1909,0.19271,159776286.5497056
2026-08-05,0.19276,0.19871,0.18845,0.19094,146612333.95168284
2026-08-06,0.191,0.21146,0.18583,0.20093,230119338.45792535
2026-08-07,0.201,0.20374,0.19643,0.20076,114058782.31246181
2026-08-08,0.20083,0.20225,0.19765,0.19929,53048001.67715339
2026-08-09,0.19928,0.19967,0.19309,0.19437,53232586.96982058
2026-08-10,0.19437,0.19924,0.19055,0.1907,80220060.03550993
2026-08-11,0.1907,0.19139,0.18355,0.18689,73875411.08525103
2026-08-12,0.18688,0.18824,0.18045,0.18239,43284943.2776938
2026-08-13,0.18239,0.18649,0.18024,0.1823,46307806.18967066
2026-08-14,0.18228,0.18341,0.17792,0.17989,43535681.39971531
2026-08-15,0.17989,0.18164,0.1756,0.17616,26128564.75724047
2026-08-16,0.17613,0.1791,0.17442,0.17476,28902010.10823694
