date,open,high,low,close,volume
2016-08-02,57.53,57.565,57.15,57.37,20476110
2016-08-03,56.89,57.19,56.85,57.17,19684420
2016-08-04,57.35,57.53,57.24,57.5,16761760
2016-08-05,57.5,57.78,57.49,57.76,15143510
2016-08-08,57.86,57.92,57.79,57.88,10326800
2016-08-09,58.14,58.52,58.11,58.34,27514400
2016-08-10,58.72,58.76,58.515,58.54,17539520
2016-08-11,58.82,59.11,58.77,58.96,19675820
2016-08-12,58.99,59.06,58.74,58.81,11331570
2016-08-15,59,59.18,58.99,59.035,9048734
2016-08-16,58.93,59.11,58.85,58.95,14286200
2016-08-17,58.79,59.085,58.535,58.93,12103620
2016-08-18,58.89,59.23,58.8,59.23,17723920
2016-08-19,58.62,58.82,58.45,58.79,12142530
2016-08-22,58.61,58.89,58.5,58.85,10095630
2016-08-23,59.24,59.35,59.08,59.1,12534120
2016-08-24,59.13,59.2,58.885,58.96,12206570
2016-08-25,58.76,58.885,58.665,58.72,10953520
2016-08-26,58.81,59.33,58.11,58.37,19518070
2016-08-29,58.24,58.58,58.22,58.55,10479720
2016-08-30,58.6,58.69,58.36,58.47,9737256
2016-08-31,58.4,58.53,58.14,58.35,20396180
2016-09-01,58.62,58.78,58.41,58.75,18389770
2016-09-02,59.3,59.5,59.11,59.43,19151560
2016-09-06,59.56,59.86,59.535,59.83,14730560
2016-09-07,59.99,60.1,59.75,59.86,17917530
2016-09-08,59.81,59.975,59.62,59.69,15184530
2016-09-09,59.25,59.25,58.51,58.53,23547040
2016-09-12,58.1,59.04,58.045,59.01,26966760
2016-09-13,58.25,58.36,57.57,57.82,24865670
2016-09-14,57.74,58.0576,57.63,57.74,16841520
2016-09-15,57.79,58.345,57.63,58.24,25111300
2016-09-16,57.61,57.64,57.33,57.49,47897880
2016-09-19,58.06,58.14,57.74,57.79,24184440
2016-09-20,58.34,58.39,58.065,58.14,23968190
2016-09-21,58.7,59.22,58.49,59.16,28804010
2016-09-22,60.03,60.16,59.69,59.76,27047530
2016-09-23,59.28,59.4499,59.24,59.26,18993130
2016-09-26,58.75,58.83,58.6225,58.71,23824930
2016-09-27,58.47,58.9999,58.405,58.99,19862150
2016-09-28,59.16,59.43,58.795,59.41,22026420
2016-09-29,59.26,59.39,58.4739,58.67,16703810
2016-09-30,58.81,59.29,58.73,59.13,28871930
2016-10-03,58.97,59.085,58.84,58.97,17903550
2016-10-04,59.24,59.35,58.7301,58.96,28707490
2016-10-05,59.18,59.29,59.04,59.2,14774310
2016-10-06,58.9,58.945,58.725,58.88,11569310
2016-10-07,58.63,58.675,58.115,58.58,16618250
2016-10-10,58.68,58.9,58.65,58.75,7860730
2016-10-11,58.48,58.505,57.75,57.92,18434590
2016-10-12,57.84,57.935,57.63,57.79,13537310
2016-10-13,57.15,57.7,56.9863,57.57,13090870
2016-10-14,57.96,58.07,57.65,57.67,19288380
2016-10-17,57.54,57.66,57.405,57.5,12640990
2016-10-18,58.19,58.235,57.98,58.07,13027970
2016-10-19,58.16,58.3658,58.115,58.23,12500140
2016-10-20,58.15,58.43,58.09,58.32,9959038
2016-10-21,57.92,58.21,57.86,58.19,12584850
2016-10-24,58.36,58.3699,58.045,58.18,12723000
2016-10-25,58.05,58.19,57.9101,58.14,12430000
2016-10-26,57.84,58.07,57.765,57.88,12169530
2016-10-27,58.01,58.04,57.75,57.81,9309344
2016-10-28,57.71,57.915,57.645,57.79,15377650
2016-10-31,57.75,57.9,57.5801,57.82,19102190
2016-11-01,57.96,57.98,57.38,57.57,19495190
2016-11-02,57.53,57.61,57.1,57.18,17538940
2016-11-03,57.38,57.42,57.035,57.12,12959140
2016-11-04,56.74,56.9074,56.545,56.57,17423770
2016-11-07,57.28,57.38,57.15,57.35,21383610
2016-11-08,57.18,57.675,57.13,57.51,17403910
2016-11-09,57.07,57.79,57.01,57.56,27175070
2016-11-10,57.53,57.67,56.93,57.4,37382770
2016-11-11,57.145,57.2,56.74,57.05,18430070
2016-11-14,56.63,56.75,56.48,56.74,20650880
2016-11-15,56.59,57.02,56.5331,56.99,15311740
2016-11-16,56.43,56.615,56.3438,56.39,22097490
2016-11-17,56.67,56.89,56.615,56.82,18459350
2016-11-18,56.31,56.38,56.1037,56.2,17047300
2016-11-21,56.42,56.71,56.41,56.68,18473280
2016-11-22,56.81,56.85,56.58,56.82,17866530
2016-11-23,56.25,56.62,56.19,56.62,13840290
2016-11-25,56.82,56.83,56.71,56.79,7842848
2016-11-28,56.63,56.69,56.46,56.49,13607990
2016-11-29,56.53,56.98,56.4735,56.85,14719760
2016-11-30,56.98,56.99,56.7,56.79,23874740
2016-12-01,56.73,56.76,56.49,56.57,22693390
2016-12-02,56.47,56.84,56.4,56.71,16077420
2016-12-05,57,57.38,56.99,57.27,19685360
2016-12-06,57.33,57.74,57.3,57.66,19214250
2016-12-07,57.88,58.62,57.86,58.52,25749320
2016-12-08,58.41,58.57,58.27,58.47,23426980
2016-12-09,58.47,58.72,58.43,58.72,20886460
2016-12-12,58.5,58.69,58.39,58.46,16390130
2016-12-13,58.98,59.25,58.95,59.09,22116710
2016-12-14,58.96,59.09,58.13,58.22,26473660
2016-12-15,58,58.19,57.9601,58.09,24742200
2016-12-16,58.05,58.29,58.02,58.13,24359090
2016-12-19,58.16,58.31,58.04,58.04,17705120
2016-12-20,58.11,58.29,58.07,58.24,17471210
2016-12-21,57.65,57.7,57.58,57.66,17793950
2016-12-22,57.62,57.69,57.51,57.53,16310190
2016-12-23,57.58,57.68,57.54,57.68,14821550
2016-12-27,57.63,57.715,57.6,57.61,13327690
2016-12-28,57.56,57.58,57.31,57.39,15924570
2016-12-29,57.5,57.66,57.48,57.53,16406130
2016-12-30,57.97,57.98,57.6,57.73,25225990
2017-01-03,57.95,58.11,57.85,58.09,28006750
2017-01-04,58.4,58.78,58.3528,58.75,25670020
2017-01-05,58.9,59.31,58.9,59.25,22063120
2017-01-06,58.97,59.11,58.91,59.05,21455430
2017-01-09,58.83,58.99,58.75,58.96,13962350
2017-01-10,58.92,59.13,58.92,58.97,16296580
2017-01-11,58.85,59.3,58.78,59.28,31352400
2017-01-12,59.36,59.375,59.11,59.37,24401020
2017-01-13,59.42,59.6,59.33,59.59,20901860
2017-01-17,59.41,59.44,59.27,59.37,22524830
2017-01-18,59.19,59.32,59.02,59.2,14580630
2017-01-19,59.1,59.1763,58.87,59.05,17540050
2017-01-20,59.26,59.41,59.18,59.39,24974050
2017-01-23,59.31,59.54,59.18,59.54,43079220
2017-01-24,59.44,59.7165,59.42,59.69,17959470
2017-01-25,60.01,60.33,59.99,60.31,27237190
2017-01-26,60.19,60.25,59.99,60.07,20913850
2017-01-27,60.02,60.05,59.86,59.97,13061020
2017-01-30,59.45,59.58,59.26,59.54,19146190
2017-01-31,59.65,59.74,59.39,59.63,29803760
2017-02-01,60,60.03,59.71,59.87,26726440
2017-02-02,59.925,59.99,59.73,59.9,14796650
2017-02-03,60.01,60.18,59.93,60.14,13963770
2017-02-06,59.52,59.71,59.48,59.71,16220210
2017-02-07,59.58,59.6763,59.53,59.65,12123010
2017-02-08,59.59,59.81,59.52,59.75,16749220
2017-02-09,59.83,60.015,59.75,60,14299490
2017-02-10,59.93,60.18,59.91,60.14,13212120
2017-02-13,60.39,60.47,60.28,60.38,12694440
2017-02-14,60.17,60.29,59.9201,60.29,14256630
2017-02-15,60.03,60.52,60.01,60.52,15460130
2017-02-16,60.54,60.66,60.46,60.66,14388240
2017-02-17,60.32,60.52,60.27,60.5,14938000
2017-02-21,60.44,60.7,60.42,60.7,11550320
2017-02-22,60.39,60.74,60.39,60.7,17129270
2017-02-23,60.88,60.93,60.665,60.83,12410640
2017-02-24,60.17,60.43,60.14,60.39,16198700
2017-02-27,60.19,60.44,60.18,60.43,14039000
2017-02-28,60.32,60.52,60.23,60.34,20439110
2017-03-01,60.75,61.1163,60.73,60.97,20196390
2017-03-02,60.71,60.7774,60.56,60.57,16452810
2017-03-03,60.7,61,60.61,60.93,19149130
2017-03-06,60.73,60.75,60.5737,60.74,10965780
2017-03-07,60.47,60.63,60.38,60.53,16308670
2017-03-08,60.49,60.55,60.25,60.31,11568220
2017-03-09,60.47,60.57,60.38,60.54,13369170
2017-03-10,60.96,61.12,60.85,61.05,18987740
2017-03-13,61.2,61.3775,61.19,61.37,19718700
2017-03-14,60.92,60.97,60.79,60.9,15953540
2017-03-15,61.03,61.775,61.02,61.77,22841080
2017-03-16,62.1,62.13,61.93,62.07,24380120
2017-03-17,62.18,62.3499,62.06,62.23,20697450
2017-03-20,62.25,62.3399,62.02,62.1037,13484420
2017-03-21,62.58,62.63,61.78,61.82,23331510
2017-03-22,61.62,61.89,61.57,61.83,14492780
2017-03-23,61.73,62.1,61.73,61.97,25394790
2017-03-24,62.11,62.27,62.0401,62.14,25264510
2017-03-27,62.09,62.38,62.02,62.3,30294400
2017-03-28,62.39,62.65,62.355,62.6,23196000
2017-03-29,62.29,62.63,62.28,62.6,19090760
2017-03-30,62.43,62.55,62.32,62.38,16049830
2017-03-31,62.11,62.36,62.05,62.29,30871660
2017-04-03,62.19,62.24,61.755,62.2,32855180
2017-04-04,61.93,62.18,61.85,62.18,16793760
2017-04-05,62.13,62.29,61.825,61.85,22709860
2017-04-06,61.88,61.98,61.75,61.86,17814640
2017-04-07,61.75,61.93,61.735,61.82,15848920
2017-04-10,61.73,61.85,61.675,61.75,11321510
2017-04-11,62,62.07,61.6201,62.04,18663100
2017-04-12,61.95,62.03,61.72,61.99,25046020
2017-04-13,61.7,61.78,61.53,61.59,16758860
2017-04-17,61.85,62.02,61.84,61.97,15573490
2017-04-18,61.55,61.69,61.35,61.69,21171090
2017-04-19,61.76,61.795,61.37,61.44,13263140
2017-04-20,61.96,62.1,61.915,61.93,20485320
2017-04-21,61.93,62.02,61.84,61.97,18989430
2017-04-24,63.41,63.61,63.38,63.54,31213970
2017-04-25,63.85,64.08,63.7805,63.99,24975210
2017-04-26,63.81,64.03,63.81,63.81,20489580
2017-04-27,63.92,63.92,63.75,63.87,13855490
2017-04-28,63.89,63.91,63.77,63.8,25361250
2017-05-01,63.99,64.2,63.91,64.06,22211440
2017-05-02,64.25,64.42,64.19,64.39,23424000
2017-05-03,64.22,64.33,64.1,64.26,12811040
2017-05-04,64.48,64.89,64.425,64.87,16359730
2017-05-05,64.94,65.59,64.915,65.59,18990470
2017-05-08,65.105,65.11,64.96,65.1,19823840
2017-05-09,64.98,65.04,64.81,64.94,28186610
2017-05-10,64.98,65.04,64.888,65.04,18524300
2017-05-11,64.77,64.9,64.61,64.88,18381620
2017-05-12,64.94,65.24,64.94,65.24,27683030
2017-05-15,65.38,65.57,65.36,65.57,20481020
2017-05-16,65.95,66,65.8615,65.99,21929770
2017-05-17,65.67,65.75,65.22,65.24,30198710
2017-05-18,65.08,65.4,65.02,65.35,19242610
2017-05-19,65.81,66.12,65.78,66.11,34855460
2017-05-22,66.18,66.31,66.11,66.19,14692610
2017-05-23,66.34,66.38,66.11,66.2,12489180
2017-05-24,66.015,66.25,65.98,66.24,15090560
2017-05-25,66.24,66.34,66.15,66.24,13265330
2017-05-26,65.87,66.055,65.85,66.05,25970130
2017-05-30,65.87,66.03,65.85,65.98,14415330
2017-05-31,66.32,66.38,66.025,66.06,31167900
2017-06-01,66.31,66.505,66.245,66.49,25610010
2017-06-02,66.96,67.24,66.86,67.22,22764290
2017-06-05,66.86,66.9,66.77,66.85,14304510
2017-06-06,66.58,66.71,66.56,66.66,11387190
2017-06-07,66.77,66.88,66.45,66.68,15346440
2017-06-08,66.42,66.57,66.34,66.56,15425210
2017-06-09,66.22,66.46,66.06,66.31,20806920
2017-06-12,66.12,66.19,65.91,66.06,17937220
2017-06-13,66.47,66.61,66.38,66.57,19123670
2017-06-14,66.95,66.96,66.3,66.52,18739460
2017-06-15,65.51,65.87,65.49,65.83,22870870
2017-06-16,66.15,66.41,66.07,66.39,24571480
2017-06-19,66.64,66.79,66.6,66.66,25471140
2017-06-20,65.42,65.43,64.92,65.07,23798450
2017-06-21,64.92,65.05,64.83,64.99,10988980
2017-06-22,64.97,65.096,64.89,64.98,13521670
2017-06-23,64.99,65.245,64.9,65.14,15138720
2017-06-26,65.56,65.62,65.22,65.25,21872780
2017-06-27,65.28,65.44,65.17,65.24,17465990
2017-06-28,65.49,65.87,65.46,65.81,26317330
2017-06-29,65.61,65.62,64.88,65.16,35923300
2017-06-30,65.33,65.35,64.825,65.2,28825120
2017-07-03,65.12,65.28,65.1,65.12,9564258
2017-07-05,64.93,65.16,64.815,65.12,26253240
2017-07-06,64.7,64.97,64.63,64.83,23380560
2017-07-07,64.65,64.92,64.56,64.84,18885680
2017-07-10,64.8,65.02,64.76,65,10674840
2017-07-11,64.83,65.16,64.74,65.15,13584040
2017-07-12,65.55,65.745,65.53,65.67,15995590
2017-07-13,65.75,65.91,65.655,65.86,22520460
2017-07-14,66.05,66.335,66,66.32,14145120
2017-07-17,66.19,66.28,66.12,66.19,10326110
2017-07-18,66.13,66.25,66.08,66.25,11718190
2017-07-19,66.36,66.54,66.35,66.54,12542330
2017-07-20,66.71,66.85,66.603,66.81,13789160
2017-07-21,66.46,66.55,66.24,66.55,18406670
2017-07-24,66.25,66.39,66.08,66.37,17486070
2017-07-25,66.71,66.74,66.44,66.46,12297570
2017-07-26,66.65,66.98,66.54,66.87,19186670
2017-07-27,67,67.04,66.5,66.72,13754370
2017-07-28,66.55,66.8,66.48,66.79,15080780
2017-07-31,66.88,67.01,66.73,66.93,20682840
2017-08-01,67.44,67.54,67.3,67.3,16211140
2017-08-02,67.34,67.42,67.16,67.33,8948292
2017-08-03,67.31,67.49,67.255,67.37,11245860
2017-08-04,67.44,67.51,67.2,67.46,14177820
2017-08-07,67.32,67.5,67.32,67.49,11874620
2017-08-08,67.37,67.46,67.0939,67.13,13510150
2017-08-09,66.73,67.05,66.69,67.02,15080070
2017-08-10,66.62,66.62,66.01,66.07,28825120
2017-08-11,66.03,66.13,65.86,65.95,27456380
2017-08-14,66.43,66.598,66.4,66.43,13311530
2017-08-15,66.35,66.42,66.14,66.38,13212250
2017-08-16,66.6,66.84,66.58,66.76,14030750
2017-08-17,66.52,66.63,66.01,66.01,18647150
2017-08-18,66.12,66.33,65.99,66.19,16347370
2017-08-21,66.16,66.2699,66,66.17,11760780
2017-08-22,66.31,66.52,66.29,66.49,11528750
2017-08-23,66.3,66.51,66.29,66.5,13007120
2017-08-24,66.52,66.59,66.34,66.35,13150630
2017-08-25,66.59,66.91,66.57,66.75,14942020
2017-08-28,66.82,66.85,66.705,66.75,13419080
2017-08-29,66.38,66.65,66.36,66.48,11536910
2017-08-30,66.37,66.45,66.2847,66.39,10510320
2017-08-31,66.65,66.95,66.62,66.9,20118850
2017-09-01,67.15,67.17,66.95,66.99,15540720
2017-09-05,66.82,66.93,66.325,66.54,18682340
2017-09-06,66.9,67.0975,66.82,66.95,21335550
2017-09-07,67.5,67.53,67.33,67.5,13847410
2017-09-08,67.66,67.6867,67.51,67.51,16168820
2017-09-11,67.96,68.16,67.95,68.04,19127340
2017-09-12,68.16,68.29,68.16,68.25,11803030
2017-09-13,68.11,68.15,67.8165,67.88,14718800
2017-09-14,67.76,68.01,67.74,68,14859250
2017-09-15,68.06,68.1,67.94,68.06,16315460
2017-09-18,68.23,68.34,68.025,68.15,13594850
2017-09-19,68.43,68.49,68.295,68.47,8877234
2017-09-20,68.49,68.71,68.004,68.32,15310030
2017-09-21,68.16,68.28,68.09,68.18,10250100
2017-09-22,68.38,68.5,68.3234,68.39,8442844
2017-09-25,68.11,68.27,67.87,68,13463890
2017-09-26,67.89,67.94,67.64,67.85,20026560
2017-09-27,67.76,67.995,67.72,67.9,17751480
2017-09-28,67.9,68.18,67.9,68.08,11704000
2017-09-29,68.21,68.55,68.11,68.48,24857420
2017-10-02,68.27,68.49,68.24,68.42,16475610
2017-10-03,68.46,68.66,68.43,68.65,12073350
2017-10-04,68.47,68.59,68.4613,68.52,12518570
2017-10-05,68.39,68.51,68.35,68.48,11871210
2017-10-06,68.17,68.44,68.14,68.43,16923310
2017-10-09,68.52,68.54,68.39,68.45,5155649
2017-10-10,68.85,69.11,68.79,69.1,16626740
2017-10-11,69.07,69.29,69.06,69.27,16732420
2017-10-12,69.15,69.33,69.09,69.21,10774090
2017-10-13,69.6,69.66,69.51,69.57,12928940
2017-10-16,69.57,69.62,69.465,69.52,8800647
2017-10-17,69.35,69.39,69.21,69.34,8287031
2017-10-18,69.45,69.57,69.365,69.54,11793350
2017-10-19,69.23,69.43,69.19,69.43,10368290
2017-10-20,69.38,69.38,69.23,69.34,12636300
2017-10-23,69.37,69.3971,69.14,69.19,8422226
2017-10-24,69.28,69.435,69.2,69.3,10586480
2017-10-25,69.27,69.31,68.77,69.03,11495510
2017-10-26,69.21,69.26,69.01,69.02,12355520
2017-10-27,68.98,69.2,68.885,69.18,18853790
2017-10-30,69.22,69.36,69.2,69.34,14308490
2017-10-31,69.48,69.67,69.4,69.63,22418400
2017-11-01,69.93,69.995,69.67,69.7,23674530
2017-11-02,69.65,69.91,69.625,69.91,20430940
2017-11-03,69.8,69.8,69.56,69.8,14078690
2017-11-06,69.61,69.915,69.6,69.9,11959010
2017-11-07,69.77,69.855,69.46,69.64,12102740
2017-11-08,69.75,69.98,69.71,69.87,15573200
2017-11-09,69.29,69.5,69.04,69.47,22576980
2017-11-10,69.24,69.36,69.13,69.28,11070800
2017-11-13,68.59,69.02,68.58,68.99,13605170
2017-11-14,68.86,68.99,68.7,68.94,13850100
2017-11-15,68.37,68.68,68.28,68.61,18547270
2017-11-16,69.05,69.2385,68.97,69.16,17372500
2017-11-17,68.97,69.03,68.84,68.91,24772990
2017-11-20,69.13,69.27,69.06,69.06,20689550
2017-11-21,69.53,69.67,69.49,69.58,16311880
2017-11-22,69.87,69.92,69.55,69.77,17943170
2017-11-24,70.35,70.39,70.25,70.34,11732290
2017-11-27,70.2,70.26,69.92,69.92,17066470
2017-11-28,70.14,70.34,70.01,70.32,19389400
2017-11-29,70.37,70.43,69.94,70.04,19328350
2017-11-30,70.33,70.41,70.05,70.11,24443370
2017-12-01,69.84,70.01,69.48,69.83,33370410
2017-12-04,69.99,69.99,69.57,69.58,19355520
2017-12-05,69.61,69.74,69.42,69.43,15853660
2017-12-06,69.21,69.43,69.18,69.29,12383660
2017-12-07,69.32,69.64,69.27,69.47,16966050
2017-12-08,69.79,69.88,69.63,69.84,19106830
2017-12-11,69.91,70.04,69.88,70.02,20038630
2017-12-12,69.95,70.17,69.91,70.11,16514650
2017-12-13,70.22,70.51,70.165,70.38,25920510
2017-12-14,70.33,70.36,69.95,69.99,27424620
2017-12-15,69.92,70.07,69.76,69.97,32906890
2017-12-18,70.72,70.96,70.7,70.8,37698500
2017-12-19,69.95,69.98,69.69,69.8,37088680
2017-12-20,69.87,69.905,69.625,69.68,18729480
2017-12-21,69.77,70.11,69.75,69.93,22530020
2017-12-22,69.9,70.12,69.86,70.11,16799060
2017-12-26,69.98,70.17,69.92,70.09,15994970
2017-12-27,70.19,70.33,70.1,70.22,19835390
2017-12-28,70.4,70.46,70.22,70.26,20220240
2017-12-29,70.57,70.58,70.26,70.31,16180680
2018-01-02,70.53,70.85,70.42,70.83,26529590
2018-01-03,70.89,71.255,70.85,71.17,33384840
2018-01-04,71.86,72.06,71.81,71.95,23974370
2018-01-05,72.15,72.4,72.07,72.35,17483750
2018-01-08,72.26,72.35,72.18,72.33,21733710
2018-01-09,72.34,72.44,72.12,72.41,19138900
2018-01-10,72.42,72.45,72.215,72.27,18118860
2018-01-11,72.47,72.78,72.41,72.77,17314440
2018-01-12,73.03,73.51,72.964,73.5,22694330
2018-01-16,73.71,73.84,73.341,73.43,24617810
2018-01-17,73.63,74.08,73.465,73.81,21424440
2018-01-18,73.61,73.8,73.4901,73.72,19094620
2018-01-19,74.09,74.14,73.86,74.13,19622550
2018-01-22,74.19,74.54,74.15,74.51,14992540
2018-01-23,74.6,74.8,74.51,74.75,15575400
2018-01-24,75.16,75.23,74.63,74.88,24383730
2018-01-25,75.18,75.21,74.445,74.59,23272460
2018-01-26,74.98,75.27,74.93,75.25,19192560
2018-01-29,74.65,74.72,74.415,74.56,26906620
2018-01-30,74.32,74.37,73.85,73.94,113986300
2018-01-31,74.19,74.2286,73.7102,73.84,38496470
2018-02-01,73.72,74.185,73.68,74.05,30876230
2018-02-02,73.33,73.33,72.47,72.55,36175440
2018-02-05,71.64,71.97,69.31,69.51,78967880
2018-02-06,69.42,71.065,69.26,70.88,84301630
2018-02-07,70.25,70.86,69.985,70.13,44411260
2018-02-08,70.17,70.2,68.28,68.3,59223070
2018-02-09,68.75,68.96,66.89,68.59,66969590
2018-02-12,69.1,69.78,68.88,69.64,37239910
2018-02-13,69.09,69.495,69.07,69.43,20537920
2018-02-14,69.01,70.7,68.98,70.66,31475360
2018-02-15,71.06,71.21,70.505,71.1,31040580
2018-02-16,71.21,71.72,71.18,71.42,23592520
2018-02-20,70.88,71.2,70.58,70.75,25286920
2018-02-21,70.95,71.4,70.38,70.41,30247250
2018-02-22,70.71,71.1,70.54,70.78,20386960
2018-02-23,71.04,71.43,70.9,71.34,30298410
2018-02-26,71.64,72.03,71.385,72.01,21007210
2018-02-27,71.56,71.64,70.9,70.94,22449350
2018-02-28,71.04,71.08,70.17,70.27,31642520
2018-03-01,69.7,70.04,68.75,69.09,51278110
2018-03-02,68.85,69.44,68.565,69.42,35511970
2018-03-05,68.91,69.84,68.89,69.79,18968480
2018-03-06,70.35,70.39,70.01,70.2,20996840
2018-03-07,69.86,70.22,69.66,70.18,14492530
2018-03-08,70.38,70.485,70.095,70.33,14883180
2018-03-09,70.43,70.79,70.315,70.78,17319770
2018-03-12,70.86,71.01,70.705,70.86,12801270
2018-03-13,71.1,71.15,70.26,70.39,19138070
2018-03-14,70.93,70.98,70.31,70.56,13670500
2018-03-15,70.56,70.85,70.4,70.52,21712280
2018-03-16,70.39,70.66,70.365,70.47,16116850
2018-03-19,70.21,70.22,69.525,69.9,20391210
2018-03-20,69.82,70.04,69.725,69.89,20578760
2018-03-21,69.78,70.28,69.71,70,17479260
2018-03-22,69.29,69.44,68.68,68.7,42081790
2018-03-23,68.82,68.95,67.91,67.94,44983170
2018-03-26,68.98,69.21,68.29,69.16,31278530
2018-03-27,69.5,69.565,68.39,68.65,35618840
2018-03-28,69.08,69.56,68.78,69.05,35737550
2018-03-29,69.55,69.98,69.37,69.68,36715600
2018-04-02,69.41,69.575,68.25,68.72,52362540
2018-04-03,69.09,69.26,68.735,69.16,30233620
2018-04-04,68.35,69.43,68.32,69.4,26041500
2018-04-05,69.73,70.05,69.69,69.86,22428940
2018-04-06,69.81,70.055,69.17,69.4,24999580
2018-04-09,70.07,70.445,69.8559,69.97,18498730
2018-04-10,70.67,70.885,70.52,70.72,20848730
2018-04-11,70.57,70.86,70.4,70.45,21099100
2018-04-12,70.54,70.82,70.5,70.72,18012500
2018-04-13,70.96,70.97,70.55,70.79,14515420
2018-04-16,70.97,71,70.74,70.9,15678030
2018-04-17,71.03,71.359,70.96,71.22,17545370
2018-04-18,71.52,71.69,71.45,71.59,17016510
2018-04-19,71.51,71.61,71.11,71.32,20003930
2018-04-20,71.09,71.1465,70.91,71.05,25826540
2018-04-23,70.99,71.07,70.765,70.96,17695970
2018-04-24,71.09,71.18,70.46,70.67,22013150
2018-04-25,70.41,70.64,70.19,70.55,18280750
2018-04-26,70.9,71.01,70.72,70.9,23697680
2018-04-27,70.88,71.05,70.69,70.97,15395440
2018-04-30,70.89,71.14,70.69,70.74,21730670
2018-05-01,70.66,70.72,70.17,70.49,17308050
2018-05-02,70.85,70.94,70.405,70.46,16409410
2018-05-03,70.58,70.77,70.045,70.68,19854380
2018-05-04,70.17,71,70.13,70.93,17022640
2018-05-07,70.88,71.12,70.81,70.94,8172574
2018-05-08,70.69,70.95,70.56,70.95,12400290
2018-05-09,70.85,71.2,70.79,71.12,15413980
2018-05-10,71.34,71.58,71.21,71.58,18107470
2018-05-11,71.8,71.91,71.68,71.77,19083750
2018-05-14,72.03,72.0969,71.815,71.9,17790300
2018-05-15,71.28,71.52,71.1,71.38,18330070
2018-05-16,71.31,71.53,71.23,71.48,13758300
2018-05-17,71.51,71.71,71.39,71.59,16188780
2018-05-18,71.38,71.45,71.23,71.33,21815650
2018-05-21,71.69,71.78,71.6,71.78,13404880
2018-05-22,71.88,71.935,71.61,71.69,12897920
2018-05-23,70.78,70.92,70.56,70.9,23295770
2018-05-24,70.78,70.81,70.21,70.68,21542440
2018-05-25,70.17,70.32,70.03,70.22,17225560
2018-05-29,69.14,69.375,68.53,68.79,57008870
2018-05-30,69.38,69.89,69.185,69.84,25531720
2018-05-31,69.63,69.7,69.115,69.4,47886830
2018-06-01,69.92,70.02,69.64,70,39232570
2018-06-04,70.46,70.54,70.18,70.21,18561880
2018-06-05,70.22,70.25,69.92,70.1,16641020
2018-06-06,70.35,70.73,70.18,70.73,25445410
2018-06-07,70.79,70.815,70.2,70.33,25977000
2018-06-08,70.27,70.5,70.09,70.41,23206330
2018-06-11,70.67,71.025,70.61,70.86,26145050
2018-06-12,70.72,70.76,70.35,70.41,22706280
2018-06-13,70.64,70.7095,70.225,70.51,20486700
2018-06-14,70.51,70.72,70.32,70.36,24099040
2018-06-15,70.03,70.04,69.73,70,31422850
2018-06-18,69.23,69.52,69.14,69.5,30778480
2018-06-19,67.16,67.57,67.06,67.52,30397650
2018-06-20,67.78,67.83,67.4,67.57,38687270
2018-06-21,67.39,67.39,67.02,67.09,23793220
2018-06-22,67.95,68.13,67.66,67.8,27041410
2018-06-25,67.32,67.39,66.68,66.86,39388310
2018-06-26,67.08,67.115,66.71,66.98,23117480
2018-06-27,67.04,67.3,66.32,66.35,29616820
2018-06-28,66.33,66.675,66.195,66.6,21384790
2018-06-29,67.12,67.37,66.91,66.97,31526410
2018-07-02,66.02,66.43,66,66.36,39167940
2018-07-03,66.89,66.99,66.525,66.56,14919880
2018-07-05,67.17,67.27,66.975,67.22,18576640
2018-07-06,67.31,67.715,67.24,67.58,16641650
2018-07-09,68.12,68.25,67.95,68.23,20682100
2018-07-10,68.11,68.27,68.07,68.2,18981400
2018-07-11,67.43,67.61,66.865,67.06,30172190
2018-07-12,67.42,67.645,67.3,67.58,18810590
2018-07-13,67.61,67.815,67.475,67.79,17206910
2018-07-16,67.77,67.859,67.65,67.76,15422210
2018-07-17,67.58,67.96,67.5438,67.88,16964990
2018-07-18,67.83,68.04,67.72,67.89,13712350
2018-07-19,67.54,67.88,67.47,67.75,26316460
2018-07-20,67.77,68.18,67.755,68.07,28610210
2018-07-23,68.07,68.14,67.935,68.07,10192950
2018-07-24,68.64,68.795,68.36,68.47,17645520
2018-07-25,68.46,69.09,68.235,68.98,29698850
2018-07-26,68.72,68.85,68.6,68.67,23009390
2018-07-27,68.97,69.11,68.73,68.8,28911760
2018-07-30,69.04,69.09,68.7743,68.79,17630310
2018-07-31,69.04,69.1,68.75,68.88,25087540
2018-08-01,68.77,68.8,68.445,68.53,25401030
2018-08-02,67.79,68.08,67.72,68.08,24343150
2018-08-03,67.82,68.15,67.78,68.12,14176240
2018-08-06,67.7,67.93,67.58,67.83,12077900
2018-08-07,68.51,68.535,68.3,68.36,17495460
2018-08-08,68.28,68.43,68.125,68.3,13812780
2018-08-09,68.32,68.39,68.06,68.1,11964750
2018-08-10,66.86,66.99,66.605,66.74,28624570
2018-08-13,66.65,66.78,66.35,66.5,24817700
2018-08-14,66.59,66.65,66.37,66.49,22596720
2018-08-15,65.61,65.69,65.15,65.53,41602710
2018-08-16,65.96,66.235,65.93,65.99,23297130
2018-08-17,65.97,66.55,65.91,66.38,25722880
2018-08-20,66.64,66.82,66.62,66.74,16229330
2018-08-21,67.17,67.365,66.9902,67.15,15670120
2018-08-22,67.45,67.525,67.33,67.41,13217470
2018-08-23,67.07,67.215,66.87,66.93,22030670
2018-08-24,67.23,67.46,67.135,67.32,21816630
2018-08-27,67.91,68.27,67.87,68.22,24820270
2018-08-28,68.39,68.45,68.1201,68.16,19866760
2018-08-29,68.16,68.54,68.085,68.53,18107750
2018-08-30,67.95,68.05,67.71,67.88,20743000
2018-08-31,67.46,67.69,67.075,67.34,30835510
2018-09-04,66.5,66.78,66.415,66.77,25303400
2018-09-05,66.34,66.42,65.96,66.16,26850830
2018-09-06,66.06,66.22,65.645,65.96,25554960
2018-09-07,65.33,65.625,65.24,65.43,22989420
2018-09-10,65.95,65.99,65.75,65.83,15646710
2018-09-11,65.5,65.91,65.4,65.89,17652680
2018-09-12,65.96,66.33,65.91,66.17,19372500
2018-09-13,66.81,66.872,66.49,66.66,26009620
2018-09-14,66.86,66.94,66.6,66.76,20127490
2018-09-17,67.09,67.21,66.81,66.82,13679150
2018-09-18,67.31,67.62,67.3,67.52,20733860
2018-09-19,67.59,67.86,67.59,67.76,15330300
2018-09-20,68.47,68.679,68.29,68.6,22865400
2018-09-21,68.58,68.7353,68.52,68.63,19003320
2018-09-24,68.64,68.66,68.32,68.32,20382670
2018-09-25,68.85,68.89,68.635,68.66,19623040
2018-09-26,68.63,69.13,68.62,68.69,26899910
2018-09-27,68.56,68.86,68.48,68.55,21555260
2018-09-28,67.93,68.2699,67.845,67.99,37330490
2018-10-01,68.21,68.32,68.045,68.07,27879530
2018-10-02,67.55,67.78,67.475,67.72,18689190
2018-10-03,67.84,67.88,67.535,67.6,19372350
2018-10-04,67.17,67.2,66.5,66.81,38671500
2018-10-05,66.65,66.71,66.155,66.41,28116880
2018-10-08,65.69,66.1099,65.535,66.09,24471320
2018-10-09,65.4,66.01,65.3162,65.92,23011180
2018-10-10,65.68,65.68,64.38,64.52,63735320
2018-10-11,64.33,64.54,63.19,63.62,119275100
2018-10-12,64.112,64.14,63.18,63.85,66647650
2018-10-15,63.69,64.035,63.51,63.7,32702350
2018-10-16,64.53,64.92,64.43,64.79,35959120
2018-10-17,64.59,64.67,64.12,64.42,26566550
2018-10-18,64.17,64.25,63.18,63.38,48286540
2018-10-19,63.72,64.1,63.695,63.74,31924060
2018-10-22,63.8,63.85,63.27,63.46,28641260
2018-10-23,62.42,63.13,62.05,62.86,54694270
2018-10-24,62.5,62.54,61.04,61.08,61755280
2018-10-25,61.58,62.17,61.34,61.85,47258060
2018-10-26,61.09,61.83,60.58,61.43,72008760
2018-10-29,62.1,62.2318,60.77,61.26,60675290
2018-10-30,61.39,62.01,61.3021,62,50851510
2018-10-31,62.51,62.8,62.4001,62.46,49280910
2018-11-01,63,63.27,62.76,63.26,42760170
2018-11-02,63.83,63.92,62.975,63.35,39082710
2018-11-05,63.39,63.51,63.16,63.35,23002650
2018-11-06,63.37,63.66,63.31,63.61,18913710
2018-11-07,64.19,64.5,63.975,64.46,34147840
2018-11-08,64.22,64.35,63.685,63.83,31336630
2018-11-09,63.41,63.52,63.1133,63.41,27581730
2018-11-12,62.97,62.99,62.29,62.37,31068910
2018-11-13,62.53,63.08,62.37,62.64,37193890
2018-11-14,63.08,63.125,62.34,62.69,51500190
2018-11-15,62.28,63.02,61.965,62.89,54666350
2018-11-16,62.48,63.03,62.38,62.96,30723560
2018-11-19,62.92,62.9468,62.25,62.41,30409720
2018-11-20,61.57,61.825,61.18,61.33,41209610
2018-11-21,62.09,62.44,61.99,62.19,32720620
2018-11-23,61.66,61.98,61.66,61.78,13336460
2018-11-26,62.56,62.77,62.5,62.71,31007400
2018-11-27,62.34,62.51,62.16,62.47,38111390
2018-11-28,62.56,63.41,62.28,63.36,40600820
2018-11-29,62.99,63.25,62.825,63.04,31259710
2018-11-30,62.68,62.84,62.49,62.77,32068550
2018-12-03,63.75,63.75,63.36,63.6,43673900
2018-12-04,63.28,63.34,61.89,61.95,50079580
2018-12-06,60.9,61.42,60.23,61.37,78901420
2018-12-07,61.46,61.7,60.61,60.75,54090300
2018-12-10,60.49,60.595,59.66,60.28,61630490
2018-12-11,60.9,60.92,60.105,60.47,71163580
2018-12-12,61.42,61.78,61.355,61.36,45925560
2018-12-13,61.48,61.63,61.19,61.25,44498230
2018-12-14,60.59,60.85,60.41,60.46,50414820
2018-12-17,60.45,60.52,59.73,59.98,58508480
2018-12-18,59.62,59.82,59.2,59.39,46060010
2018-12-19,59.64,60.1,58.58,58.82,68491540
2018-12-20,58.9,59.07,58.35,58.58,97602570
2018-12-21,58.17,58.51,57.475,57.56,93622530
2018-12-24,57.56,57.785,56.84,56.89,47120320
2018-12-26,57.25,58.3,56.77,58.21,69815550
2018-12-27,57.55,58.38,57.11,58.38,76591160
2018-12-28,58.96,58.99,58.52,58.69,68541830
2018-12-31,59.02,59.06,58.58,58.78,62878760
2019-01-02,58,58.67,57.98,58.66,38675140
2019-01-03,58.52,58.545,58.025,58.13,35012600
2019-01-04,59.08,60.12,58.99,59.91,47001750
2019-01-07,59.99,60.415,59.82,60.14,30335850
2019-01-08,60.73,60.755,60.35,60.53,26444640
2019-01-09,61.08,61.34,60.91,61.21,34615280
2019-01-10,60.97,61.46,60.9248,61.45,33699320
2019-01-11,60.98,61.16,60.85,61.03,40655580
2019-01-14,60.58,60.945,60.55,60.75,28016340
2019-01-15,60.91,61.16,60.705,61.07,35202730
2019-01-16,61.13,61.31,61.1,61.24,38473910
2019-01-17,60.88,61.57,60.86,61.46,28895990
2019-01-18,62.07,62.15,61.84,62.08,39380830
2019-01-22,61.43,61.51,61,61.12,36637850
2019-01-23,61.64,61.69,61.145,61.4,21725570
2019-01-24,61.43,61.645,61.26,61.47,21842780
2019-01-25,62.06,62.275,62.015,62.17,31128570
2019-01-28,61.67,61.89,61.58,61.83,28738180
2019-01-29,62.21,62.34,61.97,61.97,23933680
2019-01-30,62.27,62.9,62.11,62.65,30465670
2019-01-31,62.56,62.83,62.41,62.68,32870490
2019-02-01,62.69,62.83,62.4965,62.66,22056050
2019-02-04,62.57,62.915,62.445,62.89,20254210
2019-02-05,63.29,63.434,63.2,63.38,29367110
2019-02-06,63.22,63.3,62.96,63.06,19635890
2019-02-07,62.57,62.67,62.09,62.22,33930700
2019-02-08,61.82,62.03,61.61,62.02,21440370
2019-02-11,61.96,62.09,61.82,61.96,22453010
2019-02-12,62.54,62.71,62.5,62.68,28176320
2019-02-13,62.9,63.05,62.69,62.69,22923490
2019-02-14,62.7,62.92,62.53,62.71,23166900
2019-02-15,63.34,63.62,62.71,63.62,29544710
2019-02-19,63.41,63.97,63.41,63.86,19126770
2019-02-20,63.94,64.3,63.93,64.04,27833070
2019-02-21,63.99,64.035,63.7507,63.91,19709620
2019-02-22,64.1,64.2699,64.02,64.12,19653780
2019-02-25,64.52,64.58,64.28,64.31,21208940
2019-02-26,64.42,64.77,64.39,64.62,23246230
2019-02-27,64.5,64.585,64.295,64.36,19933420
2019-02-28,64.31,64.455,64.2,64.27,27619720
2019-03-01,64.64,64.75,64.39,64.62,26191800
2019-03-04,64.68,64.71,64.12,64.38,22254730
2019-03-05,64.36,64.605,64.2748,64.44,22315090
2019-03-06,64.55,64.565,64.25,64.28,14060080
2019-03-07,64,64.07,63.45,63.46,29445810
2019-03-08,63.07,63.47,63.06,63.47,21427590
2019-03-11,63.51,64.04,63.51,64.02,16204820
2019-03-12,63.99,64.11,63.9,63.98,31559430
2019-03-13,64.22,64.59,64.215,64.53,17856270
2019-03-14,64.49,64.65,64.3901,64.52,20861440
2019-03-15,64.97,65.24,64.925,65.22,44269520
2019-03-18,65.33,65.48,65.22,65.45,27734310
2019-03-19,65.84,65.88,65.44,65.58,32094830
2019-03-20,65.33,65.915,65.11,65.61,33136010
2019-03-21,65.17,65.63,65.16,65.57,34686490
2019-03-22,64.85,64.955,64.28,64.31,36194250
2019-03-25,64.26,64.45,64.1,64.4,26707870
2019-03-26,64.87,64.94,64.605,64.72,36734390
2019-03-27,64.89,64.97,64.31,64.75,21772330
2019-03-28,64.63,64.71,64.36,64.59,16383320
2019-03-29,64.87,64.9,64.57,64.86,23395910
2019-04-01,65.48,65.71,65.39,65.69,33228140
2019-04-02,65.6,65.74,65.4315,65.71,18185500
2019-04-03,66.17,66.38,66.09,66.22,25471620
2019-04-04,65.99,66.125,65.96,66.08,23580490
2019-04-05,66.03,66.25,66.03,66.25,27828800
2019-04-08,66.24,66.29,66.08,66.29,21464150
2019-04-09,66.05,66.06,65.84,65.87,17074910
2019-04-10,65.96,66.14,65.88,66.12,25289270
2019-04-11,66.05,66.13,65.85,65.98,16309440
2019-04-12,66.42,66.47,66.2937,66.44,31507730
2019-04-15,66.49,66.51,66.335,66.47,11608030
2019-04-16,66.73,66.74,66.47,66.52,19958110
2019-04-17,66.85,66.87,66.6,66.71,23535510
2019-04-18,66.71,66.75,66.51,66.67,21794010
2019-04-22,66.46,66.665,66.42,66.56,21336710
2019-04-23,66.44,66.72,66.4,66.69,17741390
2019-04-24,66.34,66.4,66.105,66.23,26417520
2019-04-25,66.02,66.2,65.96,66.18,16020340
2019-04-26,66.3,66.46,66.2,66.45,17705730
2019-04-29,66.48,66.74,66.425,66.72,16992680
2019-04-30,66.7,66.87,66.48,66.76,36572900
2019-05-01,66.86,66.98,66.33,66.38,25870830
2019-05-02,66.44,66.47,66.105,66.28,21120660
2019-05-03,66.59,66.99,66.551,66.99,22117390
2019-05-06,65.52,66.32,65.5,66.23,24641050
2019-05-07,65.63,65.69,64.865,65.07,30661420
2019-05-08,65.09,65.39,64.965,65.15,31028320
2019-05-09,64.44,64.9187,64.23,64.85,28991460
2019-05-10,64.84,65.35,64.47,65.33,34968020
2019-05-13,64.13,64.22,63.71,63.81,42253210
2019-05-14,64.27,64.62,64.205,64.45,32213990
2019-05-15,63.98,64.79,63.95,64.68,39054930
2019-05-16,64.92,65.41,64.91,65.2,27414280
2019-05-17,64.8,65.105,64.72,64.77,35566280
2019-05-20,64.51,64.73,64.35,64.51,27914480
2019-05-21,64.86,65.03,64.7,64.94,20838870
2019-05-22,64.62,64.835,64.61,64.68,22818180
2019-05-23,64,64.16,63.82,64.09,29106780
2019-05-24,64.77,64.79,64.54,64.78,23319950
2019-05-28,64.73,64.8381,64.13,64.15,32636970
2019-05-29,63.68,63.75,63.435,63.74,32910380
2019-05-30,63.815,63.99,63.74,63.98,28874310
2019-05-31,63.13,63.47,63.07,63.4,34278600
2019-06-03,63.59,63.87,63.41,63.77,36735870
2019-06-04,64.21,64.56,64.04,64.5,34241650
2019-06-05,64.79,64.8,64.38,64.48,19015350
2019-06-06,64.73,64.875,64.5648,64.74,28586900
2019-06-07,65.36,65.7272,65.33,65.56,31020130
2019-06-10,65.73,65.92,65.67,65.74,21435790
2019-06-11,66.34,66.36,65.98,66.07,22255010
2019-06-12,65.81,65.9,65.545,65.58,17110540
2019-06-13,65.74,65.77,65.47,65.64,24194520
2019-06-14,65.25,65.25,65.09,65.16,37202080
2019-06-17,63.8,63.96,63.76,63.83,22615780
2019-06-18,64.35,64.71,64.33,64.68,34024300
2019-06-19,64.83,65.2,64.775,65.08,25092700
2019-06-20,65.83,65.855,65.44,65.65,32817380
2019-06-21,65.37,65.56,65.32,65.37,25032700
2019-06-24,65.56,65.64,65.49,65.51,23238810
2019-06-25,65.58,65.6,65.12,65.12,24373010
2019-06-26,65.37,65.41,65.2,65.2,13170700
2019-06-27,65.37,65.475,65.33,65.36,14439840
2019-06-28,65.64,65.8,65.595,65.73,27667860
2019-07-01,66.39,66.39,65.88,66.04,25621550
2019-07-02,66.17,66.285,66.13,66.23,26045880
2019-07-03,66.59,66.72,66.55,66.68,14359260
2019-07-05,66.1,66.21,65.76,66.17,21696230
2019-07-08,65.8,65.915,65.75,65.79,15839480
2019-07-09,65.33,65.54,65.3,65.51,11661800
2019-07-10,65.82,65.93,65.62,65.74,15051480
2019-07-11,65.87,65.9,65.55,65.72,14023840
2019-07-12,65.69,65.8,65.59,65.8,14459460
2019-07-15,65.87,65.92,65.76,65.86,12363180
2019-07-16,65.67,65.795,65.53,65.59,23641390
2019-07-17,65.76,65.76,65.475,65.5,13318810
2019-07-18,65.25,65.7,65.18,65.7,18640890
2019-07-19,65.67,65.75,65.48,65.51,16908590
2019-07-22,65.6,65.66,65.47,65.58,15203910
2019-07-23,65.98,66.05,65.84,65.99,22078430
2019-07-24,65.81,66.04,65.8,66.04,11192500
2019-07-25,65.84,65.86,65.3,65.37,24288150
2019-07-26,65.55,65.6,65.475,65.5,16616460
2019-07-29,65.72,65.73,65.53,65.64,11655470
2019-07-30,64.9,64.94,64.73,64.88,24945270
2019-07-31,64.85,65.04,64,64.45,32619050
2019-08-01,64.53,65.065,64.01,64.27,38568620
2019-08-02,64.02,64.02,63.445,63.7,37777990
2019-08-05,62.78,62.78,61.83,62.11,54766740
2019-08-06,62.6,62.685,62.075,62.53,33907440
2019-08-07,62.27,62.89,62.09,62.77,41814740
2019-08-08,63.02,63.54,62.94,63.38,29156380
2019-08-09,63.19,63.24,62.79,62.94,23227430
2019-08-12,62.69,62.87,62.33,62.44,21905970
2019-08-13,62.32,63.2,62.255,63.03,31648890
2019-08-14,61.855,61.94,61.3,61.3,39692920
2019-08-15,61.58,61.7,61.26,61.51,40936060
2019-08-16,61.86,62.31,61.86,62.25,24168380
2019-08-19,62.82,62.85,62.62,62.63,22998620
2019-08-20,62.61,62.63,62.34,62.42,21710230
2019-08-21,63.1,63.1,62.86,62.86,25971800
2019-08-22,62.89,62.97,62.51,62.74,20505140
2019-08-23,62.59,63.01,61.95,61.96,34410500
2019-08-26,62.59,62.61,62.26,62.47,27780050
2019-08-27,62.77,62.82,62.42,62.42,24511520
2019-08-28,62.27,62.63,62.09,62.42,25028440
2019-08-29,63.02,63.09,62.8,62.96,19046710
2019-08-30,63.4,63.42,62.93,63.21,33527320
2019-09-03,62.85,63.0971,62.775,63.09,33998210
2019-09-04,63.74,63.98,63.66,63.98,25619300
2019-09-05,64.43,64.57,64.31,64.32,22265880
2019-09-06,64.51,64.6865,64.455,64.53,21338270
2019-09-09,64.73,64.74,64.57,64.72,15965600
2019-09-10,64.6,64.885,64.47,64.83,19028830
2019-09-11,65.02,65.21,64.96,65.19,18413240
2019-09-12,65.24,65.655,65.15,65.57,30292240
2019-09-13,65.89,66.075,65.8038,65.94,22132250
2019-09-16,65.53,65.565,65.31,65.35,31083580
2019-09-17,65.25,65.62,65.19,65.57,23845180
2019-09-18,65.41,65.575,65.108,65.49,17827650
2019-09-19,65.83,65.945,65.685,65.71,19014050
2019-09-20,65.79,65.895,65.48,65.56,35976870
2019-09-23,65.2,65.44,65.13,65.39,15496950
2019-09-24,65.55,65.61,65.1,65.14,32233050
2019-09-25,64.79,65.05,64.56,64.95,21345950
2019-09-26,65.3,65.35,65.085,65.19,25197230
2019-09-27,65.19,65.295,64.835,64.97,20607410
2019-09-30,64.97,65.235,64.95,65.21,25423490
2019-10-01,65.02,65.07,64.46,64.57,42555670
2019-10-02,63.73,63.78,63.1,63.25,44563480
2019-10-03,63.26,63.69,62.98,63.67,39613330
2019-10-04,63.72,64.2,63.675,64.17,19269600
2019-10-07,64.12,64.4054,64.08,64.09,19227970
2019-10-08,63.76,63.81,63.44,63.49,28197540
2019-10-09,63.92,64.08,63.77,63.95,22989540
2019-10-10,63.92,64.43,63.88,64.4,27148080
2019-10-11,65.37,65.82,65.37,65.55,37734040
2019-10-14,65.24,65.4067,65.2,65.28,12661980
2019-10-15,65.56,66.25,65.51,66.04,24972130
2019-10-16,66.02,66.29,65.97,66.14,28612750
2019-10-17,66.48,66.525,66.13,66.3,26986850
2019-10-18,66.21,66.3844,66.01,66.27,21446130
2019-10-21,66.71,66.75,66.5926,66.63,29776590
2019-10-22,66.68,66.91,66.46,66.47,21757600
2019-10-23,66.6,66.83,66.52,66.83,14206220
2019-10-24,67.07,67.08,66.82,66.95,23619880
2019-10-25,66.76,67.07,66.75,67.02,17184200
2019-10-28,67.12,67.34,67.11,67.32,16490580
2019-10-29,67.06,67.33,67.03,67.3,15251900
2019-10-30,67.24,67.58,66.92,67.58,22592940
2019-10-31,67.37,67.42,67.11,67.42,22047930
2019-11-01,67.85,68.02,67.805,68.02,32338630
2019-11-04,68.48,68.5258,68.23,68.37,20429920
2019-11-05,68.29,68.35,68.115,68.24,15727270
2019-11-06,68.31,68.38,68.1105,68.21,16600200
2019-11-07,68.59,68.64,68.39,68.42,21271520
2019-11-08,68.18,68.38,68.03,68.38,10298800
2019-11-11,68.02,68.31,68.015,68.29,8543981
2019-11-12,68.28,68.455,68.18,68.32,18570140
2019-11-13,67.84,68.1168,67.82,68.08,21450060
2019-11-14,67.73,67.93,67.66,67.89,17870850
2019-11-15,68.05,68.32,68.045,68.32,23494590
2019-11-18,68.24,68.46,68.13,68.4,20587470
2019-11-19,68.6,68.625,68.22,68.31,18664800
2019-11-20,67.94,68.1,67.675,67.88,20655200
2019-11-21,67.87,67.9,67.62,67.79,14293410
2019-11-22,68.06,68.11,67.82,67.98,14969270
2019-11-25,68.28,68.52,68.28,68.52,19329050
2019-11-26,68.41,68.54,68.36,68.48,24275970
2019-11-27,68.57,68.69,68.535,68.66,16942150
2019-11-29,68.22,68.34,68.14,68.18,11587150
2019-12-02,68.1,68.14,67.53,67.83,38855440
2019-12-03,67.23,67.62,67.02,67.58,28464660
2019-12-04,68,68.21,67.94,68.2,21762240
2019-12-05,68.24,68.24,67.96,68.07,21039740
2019-12-06,68.62,68.71,68.545,68.69,23179580
2019-12-09,68.57,68.68,68.33,68.33,22138520
2019-12-10,68.26,68.5,68.14,68.36,23419020
2019-12-11,68.39,68.79,68.37,68.72,16548100
2019-12-12,68.64,69.25,68.6,69.18,30690890
2019-12-13,69.56,69.98,69.4,69.66,47204040
2019-12-16,69.6,69.71,69.51,69.62,34004720
2019-12-17,69.3,69.4,69.22,69.22,28111110
2019-12-18,69.14,69.205,69.01,69.13,18590910
2019-12-19,68.99,69.15,68.93,69.13,25939210
2019-12-20,69.29,69.32,69.16,69.18,38587670
2019-12-23,69.24,69.33,69.18,69.29,21313750
2019-12-24,69.28,69.28,69.16,69.22,5946978
2019-12-26,69.35,69.54,69.27,69.52,8372029
2019-12-27,69.84,69.85,69.59,69.64,16281620
2019-12-30,69.76,69.77,69.1,69.12,24069480
2019-12-31,69.19,69.48,68.97,69.44,20142200
2020-01-02,69.96,70.16,69.84,70.14,24749340
2020-01-03,69.19,69.7,69.19,69.27,29921490
2020-01-06,69.16,69.57,69.15,69.54,22637730
2020-01-07,69.52,69.54,69.3,69.35,15113970
2020-01-08,69.27,69.74,69.26,69.55,14249540
2020-01-09,69.68,69.75,69.54,69.71,13749110
2020-01-10,69.66,69.78,69.37,69.45,33832300
2020-01-13,69.51,69.85,69.37,69.81,16443010
2020-01-14,69.68,70,69.67,69.88,28826590
2020-01-15,69.82,69.99,69.785,69.88,12217900
2020-01-16,69.99,70.2,69.91,70.17,12883360
2020-01-17,70.36,70.42,70.21,70.38,18473660
2020-01-21,70.06,70.135,69.81,69.82,20026640
2020-01-22,70.14,70.16,69.91,69.96,14047050
2020-01-23,69.7,69.865,69.36,69.79,18720160
2020-01-24,70.08,70.08,69.37,69.49,24107500
2020-01-27,68.15,68.42,68.045,68.05,32766680
2020-01-28,68.36,68.74,68.26,68.69,18001720
2020-01-29,68.82,68.93,68.602,68.7,14916570
2020-01-30,68.15,68.67,67.98,68.64,26285270
2020-01-31,68,68.025,67.26,67.48,40101750
2020-02-03,67.67,67.99,67.6,67.64,35287960
2020-02-04,68.66,68.87,68.59,68.77,32540440
2020-02-05,69.43,69.48,69.2,69.43,28162050
2020-02-06,69.64,69.68,69.495,69.62,23422500
2020-02-07,69.21,69.25,68.94,68.96,22188190
2020-02-10,68.85,69.13,68.85,69.1,13957640
2020-02-11,69.58,69.71,69.43,69.57,16040610
2020-02-12,69.8,69.86,69.675,69.81,13218280
2020-02-13,69.18,69.51,69.095,69.32,20113120
2020-02-14,69.31,69.33,69.0249,69.2,15005050
2020-02-18,68.7,68.9,68.6239,68.76,29201880
2020-02-19,69,69.11,68.945,68.99,16232740
2020-02-20,68.72,68.8739,68.195,68.58,24607670
2020-02-21,68.36,68.4185,68.06,68.26,24362200
2020-02-24,65.505,66.03,65.5,65.53,51653510
2020-02-25,65.83,65.885,64.35,64.45,55520200
2020-02-26,65,65.4282,64.48,64.53,64966060
2020-02-27,63.51,64.2,62.59,62.62,80201530
2020-02-28,61.26,62.35,60.67,62.24,122982100
2020-03-02,62.23,63.165,61.705,63.04,78735870
2020-03-03,63.57,64.27,62.05,62.53,77691700
2020-03-04,63.63,64.465,63.1,64.4,41681740
2020-03-05,62.96,63.37,62.41,62.69,46293960
2020-03-06,61.56,62.1,61.155,61.75,64277170
2020-03-09,57.63,58.805,56.76,56.96,68430950
2020-03-10,59.2,59.37,57.19,59.06,110061600
2020-03-11,57.54,57.69,55.685,56.05,77459350
2020-03-12,51.8,51.96,49.205,49.89,91385080
2020-03-13,53.12,53.3,49.77,52.91,73588660
2020-03-16,46.59,49.07,45.77,47.45,54122740
2020-03-17,48.12,49.9,47.36,49.76,55045370
2020-03-18,46.68,48.1199,45.725,46.91,74919720
2020-03-19,46.86,48.7,46.461,47.64,65863070
2020-03-20,48.87,49.39,47,47.05,62802950
2020-03-23,47.34,47.63,46.185,46.5,61707990
2020-03-24,50.03,50.81,49.425,50.44,51118530
2020-03-25,51,52.91,50.28,52.08,60405620
2020-03-26,52.38,54.495,52.38,54.41,60512010
2020-03-27,52.44,53.735,52.04,52.86,53372470
2020-03-30,53.05,53.97,52.7,53.93,45987850
2020-03-31,53.09,53.9401,52.795,53.46,64906550
2020-04-01,51.73,52.265,51.05,51.09,40960300
2020-04-02,51.17,52.295,51.01,52.09,38008680
2020-04-03,51.26,51.47,50.585,50.9,33029770
2020-04-06,52.75,53.8,52.59,53.6,42257580
2020-04-07,55.42,55.49,53.8,53.9,36677990
2020-04-08,54.05,54.58,53.595,54.34,35282890
2020-04-09,55.18,55.77,55,55.57,42219300
2020-04-13,55.4,55.49,54.62,55.04,33424730
2020-04-14,55.92,56.43,55.81,56.02,36915630
2020-04-15,54.45,54.6967,54.12,54.27,30158740
2020-04-16,54.48,54.555,53.7768,54.3,37284250
2020-04-17,55.6,55.81,55.115,55.74,36205110
2020-04-20,55.06,55.765,54.9,54.91,25077410
2020-04-21,54.1,54.515,53.67,53.84,35535310
2020-04-22,54.76,54.87,54.51,54.75,28732720
2020-04-23,54.86,55.65,54.45,54.58,34733570
2020-04-24,54.99,55.26,54.57,55.21,30445130
2020-04-27,55.58,56.07,55.49,55.94,30786880
2020-04-28,57.08,57.095,56.32,56.36,35115380
2020-04-29,57.54,57.97,57.41,57.77,34917830
2020-04-30,56.99,57.09,56.26,56.57,52183150
2020-05-01,55.73,55.81,55.11,55.34,32088400
2020-05-04,54.92,55.325,54.7,55.32,23432000
2020-05-05,55.73,55.935,55.33,55.42,23459140
2020-05-06,55.85,55.89,55.06,55.06,22595960
2020-05-07,55.87,56.16,55.62,55.89,30628730
2020-05-08,56.58,56.85,56.49,56.84,20445850
2020-05-11,56.5,56.95,56.41,56.79,30772320
2020-05-12,56.96,57.02,56.07,56.07,59246700
2020-05-13,56.41,56.42,55.365,55.64,31920260
2020-05-14,54.35,55.185,54.01,55.11,41217450
2020-05-15,55.04,55.38,54.795,55.16,34085990
2020-05-18,56.56,57.52,56.525,57.39,39999480
2020-05-19,56.97,57.225,56.59,56.6,31462550
2020-05-20,57.68,58.055,57.55,57.78,32827610
2020-05-21,57.59,57.745,56.94,57.11,27554380
2020-05-22,56.83,56.99,56.58,56.95,27513050
2020-05-26,58.69,58.91,58.54,58.58,46679700
2020-05-27,59.31,59.34,58.67,59.29,33723370
2020-05-28,60.06,60.52,59.82,59.85,40631260
2020-05-29,59.76,59.795,59.005,59.64,47610270
2020-06-01,60.13,60.99,60.08,60.97,30195250
2020-06-02,61.34,61.66,61.25,61.54,31662990
2020-06-03,62.32,63.19,62.3,63.01,29773130
2020-06-04,62.61,63.12,62.57,62.74,26190310
2020-06-05,63.98,64.32,63.7,63.82,31208090
2020-06-08,64.17,64.66,63.79,64.65,29643980
2020-06-09,63.54,64.03,63.445,63.81,30176550
2020-06-10,64.04,64.225,63.43,63.67,27492200
2020-06-11,61.98,62.18,60.13,60.26,54699710
2020-06-12,61.86,62.005,60.44,61.3,57668890
2020-06-15,59.32,60.84,59.13,60.69,30698710
2020-06-16,61.9,62.02,60.76,61.44,37029430
2020-06-17,61.92,62.015,61.49,61.67,26238320
2020-06-18,61.17,61.55,61.05,61.34,20035840
2020-06-19,62.04,62.06,60.945,61.04,32270800
2020-06-22,61.45,61.85,61.21,61.77,20742980
2020-06-23,62.49,62.61,62.04,62.11,20897850
2020-06-24,61.39,61.525,60.34,60.52,34030900
2020-06-25,60.58,61.44,60.3,61.38,26357130
2020-06-26,61.23,61.29,60.4,60.49,32279270
2020-06-29,60.79,61.095,60.44,60.98,23749700
2020-06-30,60.55,61.1,60.45,60.87,32612950
2020-07-01,60.8,61.29,60.75,61.1,25243120
2020-07-02,61.95,62.2599,61.68,61.77,20854120
2020-07-06,62.7,62.89,62.45,62.78,21537070
2020-07-07,62.21,62.48,61.84,61.86,17394210
2020-07-08,61.87,62.41,61.76,62.38,17363420
2020-07-09,62.29,62.3,61.2513,61.67,26098370
2020-07-10,61.92,62.36,61.73,62.33,22008830
2020-07-13,62.675,63.03,61.835,61.93,20515540
2020-07-14,62.05,62.91,61.975,62.84,35121300
2020-07-15,63.79,63.985,63.375,63.55,28888570
2020-07-16,63.15,63.405,63.03,63.14,24677180
2020-07-17,63.29,63.515,63.125,63.51,19641820
2020-07-20,63.51,63.84,63.325,63.82,17996590
2020-07-21,64.15,64.32,63.91,63.95,21187100
2020-07-22,63.95,64.21,63.84,64.12,18023430
2020-07-23,63.97,64.215,63.45,63.61,16080730
2020-07-24,63.22,63.46,63.08,63.26,16017870
2020-07-27,63.87,64.2,63.81,64.09,16368250
2020-07-28,63.75,64.05,63.645,63.68,20470290
2020-07-29,63.97,64.46,63.84,64.35,20055940
2020-07-30,62.83,63.52,62.31,63.4,24664070
2020-07-31,63.01,63.02,61.66,62.05,36002270
2020-08-03,62.69,63.27,62.54,63.26,23609710
2020-08-04,62.97,63.61,62.94,63.61,16236800
2020-08-05,64.09,64.26,63.73,63.82,17909770
2020-08-06,63.57,63.99,63.4,63.89,17210480
2020-08-07,63.27,63.64,63.2,63.63,14988940
2020-08-10,63.68,63.85,63.47,63.84,10049030
2020-08-11,64.93,64.9745,64.02,64.07,31465510
2020-08-12,65.35,65.76,65.255,65.49,28638500
2020-08-13,65.41,65.58,65.01,65.2,17783140
2020-08-14,64.74,64.935,64.62,64.8,10874170
2020-08-17,65.11,65.32,65.1,65.29,11429930
2020-08-18,65.53,65.62,65.06,65.25,23832720
2020-08-19,65.54,65.62,64.92,64.96,15591900
2020-08-20,64.35,64.8601,64.29,64.75,19825870
2020-08-21,64.01,64.43,63.98,64.42,15926470
2020-08-24,65.39,65.4,65.001,65.27,14627710
2020-08-25,65.63,65.64,64.96,65.31,18507530
2020-08-26,65.34,65.77,65.26,65.69,19549760
2020-08-27,65.73,65.76,64.78,65.02,24413910
2020-08-28,65.41,65.51,65.06,65.48,15197290
2020-08-31,65.31,65.52,64.95,64.98,24929910
2020-09-01,65.02,65.18,64.76,65.05,23945550
2020-09-02,65.52,65.97,65.27,65.92,20748360
2020-09-03,65.71,65.765,64.16,64.43,43834320
2020-09-04,64.69,64.85,63.35,64.52,33992750
2020-09-08,63.73,64.27,63.495,63.73,26869620
2020-09-09,64.75,65.16,64.63,64.92,23374020
2020-09-10,65.27,65.37,64.16,64.16,30361040
2020-09-11,64.95,65.135,64.53,64.8,29958950
2020-09-14,65.35,65.4482,65.1,65.15,14663450
2020-09-15,65.81,65.84,65.43,65.57,17678720
2020-09-16,65.76,66.02,65.45,65.57,18052550
2020-09-17,65.18,65.68,65.12,65.66,18149740
2020-09-18,65.47,65.5,64.91,65.13,27897510
2020-09-21,63.51,63.56,62.8,63.48,39928760
2020-09-22,63.48,63.55,62.885,63.46,15810820
2020-09-23,63.84,63.88,62.86,62.93,18325760
2020-09-24,62.77,63.2786,62.45,62.87,25234860
2020-09-25,62.33,63.1,62.14,63.08,24180730
2020-09-28,63.89,64.05,63.775,64.03,18102730
2020-09-29,64.03,64.23,63.72,63.96,16168290
2020-09-30,63.72,64.13,63.425,63.65,37083000
2020-10-01,64,64.07,63.64,64.02,33266740
2020-10-02,63.24,64.045,63.2,63.89,25285540
2020-10-05,64.41,64.88,64.39,64.86,14564080
2020-10-06,64.91,64.95,64.04,64.17,22901390
2020-10-07,64.62,64.805,64.49,64.72,17055530
2020-10-08,65.01,65.19,64.94,65.17,13385040
2020-10-09,65.51,65.725,65.42,65.68,22181580
2020-10-12,65.83,66.11,65.765,66.06,9676136
2020-10-13,65.52,65.52,65.19,65.32,16260530
2020-10-14,65.53,65.64,65.15,65.21,13143980
2020-10-15,63.94,64.5,63.915,64.44,20631770
2020-10-16,64.65,65.02,64.595,64.74,15792590
2020-10-19,65.09,65.17,64.42,64.5,14736370
2020-10-20,64.97,65.18,64.805,64.82,23268030
2020-10-21,64.715,65.04,64.49,64.51,21699070
2020-10-22,64.44,64.665,64.1028,64.56,20533740
2020-10-23,64.95,64.98,64.58,64.98,19334180
2020-10-26,64.16,64.24,63.4232,63.81,17745740
2020-10-27,63.7,63.725,63.22,63.31,19616920
2020-10-28,61.91,62.04,61.365,61.42,36132550
2020-10-29,61.46,61.91,61.14,61.71,30898370
2020-10-30,61.44,61.53,60.97,61.39,35889940
2020-11-02,62.08,62.235,61.765,62.19,24388600
2020-11-03,63.41,64.05,63.33,63.82,26474530
2020-11-04,64.1,65.07,63.84,64.52,26490180
2020-11-05,66.01,66.185,65.67,66.07,28528250
2020-11-06,66.315,66.49,66.095,66.21,21980110
2020-11-09,69.36,69.38,68.12,68.14,43606540
2020-11-10,68.73,69.12,68.55,68.75,37172600
2020-11-11,69.24,69.375,69.045,69.33,16611400
2020-11-12,68.75,68.97,68.16,68.32,24076690
2020-11-13,68.75,69.41,68.72,69.37,21598140
2020-11-16,70.07,70.14,69.71,70.09,20294630
2020-11-17,69.84,70.2199,69.66,70.02,18574520
2020-11-18,70.13,70.35,69.65,69.65,15018050
2020-11-19,69.64,70.19,69.515,70.14,24048010
2020-11-20,70.12,70.44,70.05,70.35,18571960
2020-11-23,70.6,70.685,70.01,70.26,14340290
2020-11-24,70.91,71.38,70.83,71.31,23399360
2020-11-25,70.89,71.4,70.755,71.22,19214870
2020-11-27,71.38,71.77,71.37,71.71,11839130
2020-11-30,71.46,71.53,70.09,70.15,46146550
2020-12-01,71.34,71.86,71.3,71.8,29860470
2020-12-02,71.45,71.88,71.4,71.81,20864720
2020-12-03,72.06,72.265,71.805,71.93,16572670
2020-12-04,72.34,72.555,72.31,72.54,18956070
2020-12-07,72.02,72.22,71.78,71.95,19537680
2020-12-08,71.78,72.24,71.78,72.2,12428130
2020-12-09,72.64,72.64,71.84,72.3,18354990
2020-12-10,71.91,72.555,71.91,72.4,20871310
2020-12-11,71.96,72.19,71.75,72.18,21812000
2020-12-14,71.96,72.065,71.48,71.53,26176420
2020-12-15,71.82,72.31,71.705,72.26,24075670
2020-12-16,72.37,72.62,72.15,72.54,15616660
2020-12-17,73.17,73.275,72.98,73.05,18633260
2020-12-18,73,73.02,72.555,72.67,27367940
2020-12-21,70.89,71.91,70.67,71.74,31487980
2020-12-22,71.59,71.665,71.34,71.56,20357180
2020-12-23,72.17,72.44,72.11,72.33,13577270
2020-12-24,72.3,72.435,72.19,72.36,7252936
2020-12-28,73.12,73.15,72.85,72.95,11142210
2020-12-29,73.8,73.855,73.32,73.42,17541470
2020-12-30,73.81,74,73.47,73.52,15147060
2020-12-31,73.44,73.45,72.79,72.96,34218480
2021-01-04,74.39,74.42,73.05,73.34,26703650
2021-01-05,73.58,74.28,73.52,74.1,19748490
2021-01-06,74.3,75.32,74.22,74.95,25426950
2021-01-07,74.85,75.14,74.78,75.03,18783730
2021-01-08,75.58,75.73,74.95,75.73,25272170
2021-01-11,74.35,74.96,74.33,74.74,23190790
2021-01-12,74.68,75.13,74.47,75.08,20913980
2021-01-13,74.96,75.16,74.82,74.98,15580810
2021-01-14,75.21,75.75,75.2,75.58,22607520
2021-01-15,74.61,74.7599,73.965,74.4,27355930
2021-01-19,74.97,75.02,74.63,74.94,20162270
2021-01-20,75.05,75.46,74.905,75.45,14419070
2021-01-21,75.5,75.565,75.0407,75.51,20547440
2021-01-22,74.86,75.28,74.83,75.15,18854750
2021-01-25,74.58,75.07,74.14,75.06,21748110
2021-01-26,75.17,75.265,74.9,75.17,14175190
2021-01-27,73.79,74.23,73.18,73.45,31245290
2021-01-28,73.64,74.34,73.57,73.92,26658600
2021-01-29,73.04,73.255,72,72.39,42149530
2021-02-01,73.28,73.325,72.925,73.25,23243930
2021-02-02,73.65,74.05,73.4705,73.99,20388460
2021-02-03,74.02,74.21,73.81,74.17,11345810
2021-02-04,73.89,74.25,73.8193,74.25,10500250
2021-02-05,74.61,74.75,74.315,74.71,10955570
2021-02-08,75.25,75.433,75.03,75.23,16405640
2021-02-09,75.34,75.695,75.26,75.64,16337600
2021-02-10,75.87,75.93,75.065,75.38,15402790
2021-02-11,75.79,75.9,75.495,75.89,12314130
2021-02-12,75.68,76.35,75.67,76.31,11946760
2021-02-16,76.99,77.17,76.72,76.86,20225650
2021-02-17,76.3,76.53,76.01,76.41,19222080
2021-02-18,75.85,76.085,75.49,76.03,19191750
2021-02-19,76.34,76.59,76.14,76.25,14962570
2021-02-22,76.02,76.5201,75.97,76.06,19515830
2021-02-23,75.97,76.3699,75.3,76.13,25014460
2021-02-24,75.66,76.45,75.47,76.37,21877580
2021-02-25,76.5,76.68,74.94,75.07,36921810
2021-02-26,74.86,74.86,73.96,74.01,48798060
2021-03-01,74.9,75.461,74.86,75.4,24269360
2021-03-02,75.34,75.58,75.11,75.32,22204890
2021-03-03,75.09,75.41,74.75,74.86,20856070
2021-03-04,74.93,75.24,73.725,74.15,34648550
2021-03-05,74.61,74.75,73.56,74.63,29694170
2021-03-08,74.32,74.9,74.14,74.37,25081050
2021-03-09,75.18,75.52,75.06,75.37,19060260
2021-03-10,75.7,75.79,75.335,75.69,19467440
2021-03-11,75.93,76.22,75.75,76.09,15485310
2021-03-12,75.68,76.31,75.65,76.28,16342490
2021-03-15,76.17,76.38,75.72,76.34,17320130
2021-03-16,76.52,76.585,76.34,76.47,16662640
2021-03-17,76.21,77.01,76.115,76.92,16305000
2021-03-18,76.54,77.055,76.21,76.22,23177380
2021-03-19,76.21,76.51,75.765,76.43,31465210
2021-03-22,76.3,76.69,76.24,76.5,27978210
2021-03-23,75.98,76.09,75.34,75.44,22514230
2021-03-24,75.23,75.59,75.05,75.06,20717030
2021-03-25,75,75.66,74.835,75.62,25182990
2021-03-26,75.88,76.62,75.87,76.6,27381790
2021-03-29,76.14,76.43,75.92,76.3,18381640
2021-03-30,75.885,76.265,75.81,76.2,15377430
2021-03-31,75.88,76.23,75.82,75.87,32191650
2021-04-01,76.26,76.93,76.21,76.86,26312630
2021-04-05,77.49,78.05,77.36,77.98,20340480
2021-04-06,77.05,77.27,76.96,77.15,18995860
2021-04-07,77.17,77.42,77.11,77.31,14349380
2021-04-08,77.66,77.87,77.515,77.75,15502520
2021-04-09,77.69,78.05,77.69,77.99,16330470
2021-04-12,77.67,77.74,77.44,77.56,13729450
2021-04-13,77.67,78.03,77.62,78.01,12712490
2021-04-14,78.05,78.35,78,78.07,13079220
2021-04-15,78.56,78.75,78.485,78.72,20480140
2021-04-16,79.02,79.31,78.895,79.29,17058700
2021-04-19,79.37,79.42,78.935,79.15,15206780
2021-04-20,78.24,78.33,77.55,77.73,29570130
2021-04-21,77.58,78.56,77.56,78.53,15615640
2021-04-22,78.71,78.7758,78.14,78.27,22677840
2021-04-23,78.55,79.23,78.53,79.07,18608920
2021-04-26,79.1,79.23,78.995,79.13,14052120
2021-04-27,78.74,78.93,78.635,78.87,13612220
2021-04-28,78.81,79.26,78.74,79.07,14288610
2021-04-29,79.34,79.38,78.6101,79.1,16411080
2021-04-30,78.62,78.75,77.83,78.11,28951410
2021-05-03,78.75,79.06,78.57,78.97,21382180
2021-05-04,78.11,78.305,77.41,77.8,29144870
2021-05-05,78.65,79.025,78.47,78.86,12137300
2021-05-06,78.96,79.54,78.7099,79.51,21533140
2021-05-07,79.65,80.45,79.57,80.41,23316020
2021-05-10,80.67,80.67,79.92,79.98,16927520
2021-05-11,78.53,79.11,78.415,78.93,34624610
2021-05-12,78.39,78.74,77.51,77.67,32608190
2021-05-13,77.69,78.42,77.66,78.25,36208770
2021-05-14,79.01,79.64,78.96,79.56,18601670
2021-05-17,79.1,79.42,79.03,79.41,16699470
2021-05-18,80.04,80.065,79.58,79.58,16526920
2021-05-19,78.59,79.19,78.215,78.88,30391740
2021-05-20,79.39,80.045,79.365,79.92,21650320
2021-05-21,80.18,80.21,79.76,80.03,26751580
2021-05-24,80.25,80.62,80.195,80.52,12267910
2021-05-25,80.77,80.84,80.41,80.54,14338910
2021-05-26,80.45,80.63,80.35,80.49,12731980
2021-05-27,80.62,80.785,80.4,80.64,16211250
2021-05-28,80.845,81.145,80.79,80.83,21449530
2021-06-01,81.5,81.52,81.02,81.12,27524170
2021-06-02,81.27,81.51,81.16,81.39,13561220
2021-06-03,80.96,81.09,80.7473,80.99,16987610
2021-06-04,81.53,81.74,81.4,81.68,13335270
2021-06-07,81.87,81.99,81.765,81.95,16739050
2021-06-08,82.03,82.11,81.77,81.91,13218660
2021-06-09,81.88,81.94,81.61,81.69,20203680
2021-06-10,80.67,80.95,80.585,80.81,16555150
2021-06-11,80.91,81.06,80.69,81,12864850
2021-06-14,80.93,81.16,80.88,81.14,17044420
2021-06-15,81.21,81.27,81.068,81.24,17729160
2021-06-16,81.31,81.399,80.47,80.74,21706660
2021-06-17,80.22,80.39,79.799,80.18,27756300
2021-06-18,78.73,78.93,78.43,78.52,36755070
2021-06-21,78.87,79.595,78.75,79.55,20227950
2021-06-22,79.32,79.75,79.145,79.56,14010210
2021-06-23,79.47,79.53,78.93,79.05,17074600
2021-06-24,79.64,79.85,79.59,79.81,19833280
2021-06-25,79.99,80.05,79.83,79.98,12418790
2021-06-28,79.7,79.76,79.36,79.47,26952930
2021-06-29,79.63,79.68,79.39,79.49,9357471
2021-06-30,78.76,79.06,78.55,78.88,33578500
2021-07-01,78.89,79.12,78.7,79.07,28075380
2021-07-02,79.08,79.36,78.88,79.34,13712700
2021-07-06,79.38,79.4,78.54,78.82,21289840
2021-07-07,79.16,79.35,78.825,79.25,21686380
2021-07-08,77.98,78.37,77.75,78.23,24175770
2021-07-09,79.05,79.61,78.97,79.56,35200100
2021-07-12,79.58,79.94,79.51,79.9,11995810
2021-07-13,79.61,79.785,79.36,79.48,15689510
2021-07-14,79.82,79.835,79.56,79.66,14023620
2021-07-15,78.9,79.095,78.6,78.9,21637940
2021-07-16,78.85,78.895,78.18,78.32,23034070
2021-07-19,77.09,77.23,76.4826,76.9,44844760
2021-07-20,76.72,77.61,76.62,77.46,30309910
2021-07-21,78.01,78.69,77.965,78.64,22928640
2021-07-22,78.93,78.97,78.48,78.67,15874000
2021-07-23,79.19,79.37,79.03,79.22,16550610
2021-07-26,79.07,79.36,79.065,79.33,14870860
2021-07-27,78.97,79.065,78.6345,79.01,20952480
2021-07-28,79.02,79.5,78.89,79.35,19700640
2021-07-29,80.01,80.12,79.88,79.9,23670010
2021-07-30,79.59,79.84,79.33,79.49,23997150
2021-08-02,80.14,80.28,79.74,79.89,25363950
2021-08-03,80.23,80.48,79.9,80.46,19028090
2021-08-04,80.51,80.645,80.195,80.22,12852000
2021-08-05,80.63,80.705,80.52,80.61,11868870
2021-08-06,80.43,80.52,80.18,80.31,10892490
2021-08-09,80.33,80.38,80.18,80.27,7896971
2021-08-10,80.27,80.45,80.22,80.45,10438210
2021-08-11,80.93,81.045,80.76,81,14996100
2021-08-12,80.83,80.96,80.67,80.93,12443220
2021-08-13,81.19,81.45,81.12,81.42,14590410
2021-08-16,80.79,81.01,80.53,81,19192310
2021-08-17,80.24,80.42,79.885,80.24,23555080
2021-08-18,80.22,80.53,79.92,79.93,16384700
2021-08-19,78.89,79.35,78.85,79.14,30515330
2021-08-20,78.91,79.47,78.82,79.45,15774380
2021-08-23,79.88,80.2757,79.85,80.19,22524750
2021-08-24,80.16,80.49,80.085,80.36,13722870
2021-08-25,80.28,80.47,80.15,80.39,12891620
2021-08-26,80.13,80.235,79.845,79.97,16927890
2021-08-27,79.99,80.77,79.96,80.7,24935780
2021-08-30,80.67,80.795,80.56,80.68,8142005
2021-08-31,80.82,80.835,80.485,80.64,18738360
2021-09-01,81.26,81.59,81.21,81.37,30472120
2021-09-02,81.71,81.88,81.615,81.7,13827380
2021-09-03,81.8,82.18,81.69,82.07,16304810
2021-09-07,82.2,82.2858,82.08,82.13,13967800
2021-09-08,81.78,81.92,81.345,81.48,22764250
2021-09-09,81.45,81.76,81.265,81.34,18963290
2021-09-10,81.92,81.98,81.135,81.16,26709850
2021-09-13,81.95,81.96,81.52,81.8,22335030
2021-09-14,82.04,82.05,81.38,81.46,19177740
2021-09-15,81.38,81.71,81.215,81.7,26233850
2021-09-16,81.35,81.59,81.13,81.57,25765460
2021-09-17,81.07,81.21,80.2307,80.5,37070620
2021-09-20,78.74,79.2,78.33,79.01,45028030
2021-09-21,80.08,80.205,79.68,79.79,37472270
2021-09-22,80.18,80.8,80.12,80.19,28718450
2021-09-23,80.82,81.22,80.77,81.06,31257840
2021-09-24,80.22,80.495,80.17,80.3,20066290
2021-09-27,80.07,80.335,79.97,80.25,15526480
2021-09-28,79.04,79.08,78.235,78.5,48064910
2021-09-29,78.71,78.76,78.235,78.32,31733170
2021-09-30,78.4,78.52,77.815,78.01,39507830
2021-10-01,78.05,78.38,77.495,78.2,44524870
2021-10-04,77.96,78.055,77.1,77.38,32751440
2021-10-05,77.55,78.19,77.46,77.91,25903320
2021-10-06,76.65,77.43,76.43,77.39,36917250
2021-10-07,77.81,78.31,77.8,77.99,19908770
2021-10-08,78.19,78.25,77.84,77.98,23628680
2021-10-11,78.16,78.4099,77.72,77.73,23542610
2021-10-12,77.87,78.04,77.63,77.77,18697380
2021-10-13,78.18,78.64,77.995,78.54,23073570
2021-10-14,79.29,79.395,79.115,79.32,19304350
2021-10-15,79.76,79.995,79.67,79.98,24447250
2021-10-18,79.375,79.68,79.235,79.64,19044670
2021-10-19,79.95,80.25,79.9,80.12,14648970
2021-10-20,80.2,80.5,80.12,80.4,11235450
2021-10-21,79.88,80.15,79.84,80.02,16279130
2021-10-22,80.37,80.66,80.15,80.5,22173470
2021-10-25,80.29,80.475,80.06,80.34,13658060
2021-10-26,80.83,80.83,80.385,80.5,10552890
2021-10-27,80.51,80.63,80.16,80.18,18448990
2021-10-28,80.57,81.02,80.545,80.96,15260160
2021-10-29,80.27,80.55,80.19,80.49,25406920
2021-11-01,80.95,81.3,80.79,81.27,20337370
2021-11-02,81.03,81.21,80.98,81.1,10184520
2021-11-03,81.07,81.79,80.935,81.76,14911040
2021-11-04,81.53,81.71,81.35,81.71,14083260
2021-11-05,81.7,81.83,81.48,81.83,15593630
2021-11-08,81.87,82,81.73,81.82,9065882
2021-11-09,81.87,81.92,81.39,81.64,16011230
2021-11-10,81.3,81.445,80.54,80.65,21546840
2021-11-11,81.06,81.155,80.89,80.94,9264672
2021-11-12,81.21,81.435,81.1,81.38,14818190
2021-11-15,81.58,81.595,81.18,81.23,14064490
2021-11-16,81.22,81.31,81.02,81.05,12167890
2021-11-17,80.88,81.03,80.795,80.95,10415460
2021-11-18,80.94,81.08,80.65,81.03,13236770
2021-11-19,80.59,80.67,80.29,80.34,20761890
2021-11-22,80.23,80.47,79.85,79.87,17802350
2021-11-23,79.7,79.985,79.37,79.79,26736820
2021-11-24,78.66,79.27,78.62,79.26,20238670
2021-11-26,77.73,77.82,76.86,77.13,37775960
2021-11-29,77.74,77.81,77.165,77.52,31913740
2021-11-30,77.35,77.59,76.17,76.84,52770830
2021-12-01,77.89,78.25,76.39,76.4,43889850
2021-12-02,76.88,77.59,76.8,77.35,42264470
2021-12-03,77.6,77.7,76.57,77.03,46147540
2021-12-06,77.55,77.92,77.28,77.77,30884290
2021-12-07,78.77,79.43,78.77,79.41,28244900
2021-12-08,79.47,79.68,79.28,79.56,21619350
2021-12-09,79.04,79.13,78.84,78.9,32026520
2021-12-10,79.04,79.14,78.775,79.07,23412150
2021-12-13,77.39,77.485,76.9,76.99,27594690
2021-12-14,76.67,76.96,76.24,76.58,30040450
2021-12-15,76.79,77.64,76.43,77.62,31109440
2021-12-16,78,78.08,77.44,77.63,44621080
2021-12-17,77.06,77.25,76.6,76.65,44576390
2021-12-20,76.2,76.53,75.995,76.48,26303350
2021-12-21,76.85,77.37,76.785,77.33,22744090
2021-12-22,77.22,78.1,77.181,78.05,21609740
2021-12-23,78.13,78.69,78.12,78.51,28320110
2021-12-27,78.55,79.12,78.54,79.12,15220190
2021-12-28,79.2,79.39,79.115,79.15,15631430
2021-12-29,79.05,79.22,78.925,79.12,15046940
2021-12-30,79.03,79.13,78.69,78.75,20617450
2021-12-31,78.74,79.08,78.63,78.68,23252260
2022-01-03,79.14,79.225,78.78,79.19,24096850
2022-01-04,79.68,79.875,79.43,79.64,24314270
2022-01-05,79.94,80.04,78.94,78.94,24704130
2022-01-06,78.68,78.92,78.325,78.54,32472900
2022-01-07,78.5,78.89,78.2047,78.77,22833940
2022-01-10,77.89,78.09,77.36,78.04,45587560
2022-01-11,78.09,78.92,77.87,78.89,30847020
2022-01-12,79.38,79.72,79.3,79.66,30780780
2022-01-13,79.89,79.94,78.9847,79.08,24991180
2022-01-14,78.78,79.16,78.505,79,26136540
2022-01-18,78.07,78.26,77.66,77.84,37504630
2022-01-19,78.23,78.38,77.71,77.77,34437770
2022-01-20,78.05,78.45,77.29,77.39,38225470
2022-01-21,77.15,77.24,76.21,76.34,60761310
2022-01-24,74.91,75.61,73.55,75.58,85538390
2022-01-25,74.68,75.63,74.1,75.12,54516770
2022-01-26,76.04,76.17,74.455,74.83,55217180
2022-01-27,74.97,75.31,74.19,74.48,46256110
2022-01-28,73.98,74.74,73.53,74.73,44588290
2022-01-31,74.711,75.86,74.69,75.82,38299150
2022-02-01,76.29,76.55,75.75,76.54,53240710
2022-02-02,77.16,77.21,76.73,77.11,35225880
2022-02-03,76.39,76.65,75.87,75.89,46207230
2022-02-04,75.75,76.42,75.52,76.07,32188290
2022-02-07,76.13,76.59,76.06,76.2,17045480
2022-02-08,76.19,76.7,75.995,76.59,27066920
2022-02-09,77.66,77.85,77.52,77.83,26858920
2022-02-10,76.72,77.9,76.68,76.84,27349530
2022-02-11,76.81,77.11,75.46,75.68,51519530
2022-02-14,75.37,75.45,74.67,75.19,45356010
2022-02-15,76.08,76.61,75.995,76.57,30223670
2022-02-16,76.27,77.02,76.23,76.86,22557600
2022-02-17,76.29,76.33,75.59,75.62,34691320
2022-02-18,75.66,75.86,75.08,75.3,34752010
2022-02-22,74.62,75.05,73.93,74.42,32967630
2022-02-23,75.17,75.18,73.66,73.81,39771870
2022-02-24,71.11,72.865,70.98,72.82,72044580
2022-02-25,73.46,74.675,73.395,74.64,47641880
2022-02-28,73.11,74.16,72.88,73.22,50821590
2022-03-01,72.91,73.12,71.23,71.62,49003890
2022-03-02,72.13,72.725,71.87,72.52,43906030
2022-03-03,72.22,72.27,70.88,71.09,44389730
2022-03-04,69.11,69.28,68.43,69.03,54470600
2022-03-07,68.59,68.7,66.54,66.84,55499400
2022-03-08,67.49,68.74,66.55,67.42,56682510
2022-03-09,69.54,70.71,69.15,70.24,55555980
2022-03-10,69.25,69.86,68.99,69.4,33804190
2022-03-11,69.96,70.06,68.545,68.65,32380750
2022-03-14,69.69,70.17,69.14,69.28,32048230
2022-03-15,69.65,70.1,69.31,69.94,36961360
2022-03-16,71.4,72.5,70.78,72.45,44821460
2022-03-17,72.14,73.21,72.08,73.06,35025610
2022-03-18,72.45,73.83,72.32,73.77,36684060
2022-03-21,73.56,73.72,72.93,73.31,29985660
2022-03-22,73.76,74.14,73.7,74,21840850
2022-03-23,73.18,73.515,73.03,73.04,22375830
2022-03-24,73.28,73.72,73.16,73.72,22098160
2022-03-25,73.66,73.86,73.25,73.76,18372060
2022-03-28,73.29,73.57,72.955,73.52,24829930
2022-03-29,75.18,75.38,74.49,75.15,25591210
2022-03-30,74.88,75.135,74.555,74.84,22486980
2022-03-31,74.3,74.58,73.5201,73.6,31677180
2022-04-01,74.06,74.31,73.74,74.29,23182800
2022-04-04,74.13,74.62,74.05,74.59,20875700
2022-04-05,74.11,74.38,73.39,73.58,27759380
2022-04-06,72.657,73.09,72.285,72.7,30692710
2022-04-07,72.77,73.1,72.24,72.86,27838480
2022-04-08,72.59,73.19,72.49,72.89,21937230
2022-04-11,72.58,72.745,72.07,72.12,22149910
2022-04-12,72.23,72.41,71.4,71.58,28916230
2022-04-13,71.57,72.39,71.57,72.35,20164930
2022-04-14,72.49,72.62,71.98,72.02,19861890
2022-04-18,71.7,72.13,71.4701,71.6,18508880
2022-04-19,71.18,72.03,71.18,71.94,24863540
2022-04-20,72.5,72.655,72.2,72.42,30249820
2022-04-21,73.09,73.225,71.505,71.64,32960940
2022-04-22,71.53,71.54,70.4,70.47,34878390
2022-04-25,69.71,70.1901,69.16,70.13,37193630
2022-04-26,69.565,69.61,68.13,68.17,41284190
2022-04-27,68.43,68.95,68.0653,68.48,43593090
2022-04-28,68.91,69.62,68.3,69.45,32153960
2022-04-29,69.7,70.12,68.57,68.64,54305390
2022-05-02,68.39,68.74,67.66,68.47,45813940
2022-05-03,68.933,69.235,68.7,68.98,39643570
2022-05-04,69,70.31,68.2,70.19,47419130
2022-05-05,69.18,69.215,67.42,67.93,38826970
2022-05-06,67.44,67.695,66.85,67.27,48268880
2022-05-09,66.04,66.15,65.105,65.24,50145020
2022-05-10,66.4,66.44,65.24,65.73,57682400
2022-05-11,65.91,66.77,65.26,65.34,49751150
2022-05-12,64.93,65.8,64.63,65.18,39410880
2022-05-13,66.14,67.02,66.12,66.99,34682160
2022-05-16,66.69,67.35,66.47,67.05,21254370
2022-05-17,68.16,68.35,67.78,68.3,31487040
2022-05-18,67.71,67.81,66.57,66.67,23552970
2022-05-19,66.59,67.7,66.57,67.31,35999630
2022-05-20,68.08,68.15,66.91,67.77,36357240
2022-05-23,68.49,69.07,68.37,68.92,23838590
2022-05-24,68.7,69.035,68.34,68.81,19504590
2022-05-25,68.34,69.1403,68.34,68.83,18826420
2022-05-26,68.93,69.76,68.92,69.59,20930490
2022-05-27,70.04,70.45,70,70.43,13697560
2022-05-31,70.19,70.475,69.84,70.01,25025180
2022-06-01,70.42,70.46,69.06,69.27,28336390
2022-06-02,69.83,70.73,69.58,70.71,21641990
2022-06-03,69.81,70,69.5,69.7,21327190
2022-06-06,70.51,70.61,69.83,69.98,15192260
2022-06-07,69.28,70.22,69.27,70.19,19039820
2022-06-08,69.42,69.72,69.125,69.21,21219370
2022-06-09,67.35,67.51,66.26,66.29,25675720
2022-06-10,65.06,65.13,64.49,64.69,34102080
2022-06-13,63.03,63.365,62.44,62.55,54218140
2022-06-14,62.53,62.73,61.42,61.96,38601730
2022-06-15,62.64,63.47,61.86,63.12,37790740
2022-06-16,61.59,62.18,61.34,61.73,38025310
2022-06-17,61.68,62,61.12,61.48,43097600
2022-06-21,62.57,62.77,62.38,62.41,31891360
2022-06-22,61.71,62.565,61.62,61.99,30368160
2022-06-23,61.85,62,61.27,61.92,26482530
2022-06-24,62.79,63.79,62.74,63.77,31235030
2022-06-27,63.66,63.9354,63.425,63.5,20987640
2022-06-28,64.02,64.22,63.05,63.07,19187400
2022-06-29,63.1,63.29,62.79,62.83,18226770
2022-06-30,61.71,62.59,61.47,62.49,37316190
2022-07-01,61.71,62.65,61.495,62.64,26046600
2022-07-05,60.66,61.32,60.41,61.3,30911300
2022-07-06,61.2,61.49,60.86,61.35,18030020
2022-07-07,61.86,62.29,61.85,62.28,17215170
2022-07-08,62.12,62.559,61.85,62.35,13135240
2022-07-11,61.57,61.75,61.29,61.34,15757920
2022-07-12,61.24,61.83,61.19,61.33,16350480
2022-07-13,60.58,61.55,60.51,61.3,17907460
2022-07-14,59.99,60.49,59.54,60.44,25329070
2022-07-15,60.88,61.435,60.61,61.4,28570070
2022-07-18,62.26,62.42,61.55,61.65,23785640
2022-07-19,62.82,63.35,62.76,63.33,25474470
2022-07-20,63.13,63.32,62.59,62.91,18738180
2022-07-21,62.77,63.63,62.69,63.56,19165530
2022-07-22,63.83,64.19,63.15,63.4,18771520
2022-07-25,63.88,63.97,63.55,63.89,17451390
2022-07-26,63.42,63.475,63,63,11609990
2022-07-27,63.64,64.56,63.43,64.49,20945520
2022-07-28,64.39,64.94,64.01,64.82,19385400
2022-07-29,64.94,65.76,64.76,65.72,23958030
2022-08-01,65.7,66.08,65.485,65.81,19450480
2022-08-02,65.28,65.46,64.74,64.76,17857700
2022-08-03,65.05,65.26,64.65,65.14,16011140
2022-08-04,65.26,65.59,65.18,65.47,15153570
2022-08-05,64.66,65.12,64.57,65.01,15130400
2022-08-08,65.53,65.755,65.04,65.16,12069070
2022-08-09,65.13,65.24,64.7047,64.81,10867780
2022-08-10,66.17,66.49,65.94,66.27,16870770
2022-08-11,66.53,66.74,66.14,66.25,11539600
2022-08-12,66.29,66.77,66.1349,66.76,13680280
2022-08-15,66.19,66.41,66.0648,66.36,15733140
2022-08-16,65.95,66.455,65.95,66.34,13497320
2022-08-17,65.7,66.165,65.47,65.81,14822130
2022-08-18,65.73,65.76,65.365,65.59,14303920
2022-08-19,64.97,65.04,64.5412,64.69,20257630
2022-08-22,63.99,64.01,63.43,63.59,20062230
2022-08-23,63.43,64.09,63.35,63.62,19101380
2022-08-24,63.35,63.91,63.275,63.7,12086580
2022-08-25,63.86,64.42,63.7201,64.4,13980540
2022-08-26,64.43,64.5,62.665,62.71,19338320
2022-08-29,62.43,62.825,62.365,62.57,16199710
2022-08-30,62.99,63.06,61.99,62.12,24907520
2022-08-31,62.12,62.345,61.68,61.7,32178230
2022-09-01,60.8,60.93,60.23,60.87,33526330
2022-09-02,61.39,61.835,60.28,60.47,28234020
2022-09-06,60.76,60.89,60.11,60.32,21862330
2022-09-07,59.84,60.86,59.825,60.85,21289000
2022-09-08,60.17,60.97,60.06,60.89,17589870
2022-09-09,62.06,62.495,62.02,62.44,22655070
2022-09-12,63.22,63.585,63.15,63.31,22338590
2022-09-13,62.13,62.475,61.06,61.11,26513870
2022-09-14,61.3,61.57,60.95,61.31,19052800
2022-09-15,60.86,61.395,60.67,60.77,23181910
2022-09-16,60.24,60.62,60.06,60.4,31914290
2022-09-19,59.71,60.65,59.7,60.61,19597470
2022-09-20,59.77,59.9,59.23,59.58,23429610
2022-09-21,59.53,60.04,58.75,58.8,22678820
2022-09-22,59.03,59.145,58.35,58.63,25400980
2022-09-23,57.29,57.35,56.3101,56.76,33958950
2022-09-26,56.18,56.69,55.62,55.92,41892390
2022-09-27,56.19,56.49,55.22,55.54,38742840
2022-09-28,55.52,57.0274,55.35,56.88,35115960
2022-09-29,56.01,56.245,55.435,56.21,30971600
2022-09-30,55.96,56.7,55.89,56.01,38527580
2022-10-03,56.59,57.355,56.36,57.12,37451630
2022-10-04,58.63,59.5,58.61,59.41,32480230
2022-10-05,58.42,59.11,58.09,58.78,28550730
2022-10-06,58.09,58.38,57.685,57.75,28668810
2022-10-07,57.48,57.55,56.6404,56.83,22199960
2022-10-10,56.798,56.86,56.18,56.51,26510160
2022-10-11,56.14,56.79,55.71,55.89,26577350
2022-10-12,55.74,56.04,55.55,55.71,24455760
2022-10-13,54.74,57.12,54.61,56.86,48010140
2022-10-14,57.22,57.4,55.95,56.01,28145950
2022-10-17,57.23,57.65,57.22,57.39,32731040
2022-10-18,58.24,58.3,57.38,57.8,26876660
2022-10-19,57.26,57.495,56.71,57.09,22958220
2022-10-20,57.14,57.8,56.83,56.96,25989740
2022-10-21,56.44,58.01,56.215,57.99,37761770
2022-10-24,57.78,58.25,57.485,58,20327590
2022-10-25,58.42,59.33,58.41,59.28,21583260
2022-10-26,59.26,60.25,59.24,59.84,27095550
2022-10-27,59.63,60.08,59.25,59.28,20349580
2022-10-28,59.19,59.87,59.075,59.87,19235540
2022-10-31,59.2,59.44,59.11,59.31,27032690
2022-11-01,60.5,60.52,59.5134,59.78,42686990
2022-11-02,59.87,60.65,58.91,58.91,30497690
2022-11-03,58.11,58.685,58.06,58.41,23604250
2022-11-04,60.17,60.8246,59.79,60.75,33756400
2022-11-07,60.97,61.21,60.705,60.94,19904600
2022-11-08,61.36,62.007,61.215,61.63,19882890
2022-11-09,61.2,61.635,60.76,60.77,22418560
2022-11-10,63.265,64.18,62.92,64.18,29640890
2022-11-11,64.76,65.555,64.51,65.46,24071300
2022-11-14,64.93,65.345,64.77,64.77,21551500
2022-11-15,65.82,65.93,64.6,65.2,34956570
2022-11-16,65.3,65.405,64.86,65.05,22730390
2022-11-17,64.22,65.055,64.2,65.02,21271080
2022-11-18,65.32,65.33,64.93,65.15,18431080
2022-11-21,64.6,64.78,64.37,64.66,21877400
2022-11-22,65.07,65.585,64.965,65.56,14698700
2022-11-23,65.68,66.38,65.68,66.28,13400780
2022-11-25,66.36,66.76,66.36,66.62,10934390
2022-11-28,66.29,66.565,65.715,65.76,18618500
2022-11-29,65.92,66.32,65.785,65.95,17666910
2022-11-30,66.47,67.35,65.83,67.12,41966510
2022-12-01,67.87,68.06,67.42,67.77,24209710
2022-12-02,67.14,67.93,67.14,67.72,36230690
2022-12-05,67.49,67.68,66.64,66.83,26305110
2022-12-06,66.97,67.11,66.25,66.53,25662980
2022-12-07,66.56,66.805,66.275,66.53,23274270
2022-12-08,66.52,66.935,66.315,66.87,20080390
2022-12-09,67.03,67.4163,66.87,66.91,25773100
2022-12-12,66.9,67.11,66.68,67.11,17621660
2022-12-13,68.65,68.775,67.535,67.79,29377300
2022-12-14,67.89,68.335,67.285,67.73,23707700
2022-12-15,66.89,67.01,65.77,66,25617480
2022-12-16,65.46,65.76,65.125,65.42,23998700
2022-12-19,65.63,65.72,65.09,65.26,21180650
2022-12-20,65.4,65.85,65.31,65.52,21440580
2022-12-21,65.92,66.3857,65.835,66.2,17112210
2022-12-22,65.95,65.96,65.11,65.66,21251230
2022-12-23,65.55,65.99,65.41,65.89,12536580
2022-12-27,65.94,66.2354,65.82,65.99,16247370
2022-12-28,66.13,66.33,65.29,65.29,14526930
2022-12-29,66.04,66.4963,66,66.32,17455380
2022-12-30,65.95,66.18,65.5712,65.64,25629030
2023-01-03,66.46,66.83,65.9,66.22,25179300
2023-01-04,67.18,67.32,66.71,67.1,26751400
2023-01-05,66.47,66.69,66.295,66.43,17376910
2023-01-06,66.83,68.17,66.44,68.13,17951400
2023-01-09,68.65,69.06,68.38,68.42,23392810
2023-01-10,68.33,68.63,68.17,68.62,18811520
2023-01-11,68.95,69.15,68.735,69.14,17732710
2023-01-12,69.71,70.28,69,70.16,19767050
2023-01-13,69.81,70.55,69.81,70.53,18092110
2023-01-17,70.78,71.06,70.555,70.75,25184140
2023-01-18,71.55,71.68,70.5,70.5,35935300
2023-01-19,70.28,70.54,70.015,70.39,23519020
2023-01-20,70.36,71.03,70.175,71.01,28289500
2023-01-23,70.7,71.31,70.6699,71.3,24245310
2023-01-24,70.91,71.36,70.665,71.21,12996530
2023-01-25,70.98,71.7399,70.93,71.68,14230100
2023-01-26,71.74,71.82,71.16,71.74,13272290
2023-01-27,71.3,71.755,71.21,71.6,13986790
2023-01-30,71.34,71.6674,71.135,71.14,14111470
2023-01-31,70.94,71.59,70.795,71.55,23544350
2023-02-01,71.49,72.445,70.94,72.19,27861390
2023-02-02,72.38,72.43,71.64,72.09,15587990
2023-02-03,71.39,72,71.26,71.42,18589850
2023-02-06,70.72,70.88,70.325,70.69,18409610
2023-02-07,70.36,71.38,70.22,71.29,19440320
2023-02-08,71.18,71.29,70.725,70.85,18281380
2023-02-09,71.87,71.925,70.85,70.98,10875300
2023-02-10,70.72,70.77,70.355,70.67,16681190
2023-02-13,70.77,71.38,70.695,71.38,11806250
2023-02-14,71.05,71.83,70.865,71.51,14082880
2023-02-15,70.63,71.195,70.57,71.19,14031170
2023-02-16,70.57,71.27,70.49,70.84,13151030
2023-02-17,70.51,71.095,70.385,71.02,13768200
2023-02-21,70.52,70.77,70.19,70.24,14419690
2023-02-22,70.12,70.24,69.7,69.85,12991740
2023-02-23,70.15,70.285,69.5708,70.21,25783670
2023-02-24,69.02,69.265,68.76,69.04,25120200
2023-02-27,69.84,70.04,69.64,69.86,19736300
2023-02-28,69.66,69.82,69.32,69.35,28408000
2023-03-01,69.9,70.06,69.455,69.72,20960960
2023-03-02,69.23,69.92,69.205,69.86,20540110
2023-03-03,70.25,70.92,70.055,70.88,23663390
2023-03-06,70.72,71,70.62,70.7,22289610
2023-03-07,70.6,70.655,69.44,69.52,26319930
2023-03-08,69.74,70.105,69.57,69.9,21016160
2023-03-09,70.03,70.265,69.265,69.39,25914050
2023-03-10,69.41,69.57,68.58,68.65,31703780
2023-03-13,67.93,68.74,67.805,68.18,27005140
2023-03-14,68.89,69.1,68.56,69.09,18053970
2023-03-15,66.53,67.045,66.07,66.95,37928500
2023-03-16,66.61,67.99,66.55,67.99,33360470
2023-03-17,67.38,67.525,66.914,67.18,23846210
2023-03-20,67.93,68.455,67.805,68.23,24003180
2023-03-21,69.23,69.33,68.86,69.26,16640040
2023-03-22,69.37,70.22,68.98,69.02,16277930
2023-03-23,69.63,70.04,68.715,69.03,23067180
2023-03-24,68.54,68.86,68.14,68.82,27879010
2023-03-27,69.24,69.526,69.085,69.47,23269330
2023-03-28,69.43,69.655,69.325,69.5,20324530
2023-03-29,70.18,70.4,70.05,70.34,29119330
2023-03-30,71.15,71.26,70.985,71.16,21616030
2023-03-31,71.35,71.68,71.35,71.52,28532660
2023-04-03,71.69,72.11,71.5893,72.09,20737150
2023-04-04,72.1,72.32,71.885,72.1,15364640
2023-04-05,71.72,71.915,71.36,71.6,16314000
2023-04-06,71.61,72.125,71.52,71.94,13659910
2023-04-10,71.49,71.9,71.375,71.89,12853990
2023-04-11,72.05,72.25,71.99,72.13,11264100
2023-04-12,72.78,72.94,72.37,72.59,13241520
2023-04-13,73.19,73.58,73.115,73.52,12232990
2023-04-14,73.49,73.69,72.94,73.22,14209880
2023-04-17,73.02,73.12,72.74,73.09,17323770
2023-04-18,73.46,73.55,73.29,73.49,13753410
2023-04-19,73.12,73.34,73.1,73.26,8840764
2023-04-20,73.09,73.435,73.07,73.26,12478580
2023-04-21,73.35,73.675,73.03,73.63,14052980
2023-04-24,73.63,73.845,73.61,73.82,12864930
2023-04-25,73.48,73.515,72.78,72.79,12582210
2023-04-26,73.24,73.25,72.65,72.74,16928570
2023-04-27,73.12,73.66,72.965,73.65,14505690
2023-04-28,73.03,73.63,73.01,73.62,16936840
2023-05-01,73.69,73.89,73.49,73.51,24499510
2023-05-02,72.83,72.84,72.33,72.77,12907180
2023-05-03,73.04,73.55,72.95,72.96,13977400
2023-05-04,72.75,73.07,72.56,72.81,17411170
2023-05-05,73.17,73.99,73.12,73.88,11096950
2023-05-08,74.03,74.05,73.77,73.9,7533221
2023-05-09,73.29,73.7,73.2501,73.6,14835420
2023-05-10,73.68,73.69,72.99,73.45,14009770
2023-05-11,73.03,73.27,72.72,73.27,14756700
2023-05-12,73.36,73.41,72.87,73.14,15823230
2023-05-15,73.36,73.705,73.28,73.7,10580630
2023-05-16,73.32,73.44,72.97,73,13335670
2023-05-17,73.09,73.39,72.815,73.34,21491300
2023-05-18,73.17,73.26,72.83,73.23,10657030
2023-05-19,73.55,73.84,73.47,73.66,15971240
2023-05-22,73.56,73.816,73.55,73.68,12122740
2023-05-23,73.04,73.15,72.57,72.6,19215050
2023-05-24,71.89,71.91,71.5,71.54,21758060
2023-05-25,71.51,71.565,71.15,71.44,17393780
2023-05-26,71.75,72.2,71.735,72.14,11189800
2023-05-30,71.92,71.94,71.21,71.41,13979810
2023-05-31,70.69,70.8,70.13,70.67,32754670
2023-06-01,71.05,71.78,71,71.72,29681640
2023-06-02,72.65,72.76,72.475,72.65,18693530
2023-06-05,72.54,72.61,72.18,72.23,18029700
2023-06-06,72.38,72.8699,72.35,72.83,17811930
2023-06-07,71.25,71.5,70.825,70.89,29259160
2023-06-08,71.23,71.65,71.105,71.64,15781010
2023-06-09,71.57,71.68,71.4,71.52,15419180
2023-06-12,71.76,71.86,71.59,71.83,15814710
2023-06-13,72.49,72.69,72.38,72.51,17620630
2023-06-14,72.97,73.175,72.38,72.78,17305790
2023-06-15,72.77,73.59,72.715,73.55,14597220
2023-06-16,73.88,73.91,73.36,73.39,20036210
2023-06-20,72.59,72.72,72.27,72.42,16873010
2023-06-21,72.3,72.775,72.19,72.53,11322660
2023-06-22,72.01,72.2,71.945,72.08,11313340
2023-06-23,70.83,71.145,70.81,70.96,15929740
2023-06-26,71.05,71.195,70.945,71.05,12950900
2023-06-27,71.26,71.72,71.05,71.67,11034090
2023-06-28,71.65,71.865,71.515,71.72,9256540
2023-06-29,71.39,71.62,71.35,71.62,6735999
2023-06-30,72.29,72.55,72.21,72.5,28381140
2023-07-03,72.47,72.58,72.31,72.42,13375510
2023-07-05,71.9,71.925,71.54,71.61,15971480
2023-07-06,70.54,70.56,69.94,70.37,17415290
2023-07-07,70.44,71.2199,70.405,70.9,16721280
2023-07-10,70.78,71.125,70.75,71.1,9486037
2023-07-11,71.41,71.755,71.22,71.74,12816610
2023-07-12,72.69,73.19,72.57,73.11,16111050
2023-07-13,74.07,74.38,74.04,74.28,12707580
2023-07-14,74.23,74.29,73.83,73.86,12549120
2023-07-17,73.53,73.86,73.41,73.77,15876560
2023-07-18,73.9,74.34,73.83,74.25,11519450
2023-07-19,74.3,74.45,74.02,74.21,11138740
2023-07-20,74.05,74.245,73.7116,73.83,14843850
2023-07-21,74,74.06,73.77,73.98,10318400
2023-07-24,73.66,73.9575,73.62,73.8,9421202
2023-07-25,73.68,74.06,73.66,73.88,9150961
2023-07-26,73.54,74.315,73.5,74.08,12325280
2023-07-27,74.69,74.69,73.85,73.91,12775710
2023-07-28,74.46,74.735,74.3,74.44,15891120
2023-07-31,74.51,74.71,74.36,74.46,13799850
2023-08-01,73.73,73.94,73.375,73.53,16707850
2023-08-02,72.62,72.73,72.08,72.16,16814830
2023-08-03,71.59,72.16,71.525,71.96,12745680
2023-08-04,72.33,72.9075,72.1,72.16,14079590
2023-08-07,72.63,72.79,72.3,72.77,12940640
2023-08-08,71.97,72.385,71.79,72.33,14144440
2023-08-09,72.43,72.62,72.1929,72.31,12188680
2023-08-10,73.09,73.51,72.55,72.62,16788860
2023-08-11,72.11,72.37,71.965,72.13,14863670
2023-08-14,71.4,71.8803,71.21,71.81,9959351
2023-08-15,71.39,71.405,70.79,70.92,13863640
2023-08-16,70.69,70.965,70.32,70.34,10940140
2023-08-17,70.56,70.635,69.745,69.84,14730510
2023-08-18,69.32,69.96,69.31,69.84,13617540
2023-08-21,70.02,70.175,69.71,70.1,15838420
2023-08-22,70.43,70.45,69.91,69.97,10568020
2023-08-23,70.25,70.835,70.24,70.73,12669970
2023-08-24,70.38,70.595,69.73,69.76,14879030
2023-08-25,70.2,70.47,69.595,70.23,11617660
2023-08-28,70.71,71.02,70.69,70.97,12320380
2023-08-29,70.83,71.895,70.76,71.85,12224400
2023-08-30,71.91,72.15,71.705,71.81,12235770
2023-08-31,71.84,71.9,71.31,71.53,13375220
2023-09-01,72.15,72.18,71.3,71.49,17069810
2023-09-05,71.31,71.33,70.865,70.87,12085030
2023-09-06,70.85,71,70.465,70.72,11294630
2023-09-07,70.5,70.64,70.275,70.49,13542990
2023-09-08,70.39,70.62,70.3,70.39,11813890
2023-09-11,70.98,71.18,70.785,71.12,11650950
2023-09-12,70.76,71.085,70.72,70.83,7947084
2023-09-13,70.68,70.88,70.465,70.61,10047890
2023-09-14,71.15,71.61,71.13,71.54,13519790
2023-09-15,71.69,71.93,71.35,71.38,13678460
2023-09-18,71.08,71.21,70.83,71.13,9121327
2023-09-19,71.25,71.38,71.005,71.19,10339950
2023-09-20,71.53,71.88,70.98,71.02,14523370
2023-09-21,70.35,70.49,69.84,69.84,17619910
2023-09-22,70.22,70.46,69.84,69.9,14715760
2023-09-25,69.32,69.63,69.155,69.59,16853120
2023-09-26,69.043,69.245,68.63,68.69,17756850
2023-09-27,68.95,69,68.085,68.56,16390390
2023-09-28,68.62,69.325,68.53,69.12,19507380
2023-09-29,69.75,69.76,68.75,68.92,20292940
2023-10-02,68.47,68.53,67.68,67.91,23671360
2023-10-03,67.3,67.49,66.83,67.06,19913410
2023-10-04,67.23,67.27,66.62,67.18,19586200
2023-10-05,67.57,67.87,67.34,67.77,18327240
2023-10-06,67.64,68.68,67.23,68.52,17758930
2023-10-09,67.88,68.495,67.81,68.42,11015700
2023-10-10,69.19,69.6433,69.1,69.36,23682820
2023-10-11,69.76,69.855,69.2617,69.65,15393630
2023-10-12,69.74,69.755,68.81,69.07,16764590
2023-10-13,68.87,69.03,68.26,68.43,19900300
2023-10-16,68.55,69,68.46,68.93,20119560
2023-10-17,68.36,69.285,68.35,68.97,12155130
2023-10-18,68.36,68.425,67.685,67.77,16945880
2023-10-19,67.55,67.91,67.05,67.17,27204110
2023-10-20,66.93,67.09,66.54,66.57,28251820
2023-10-23,66.32,67.04,66.07,66.62,18574700
2023-10-24,66.74,67.06,66.645,67,22138660
2023-10-25,66.82,67.08,66.44,66.52,17400880
2023-10-26,66.35,66.49,65.83,66.04,22914710
2023-10-27,66.5,66.53,65.68,65.84,24116450
2023-10-30,66.56,66.71,66.265,66.68,23954540
2023-10-31,66.76,66.97,66.525,66.92,18291340
2023-11-01,67.08,67.57,66.885,67.55,21115190
2023-11-02,68.68,68.94,68.48,68.93,19669390
2023-11-03,69.51,70,69.405,69.66,20752900
2023-11-06,69.56,69.63,69.17,69.31,15938140
2023-11-07,68.77,69.02,68.635,68.89,15747050
2023-11-08,68.86,69.095,68.595,68.8,10916450
2023-11-09,69.41,69.58,68.755,68.79,14557580
2023-11-10,68.74,69.15,68.26,69.1,12518820
2023-11-13,68.82,69.3847,68.7147,69.28,11354700
2023-11-14,70.46,71.14,70.45,71.05,21166990
2023-11-15,71.08,71.2884,70.9,70.94,12980080
2023-11-16,70.82,71.1101,70.64,70.89,13769700
2023-11-17,71.55,71.865,71.41,71.85,14315650
2023-11-20,71.74,72.199,71.735,72.12,10334940
2023-11-21,72.08,72.145,71.75,71.84,12300160
2023-11-22,71.95,72.035,71.625,72.01,12162880
2023-11-24,72.24,72.58,72.23,72.56,8083468
2023-11-27,72.34,72.4256,72.16,72.31,10365180
2023-11-28,72.11,72.55,72.02,72.33,11130140
2023-11-29,72.54,72.755,72.295,72.48,10462200
2023-11-30,72.49,72.61,72.17,72.42,19444240
2023-12-01,72.375,73.24,72.3497,73.18,21091940
2023-12-04,72.46,72.77,72.335,72.61,14778700
2023-12-05,72.38,72.82,72.23,72.35,17529500
2023-12-06,73.07,73.22,72.55,72.57,16547360
2023-12-07,72.72,73.13,72.43,72.92,14513200
2023-12-08,72.74,73.245,72.72,73.14,13323620
2023-12-11,73.03,73.36,73.015,73.32,12372000
2023-12-12,73.2,73.45,72.96,73.45,13209960
2023-12-13,73.51,74.59,73.16,74.52,16760660
2023-12-14,74.89,75.335,74.72,75.07,21959570
2023-12-15,74.71,74.85,74.29,74.34,22420680
2023-12-18,74.65,74.71,74.3,74.52,14409990
2023-12-19,74.93,75.2,74.93,75.15,15551790
2023-12-20,74.24,74.42,73.42,73.47,23019210
2023-12-21,74.26,74.66,74.1007,74.66,15837430
2023-12-22,74.82,74.97,74.53,74.73,12184500
2023-12-26,74.81,75.1854,74.81,75.07,8915396
2023-12-27,75.12,75.53,75.11,75.47,13103800
2023-12-28,75.45,75.66,75.255,75.27,16832010
2023-12-29,75.38,75.59,75.15,75.35,21346350
2024-01-02,74.54,74.87,74.405,74.51,18177550
2024-01-03,73.78,74.16,73.5756,73.95,18637680
2024-01-04,73.94,74.4903,73.94,74.12,11977050
2024-01-05,74.03,74.82,73.955,74.17,20636710
2024-01-08,74.33,74.98,74.265,74.96,16250150
2024-01-09,74.29,74.47,74.18,74.29,10218300
2024-01-10,74.61,74.88,74.53,74.77,12191310
2024-01-11,74.97,75.065,74.1,74.76,16434280
2024-01-12,75.26,75.495,74.93,75.07,11329290
2024-01-16,74.16,74.255,73.655,73.81,19802710
2024-01-17,72.83,73.14,72.585,73.11,16381460
2024-01-18,73.42,73.78,73.26,73.76,16391370
2024-01-19,73.56,73.94,73.295,73.93,15792190
2024-01-22,74.11,74.38,74.035,74.16,15424830
2024-01-23,73.78,74,73.62,73.95,13575390
2024-01-24,74.93,75,74.5,74.51,16314560
2024-01-25,74.69,74.73,74.33,74.72,15268800
2024-01-26,75.11,75.235,74.985,75.05,16478620
2024-01-29,75.02,75.57,74.925,75.49,13341500
2024-01-30,75.38,75.48,75.1,75.39,11708420
2024-01-31,75.73,75.97,74.9,75.01,23907270
2024-02-01,75.19,75.77,75.03,75.75,17189450
2024-02-02,75.13,75.2,74.81,75.15,15579850
2024-02-05,74.7,74.915,74.335,74.75,15617890
2024-02-06,74.72,75.23,74.68,75.21,13886590
2024-02-07,75.17,75.285,75,75.17,10485100
2024-02-08,75.05,75.1,74.82,75.04,9578469
2024-02-09,75.05,75.35,74.875,75.3,11001150
2024-02-12,75.27,75.66,75.245,75.43,6911456
2024-02-13,74.62,74.715,74.015,74.27,14942550
2024-02-14,74.76,75.12,74.699,75.1,13248020
2024-02-15,75.46,75.97,75.45,75.95,14128630
2024-02-16,75.98,76.385,75.8,76.07,13381560
2024-02-20,76.55,76.63,76.18,76.38,15285820
2024-02-21,76.22,76.47,76.0851,76.44,11433760
2024-02-22,77.07,77.32,76.93,77.3,15475950
2024-02-23,77.38,77.525,77.27,77.4,11399960
2024-02-26,77.46,77.46,77.1499,77.29,15015190
2024-02-27,77.34,77.555,77.285,77.5,11110980
2024-02-28,76.98,77.145,76.92,77.05,12196750
2024-02-29,77.42,77.55,76.855,77.25,17221870
2024-03-01,77.57,78.025,77.25,78,18930510
2024-03-04,77.76,77.96,77.675,77.8,13960990
2024-03-05,77.85,78.13,77.445,77.66,12874370
2024-03-06,78.51,78.809,78.365,78.58,24098120
2024-03-07,79.17,79.61,79.095,79.51,18279140
2024-03-08,79.78,79.8599,79.13,79.25,14926860
2024-03-11,78.72,78.825,78.41,78.8,10496030
2024-03-12,78.91,79.44,78.61,79.43,15296000
2024-03-13,79.35,79.6175,79.315,79.44,14150360
2024-03-14,79.42,79.475,78.57,78.86,25572050
2024-03-15,79.04,79.115,78.63,78.89,17529110
2024-03-18,79.09,79.1177,78.805,78.87,13472210
2024-03-19,78.82,79.22,78.705,79.01,13222150
2024-03-20,78.96,79.9,78.895,79.85,18834850
2024-03-21,79.9,80.03,79.785,79.81,13020950
2024-03-22,79.78,79.83,79.55,79.64,12832840
2024-03-25,79.39,79.76,79.39,79.47,9418239
2024-03-26,79.85,79.875,79.56,79.56,12343150
2024-03-27,79.74,80.06,79.64,80.04,12337190
2024-03-28,79.73,79.97,79.72,79.86,17180350
2024-04-01,79.72,79.87,79.325,79.52,15419520
2024-04-02,78.89,78.96,78.69,78.96,17414960
2024-04-03,78.82,79.52,78.81,79.4,15898400
2024-04-04,79.92,79.95,78.645,78.72,19950360
2024-04-05,78.61,79.13,78.46,78.97,21091870
2024-04-08,79.42,79.53,79.22,79.36,12350990
2024-04-09,79.73,79.8,79,79.35,12469130
2024-04-10,78.21,78.64,78,78.3,21567340
2024-04-11,78.57,78.61,77.65,78.51,11967000
2024-04-12,77.86,78.0875,77.14,77.24,17934610
2024-04-15,78.14,78.24,76.885,77.01,21610120
2024-04-16,76.39,76.62,75.995,76.25,24161810
2024-04-17,76.68,76.72,75.96,76.3,15748040
2024-04-18,76.27,76.61,75.9746,76.09,12884170
2024-04-19,76.18,76.4075,75.885,76.12,16924970
2024-04-22,76.54,77.27,76.465,77.01,17314230
2024-04-23,77.27,77.95,77.21,77.85,13466020
2024-04-24,77.97,77.97,77.385,77.7,8530070
2024-04-25,76.61,77.45,76.42,77.34,11479650
2024-04-26,77.68,78.06,77.65,77.96,12676410
2024-04-29,78.16,78.4,78.04,78.26,10560040
2024-04-30,78,78.215,77.21,77.27,18994250
2024-05-01,77.25,78.015,76.905,77.1,17900350
2024-05-02,77.93,78.28,77.495,78.14,14993400
2024-05-03,78.98,79.22,78.445,78.92,15055610
2024-05-06,79.31,79.52,79.245,79.46,9411398
2024-05-07,79.72,79.85,79.545,79.67,9065799
2024-05-08,79.32,79.6,79.3,79.58,6667504
2024-05-09,79.57,80.2,79.565,80.19,13255990
2024-05-10,80.46,80.52,80.235,80.34,8021993
2024-05-13,80.41,80.55,80.23,80.34,6990493
2024-05-14,80.65,80.95,80.57,80.94,15228300
2024-05-15,81.32,81.8,81.16,81.8,10823680
2024-05-16,81.64,81.71,81.33,81.36,13042070
2024-05-17,81.38,81.68,81.26,81.64,10219550
2024-05-20,81.72,81.93,81.66,81.7,5836787
2024-05-21,81.4,81.625,81.36,81.57,6221985
2024-05-22,81.02,81.1,80.58,80.8,10721210
2024-05-23,81.5,81.505,80.24,80.39,8805831
2024-05-24,80.8,81.165,80.755,81.05,9289525
2024-05-28,81.35,81.37,80.78,81.02,13036640
2024-05-29,79.98,80.115,79.71,79.74,13662060
2024-05-30,80.24,80.6073,80.21,80.41,7456128
2024-05-31,80.96,81.22,80.56,81.18,19932480
2024-06-03,81.44,81.65,81.08,81.41,17127670
2024-06-04,81.23,81.44,80.965,81.31,12565480
2024-06-05,81.71,81.91,81.27,81.88,8661543
2024-06-06,81.91,82.16,81.865,82.16,13195570
2024-06-07,81.44,81.705,81.185,81.27,21589680
2024-06-10,80.72,81.295,80.6,81.21,8996296
2024-06-11,78.89,79.07,78.47,78.91,17004620
2024-06-12,80.18,80.385,79.7,79.84,15188860
2024-06-13,79.18,79.18,78.375,78.7,12784230
2024-06-14,77.655,77.91,77.3601,77.83,17500050
2024-06-17,77.63,78.16,77.37,78.14,13582730
2024-06-18,78.14,78.48,78.12,78.45,16057060
2024-06-20,78.29,78.62,78.21,78.5,10942850
2024-06-21,77.89,78.05,77.665,77.95,14477750
2024-06-24,78.59,78.96,78.52,78.57,12193740
2024-06-25,78.56,78.875,78.47,78.76,8753370
2024-06-26,78.06,78.34,77.945,78.18,10509730
2024-06-27,78.32,78.515,78.08,78.24,14156050
2024-06-28,78.23,78.5651,78,78.33,17425010
2024-07-01,78.76,79.03,78.27,78.47,19845720
2024-07-02,78.22,78.69,78.145,78.66,10331750
2024-07-03,79.25,79.6189,79.25,79.56,8107900
2024-07-05,80.219,80.23,79.52,80.09,8408776
2024-07-08,80.14,80.22,79.645,79.69,6031687
2024-07-09,79.52,79.58,79.165,79.37,8069772
2024-07-10,80.01,80.535,79.97,80.49,8189449
2024-07-11,81.04,81.1799,80.67,80.72,8930036
2024-07-12,81.36,81.87,81.315,81.58,9289703
2024-07-15,81.39,81.4,80.79,80.86,7418664
2024-07-16,80.65,81.275,80.55,81.25,10902890
2024-07-17,80.85,81.14,80.73,80.82,11634180
2024-07-18,80.96,81.04,79.84,80.02,16481520
2024-07-19,79.78,79.82,79.45,79.53,15570280
2024-07-22,80.24,80.395,80.025,80.37,13762750
2024-07-23,79.95,80.0836,79.855,79.92,12043010
2024-07-24,79.67,79.78,78.87,78.91,10698030
2024-07-25,78.24,79.105,77.98,78.41,17719810
2024-07-26,79.02,79.55,78.945,79.41,10574880
2024-07-29,79.23,79.26,78.815,79.06,9305599
2024-07-30,79.37,79.45,78.9201,79.24,8551634
2024-07-31,80.4,80.705,80.12,80.36,20969460
2024-08-01,79.34,79.54,77.85,78.23,18129780
2024-08-02,77.17,77.355,76.375,77,25136220
2024-08-05,74.23,75.835,73.91,75.32,28088800
2024-08-06,74.71,75.9,74.605,75.45,22307550
2024-08-07,76.845,77.09,75.77,75.81,24592620
2024-08-08,76.55,77.155,76.205,77.08,14824680
2024-08-09,76.87,77.39,76.715,77.38,11022680
2024-08-12,77.33,77.53,77.06,77.31,7988718
2024-08-13,77.89,78.6958,77.85,78.64,11927450
2024-08-14,78.79,78.995,78.635,78.93,7127626
2024-08-15,79.64,80.05,79.56,79.89,10364200
2024-08-16,79.98,80.4,79.96,80.33,10287850
2024-08-19,80.81,81.4,80.8,81.31,6740976
2024-08-20,81.17,81.36,80.91,81.06,5177868
2024-08-21,81.58,81.965,81.4,81.81,10653470
2024-08-22,82.11,82.14,81.28,81.33,7290684
2024-08-23,81.99,82.87,81.89,82.82,10779000
2024-08-26,82.56,82.72,82.36,82.45,6719906
2024-08-27,82.65,82.97,82.54,82.83,9597134
2024-08-28,82.74,82.905,82.2,82.54,7883869
2024-08-29,82.93,83.2842,82.71,82.85,9112065
2024-08-30,83.115,83.25,82.59,82.98,15627550
2024-09-03,82.56,82.655,81.465,81.67,9886682
2024-09-04,81.07,81.69,80.98,81.31,10324400
2024-09-05,81.41,81.555,80.975,81.33,12147440
2024-09-06,81.12,81.335,79.67,79.8,12344380
2024-09-09,80.41,80.9,80.395,80.6,10634960
2024-09-10,80.31,80.315,79.575,80.2,9742931
2024-09-11,80.27,80.71,79.375,80.68,12999130
2024-09-12,80.61,81.37,80.39,81.34,11686010
2024-09-13,81.45,81.835,81.3915,81.53,7340468
2024-09-16,81.88,82.2299,81.695,82.19,9869506
2024-09-17,82.09,82.14,81.455,81.73,7307315
2024-09-18,81.81,82.46,81.29,81.47,8454227
2024-09-19,82.96,83.235,82.47,83.08,9974104
2024-09-20,82.59,82.61,81.97,82.26,7892376
2024-09-23,82.39,82.66,82.345,82.57,6997708
2024-09-24,82.82,83.1199,82.61,83.06,6855760
2024-09-25,83.21,83.23,82.585,82.61,11869020
2024-09-26,84.19,84.525,83.85,84.43,12874980
2024-09-27,84.27,84.5563,83.795,83.92,10690660
2024-09-30,83.96,83.97,83.18,83.63,13425370
2024-10-01,83.66,83.69,82.57,83.01,18430910
2024-10-02,82.86,83.025,82.45,82.84,8335155
2024-10-03,82.12,82.28,81.77,82.07,9890515
2024-10-04,82.13,82.565,82.045,82.55,8536274
2024-10-07,82.3,82.41,81.7879,82.09,7365112
2024-10-08,81.9,81.97,81.685,81.96,6339144
2024-10-09,81.52,82.05,81.46,81.98,5370828
2024-10-10,81.77,81.91,81.43,81.88,5794427
2024-10-11,81.84,82.38,81.83,82.3,6915027
2024-10-14,82.11,82.575,82.01,82.54,6646193
2024-10-15,82.24,82.26,81.095,81.17,17667290
2024-10-16,81.38,81.4569,81.225,81.38,5931766
2024-10-17,81.68,81.71,81.31,81.39,8904646
2024-10-18,81.81,81.965,81.62,81.94,5863087
2024-10-21,81.49,81.55,80.83,80.97,8009105
2024-10-22,80.44,80.625,80.37,80.51,5844195
2024-10-23,79.79,79.965,79.345,79.7,7555992
2024-10-24,80.33,80.35,79.8,80.15,6522380
2024-10-25,80.34,80.46,79.745,79.88,9288134
2024-10-28,80.24,80.625,80.18,80.52,6985008
2024-10-29,80.25,80.42,80.045,80.23,8778380
2024-10-30,79.57,80.06,79.505,79.71,8828077
2024-10-31,79.32,79.32,78.47,79.22,19247650
2024-11-01,79.65,79.8557,79.305,79.38,9951294
2024-11-04,79.82,80.03,79.39,79.44,10280050
2024-11-05,79.65,80.295,79.59,80.23,9596383
2024-11-06,79.05,79.155,78.42,79.07,11746260
2024-11-07,79.98,80.34,79.84,80.27,11634130
2024-11-08,79.38,79.38,78.78,79.16,11540290
2024-11-11,79.41,79.45,79.1,79.18,5839576
2024-11-12,78.42,78.42,77.32,77.71,16613900
2024-11-13,77.4,77.46,76.8,77.25,14828860
2024-11-14,77.81,77.975,77.33,77.41,19039010
2024-11-15,77.31,77.33,76.96,77.13,15433600
2024-11-18,77.07,77.695,77.02,77.55,7774078
2024-11-19,76.9,77.595,76.79,77.45,13402290
2024-11-20,77.13,77.24,76.7017,77.24,12441970
2024-11-21,77.12,77.3801,76.8518,77.26,9161202
2024-11-22,77.17,77.7,77.16,77.56,16809830
2024-11-25,78.16,78.27,77.72,77.96,24934100
2024-11-26,77.83,77.845,77.27,77.51,9360799
2024-11-27,77.84,78.075,77.695,77.93,7477916
2024-11-29,78.24,79.01,78.21,78.97,11643860
2024-12-02,79.08,79.33,78.57,79.19,15721140
2024-12-03,79.71,79.87,79.4,79.64,13289940
2024-12-04,79.74,79.875,79.58,79.7,10434380
2024-12-05,80.1,80.22,79.945,80.09,11910870
2024-12-06,80.39,80.39,79.9,80.08,7072545
2024-12-09,80.53,80.625,80,80.03,7801060
2024-12-10,79.83,79.85,79.29,79.31,10662790
2024-12-11,79.73,79.87,79.49,79.81,11859040
2024-12-12,79.39,79.71,79.05,79.11,8623811
2024-12-13,79.21,79.21,78.68,78.89,10116570
2024-12-16,78.58,78.895,78.5001,78.63,25547910
2024-12-17,77.43,77.71,77.37,77.45,13934860
2024-12-18,77.375,77.535,75.405,75.55,16470400
2024-12-19,75.8,75.87,75.255,75.31,17486580
2024-12-20,74.38,75.7299,74.37,75.1,20878320
2024-12-23,75.24,75.64,74.94,75.59,10491240
2024-12-24,75.62,75.92,75.43,75.86,5585232
2024-12-26,75.99,76.345,75.9301,76.22,10787370
2024-12-27,76.08,76.275,75.83,76.11,15819740
2024-12-30,75.64,75.8799,75.275,75.61,16427610
2024-12-31,75.86,75.98,75.44,75.61,21393480
2025-01-02,75.7,75.87,75.14,75.35,12756560
2025-01-03,75.53,75.74,75.235,75.68,12548780
2025-01-06,76.33,76.89,76.25,76.4,16201780
2025-01-07,77.06,77.06,76.23,76.34,9393247
2025-01-08,75.9,76.33,75.675,76.22,7894852
2025-01-10,75.65,75.67,74.9038,75.06,12022280
2025-01-13,74.25,74.89,74.24,74.85,12019750
2025-01-14,75.02,75.256,74.76,75.12,9963181
2025-01-15,76.2,76.26,75.755,76.08,12144780
2025-01-16,76.25,76.69,76.09,76.47,17925790
2025-01-17,76.86,77.195,76.68,76.78,10667120
2025-01-21,77.8,78.35,77.6838,78.33,13169110
2025-01-22,78.49,78.5,78.12,78.15,8666664
2025-01-23,78.34,78.79,78.19,78.79,10977640
2025-01-24,79.15,79.46,79.075,79.23,7578399
2025-01-27,78.84,79.27,78.82,79.23,13559150
2025-01-28,79.11,79.18,78.655,79.13,9458406
2025-01-29,79.14,79.355,78.85,79.12,7875350
2025-01-30,79.88,80.32,79.64,79.99,13792060
2025-01-31,79.86,80.17,79.17,79.24,14935710
2025-02-03,77.91,78.8,77.6476,78.31,14997650
2025-02-04,78.785,79.3,78.71,79.22,10608270
2025-02-05,79.71,80.085,79.55,79.99,7857042
2025-02-06,80.25,80.54,80.1901,80.37,7806531
2025-02-07,80.42,80.48,79.48,79.61,13110840
2025-02-10,79.98,80.175,79.92,80.15,7287254
2025-02-11,80.06,80.615,80.025,80.53,7583803
2025-02-12,80.01,80.99,79.89,80.83,17271430
2025-02-13,81.2,81.85,81.12,81.81,17212340
2025-02-14,82.27,82.35,81.905,81.93,8051820
2025-02-18,82.47,82.63,82.32,82.52,9485857
2025-02-19,81.65,81.8,81.375,81.67,11042160
2025-02-20,81.91,82.1,81.585,82.05,9177372
2025-02-21,82.12,82.135,81.3801,81.54,11630000
2025-02-24,81.87,81.99,81.3399,81.49,11135810
2025-02-25,82.51,82.51,81.875,82.23,10091350
2025-02-26,82.47,82.985,82.17,82.34,11254630
2025-02-27,82.11,82.11,81.36,81.41,19003210
2025-02-28,81.33,81.65,80.81,81.58,20717810
2025-03-03,83.17,83.385,82.025,82.48,16234750
2025-03-04,81.89,83.33,81.21,82.46,18408470
2025-03-05,83.58,84.57,83.58,84.43,17092510
2025-03-06,83.81,84.4899,83.5,83.56,18421020
2025-03-07,83.71,84.54,83.5365,84.43,13184270
2025-03-10,83.04,83.335,81.875,82.44,19368430
2025-03-11,82.53,82.65,81.605,82.16,18088830
2025-03-12,82.71,82.93,82.175,82.75,15886270
2025-03-13,82.27,82.495,81.9399,82.2,18561450
2025-03-14,83,83.73,82.85,83.71,13971270
2025-03-17,83.93,84.78,83.87,84.65,12966760
2025-03-18,84.58,84.7701,84.1499,84.64,10513400
2025-03-19,84.34,85.185,84.2773,84.89,16362390
2025-03-20,83.67,84.25,83.645,84.18,11820550
2025-03-21,83.55,83.82,83.37,83.66,18771240
2025-03-24,83.585,83.83,83.345,83.65,12201770
2025-03-25,84.22,84.32,83.91,84.11,10478190
2025-03-26,83.55,83.775,82.875,83.02,17011160
2025-03-27,82.89,83.39,82.845,83.2,10331860
2025-03-28,82.79,82.885,82.29,82.46,14242400
2025-03-31,81.27,81.875,80.915,81.73,25560630
2025-04-01,81.78,82.11,81.345,81.85,15153980
2025-04-02,81.25,82.13,81.19,82.04,14451650
2025-04-03,81.24,81.445,80.215,80.32,18718350
2025-04-04,77.25,77.515,74.97,75.02,40904310
2025-04-07,72.69,76.25,72.145,73.21,63057500
2025-04-08,75.83,75.92,72.22,72.96,36425020
2025-04-09,73.16,78.86,72.76,78.59,60645130
2025-04-10,77.2,77.485,75.285,77.04,36697620
2025-04-11,77.34,79.145,77.225,78.97,28909930
2025-04-14,79.45,80.24,79.17,79.82,15749900
2025-04-15,80.45,80.905,80.36,80.54,13679840
2025-04-16,80.55,81.06,79.94,80.23,16542600
2025-04-17,80.96,81.59,80.805,81.1,14072530
2025-04-21,81.47,81.56,80.09,80.66,15883910
2025-04-22,81.77,82.7,81.75,82.33,14923220
2025-04-23,83.12,83.63,82.43,82.66,15223540
2025-04-24,83.03,83.79,82.885,83.76,11194210
2025-04-25,83.6,84.15,83.48,84.12,10485380
2025-04-28,84.23,84.765,84.1547,84.68,10085400
2025-04-29,84.59,85.03,84.5627,84.85,8303750
2025-04-30,84.28,85.01,83.8601,84.75,24147910
2025-05-01,84.98,84.99,84.365,84.48,10070870
2025-05-02,85.96,86.295,85.81,86.1,14798550
2025-05-05,86.37,86.475,86.23,86.25,8119851
2025-05-06,86.21,86.44,86.05,86.14,8661737
2025-05-07,85.93,86.185,85.59,85.85,8536595
2025-05-08,86.085,86.09,85.5,85.55,12228340
2025-05-09,86.21,86.21,85.74,85.97,9148988
2025-05-12,86.09,86.42,85.65,86.41,12602560
2025-05-13,86.295,86.73,86.2,86.52,13242910
2025-05-14,86.805,86.83,86.035,86.1,10173350
2025-05-15,86.72,87.1,86.495,87.04,11283160
2025-05-16,86.94,87.275,86.77,87.24,8372141
2025-05-19,87.24,88.08,87.22,88.07,9062923
2025-05-20,88.26,88.53,88.21,88.49,23335470
2025-05-21,88.6,88.89,87.925,87.97,15278900
2025-05-22,87.625,88.15,87.485,87.92,12787320
2025-05-23,87.2,88.2,87.15,88.04,16959590
2025-05-27,89.3,89.46,89.12,89.32,12435730
2025-05-28,88.45,88.545,88.12,88.29,16812430
2025-05-29,88.74,88.75,88.2499,88.68,11454350
2025-05-30,88.75,88.9,88.17,88.81,18590170
2025-06-02,88.97,89.79,88.67,89.76,25710470
2025-06-03,88.86,89.17,88.625,89.08,11787450
2025-06-04,89.29,89.75,89.23,89.48,11593330
2025-06-05,89.76,89.86,89.23,89.42,14543140
2025-06-06,89.62,89.845,89.5,89.74,10301080
2025-06-09,89.62,90,89.555,89.73,9641764
2025-06-10,90.05,90.09,89.65,89.85,10254100
2025-06-11,90.01,90.16,89.64,89.7,12329630
2025-06-12,90.2,90.505,90.145,90.39,13288060
2025-06-13,89.22,89.72,89.0165,89.23,22177130
2025-06-16,88.41,88.86,88.04,88.04,17843410
2025-06-17,87.665,87.745,86.86,86.96,16726290
2025-06-18,87.21,87.585,86.9,87.11,18504430
2025-06-20,87.04,87.05,86.31,86.33,16900630
2025-06-23,85.74,87.0057,85.68,86.98,23100650
2025-06-24,87.66,88.17,87.56,88.04,14900770
2025-06-25,87.57,87.68,87.36,87.56,14422090
2025-06-26,88.24,88.6099,88.13,88.54,15791540
2025-06-27,89.18,89.62,88.955,89.34,15987690
2025-06-30,89.12,89.49,88.95,89.39,28062280
2025-07-01,89.11,89.39,89.0342,89.24,11406070
2025-07-02,88.97,89.56,88.84,89.5,13133600
2025-07-03,89.435,89.675,89.39,89.52,5311077
2025-07-07,88.94,89.1,88.3,88.55,12925000
2025-07-08,88.7,89.29,88.6,89.2,9061444
2025-07-09,89.59,89.9,89.375,89.87,8699939
2025-07-10,89.63,89.88,89.425,89.81,8554427
2025-07-11,89.1,89.125,88.81,88.95,8467972
2025-07-14,88.65,89.015,88.57,88.95,7969857
2025-07-15,88.96,88.97,87.96,88.02,10572040
2025-07-16,87.98,88.44,87.72,88.38,16776530
2025-07-17,88.15,88.62,88.085,88.61,9542032
2025-07-18,89.02,89.025,88.275,88.36,11044830
2025-07-21,88.78,89.28,88.61,88.83,9323984
2025-07-22,88.93,89.39,88.7135,89.32,12134310
2025-07-23,90.54,91.57,90.485,91.54,18088190
2025-07-24,91.07,91.27,90.86,90.86,12025600
2025-07-25,90.19,90.76,90.085,90.75,9583464
2025-07-28,89.81,89.86,89.095,89.29,13653970
2025-07-29,89.3,89.3,88.93,89.11,11888620
2025-07-30,88.825,89.075,88.14,88.47,14623010
2025-07-31,88.1,88.135,87.35,87.52,29271580
2025-08-01,87.28,87.425,86.735,87.29,18658180
2025-08-04,88.23,88.47,88.11,88.45,14718050
2025-08-05,88.6,88.64,88.17,88.44,11634140
2025-08-06,88.84,89.17,88.765,89.02,11499870
2025-08-07,90.02,90.09,89.44,89.82,11525590
2025-08-08,90.15,90.525,90.08,90.37,10367280
2025-08-11,90.12,90.2,89.875,89.99,8516640
2025-08-12,90.39,91.15,90.275,91.09,12302860
2025-08-13,91.39,91.66,91.365,91.64,9490537
2025-08-14,91.225,91.68,91.195,91.65,11790570
2025-08-15,92.22,92.275,92.04,92.19,11864280
2025-08-18,91.945,92.135,91.795,92.09,11577830
2025-08-19,92.33,92.49,92.015,92.1,10721580
2025-08-20,92.27,92.46,92.105,92.43,15871190
2025-08-21,91.92,92.065,91.685,91.85,11258870
2025-08-22,92.21,93.38,92.18,93.23,15827470
2025-08-25,92.79,92.945,91.9801,92,11700870
2025-08-26,91.74,91.95,91.67,91.9,11788860
2025-08-27,91.22,91.715,91.035,91.68,13054220
2025-08-28,92,92.14,91.83,92.02,11136420
2025-08-29,91.53,91.65,91.325,91.48,18544490
2025-09-02,90.1,90.735,90.04,90.58,15496270
2025-09-03,90.45,90.8,90.37,90.72,14418840
2025-09-04,91,91.4,90.935,91.38,10348030
2025-09-05,92.115,92.385,91.495,91.79,15510640
2025-09-08,92.46,92.74,92.24,92.71,12010730
2025-09-09,92.325,92.495,92.15,92.4,10893170
2025-09-10,92.65,92.765,92.265,92.38,11838440
2025-09-11,92.78,93.39,92.75,93.36,11013030
2025-09-12,92.99,93.125,92.765,92.99,10010530
2025-09-15,93.45,93.6799,93.32,93.61,18108010
2025-09-16,93.52,93.54,93.08,93.35,25226900
2025-09-17,93.24,93.77,92.61,93,17013570
2025-09-18,93.1,93.48,92.82,93.36,15791640
2025-09-19,93.04,93.145,92.76,93,21889340
2025-09-22,92.96,93.34,92.73,93.3,13692270
2025-09-23,93.51,93.67,93.015,93.12,14688390
2025-09-24,92.69,92.92,92.46,92.58,14910670
2025-09-25,91.945,92.02,91.525,91.92,22434550
2025-09-26,92.31,92.64,92.225,92.63,18137960
2025-09-29,92.92,93.06,92.765,92.99,13807070
2025-09-30,92.885,93.46,92.86,93.37,24294990
2025-10-01,93.88,94.27,93.8601,94.14,17167910
2025-10-02,94.535,94.6,93.87,94.29,15300540
2025-10-03,94.97,95.265,94.845,95.08,13985530
2025-10-06,95.25,95.525,95.145,95.3,12812710
2025-10-07,94.96,95.0107,94.4325,94.47,9074987
2025-10-08,94.79,94.9251,94.5501,94.75,11159400
2025-10-09,94.79,94.79,93.7399,93.97,10567890
2025-10-10,93.69,93.7662,92.115,92.24,26137180
2025-10-13,92.65,93.08,92.53,92.98,11132880
2025-10-14,92.45,93.6758,92.335,93.4,15119000
2025-10-15,93.86,94.1307,93.315,93.85,15005510
2025-10-16,94.42,94.74,94,94.34,24970280
2025-10-17,94.04,94.5665,93.92,94.51,16789490
2025-10-20,94.945,95.375,94.93,95.29,12951060
2025-10-21,94.86,95,94.55,94.59,16644260
2025-10-22,94.6,94.76,94.05,94.45,15028680
2025-10-23,94.62,94.9986,94.62,94.89,10584490
2025-10-24,95.08,95.205,94.935,95.04,8967861
2025-10-27,95.56,95.73,95.48,95.7,10612650
2025-10-28,95.63,95.95,95.465,95.66,9187623
2025-10-29,95.66,95.75,94.645,95.12,17914370
2025-10-30,94.57,95.08,94.5,94.7,13967840
2025-10-31,94.59,94.61,94.13,94.49,19459170
2025-11-03,94.56,94.64,94.26,94.53,10681370
2025-11-04,93.525,94.03,93.445,93.56,10349020
2025-11-05,93.68,94.32,93.67,94.16,12451340
2025-11-06,94.27,94.36,93.705,93.95,16176000
2025-11-07,93.57,94.32,93.34,94.3,13976940
2025-11-10,94.86,95.35,94.59,95.29,15682790
2025-11-11,95.67,96.1401,95.67,95.99,12959430
2025-11-12,96.31,96.69,96.31,96.56,9532343
2025-11-13,96.35,96.46,95.425,95.53,15864780
2025-11-14,94.88,95.5269,94.78,95.26,17396350
2025-11-17,94.6,94.88,93.68,94.02,18850880
2025-11-18,92.81,93.1456,92.3,92.8,22482260
2025-11-19,92.71,93.065,92.1441,92.52,15425360
2025-11-20,93.13,93.25,91.21,91.24,26720920
2025-11-21,92.1,92.895,91.76,92.65,27211440
2025-11-24,92.45,92.875,92.34,92.73,18550870
2025-11-25,93.13,93.88,92.885,93.84,19903830
2025-11-26,94.26,95.01,94.23,94.87,13481190
2025-11-28,94.84,95.22,94.735,95.19,8136033
2025-12-01,94.92,95.15,94.69,94.72,21791500
2025-12-02,95.08,95.13,94.745,95.04,14267610
2025-12-03,95.12,95.59,95.1,95.55,14439840
2025-12-04,96.08,96.175,95.645,95.81,13862950
2025-12-05,96.1,96.225,95.635,95.81,15829870
2025-12-08,95.82,95.82,95.355,95.51,13589160
2025-12-09,95.6,95.83,95.36,95.38,15966760
2025-12-10,95.56,96.5999,95.495,96.44,21171780
2025-12-11,96.715,97.1499,96.63,97.01,19221700
2025-12-12,97.06,97.18,96.145,96.5,20514860
2025-12-15,97.31,97.415,96.87,97.09,22751910
2025-12-16,95.14,95.225,94.595,94.92,29380530
2025-12-17,94.73,94.95,94.13,94.15,34926070
2025-12-18,94.95,95.305,94.58,94.82,29971360
2025-12-19,95.26,95.73,95.21,95.46,31094760
2025-12-22,95.47,95.7554,95.4,95.7,15861190
2025-12-23,96.28,96.44,96.165,96.29,16485890
2025-12-24,96.33,96.4614,96.185,96.41,5609693
2025-12-26,96.53,96.6,96.335,96.57,9304222
2025-12-29,96.26,96.465,96.055,96.28,16705460
2025-12-30,96.63,96.795,96.415,96.44,15876990
2025-12-31,96.33,96.39,95.9239,96.03,27618020
2026-01-02,97.03,97.105,96.51,97.04,42922550
2026-01-05,97.255,98.15,97.23,98.15,25186950
2026-01-06,98.31,98.48,98.13,98.3,14557980
2026-01-07,98.14,98.205,97.84,97.93,15468960
2026-01-08,97.56,97.95,97.525,97.94,14090760
2026-01-09,98.42,98.885,98.33,98.81,16001760
2026-01-12,99.15,99.44,99.115,99.41,15313530
2026-01-13,99.23,99.25,98.645,98.84,17697980
2026-01-14,99.19,99.365,98.98,99.3,19947520
2026-01-15,99.62,99.62,99.22,99.26,24662620
2026-01-16,99.42,99.54,99.055,99.53,18699260
2026-01-20,98,98.685,97.86,98.02,26893280
2026-01-21,98.27,99.28,97.89,99.03,26150510
2026-01-22,99.39,99.67,99.175,99.42,16592840
2026-01-23,99.17,100,99,99.97,16753540
2026-01-26,100.54,100.825,100.46,100.47,14959320
2026-01-27,101.47,102.32,101.43,102.09,19754260
2026-01-28,101.185,101.355,100.56,101.01,21938780
2026-01-29,102.015,102.1,100.555,101.69,29236250
2026-01-30,101.35,101.54,100.37,100.74,27813420
2026-02-02,100.88,101.545,100.82,101.4,21725500
2026-02-03,101.14,101.655,100.64,101.45,23625730
2026-02-04,102.47,102.665,101.37,101.78,25576680
2026-02-05,100.62,101.145,100.27,100.33,22760150
2026-02-06,101.69,102.65,101.635,102.61,17343720
2026-02-09,103.23,104.17,103.115,103.99,20137690
2026-02-10,104.575,104.67,104.24,104.24,16861810
2026-02-11,104.84,105.17,104.16,104.94,20493540
2026-02-12,105.09,105.235,103.81,104.15,29385320
2026-02-13,103.88,104.43,103.445,104.24,22651310
2026-02-17,103.36,104.34,103.02,104.22,19647200
2026-02-18,104.37,104.91,104.12,104.34,16099440
2026-02-19,103.54,104.09,103.37,104.05,15994120
2026-02-20,103.86,105.05,103.86,104.9,25737460
2026-02-23,104.81,105.105,104.19,104.47,14151840
2026-02-24,104.17,104.915,104.08,104.66,17358040
2026-02-25,105.255,105.7953,105.145,105.66,14783780
2026-02-26,105.635,105.72,104.87,105.57,28482700
2026-02-27,105.52,105.94,105.26,105.38,25575480
2026-03-02,102.76,103.725,102.72,103.3,38047010
2026-03-03,98.65,100.56,97.75,100.09,52567270
2026-03-04,100.785,101.49,100.4,101.38,30766530
2026-03-05,99.78,100.27,98.22,99.16,34508250
2026-03-06,97.27,98.69,97.06,98.28,27734380
2026-03-09,96.775,99.405,95.98,98.99,37484690
2026-03-10,99.735,100.88,99.07,99.22,44802860
2026-03-11,98.64,99.375,98.285,99.01,21349910
2026-03-12,98.04,98.13,97.005,97.46,34724590
2026-03-13,97.665,98.105,96.14,96.3,27628300
2026-03-16,97.64,98.32,97.45,98.1,17384130
2026-03-17,98.74,98.965,98.24,98.37,16411460
2026-03-18,97.81,98.01,96.605,96.69,26644890
2026-03-19,94.94,97.11,94.8,96.52,34858280
2026-03-20,96.13,96.13,93.08,93.59,45493720
2026-03-23,95.525,97.02,94.945,95.84,40781200
2026-03-24,94.485,95.81,94.35,95.27,22695850
2026-03-25,96.92,97.15,96.15,96.66,20476290
2026-03-26,95.47,96.23,94.615,94.66,19676760
2026-03-27,94.29,94.84,93.515,93.8,22341140
2026-03-30,94.72,94.975,93.67,94.07,16136380
2026-03-31,95.57,97.155,95.0601,97.13,39447980
2026-04-01,98.52,99.32,98.215,98.61,27123210
2026-04-02,96.54,98.42,96.36,98,17276290
2026-04-06,98.13,98.73,98.03,98.49,11810900
2026-04-07,97.67,98.5,96.79,98.35,19809720
2026-04-08,102.49,102.635,101.515,102.19,22300870
2026-04-09,101.09,102.47,100.91,101.95,14958350
2026-04-10,102.63,102.69,101.805,102.18,8670349
2026-04-13,101.265,102.85,101.175,102.81,19346910
2026-04-14,103.34,103.82,103.21,103.64,16581250
2026-04-15,103.39,103.445,102.935,103.31,8786288
2026-04-16,103.56,103.58,102.645,103.01,13227620
2026-04-17,104.46,105.13,104.21,104.32,17321900
2026-04-20,103.72,103.93,103.13,103.91,12896410
2026-04-21,103.125,103.27,101.51,101.63,18105410
2026-04-22,102.33,102.38,101.65,101.97,9990803
2026-04-23,101.75,102.12,100.15,101.24,15774210
2026-04-24,101.41,101.96,101.15,101.77,14219370
2026-04-27,101.825,102.055,101.34,101.38,10091680
2026-04-28,100.93,101.13,100.56,100.96,11008860
2026-04-29,100.4,100.48,99.505,99.93,10987200
2026-04-30,101.32,102.575,101.09,102.32,16585800
2026-05-01,102.29,102.87,102.065,102.1,14447180
2026-05-04,101.44,101.715,100.26,100.7,21026270
2026-05-05,101.67,102.16,101.19,102.04,12347320
2026-05-06,104.5,104.92,104.31,104.81,14755520
2026-05-07,104.82,104.86,102.82,102.89,19257470
2026-05-08,103.765,104.04,103.39,103.96,12280190
2026-05-11,103.81,104,103.57,103.74,10717950
2026-05-12,103,103.28,102.35,103.14,15771340
2026-05-13,103.01,103.88,102.9306,103.83,9578943
2026-05-14,103.79,103.9263,103.41,103.46,8943807
2026-05-15,102.01,102.14,101.55,101.72,17916750
2026-05-18,102.48,102.82,101.775,102.66,15943990
2026-05-19,102.075,102.47,101.69,101.92,13211800
2026-05-20,102.155,103.91,101.97,103.62,16511770
2026-05-21,102.815,104.56,102.6,104.19,14357630
2026-05-22,104.22,104.48,103.7899,103.98,12012640
2026-05-26,105.345,105.46,104.755,105.13,12884880
2026-05-27,105.06,105.085,104.515,104.77,12599620
2026-05-28,104.115,105.01,103.97,104.69,13606000
2026-05-29,105.13,105.52,104.73,104.8,16934040
2026-06-01,103.99,104.92,103.6,104.44,17412620
2026-06-02,104.59,105.155,104.53,105.02,8400727
2026-06-03,104.575,104.635,104.07,104.12,11807070
2026-06-04,104.54,105.015,104.43,104.95,10158680
2026-06-05,104.14,104.185,101.91,102.26,16937640
2026-06-08,103.27,103.495,102.715,102.88,13550420
2026-06-09,103.89,104.235,101.34,102.9,21878020
2026-06-10,102.23,102.9,101.49,101.57,22737740
2026-06-11,102.48,104.85,102.22,104.73,20415020
2026-06-12,104.65,105.36,104.19,105.02,14219960
2026-06-15,104.69,104.74,103.985,104.08,14053630
2026-06-16,104.72,104.8,104.225,104.31,12047010
2026-06-17,105.04,105.42,103.585,103.78,20717590
2026-06-18,104.58,104.66,104.18,104.41,15466270
2026-06-22,104.59,104.835,104.425,104.58,9596198
2026-06-23,102.38,103.015,102.315,102.46,17425690
2026-06-24,102.24,102.65,101.92,102.26,12504170
2026-06-25,103.48,103.725,102.73,103.15,13139590
2026-06-26,102.46,103.07,102.3,102.54,21219220
2026-06-29,102.87,103.47,102.22,103.45,10788620
2026-06-30,103.32,103.89,103.19,103.88,16945920
2026-07-01,103.07,103.43,102.87,103.02,13487080
2026-07-02,104.59,105.27,103.75,104.37,12685960
2026-07-06,104.995,105.52,104.88,105.46,9803217
2026-07-07,105.015,105.16,103.85,104.16,10715190
2026-07-08,102.81,103.405,102.255,103.36,8642828
2026-07-09,103.61,104.185,103.55,103.92,7586409
2026-07-10,104.18,104.595,103.61,104.33,8286795
2026-07-13,103.85,103.98,103.085,103.24,10953700
2026-07-14,104.38,105.09,103.91,103.96,9932196
2026-07-15,104.28,104.81,103.8,104.65,7415824
2026-07-16,103.67,104.22,103.47,103.81,9966804
2026-07-17,102.51,103.51,102.51,103.33,10969900
2026-07-20,103.34,103.49,102.465,102.57,14834450
2026-07-21,103.51,104.19,103.09,104.06,9826921
2026-07-22,104.44,104.64,104.215,104.25,14694590
2026-07-23,102.755,103.29,102.54,102.9,12596070
2026-07-24,103.5,104.025,103.255,103.41,9032149
2026-07-27,104.355,104.455,103.445,103.91,9299983
2026-07-28,103.19,104.18,103.12,103.89,9580483
2026-07-29,103.715,104.85,102.98,103.37,11646400
2026-07-30,105.005,106.32,104.81,106.24,13263690
2026-07-31,105.75,105.8297,104.6,105.58,14260690
