date,open,high,low,close,volume
2016-08-23,40.024,40.05,39.7995,39.8295,18322660
2016-08-24,39.843,39.923,39.538,39.68,25676480
2016-08-25,39.6,39.736,39.3615,39.565,24038040
2016-08-26,39.6245,39.97,39.4703,39.661,24969320
2016-08-29,39.6525,39.926,39.516,39.791,15457520
2016-08-30,39.644,39.9,39.4735,39.596,23800680
2016-08-31,39.48,39.5785,39.36,39.4925,21402800
2016-09-01,39.599,39.6445,39.3165,39.57,26062360
2016-09-02,39.7635,39.855,39.663,39.8435,26982180
2016-09-06,39.9195,40.5445,39.7715,40.401,39784640
2016-09-07,40.3965,40.53,40.186,40.3995,22911040
2016-09-08,40.261,40.421,40.0505,40.142,23528620
2016-09-09,39.9385,40.0875,39.4025,39.424,37649660
2016-09-12,39.226,40.0085,39.175,39.941,37229340
2016-09-13,39.7005,39.7895,39.2165,39.436,36160300
2016-09-14,39.3765,39.8165,39.3765,39.523,26260160
2016-09-15,39.5005,40.1823,39.433,40.0615,31277980
2016-09-16,39.951,39.951,39.681,39.8985,42590560
2016-09-19,40.0555,40.1995,39.678,39.7695,22935400
2016-09-20,40,40.1375,39.913,39.989,20998240
2016-09-21,40.063,40.2955,39.8015,40.2515,26932200
2016-09-22,40.5,40.953,40.3855,40.7975,35152820
2016-09-23,40.757,40.85,40.6365,40.748,28224320
2016-09-26,40.491,40.504,40.0225,40.1325,28635580
2016-09-27,40.0915,40.6745,40.0915,40.5365,27242700
2016-09-28,40.204,40.5125,40.139,40.503,29384400
2016-09-29,40.3615,40.6955,40.0428,40.132,26964820
2016-09-30,40.18,40.4045,40.075,40.203,32577920
2016-10-03,40.1275,40.177,39.8115,40.019,29742600
2016-10-04,40.25,40.325,39.9835,40.1395,25153620
2016-10-05,40.3,40.425,40.0355,40.0615,24183660
2016-10-06,40.204,40.3473,40.0255,40.154,21963160
2016-10-07,40.2965,40.297,39.841,40.0355,23276200
2016-10-10,40.1965,40.869,40.112,40.7085,29780060
2016-10-11,40.7085,40.993,40.3685,40.4785,34396700
2016-10-12,40.598,40.725,40.4277,40.5885,18114060
2016-10-13,40.3035,40.328,39.931,40.204,27366220
2016-10-14,40.3725,40.5045,40.116,40.23,22137900
2016-10-17,40.2995,40.6745,40.1915,40.342,21116120
2016-10-18,40.7105,41.4405,40.6665,41.0745,45749700
2016-10-19,41.226,41.4905,41.1603,41.3545,29948580
2016-10-20,41.378,41.4233,41.0275,41.0815,27716220
2016-10-21,41,41.2145,40.9155,41.203,32248360
2016-10-24,41.5045,41.897,41.452,41.787,28897020
2016-10-25,41.925,41.925,41.265,41.4275,37741360
2016-10-26,41.356,41.3855,40.8175,41.105,35835120
2016-10-27,41.1505,41.329,40.7305,40.8675,58792020
2016-10-28,41.497,41.95,40.85,40.978,87054080
2016-10-31,41.1215,41.1315,40.4,40.495,44779340
2016-11-01,40.5435,40.698,39.913,40.274,47093040
2016-11-02,40.338,40.338,39.25,39.421,45697720
2016-11-03,39.225,39.5,38.9315,39.1095,43466800
2016-11-04,38.565,39.424,38.5502,39.055,39352400
2016-11-07,39.7475,40.25,39.645,40.1015,39729280
2016-11-08,40.1015,40.802,39.981,40.599,35197700
2016-11-09,40.0915,40.5855,39.6018,40.2795,61902100
2016-11-10,40.5,40.503,38.4115,39.0145,118042320
2016-11-11,38.8405,38.8645,38.277,38.5875,71757580
2016-11-14,38.588,38.589,37.1795,37.661,73629420
2016-11-15,38.2735,39.0119,38.261,38.758,58801140
2016-11-16,38.521,39.175,38.3165,38.999,35931180
2016-11-17,39.125,39.445,38.9925,39.308,30633000
2016-11-18,39.3585,39.5645,38.7675,38.7985,36002700
2016-11-21,38.905,39.3275,38.815,39.24,32570600
2016-11-22,39.4495,39.6885,39.187,39.25,27826240
2016-11-23,39.476,39.476,38.6325,38.95,26224560
2016-11-25,39.1305,39.145,38.9095,39.0115,12270980
2016-11-28,38.9175,39.987,38.905,39.2895,51386380
2016-11-29,39.419,39.822,39.267,39.472,31219260
2016-11-30,39.455,39.5755,38.6573,38.794,45455640
2016-12-01,38.9275,38.93,37.668,38.2165,57279860
2016-12-02,38.095,38.525,37.95,38.223,33929760
2016-12-05,38.5,39,38.3484,38.911,33710380
2016-12-06,39.0095,39.264,38.666,38.809,34664880
2016-12-07,38.9975,39.6,38.6765,39.5735,40528060
2016-12-08,39.6475,39.95,39.3953,39.7585,32238460
2016-12-09,39.965,40.4975,39.9025,40.4725,38000680
2016-12-12,40.241,40.5675,40.2266,40.395,32554220
2016-12-13,40.6195,41.215,40.597,40.767,42083960
2016-12-14,40.796,41.213,40.639,40.8945,35952240
2016-12-15,40.868,41.15,40.6,40.7825,35370900
2016-12-16,40.9155,40.96,40.406,40.492,51958960
2016-12-19,40.464,40.811,40.225,40.625,25268320
2016-12-20,40.6685,40.8245,40.55,40.76,25410580
2016-12-21,40.786,40.786,40.255,40.61,29149600
2016-12-22,40.455,40.5535,40.3015,40.484,22640940
2016-12-23,40.4005,40.5485,40.2555,40.39,15295340
2016-12-27,40.434,40.8,40.29,40.4965,19494760
2016-12-28,40.6665,40.6665,40.122,40.2285,24044800
2016-12-29,40.1165,40.2875,39.9072,40.144,21140080
2016-12-30,40.1605,40.1643,39.481,39.6225,34710440
2017-01-03,40.031,40.5718,39.8445,40.4005,39175660
2017-01-04,40.4945,40.6715,40.2055,40.3885,30296160
2017-01-05,40.375,40.687,40.296,40.651,26786140
2017-01-06,40.7495,41.448,40.575,41.2605,40289020
2017-01-09,41.3185,41.5215,41.081,41.359,28173960
2017-01-10,41.3535,41.4705,41.157,41.3005,23932820
2017-01-11,41.331,41.495,41.0735,41.493,26476260
2017-01-12,41.419,41.519,41.0505,41.4765,26995980
2017-01-13,41.55,41.7325,41.476,41.547,25796460
2017-01-17,41.5,41.509,41.16,41.373,28814480
2017-01-18,41.49,41.4905,41.204,41.451,20525120
2017-01-19,41.45,41.65,41.198,41.2185,21377520
2017-01-20,41.4545,41.462,41.23,41.4085,26088420
2017-01-23,41.5805,42.2771,41.435,42.2215,49139580
2017-01-24,42.349,42.576,42.114,42.4765,33727460
2017-01-25,42.6775,42.9397,42.487,42.9225,33156360
2017-01-26,42.9525,43.05,42.526,42.849,69051980
2017-01-27,42.95,43.35,42.095,42.2515,75026180
2017-01-30,41.853,41.8615,41.0515,41.1915,70298580
2017-01-31,40.975,41.1535,40.67,41.0095,40354260
2017-02-01,41.2,41.2,40.6125,40.762,44936820
2017-02-02,40.75,41.228,40.6026,40.913,33739940
2017-02-03,41.1565,41.3065,40.9675,41.0065,30554720
2017-02-06,41.046,41.1195,40.7145,41.081,27009480
2017-02-07,41.275,41.596,41.1646,41.4615,33327680
2017-02-08,41.5265,41.7125,41.2555,41.494,26019540
2017-02-09,41.5865,41.599,41.325,41.503,23876360
2017-02-10,41.6475,41.8575,41.5255,41.7425,28282100
2017-02-13,41.885,42.0868,41.8123,41.948,25902720
2017-02-14,41.9885,42.1,41.7915,42.0015,27244200
2017-02-15,41.9405,42.0886,41.811,41.866,27135040
2017-02-16,41.925,42.1345,41.863,42.1085,20085220
2017-02-17,42.0655,42.347,41.989,42.3275,29190020
2017-02-21,42.3995,42.61,42.3275,42.4635,25218640
2017-02-22,42.4,42.6895,42.3355,42.568,24491940
2017-02-23,42.554,42.631,42.125,42.55,27720380
2017-02-24,42.3825,42.418,42.148,42.3905,26913780
2017-02-27,42.2475,42.5335,42.1505,42.4835,20186640
2017-02-28,42.3675,42.4415,42.0721,42.2465,27629060
2017-03-01,42.569,42.9,42.451,42.8375,36348880
2017-03-02,42.8155,42.8245,42.436,42.4925,24981300
2017-03-03,42.447,42.541,42.2353,42.454,20107700
2017-03-06,42.343,42.447,42.0585,42.3635,20934180
2017-03-07,42.363,42.6665,42.276,42.5575,20766740
2017-03-08,42.656,42.8465,42.5625,42.682,20588880
2017-03-09,42.6845,43.0355,42.6335,42.892,26839540
2017-03-10,43.135,43.2115,42.8805,43.0703,26730460
2017-03-13,43.0415,43.3565,43.041,43.229,23311220
2017-03-14,43.1875,43.379,43.0065,43.2955,21180940
2017-03-15,43.397,43.494,43.0648,43.4195,26639680
2017-03-16,43.5265,43.6355,43.376,43.5,22079800
2017-03-17,43.684,43.721,43.4185,43.6185,37051480
2017-03-20,43.474,43.517,43.2332,43.3955,30573280
2017-03-21,43.503,43.6735,42.3844,42.507,50621720
2017-03-22,42.474,42.7675,42.35,42.49,27233180
2017-03-23,42.0695,42.0845,41.65,41.9825,65709380
2017-03-24,42.1,42.2,41.455,41.757,42047040
2017-03-27,41.4045,42.069,41.215,41.9255,38691500
2017-03-28,41.9845,42.27,41.6133,42.0315,30354800
2017-03-29,42.1375,42.5793,42.069,42.4935,29122700
2017-03-30,42.599,42.6,42.3385,42.474,18969780
2017-03-31,42.3415,42.478,42.2622,42.39,28804040
2017-04-03,42.4375,42.95,42.3765,42.8375,39361240
2017-04-04,42.4,42.65,42.3753,42.6285,26930000
2017-04-05,42.7355,43.0295,42.376,42.4455,37032640
2017-04-06,42.475,42.6795,42.2,42.2548,30605020
2017-04-07,42.25,42.294,41.865,42.105,22208080
2017-04-10,42.077,42.3369,42.0395,42.085,20907380
2017-04-11,42.085,42.2315,41.73,41.994,19477500
2017-04-12,41.923,42.186,41.8795,42.073,22712820
2017-04-13,42.052,42.1865,41.8925,42.009,21424960
2017-04-17,42.069,42.782,42.0515,42.7565,20935080
2017-04-18,42.627,42.8695,42.5625,42.6995,18704320
2017-04-19,42.8693,43.01,42.6764,42.8255,21576400
2017-04-20,42.987,43.1965,42.875,43.004,23742740
2017-04-21,43.031,43.122,42.8865,42.9475,23428140
2017-04-24,43.422,43.998,43.3055,43.9465,33838920
2017-04-25,44.113,44.6125,43.964,44.442,40633740
2017-04-26,44.5695,44.6495,44.2575,44.457,26397100
2017-04-27,44.5,44.6689,44.359,44.572,46126820
2017-04-28,46.45,46.795,46.161,46.226,76091980
2017-05-01,46.2075,46.791,46.04,46.641,46512220
2017-05-02,46.6635,47.1493,46.55,46.8545,34988640
2017-05-03,46.8025,47.51,46.7605,47.4225,36403000
2017-05-04,47.5145,47.957,47.3685,47.736,38759540
2017-05-05,47.836,47.922,47.4049,47.514,32287620
2017-05-08,47.3725,48.0495,47.3698,47.9345,37506160
2017-05-09,48.0665,48.11,47.72,47.8355,33735400
2017-05-10,47.811,47.8355,47.492,47.742,22916840
2017-05-11,47.5645,47.8995,47.4305,47.7945,20620220
2017-05-12,47.8925,47.899,47.603,47.757,24292280
2017-05-15,47.7645,48.135,47.641,47.961,26641300
2017-05-16,48.1775,48.2948,48.0175,48.2305,21996360
2017-05-17,47.985,48.0495,47.003,47.1085,48939320
2017-05-18,47.16,47.709,47.0635,47.525,35990240
2017-05-19,47.641,47.978,47.6,47.7325,27197860
2017-05-22,47.85,48.241,47.828,48.2035,27698080
2017-05-23,48.498,48.7255,48.225,48.5275,30898000
2017-05-24,48.763,48.9058,48.5815,48.8805,22752760
2017-05-25,48.95,49.789,48.891,49.593,39056040
2017-05-26,49.6,49.8195,49.368,49.6635,32647800
2017-05-30,49.625,49.881,49.568,49.8085,30331060
2017-05-31,49.8105,49.98,49.084,49.3545,34512820
2017-06-01,49.548,49.657,49.0645,49.4145,26080540
2017-06-02,49.4295,49.824,49.3535,49.806,34698740
2017-06-05,49.8945,50.3701,49.7725,50.194,27557620
2017-06-06,50.1655,50.4305,49.74,49.834,31014140
2017-06-07,49.941,50.1955,49.7905,50.0795,27443420
2017-06-08,50.2115,50.28,49.831,50.214,33627680
2017-06-09,50.2745,50.275,47.6685,48.506,72833320
2017-06-12,47.936,48.4,46.8398,48.0905,83948800
2017-06-13,48.602,48.8955,48.1005,48.525,40077400
2017-06-14,48.775,48.985,47.9755,48.3965,29994800
2017-06-15,47.401,48.0339,47.0185,48.009,47190740
2017-06-16,47.8955,47.9975,47.435,47.931,50915480
2017-06-19,48.4825,48.965,48.41,48.761,29153580
2017-06-20,48.7655,49.0395,48.41,48.4495,25914980
2017-06-21,48.5395,48.9835,48.458,48.9295,22923480
2017-06-22,48.8435,49.025,48.6657,48.831,20016460
2017-06-23,48.775,49.331,48.723,49.3045,30945640
2017-06-26,49.5,49.6995,48.5165,48.6045,30331380
2017-06-27,48.08,48.361,47.3545,47.4045,48834180
2017-06-28,47.533,48.162,46.808,48.0505,54771880
2017-06-29,47.5675,47.583,46.48,46.891,64063440
2017-06-30,47.1995,47.25,46.4805,46.484,45699360
2017-07-03,46.661,46.712,45.7655,45.973,33896220
2017-07-05,46.21,46.8145,45.9315,46.613,41833760
2017-07-06,46.25,46.807,45.9925,46.3845,40278800
2017-07-07,46.5493,47.233,46.4895,47.0405,32364800
2017-07-10,47.0975,47.6565,47.0975,47.55,28228940
2017-07-11,47.526,47.7445,47.256,47.6765,29211640
2017-07-12,48.043,48.4815,47.852,48.383,31987900
2017-07-13,48.54,48.935,48.24,48.4425,30467340
2017-07-14,48.7,48.877,48.5075,48.8455,21431300
2017-07-17,48.816,49.1675,48.54,48.798,33117620
2017-07-18,48.668,49.5425,48.602,49.3475,28136500
2017-07-19,49.5005,49.78,49.3505,49.6385,27952240
2017-07-20,49.85,49.934,49.231,49.6095,28314300
2017-07-21,49.45,49.7555,49.2085,49.692,29225780
2017-07-24,49.705,50.3095,49.5136,49.9155,77885960
2017-07-25,48.535,48.8365,48.19,48.4515,118587720
2017-07-26,48.639,48.6975,48.0115,48.2655,43808600
2017-07-27,48.459,48.476,46.853,47.6255,74218160
2017-07-28,47.3995,48.0895,47.2655,47.9165,36273960
2017-07-31,48,48.0596,47.0863,47.275,45799440
2017-08-01,47.3905,47.7245,47.248,47.328,26499040
2017-08-02,47.4185,47.455,46.626,47.382,40752140
2017-08-03,47.455,47.5,46.972,47.015,21025020
2017-08-04,47.1975,47.377,46.9898,47.2895,24049560
2017-08-07,47.376,47.448,47.175,47.2875,28883080
2017-08-08,47.2145,47.6245,47.124,47.2095,29993300
2017-08-09,46.9225,47.188,46.696,47.004,27924080
2017-08-10,46.75,46.815,46.0888,46.1795,54080800
2017-08-11,46.1855,46.668,46.061,46.5045,32310180
2017-08-14,46.9535,47.052,46.7243,46.9465,22990320
2017-08-15,47.0515,47.1535,46.832,46.904,22073060
2017-08-16,47.0625,47.495,47.002,47.2135,26863900
2017-08-17,47.1475,47.1905,46.382,46.383,33475840
2017-08-18,46.349,46.551,46.1725,46.309,26694180
2017-08-21,46.2885,46.4125,45.93,46.0435,25982320
2017-08-22,46.348,47.0981,46.3085,47.02,35193420
2017-08-23,46.85,47.2713,46.762,47.129,22663400
2017-08-24,47.1855,47.3155,46.537,46.8445,25881640
2017-08-25,46.9605,47.0365,46.505,46.525,23690820
2017-08-28,46.594,46.7425,46.3055,46.4065,20882460
2017-08-29,45.9975,46.9095,45.9655,46.7875,23167080
2017-08-30,46.7835,47.293,46.7025,47.1815,22371260
2017-08-31,47.315,47.8598,47.3125,47.762,33842760
2017-09-01,47.8735,47.9165,47.514,47.5995,20810900
2017-09-05,47.343,47.5693,46.78,47.074,29162940
2017-09-06,47.1935,47.225,46.634,47.101,27806020
2017-09-07,47.2125,47.5248,46.8765,47.4945,22308840
2017-09-08,47.485,47.535,47.0005,47.0705,19985080
2017-09-11,47.36,47.634,47.05,47.1645,26723620
2017-09-12,47.346,47.4043,46.875,47.3325,25671600
2017-09-13,47.275,47.6425,47.237,47.522,21894700
2017-09-14,47.3,47.4015,46.9178,47.0065,28491340
2017-09-15,47.0045,47.0875,46.5625,46.7645,39130760
2017-09-18,46.7505,46.843,46.27,46.4875,29124120
2017-09-19,46.6705,46.897,46.333,46.843,24644480
2017-09-20,46.8865,47.5,46.875,47.377,38457240
2017-09-21,47.4065,47.64,46.969,47.3775,26148360
2017-09-22,47.1385,47.5,47.0418,47.163,21485320
2017-09-25,46.9725,46.9875,46.2255,46.714,37399840
2017-09-26,46.8345,47.204,46.756,46.8715,32571300
2017-09-27,47.137,48.2715,47.0975,47.995,46645640
2017-09-28,47.8125,48.309,47.7775,48.2405,28007940
2017-09-29,48.3,48.7905,48.3,48.686,40526740
2017-10-02,48.7825,48.887,48.0975,48.3735,30733040
2017-10-03,48.378,48.622,48.1353,48.604,21676220
2017-10-04,48.588,48.72,48.2805,48.339,21124080
2017-10-05,48.6395,49.3254,48.5135,49.2595,35575340
2017-10-06,49,49.713,48.9255,49.682,31038100
2017-10-09,49.75,50.023,49.575,49.6155,25889900
2017-10-10,49.765,49.8735,49.0555,49.39,23266380
2017-10-11,49.452,50.3783,49.397,50.2825,36263640
2017-10-12,50.192,50.5769,50.055,50.2825,30806960
2017-10-13,50.4555,50.738,50.353,50.3935,26541520
2017-10-16,50.4815,50.6,50.076,50.4675,21386980
2017-10-17,50.372,50.728,50.3025,50.55,20138620
2017-10-18,50.5525,50.8155,50.266,50.637,25574580
2017-10-19,50.2375,50.3661,49.865,50.092,33627400
2017-10-20,50.3525,50.4325,50.1135,50.2535,32103540
2017-10-23,50.259,50.2897,49.155,49.277,32752480
2017-10-24,49.325,49.463,48.854,49.4245,28747240
2017-10-25,49.3135,49.7215,48.8861,49.573,27963060
2017-10-26,49.9235,50.3255,49.5235,49.571,46835040
2017-10-27,51.5495,53.181,51.3425,51.6835,103653380
2017-10-30,51.458,51.9915,51.1165,51.6565,46784360
2017-10-31,51.65,52.05,51.3148,51.652,30041820
2017-11-01,51.8158,52.393,51.7,52.1298,42653100
2017-11-02,51.9995,52.276,51.433,52.1485,26681080
2017-11-03,52.1375,52.533,51.8825,52.4995,27702580
2017-11-06,52.455,52.6295,52.1,52.134,18277800
2017-11-07,52.4825,52.6705,52.15,52.6195,26070460
2017-11-08,52.5025,53.1346,52.3525,52.9145,24289160
2017-11-09,52.4,52.544,51.7925,52.386,35877640
2017-11-10,52.1935,52.3315,52.061,52.2075,19408760
2017-11-13,52.04,52.437,51.963,52.06,18801660
2017-11-14,51.886,52.115,51.4665,52.082,20991580
2017-11-15,51.75,51.9815,51.538,51.8205,18076460
2017-11-16,51.9375,52.588,51.9,52.4235,22751380
2017-11-17,52.49,52.55,51.6865,51.7945,26683420
2017-11-20,51.8,51.9348,51.6337,51.733,17153840
2017-11-21,52.002,52.5195,51.957,52.515,21617340
2017-11-22,52.558,52.7715,52.3625,52.596,14528560
2017-11-24,52.7195,53.0035,52.596,52.826,16507380
2017-11-27,52.9285,53.6518,52.7386,53.6005,35423660
2017-11-28,53.6995,54,52.727,53.1645,36386720
2017-11-29,52.809,52.9385,51.4827,51.869,55790660
2017-11-30,51.997,52.207,51.5035,51.8085,44649640
2017-12-01,51.5205,51.8622,50.845,51.2535,37341760
2017-12-04,51.39,51.567,50.461,50.5935,38764660
2017-12-05,50.5495,51.834,50.1158,50.98,38979400
2017-12-06,50.826,51.979,50.7655,51.636,27613300
2017-12-07,51.8035,52.446,51.768,52.2285,30841480
2017-12-08,52.5905,52.821,52.293,52.469,29839880
2017-12-11,52.5555,52.8,52.206,52.5985,23239620
2017-12-12,52.5,53.125,52.2435,52.4385,33855980
2017-12-13,52.604,52.774,52.329,52.5695,27678700
2017-12-14,52.7745,53.354,52.6798,52.8735,30911360
2017-12-15,53.189,53.7625,53.0045,53.6,63691100
2017-12-18,53.8225,54.3245,53.5185,54.2545,30244820
2017-12-19,54.151,54.2488,53.6135,53.989,25832160
2017-12-20,54.046,54.0617,53.43,53.678,28714420
2017-12-21,53.7695,53.876,53.45,53.5425,24952160
2017-12-22,53.5,53.586,53.382,53.443,17705860
2017-12-26,53.432,53.443,52.932,53.2925,18365020
2017-12-27,53.33,53.4135,52.919,53.01,22317860
2017-12-28,53.1125,53.242,52.669,52.7975,19878900
2017-12-29,52.7745,52.9025,52.635,52.67,23568660
2018-01-02,52.651,53.799,52.651,53.6605,31747160
2018-01-03,53.6965,54.805,53.6715,54.576,31288200
2018-01-04,54.8545,55.2038,54.713,54.788,26049400
2018-01-05,55.1725,55.679,55.0898,55.5145,30249860
2018-01-08,55.55,55.958,55.5,55.7105,24626880
2018-01-09,55.922,55.922,55.4101,55.6395,26776560
2018-01-10,55.35,55.639,55.1992,55.507,20727240
2018-01-11,55.6155,55.7425,55.324,55.6025,22194020
2018-01-12,55.505,56.5651,55.4005,56.5325,38536300
2018-01-16,57.0155,57.444,56.333,56.535,36060160
2018-01-17,56.818,56.966,56.1745,56.955,27784240
2018-01-18,56.9675,57.0293,56.2233,56.7985,27440300
2018-01-19,56.9015,57.189,56.625,57.175,28981940
2018-01-22,57.191,58.344,57.091,58.208,29513400
2018-01-23,58.531,58.9255,58.3625,58.8085,38801700
2018-01-24,59.249,59.3525,58.3701,58.5645,36916180
2018-01-25,59.0355,59.25,58.592,59.107,29733160
2018-01-26,59.3765,59.378,58.4015,59.378,41957480
2018-01-29,59.4,59.9,59.203,59.324,31406400
2018-01-30,58.886,59.3965,58.7255,58.8685,36271060
2018-01-31,59.1905,59.316,58.605,59.111,35776260
2018-02-01,58.7995,59.3725,58.468,59.0795,72357000
2018-02-02,56.371,56.565,55.5585,55.96,116636360
2018-02-05,55.0305,55.7495,52.837,53.1195,83030080
2018-02-06,51.699,54.3688,51.5005,54.2215,76109340
2018-02-07,54.2485,54.3265,52.731,52.7705,51689020
2018-02-08,52.9935,53.1965,50.235,50.3855,66604680
2018-02-09,51.294,52.586,49.85,52.3135,98247300
2018-02-12,52.8335,53.2785,52.2745,52.728,56097760
2018-02-13,52.5,53.061,52.346,52.707,31519340
2018-02-14,52.716,53.7735,52.49,53.635,41150640
2018-02-15,54.1725,54.705,53.3615,54.568,37177320
2018-02-16,54.669,55.4155,54.5775,54.775,39862940
2018-02-20,54.638,55.8145,54.5,55.1795,33674480
2018-02-21,55.455,56.81,55.3755,55.6875,41427680
2018-02-22,55.9585,56.273,55.2575,55.495,27973460
2018-02-23,55.933,56.45,55.4219,56.4045,25256740
2018-02-26,56.593,57.21,56.467,57.185,30063320
2018-02-27,57.185,57.2125,55.8395,55.8755,42706120
2018-02-28,56.1,56.3825,55.15,55.196,49120800
2018-03-01,55.477,55.5637,53.3643,53.5705,55268860
2018-03-02,52.899,54.3445,52.5055,54.207,49249180
2018-03-05,53.9065,55.059,53.6135,54.738,27327820
2018-03-06,55.1052,55.2815,54.725,55.045,23207180
2018-03-07,54.641,55.81,54.4955,55.752,29789760
2018-03-08,55.86,56.572,55.86,56.469,34528240
2018-03-09,56.975,58.05,56.7145,58.042,42617780
2018-03-12,58.2525,58.908,57.96,58.2965,43963640
2018-03-13,58.5915,58.9,56.7285,56.9955,43077940
2018-03-14,57.29,57.988,57.1175,57.4445,41858920
2018-03-15,57.4785,58.125,56.783,57.5305,33311960
2018-03-16,57.7675,57.8405,56.568,56.721,54229580
2018-03-19,55.888,55.9685,54.446,55.0035,61844900
2018-03-20,54.92,55.2775,54.121,54.79,54586840
2018-03-21,54.6285,55.435,54.3605,54.7,44261020
2018-03-22,54.0005,54.196,52.482,52.6575,68480020
2018-03-23,52.5685,53.339,51.2435,51.3275,49777680
2018-03-26,52.53,52.9635,50.529,52.7045,65911200
2018-03-27,53.195,53.227,49.881,50.347,60418640
2018-03-28,50.0955,51.2495,49.2,50.259,77605300
2018-03-29,50.5605,52.4025,50.202,51.857,69306320
2018-04-02,51.381,51.9765,49.7125,50.6315,64888880
2018-04-03,50.8075,51.25,49.8623,50.934,51307980
2018-04-04,49.9115,51.637,49.8255,51.4855,50660640
2018-04-05,52.3195,52.3355,51.2,51.632,34909820
2018-04-06,51.155,51.8,50.3125,50.4975,40093180
2018-04-09,51.002,52.2295,50.96,51.0045,33175940
2018-04-10,51.513,52.0605,50.7705,51.825,36656440
2018-04-11,51.6,51.7935,50.96,51.253,32998560
2018-04-12,51.5735,52.2325,51.3025,51.8645,32855920
2018-04-13,52.3445,52.649,51.5075,51.802,24551700
2018-04-16,52.2775,52.5715,51.696,52.305,29760120
2018-04-17,53.06,54.25,52.8545,53.968,54517600
2018-04-18,53.9505,54.1,53.5258,53.7695,30902740
2018-04-19,53.451,54.8755,53.451,54.4725,39707920
2018-04-20,54.2135,54.7375,53.605,53.866,42049560
2018-04-23,54.149,54.4,53.334,53.6905,68317460
2018-04-24,52.96,53.2245,50.6428,51.132,127700900
2018-04-25,51.4875,51.8035,50.8505,51.1495,56356460
2018-04-26,51.661,52.601,51.0225,52.1655,50352260
2018-04-27,52.277,52.5848,51.3795,51.5725,40700540
2018-04-30,51.721,51.9185,50.915,50.929,34386580
2018-05-01,50.815,52.0865,50.5305,52.0375,35252160
2018-05-02,51.7,52.199,51.158,51.3025,33354400
2018-05-03,51.2685,51.5345,50.3945,51.315,39059040
2018-05-04,50.9805,52.594,50.9025,52.55,36857760
2018-05-07,52.6945,53.25,52.5135,52.973,34483440
2018-05-08,53.231,53.2615,52.5821,52.9295,25479680
2018-05-09,53.205,54.7,53.1055,54.4475,47045420
2018-05-10,54.75,55.4705,54.694,55.2735,36395900
2018-05-11,55.0205,55.4505,54.861,55.169,30493480
2018-05-14,55.2785,55.9075,55.24,55.33,39307620
2018-05-15,54.845,54.956,53.939,54.2435,35706120
2018-05-16,54.2545,54.7191,54.0815,54.2045,25613480
2018-05-17,54.073,54.55,53.821,54.063,25708360
2018-05-18,53.3,53.6865,53.234,53.482,35423020
2018-05-21,53.95,54.665,53.9,54.2005,25135620
2018-05-22,54.49,54.59,53.613,53.7655,22217700
2018-05-23,53.5,54.4,53.348,54.298,23719860
2018-05-24,54.345,54.356,53.615,54.2725,20537200
2018-05-25,54.3275,54.4785,54.13,54.204,22023580
2018-05-29,53.8,54.067,53.154,53.4035,35913700
2018-05-30,53.674,53.9495,53.3275,53.8735,28470860
2018-05-31,54.1,55.5,53.9,55,79299520
2018-06-01,55.6435,56.908,55.6005,56.75,63135260
2018-06-04,56.925,57.8929,56.85,57.652,44723460
2018-06-05,57.733,58.0548,57.373,57.551,32876560
2018-06-06,57.6385,57.7357,56.816,57.3475,34922580
2018-06-07,57.229,57.2933,56.306,56.721,36096500
2018-06-08,56.5605,56.939,56.1615,56.6355,27269580
2018-06-11,56.647,57.387,56.5699,57.045,24632580
2018-06-12,57.051,57.4375,57.051,57.4095,25887640
2018-06-13,57.614,57.782,57.169,57.2115,34160380
2018-06-14,57.6105,58.2995,57.53,58.0055,35386420
2018-06-15,57.996,58.1954,57.6845,57.9635,44246320
2018-06-18,57.6345,59.2065,57.55,59.179,32932060
2018-06-19,58.5055,59.1405,58.0805,58.9345,47222340
2018-06-20,59.165,60.0745,59.1015,59.2035,51626980
2018-06-21,59.2755,59.5167,58.174,58.472,44884600
2018-06-22,58.5747,58.75,57.9825,58.4645,34207100
2018-06-25,57.75,57.7995,55.995,56.964,57665300
2018-06-26,57.207,57.3435,56.45,56.631,34631740
2018-06-27,56.8,57.3105,55.835,55.847,34204200
2018-06-28,55.6195,56.7,55.3036,56.339,29723320
2018-06-29,56.6155,57.0679,56.351,56.4595,31530360
2018-07-02,55.7675,57.1495,55.33,57.1055,23202040
2018-07-03,57.471,57.4955,55.7215,55.814,16447880
2018-07-05,56.23,57.207,56.156,57.0645,28528920
2018-07-06,57.0885,57.81,56.862,57.754,21807420
2018-07-09,58,58.3965,57.8617,58.364,21534180
2018-07-10,58.4995,58.675,58.128,58.357,21170620
2018-07-11,57.781,59.022,57.7687,58.573,33215140
2018-07-12,58.743,60.0993,58.655,60.063,44079520
2018-07-13,60.14,60.522,59.7645,60.221,32606900
2018-07-16,60.1905,60.4355,59.6701,59.8255,26623740
2018-07-17,59.137,60.938,59.1,60.654,40075860
2018-07-18,60.4265,61.0795,60.228,60.6455,38877620
2018-07-19,60.3325,60.824,59.8867,59.955,37970660
2018-07-20,59.962,60.5383,59.8295,59.894,37901040
2018-07-23,59.783,60.755,59.6005,60.55,64596640
2018-07-24,63.55,63.75,62.207,62.9075,107556540
2018-07-25,62.631,63.912,62.4525,63.797,50294780
2018-07-26,63.359,64.37,63.15,64.275,54574420
2018-07-27,64.456,64.572,62.2248,62.6445,48316580
2018-07-30,62.2525,62.6445,61.2085,61.502,43802620
2018-07-31,61.5855,62.0605,60.8095,61.361,39187820
2018-08-01,61.9555,62.295,61.247,61.6495,36972760
2018-08-02,60.925,62.2205,60.903,62.0565,34658520
2018-08-03,62.259,62.326,61.471,61.908,21229900
2018-08-06,62.0805,62.1231,61.5265,61.8835,22094800
2018-08-07,62.6005,63.304,62.59,62.792,42442180
2018-08-08,62.836,63.586,62.606,63.0665,34327840
2018-08-09,63.1365,63.5982,63.0051,63.223,27279280
2018-08-10,62.959,63.06,62.3582,62.6255,26578800
2018-08-13,62.56,63.2985,62.3515,62.432,27496200
2018-08-14,62.625,63.0295,61.977,62.907,28049240
2018-08-15,62.214,62.599,61.3122,61.611,37018880
2018-08-16,62.0995,62.1849,60.9815,61.203,32139200
2018-08-17,61.102,61.3477,60.2,60.7925,33039380
2018-08-20,61.033,61.2955,60.435,61.0975,22089360
2018-08-21,61.151,61.638,60.7515,60.8705,22507760
2018-08-22,60.711,61.3265,60.661,61.0875,22259240
2018-08-23,60.994,61.7585,60.9674,61.058,24562960
2018-08-24,61.3,61.87,61.071,61.8375,24429780
2018-08-27,62.207,62.8935,62.034,62.8135,28555360
2018-08-28,62.795,62.828,62.1485,62.293,27287740
2018-08-29,62.75,63.3585,62.64,63.2325,36865540
2018-08-30,63.17,63.4745,62.3605,62.722,30053020
2018-08-31,62.6105,62.6273,61.2877,61.59,42265520
2018-09-04,61.126,61.3935,60.328,60.5655,40711360
2018-09-05,60.461,60.7435,58.767,59.955,53881280
2018-09-06,59.9285,59.9493,58.1805,59.1995,46546340
2018-09-07,58.6,59.4273,58.4635,58.8795,32647180
2018-09-10,59.21,59.333,58.5305,58.753,27007120
2018-09-11,58.555,59.547,58.2975,59.4995,29228940
2018-09-12,59.1,59.5347,58.308,58.58,35339020
2018-09-13,58.985,59.393,58.461,59.107,39946300
2018-09-14,59.4,59.4,58.676,58.899,23982920
2018-09-17,58.8885,59.091,57.9228,57.9915,34054040
2018-09-18,58.133,59.0665,58.0712,58.3555,31658340
2018-09-19,58.448,58.8135,57.9308,58.7135,25933280
2018-09-20,59.0335,59.7,58.8125,59.5785,29187940
2018-09-21,59.746,59.829,58.603,58.606,88940900
2018-09-24,57.9705,59.2595,57.575,58.978,31107980
2018-09-25,59.2125,59.843,58.7045,59.6945,33148820
2018-09-26,59.6845,60.362,59.2698,59.703,37481240
2018-09-27,60,60.843,59.9025,60.368,36256800
2018-09-28,60.2045,60.4225,59.8915,60.354,35113620
2018-10-01,60.65,61.21,60.1595,60.4265,32786940
2018-10-02,60.3335,61.226,59.983,60.382,39866160
2018-10-03,60.6,60.709,60.1075,60.5765,26229140
2018-10-04,60.2515,60.295,58.1923,58.8535,46541120
2018-10-05,58.8,59.1,57.716,58.3915,31847980
2018-10-08,58,58.793,56.77,57.796,46053980
2018-10-09,57.5655,58.0775,57.2085,57.2585,33685940
2018-10-10,56.82,56.851,54.5755,54.608,58446900
2018-10-11,53.952,55.8028,53.7945,54.537,67602580
2018-10-12,55.982,56.2915,54.7513,56.027,49304540
2018-10-15,55.9,56.0898,54.911,55.122,29936720
2018-10-16,55.674,56.8185,55.5875,56.654,38328020
2018-10-17,57,57.35,55.7,56.3795,35618120
2018-10-18,56.5,56.6175,54.317,54.8955,46098600
2018-10-19,55.1855,56.0475,54.8515,55.259,41245620
2018-10-22,55.6255,56.0845,55,55.5685,27082520
2018-10-23,54.5645,55.9,53.9505,55.7455,37666000
2018-10-24,55.75,55.831,52.753,52.856,48906120
2018-10-25,54.015,55.891,53.7773,55.1795,72190920
2018-10-26,52.4165,55.85,52.1115,54.1875,106396020
2018-10-29,54.827,55.4415,50.36,51.7365,81175880
2018-10-30,51.0005,52.545,50.6985,52.4755,59536420
2018-10-31,53.41,55.4,53.41,54.529,70873120
2018-11-01,54.57,54.995,53.891,54.299,39954120
2018-11-02,54.45,54.9,53.383,53.5745,43334380
2018-11-05,53.6265,53.6675,51.7,52.7865,45339600
2018-11-06,52.751,53.991,52.6805,53.4785,27939180
2018-11-07,54.1745,55.4965,54.0295,55.412,43351060
2018-11-08,55.365,55.411,54.218,54.7315,33690720
2018-11-09,54.201,54.4175,53.213,53.851,34856140
2018-11-12,53.6565,53.705,52.0175,52.468,33809660
2018-11-13,52.7405,53.3333,52.02,52.3985,25716900
2018-11-14,53,53.2895,52.0555,52.729,34609460
2018-11-15,52.573,53.9435,52.0646,53.5525,41512120
2018-11-16,53.2615,53.622,52.745,53.4135,35255300
2018-11-19,53.1695,53.4,51.1435,51.371,45576780
2018-11-20,50.3645,51.8675,50.1105,51.5225,54440800
2018-11-21,52.2655,52.7353,51.9727,52.1715,29675440
2018-11-23,51.675,52.15,51.426,51.505,14177180
2018-11-26,52.2,52.85,51.9885,52.797,31497400
2018-11-27,52.567,53.338,52.275,52.614,32842320
2018-11-28,52.873,54.6429,52.1475,54.5895,45953400
2018-11-29,54.1765,55.0075,54.1,54.729,30975080
2018-11-30,54.7815,55.4825,54.159,55.4825,59560340
2018-12-03,56.608,56.75,55.5865,55.818,57429440
2018-12-04,55.6495,55.712,53.0388,53.1235,45429040
2018-12-06,52.25,53.971,52.124,53.904,47291620
2018-12-07,53.6115,54.2515,51.9685,52.329,42550620
2018-12-10,52.147,52.98,51.65,52.659,33637440
2018-12-11,53.347,53.52,52.505,53.0825,33837280
2018-12-12,53.854,54.5866,53.5985,53.6865,28947860
2018-12-13,53.7835,54.421,53.2497,53.677,24984700
2018-12-14,53.001,53.586,52.4685,52.5855,36341720
2018-12-17,52.3505,53.119,50.8315,51.2825,49540320
2018-12-18,51.7,52.9845,51.524,52.1705,43580880
2018-12-19,52.3645,53.7855,50.9715,51.773,58170120
2018-12-20,51.3,52.372,50.3932,51.179,53085360
2018-12-21,51.602,51.8835,49.0595,49.5625,104513620
2018-12-24,49.216,50.606,48.883,49.2335,36359100
2018-12-26,49.8995,52.4225,49.6322,52.3925,46134200
2018-12-27,51.31,52.667,50.35,52.645,45319680
2018-12-28,52.975,53.2115,52.1,52.334,34360360
2018-12-31,52.8915,53.1495,51.6519,52.248,33084180
2019-01-02,51.36,53.0395,51.2638,52.734,31650480
2019-01-03,52.5335,53.313,51.1185,51.2735,41898580
2019-01-04,52.128,54,51.843,53.9035,46020840
2019-01-07,54.0485,54.135,53.132,53.796,47430760
2019-01-08,54.3,54.6675,53.4174,54.2685,35192800
2019-01-09,54.3995,54.582,53.7185,54.0825,26960800
2019-01-10,53.747,53.9905,53.234,53.9415,26569620
2019-01-11,53.495,53.6685,52.8215,53.2235,30769200
2019-01-14,52.667,52.9225,52.4275,52.5755,28323980
2019-01-15,52.9005,54.4135,52.722,54.3255,36913320
2019-01-16,54.5,55.118,54.4005,54.4755,38183880
2019-01-17,54.3995,55.035,54.1628,54.956,24719900
2019-01-18,55.4295,55.9,54.9642,55.365,44301000
2019-01-22,54.8,54.9485,53.5445,53.9315,39516020
2019-01-23,54.343,54.6475,53.3785,54.2205,25044080
2019-01-24,54.1255,54.4,53.501,54.2,29113960
2019-01-25,54.7115,55.168,54.5901,55.0755,23114500
2019-01-28,54.5035,54.6683,53.7305,53.993,29301560
2019-01-29,54.052,54.2365,53.301,53.503,19578260
2019-01-30,53.868,54.976,53.832,54.8995,29027380
2019-01-31,55.612,56.3835,55.2625,56.2945,40043460
2019-02-01,56.1145,56.72,55.7125,55.931,32980340
2019-02-04,55.9505,57.117,55.8755,57.071,77185100
2019-02-05,56.4815,57.6385,56.18,57.5935,82215960
2019-02-06,57.4635,57.7,55.918,56.1445,48122760
2019-02-07,55.591,55.5995,54.6795,55.2955,38257940
2019-02-08,54.744,55.2548,54.712,55.119,21746500
2019-02-11,55.1875,55.6715,55,55.106,18194680
2019-02-12,55.5505,56.643,55.5505,56.379,35003960
2019-02-13,56.652,57.1425,56.3,56.4315,27832220
2019-02-14,56.25,56.8065,55.8545,56.46,21051100
2019-02-15,56.965,56.965,55.836,55.9815,27807940
2019-02-19,55.832,56.482,55.832,56.3255,21973580
2019-02-20,56.444,56.5465,55.5875,56.0295,24074060
2019-02-21,55.939,55.9575,54.899,55.2105,33269120
2019-02-22,55.485,55.8625,55.025,55.828,29423700
2019-02-25,56.0965,56.27,55.7055,55.8665,25842660
2019-02-26,55.7185,56.3218,55.335,56.1005,34969960
2019-02-27,55.7005,56.2865,55.428,56.1445,22085440
2019-02-28,55.95,56.6995,55.9205,56.3275,27353960
2019-03-01,56.55,57.5,56.55,57.426,32622180
2019-03-04,57.728,58.276,56.9125,57.671,35423960
2019-03-05,57.8,58.8245,57.651,58.4595,39657460
2019-03-06,58.588,58.737,58.1525,58.247,23528440
2019-03-07,58.025,58.179,57.0857,57.5425,30069960
2019-03-08,56.695,57.6725,56.51,57.4985,23674020
2019-03-11,57.6,58.9955,57.5785,58.963,29953540
2019-03-12,59.115,60.2855,59.115,59.8625,42191860
2019-03-13,60.2965,60.3562,59.8955,59.953,25419980
2019-03-14,59.951,60.235,59.5615,59.6265,27285120
2019-03-15,59.9,60.0863,59.3505,59.515,51835420
2019-03-18,59.4845,59.7475,59.0738,59.4275,24437020
2019-03-19,59.586,60.1703,59.4728,60.123,29609880
2019-03-20,60.07,61.4995,59.9795,61.3215,40359800
2019-03-21,61,61.822,60.8288,61.8065,28098840
2019-03-22,61.4425,61.6815,60.3,60.3825,34402260
2019-03-25,59.978,60.472,59.5002,59.869,27557280
2019-03-26,60.2595,60.3825,59.088,59.492,30639480
2019-03-27,59.596,59.596,58.2115,58.9005,29419740
2019-03-28,58.775,58.8625,58.1715,58.6135,22395040
2019-03-29,59.009,59.1985,58.319,58.8445,30882560
2019-04-01,59.377,60.01,59.318,59.949,27083300
2019-04-02,60.0025,60.2905,59.562,60.277,18276980
2019-04-03,60.635,61.03,60.2538,60.5405,22178100
2019-04-04,60.5645,61.0275,60.452,60.9725,20976260
2019-04-05,60.965,61.0195,60.5015,60.5725,19995520
2019-04-08,60.5555,60.6975,60.2347,60.414,21748160
2019-04-09,60.0945,60.3575,59.919,60.1345,19662900
2019-04-10,60.2545,60.4469,60.033,60.3225,15493280
2019-04-11,60.445,60.637,60.227,60.4795,16984660
2019-04-12,60.781,61.1525,60.6645,61.1365,24271560
2019-04-15,61.2045,61.4648,60.728,61.3265,23795680
2019-04-16,61.5,61.799,61.252,61.5955,22559420
2019-04-17,61.85,62.2548,61.645,62.007,29424520
2019-04-18,62.25,62.297,61.9705,62.0735,24748280
2019-04-22,61.8335,62.717,61.6685,62.688,19082540
2019-04-23,62.832,63.7215,62.5987,63.5295,31595240
2019-04-24,63.5295,63.7,62.9905,63.0025,22741160
2019-04-25,63.515,63.64,62.9,63.367,31246240
2019-04-26,63.669,63.9455,63.25,63.871,27159100
2019-04-29,64.0255,64.8487,63.5855,64.81,69725860
2019-04-30,59.5315,60.0489,59.15,59.948,132345540
2019-05-01,59.875,59.9625,58.5838,58.666,74340360
2019-05-02,58.63,58.969,57.9165,58.3255,45097800
2019-05-03,58.8705,59.57,58.6773,59.4775,41587520
2019-05-06,58.6,59.7715,58.5577,59.673,31773680
2019-05-07,59.2905,59.7385,58.25,58.943,36604760
2019-05-08,58.8645,59.2135,58.3815,58.539,25520440
2019-05-09,58.13,58.7035,57.732,58.3985,29555040
2019-05-10,58.442,58.814,57.3185,58.382,31649200
2019-05-13,57.262,57.5985,56.275,56.8295,45633720
2019-05-14,57.116,57.2433,56.1765,56.243,40391000
2019-05-15,56.1275,58.915,56.07,58.54,59302340
2019-05-16,58.592,59.708,58.4225,59.225,35307760
2019-05-17,58.7915,59.3145,58.321,58.439,25361000
2019-05-20,57.65,57.65,56.9068,57.233,30602520
2019-05-21,57.724,57.9,57.1655,57.722,20564960
2019-05-22,57.5625,58.189,57.55,57.7925,18825580
2019-05-23,57.3035,57.5025,56.658,57.267,25213140
2019-05-24,57.6,57.718,56.8355,56.9305,18553020
2019-05-28,57.074,57.8245,56.9335,56.978,20951080
2019-05-29,56.635,56.75,55.5975,55.997,36230200
2019-05-30,56.0075,56.3398,55.795,56.0705,18088380
2019-05-31,55.282,55.6701,55.1675,55.325,31589620
2019-06-03,53.3465,53.35,51.3515,51.937,96889600
2019-06-04,52.2245,52.9218,51.8015,52.7245,60511280
2019-06-05,52.75,52.8405,51.65,52.232,46988720
2019-06-06,52.3105,52.5,51.7755,52.388,29020520
2019-06-07,52.714,53.6715,52.5575,53.4185,43827140
2019-06-10,53.85,54.742,53.7641,54.138,28509280
2019-06-11,54.8495,55.2003,53.9785,54.052,33516340
2019-06-12,53.9975,54.126,53.48,53.955,23673000
2019-06-13,54.2355,54.8295,54.1285,54.5505,20813220
2019-06-14,54.487,54.738,54.0738,54.315,24586080
2019-06-17,54.455,55.064,54.4,54.6945,19769820
2019-06-18,55.575,55.939,55.0395,55.262,34526240
2019-06-19,55.362,55.4715,54.8015,55.2255,26720300
2019-06-20,56.085,56.136,55.35,55.66,24018160
2019-06-21,55.493,56.3285,55.486,56.2685,50777440
2019-06-24,56,56.1785,55.6655,55.835,24237860
2019-06-25,55.754,55.785,54.23,54.379,31644340
2019-06-26,54.55,54.756,53.6844,54.016,34697460
2019-06-27,54.3375,54.4232,53.7925,53.8315,24078280
2019-06-28,53.8615,54.14,53.69,54.14,33671360
2019-07-01,55.052,55.4295,54.7665,55,29288980
2019-07-02,55.2415,55.6445,54.9835,55.63,20638380
2019-07-03,55.925,56.3994,55.7425,56.1495,20154360
2019-07-05,55.9685,56.7325,55.875,56.6333,29793560
2019-07-08,56.2935,56.3605,55.588,55.8395,29887420
2019-07-09,55.516,56.393,55.3575,56.2145,29472440
2019-07-10,56.616,57.117,56.533,57.0455,30710920
2019-07-11,57.308,57.662,56.9765,57.204,26010580
2019-07-12,57.1465,57.375,56.928,57.267,21878660
2019-07-15,57.267,57.534,57,57.5255,21168620
2019-07-16,57.3365,57.929,57.3365,57.673,25352820
2019-07-17,57.546,57.922,57.331,57.337,19537880
2019-07-18,57.1,57.4085,56.6428,57.362,25475380
2019-07-19,57.466,57.579,56.5625,56.5775,23183060
2019-07-22,56.7735,57.001,56.2605,56.9605,28935140
2019-07-23,57.1725,57.443,56.6425,57.4025,20648760
2019-07-24,56.631,57.2728,56.4255,56.9865,27199120
2019-07-25,56.9475,57.1795,56.1855,56.797,54762780
2019-07-26,61.4,63.4197,61.4,62.261,121215900
2019-07-29,62.125,62.4497,61.51,62.092,41382540
2019-07-30,61.35,61.8455,61.266,61.4,28615500
2019-07-31,61.2435,61.7455,60.409,60.91,39959980
2019-08-01,60.8815,61.8149,60.35,60.589,35425420
2019-08-02,60.15,60.475,59.5,59.816,34909000
2019-08-05,58.6485,58.844,57.1375,57.7375,47839440
2019-08-06,58.276,59.07,58.0763,58.554,36014140
2019-08-07,57.89,58.9935,57.542,58.7955,30686940
2019-08-08,59.3215,60.314,58.7,60.3095,30116960
2019-08-09,59.9997,60.223,59.2445,59.445,20418900
2019-08-12,59,59.2805,58.436,58.725,22064860
2019-08-13,58.7175,60.2715,58.6497,59.8365,28604800
2019-08-14,58.8035,59.1395,58.0535,58.2125,35430020
2019-08-15,58.4215,58.821,58.15,58.466,28614300
2019-08-16,59.0395,59.192,58.65,58.9605,25303740
2019-08-19,59.5915,60.4695,59.52,60.022,24457080
2019-08-20,59.7675,59.9,59.1523,59.1765,20211320
2019-08-21,59.791,60.0278,59.396,59.579,14165440
2019-08-22,59.69,59.939,58.9455,59.576,17358300
2019-08-23,59.2585,59.7835,57.5,57.679,36262820
2019-08-26,57.9725,58.593,57.7423,58.559,21178520
2019-08-27,59.15,59.25,58.2279,58.541,23469780
2019-08-28,58.2435,58.925,58.0125,58.6875,16816580
2019-08-29,59.321,59.9595,59.264,59.712,19641960
2019-08-30,60.0175,60.0175,59.286,59.5265,18067500
2019-09-03,59.0925,59.454,58.1857,58.4775,25922320
2019-09-04,58.9725,59.244,58.5765,59.1135,21313320
2019-09-05,59.683,60.7,59.6345,60.6095,26413120
2019-09-06,60.457,60.6473,60.163,60.316,18971600
2019-09-09,60.354,61.0275,59.6585,60.2635,31859160
2019-09-10,59.8045,60.5,59.8005,60.285,27921540
2019-09-11,60.1945,61.1235,60.1138,61,23521320
2019-09-12,61.1735,62.1208,61.128,61.7485,31644600
2019-09-13,61.6055,62.0525,61.354,62.0015,23675240
2019-09-16,61.522,61.951,61.2595,61.5815,28217600
2019-09-17,61.5815,61.75,61.1675,61.494,20944020
2019-09-18,61.512,61.812,60.8235,61.6325,17855760
2019-09-19,61.616,62.217,61.6155,61.9375,16940040
2019-09-20,61.682,62.14,61.179,61.492,38754860
2019-09-23,61.3285,61.984,61.1891,61.7345,23941380
2019-09-24,62,62.3555,60.5322,60.9165,36714240
2019-09-25,60.8005,62.401,60.46,62.297,27103240
2019-09-26,62.107,62.2335,61.591,62.1145,23431540
2019-09-27,62.1415,62.2495,60.76,61.2975,34449620
2019-09-30,61.03,61.3702,60.671,61.057,25892180
2019-10-01,61.1245,61.6429,60.2775,60.3,25654700
2019-10-02,59.825,59.938,58.6315,58.896,33495480
2019-10-03,59.167,59.55,58.157,59.4715,29388260
2019-10-04,59.7145,60.623,59.5485,60.548,24573720
2019-10-07,60.35,60.9455,60.218,60.4125,17580400
2019-10-08,59.9385,60.3434,59.474,59.5065,20648520
2019-10-09,60.0665,60.423,59.9058,60.12,16264320
2019-10-10,59.93,60.781,59.893,60.4735,13364880
2019-10-11,61.2015,61.4375,60.6819,60.7855,22529040
2019-10-14,60.6945,61.294,60.594,60.8885,13678520
2019-10-15,61.075,62.3563,61.046,62.112,30544320
2019-10-16,62.0905,62.7095,61.9265,62.15,23020560
2019-10-17,62.57,63.1875,62.4935,62.64,21279620
2019-10-18,62.7345,62.9055,62.007,62.2205,31646400
2019-10-21,62.435,62.6755,61.9995,62.214,20601700
2019-10-22,62.224,62.4365,61.9925,62.06,25636420
2019-10-23,62.0105,62.902,62.0105,62.8815,23525620
2019-10-24,62.9555,63.145,62.6175,62.9555,22809560
2019-10-25,62.6,63.4,62.4575,63.215,27104960
2019-10-28,63.75,64.962,63.6155,64.449,65428220
2019-10-29,63.8,64.04,62.7805,63.033,52654300
2019-10-30,62.7575,63.4008,62.5325,63.035,29203860
2019-10-31,63,63.3258,62.474,62.94,31903080
2019-11-01,63.29,63.65,62.9855,63.6125,28812140
2019-11-04,63.8055,64.625,63.8055,64.4805,30632440
2019-11-05,64.56,64.862,64.469,64.572,25148540
2019-11-06,64.5045,64.6495,64.1135,64.5505,24625300
2019-11-07,64.714,66.1325,64.6875,65.347,45140100
2019-11-08,65.076,65.8555,65.076,65.45,30437840
2019-11-11,65.2,65.245,64.7935,64.914,17237200
2019-11-12,64.9285,65.4675,64.712,64.8605,28886840
2019-11-13,64.659,65.126,64.6073,64.809,18721700
2019-11-14,64.75,65.786,64.697,65.4575,29000780
2019-11-15,65.7525,66.677,65.5945,66.677,39299100
2019-11-18,66.617,66.696,65.808,65.992,27987480
2019-11-19,66.3315,66.3315,65.5885,65.6295,21872580
2019-11-20,65.568,65.6605,64.4605,65.093,28917400
2019-11-21,64.9625,65.556,64.5375,65.007,25546760
2019-11-22,65.15,65.345,64.4681,64.6835,27778240
2019-11-25,64.813,65.5205,64.7805,65.282,23593160
2019-11-26,65.4955,65.7005,65.202,65.65,21941780
2019-11-27,65.771,65.882,65.4737,65.6065,18810720
2019-11-29,65.33,65.4975,65.1615,65.2045,12801380
2019-12-02,65.128,65.272,64.019,64.443,26577780
2019-12-03,63.933,64.8615,63.8525,64.737,29600520
2019-12-04,65.305,66.2135,65.1526,65.947,35527840
2019-12-05,66.35,66.399,65.716,66.348,24412620
2019-12-06,66.6375,67.1235,66.5615,66.9695,32974580
2019-12-09,66.943,67.8777,66.8035,67.1495,31137780
2019-12-10,66.997,67.4,66.7,67.1445,17608600
2019-12-11,67.415,67.4945,67.055,67.2125,20486160
2019-12-12,67.1605,67.729,66.91,67.4245,29129320
2019-12-13,67.395,67.5675,67.083,67.3435,33173680
2019-12-16,67.75,68.1765,67.5305,68.035,28129140
2019-12-17,68.1205,68.2165,67.5385,67.7445,32970980
2019-12-18,67.85,67.9715,67.523,67.5955,23334660
2019-12-19,67.5955,67.8763,67.4375,67.822,30421640
2019-12-20,68.155,68.2,67.5365,67.561,50276980
2019-12-23,67.9365,68.0927,67.4,67.5315,19939340
2019-12-24,67.5105,67.6005,67.2083,67.2215,13468200
2019-12-26,67.3275,68.16,67.2755,68.1235,23676000
2019-12-27,68.2,68.3535,67.65,67.732,23217460
2019-12-30,67.8405,67.85,66.8918,66.9855,20011840
2019-12-31,66.7895,67.033,66.6065,66.9695,19521220
2020-01-02,67.4205,68.434,67.3245,68.434,27285300
2020-01-03,67.4,68.6875,67.3662,68.076,23412580
2020-01-06,67.5815,69.916,67.55,69.8905,46786860
2020-01-07,70.023,70.175,69.5778,69.7555,34529120
2020-01-08,69.741,70.5925,69.6315,70.252,35325480
2020-01-09,71.0965,71.434,70.5105,70.9895,33228760
2020-01-10,71.4735,71.747,70.9799,71.448,26263560
2020-01-13,71.7625,72.074,71.2685,72.0015,30746340
2020-01-14,72,72.1315,71.3885,71.5295,26112720
2020-01-15,71.651,72.039,71.583,71.96,21550380
2020-01-16,72.2725,72.535,72,72.508,26080800
2020-01-17,73.127,74.0275,72.8275,73.976,52423500
2020-01-21,73.95,74.4942,73.5105,74.1125,48932020
2020-01-22,74.4865,75.0291,74.1331,74.2085,28458920
2020-01-23,74.3775,74.675,74.016,74.2345,26651240
2020-01-24,74.641,74.71,73.159,73.3085,29785600
2020-01-27,71.577,71.829,70.975,71.5865,34131320
2020-01-28,72.087,72.74,71.518,72.525,29731720
2020-01-29,72.923,73.207,72.2693,72.835,21639280
2020-01-30,71.905,72.7625,71.75,72.7125,27109440
2020-01-31,73.393,73.4835,71.353,71.639,43821500
2020-02-03,73.0825,74.315,72.8305,74.13,72175200
2020-02-04,72.7245,73.3668,71.1015,72.2705,95879340
2020-02-05,73.1805,73.229,71.4838,72.3025,36375860
2020-02-06,72.599,74.078,72.524,73.7985,37821580
2020-02-07,73.3693,74.2622,73.2705,73.9555,28360980
2020-02-10,73.8615,75.444,73.76,75.433,38301440
2020-02-11,75.6635,76.494,75.2725,75.503,34852940
2020-02-12,75.793,76.015,75.4335,75.9315,31042720
2020-02-13,75.5,76.2973,75.2,75.6695,22913160
2020-02-14,75.7265,76.0025,75.2775,75.9365,23197140
2020-02-18,75.717,76.5278,75.5505,75.972,25680220
2020-02-19,76.36,76.537,76.0488,76.2435,22746760
2020-02-20,75.9505,76.3535,75.2128,75.8495,25967720
2020-02-21,75.229,75.5473,73.9245,74.173,42536860
2020-02-24,71.1525,71.819,70.3395,70.993,49560780
2020-02-25,71.55,71.8423,69.021,69.316,51579320
2020-02-26,69.749,70.6835,68.8275,69.5235,49803560
2020-02-27,67.957,68.47,65.712,65.7475,62289520
2020-02-28,63.7155,67.1225,63.4105,66.9625,80218000
2020-03-02,67.5695,69.3735,66.26,69.316,55429260
2020-03-03,69.884,70.4095,66.4621,66.886,56602240
2020-03-04,67.948,69.139,66.85,69.08,47597120
2020-03-05,67.2775,67.6815,65.082,65.738,54379640
2020-03-06,63.4975,65.1375,62.8605,64.787,64646300
2020-03-09,60.248,62.6365,59.902,60.7895,69251560
2020-03-10,62.7195,63.7925,60.7255,63.7585,54871320
2020-03-11,62.4135,62.8465,59.557,60.545,54833880
2020-03-12,56.131,59.4375,55.4235,55.5775,94325860
2020-03-13,58.7495,60.72,55.6145,60.7135,79399460
2020-03-16,54.4805,57.2735,53.354,53.65,96519620
2020-03-17,54.532,56.3,52.455,55.903,83193720
2020-03-18,52.997,55.2495,51.85,54.5595,93044760
2020-03-19,54.411,57.6305,52.7775,55.5835,74064960
2020-03-20,56.545,56.9239,53.105,53.4105,82877940
2020-03-23,52.8185,53.3455,50.4435,52.7065,83672580
2020-03-24,55.199,56.6665,54.3215,56.5005,72468700
2020-03-25,56.229,57.3085,54.1505,55.081,90323240
2020-03-26,55.736,58.574,54.6015,58.146,76688440
2020-03-27,56.3735,57.5525,55.2001,55.513,62793220
2020-03-30,56.632,57.55,54.9245,57.3155,58736540
2020-03-31,57.4365,58.67,56.836,58.0975,65279420
2020-04-01,56.2,56.471,54.6745,55.105,51970380
2020-04-02,55,56.1385,54.6565,55.8515,56410680
2020-04-03,55.7355,55.9395,53.754,54.635,51373880
2020-04-06,56.65,59.5377,56.25,59.1595,63319820
2020-04-07,60.8505,61.0388,58.8625,59.128,61619100
2020-04-08,60.155,60.745,59.1977,60.35,40334260
2020-04-09,60.909,61.0995,59.6208,60.3285,54028460
2020-04-13,60.075,60.726,59.1166,60.5205,38702560
2020-04-14,61.9987,63.7875,61.4271,63.2615,63357240
2020-04-15,62.3255,63.7555,61.7,62.865,42236840
2020-04-16,63.357,63.6679,61.91,62.8715,57895140
2020-04-17,64.085,64.5,63.3,63.95,51056480
2020-04-20,63.4945,63.841,62.822,63.0575,35291860
2020-04-21,62.1355,62.5,60.25,60.608,49648080
2020-04-22,62.0555,63.994,61.86,62.9205,46315840
2020-04-23,63.287,64.4075,63.0265,63.5585,34202440
2020-04-24,62.75,63.8855,62.2,63.83,37440080
2020-04-27,64.6,64.705,63.253,63.543,44186660
2020-04-28,64.16,64.238,61.519,61.6295,80700140
2020-04-29,67.25,68.0075,66.3365,67.109,108357760
2020-04-30,66.568,67.5,66.075,67.335,55842480
2020-05-01,66.2045,67.5715,65.483,65.866,48871080
2020-05-04,65.4065,66.2235,64.8005,66.145,30806940
2020-05-05,66.875,68.5505,66.7515,67.451,39666360
2020-05-06,67.9,68.4345,67.2565,67.2715,31732580
2020-05-07,68.0655,68.8,67.627,68.464,30716380
2020-05-08,69.091,69.832,68.6005,69.217,33329740
2020-05-11,68.8395,70.7765,68.775,70.1795,32717120
2020-05-12,70.411,70.7165,68.7255,68.759,33917480
2020-05-13,68.808,69.2665,66.4005,67.4165,40368080
2020-05-14,66.676,67.8685,66.165,67.843,36660340
2020-05-15,67.413,68.729,66.95,68.653,41543980
2020-05-18,68.079,69.638,67.71,69.259,47128980
2020-05-19,69.274,69.6245,68.688,68.72,31585000
2020-05-20,69.458,70.6013,69.371,70.458,38262660
2020-05-21,70.5495,70.823,69.7195,70.3375,30899520
2020-05-22,70.195,70.85,69.7975,70.662,28544120
2020-05-26,72.098,72.2555,70.9698,71.0685,44589760
2020-05-27,71,71.2673,69.73,71.014,31683700
2020-05-28,70,72.223,69.9538,70.912,35195740
2020-05-29,71.0215,71.8365,70.799,71.676,37050440
2020-06-01,71.285,72.079,71.114,71.7435,25185080
2020-06-02,71.75,72.15,71.0805,72.1155,23441380
2020-06-03,72.135,72.4505,71.581,71.9625,27732800
2020-06-04,71.839,72.066,70.3005,70.715,26982100
2020-06-05,70.782,72.315,70.3811,72.001,42647000
2020-06-08,71.314,72.45,71.224,72.402,33877620
2020-06-09,72.262,73.39,72.118,72.604,33623100
2020-06-10,73.0755,73.6385,72.7178,73.235,31762320
2020-06-11,72.0515,72.5802,69.9205,70.095,47144860
2020-06-12,71.293,71.7253,69.29,70.646,36675120
2020-06-15,69.4745,71.25,69.3598,71.037,30553040
2020-06-16,72.45,72.8585,71.4495,72.3235,30696520
2020-06-17,72.647,73.11,71.7563,72.627,30610000
2020-06-18,72.4925,72.6485,71.3118,71.706,34861420
2020-06-19,72,72.225,70.95,71.232,52783340
2020-06-22,71.2505,72.5475,70.9595,72.533,29441440
2020-06-23,72.6,73.76,72.25,73.199,37751660
2020-06-24,73.164,73.7895,71.5,71.635,31591580
2020-06-25,71.561,72.116,70.977,72.055,23958140
2020-06-26,71.6315,71.851,67.75,68.127,97640280
2020-06-29,68.017,69.9,67.5825,69.8585,45073560
2020-06-30,69.844,71.2,69.3465,70.9025,40286400
2020-07-01,70.9585,72.424,70.709,72.1,42182480
2020-07-02,72.592,74.426,72.5533,73.4965,57218300
2020-07-06,74.4075,75.5,73.8488,74.9825,44712600
2020-07-07,74.8065,76.066,74.485,74.496,42363880
2020-07-08,75.04,75.5585,74.615,75.18,31765840
2020-07-09,75.4965,76.4571,74.7795,75.933,41836660
2020-07-10,75.6625,77.067,75.036,76.9505,35921260
2020-07-13,77.497,78.818,75.328,75.6115,42954560
2020-07-14,74.6395,76.14,74.2963,76.043,38108000
2020-07-15,76.1615,76.8165,74.8915,75.844,31026500
2020-07-16,75.075,75.7955,74.4135,75.746,26484540
2020-07-17,75.8455,76.1715,74.905,75.8425,34264620
2020-07-20,75.75,78.4505,75.1348,78.192,30165540
2020-07-21,79.2515,79.3525,77.631,77.796,27554360
2020-07-22,77.7855,78.349,77.1615,78.2425,24482000
2020-07-23,78.2965,78.5175,75.4295,75.8375,33909960
2020-07-24,74.9595,75.7714,74.3795,75.4105,29907620
2020-07-27,75.663,76.878,75.6165,76.4715,27123700
2020-07-28,76.25,76.3005,75.026,75.1825,30910680
2020-07-29,75.25,76.6665,75.1505,76.1755,22675460
2020-07-30,74.8985,77.0445,74.7585,76.9185,36042420
2020-07-31,74.8525,75.251,72.7,74.3975,91527640
2020-08-03,74.55,74.8865,73.586,74.138,45521700
2020-08-04,74.3355,74.6555,73.2015,73.665,37212180
2020-08-05,73.841,74.5,73.5607,73.9545,29150360
2020-08-06,73.8075,75.3135,73.595,75.2475,33305220
2020-08-07,75.452,76.0045,74.3135,74.9185,27725880
2020-08-10,74.54,75.3575,73.8745,74.841,20546580
2020-08-11,74.7,75.522,73.9095,74.027,31097060
2020-08-12,74.3563,75.5835,74.25,75.362,22531200
2020-08-13,75.4105,76.8487,75.4105,75.8325,22394220
2020-08-14,75.6805,75.9893,74.95,75.2315,21941180
2020-08-17,75.7985,76.189,75.25,75.812,19998680
2020-08-18,76.306,77.8685,76.0833,77.789,28377000
2020-08-19,77.6245,78.443,77,77.2305,30471840
2020-08-20,76.9985,79.0085,76.723,78.8125,26382620
2020-08-21,78.59,79.594,78.1155,78.7785,34845500
2020-08-24,79.6235,80.439,78.752,79.2575,25637860
2020-08-25,79.005,80.444,78.894,80.2925,25149260
2020-08-26,80.315,82.6395,80.0488,82.2065,52187260
2020-08-27,82.3305,82.3995,80.9407,81.426,31350060
2020-08-28,81.4735,82.0675,81.2803,81.9715,22423900
2020-08-31,82.1785,82.225,81.2665,81.4765,26421940
2020-09-01,81.608,82.961,81.4765,82.754,22675320
2020-09-02,83.4005,86.3051,83.0095,85.8695,49521440
2020-09-03,84.976,85,80.3855,81.4755,63725740
2020-09-04,80.45,81.7495,76.8985,79.0605,55850660
2020-09-08,76.25,77.7775,75.825,76.18,54031720
2020-09-09,77.445,77.936,76.2585,77.3615,39241560
2020-09-10,77.509,78.683,76,76.3025,33023880
2020-09-11,76.4075,76.9348,74.651,75.788,30706740
2020-09-14,76.5824,77.85,75.2555,75.4415,42660140
2020-09-15,76.3945,77.5495,76.105,76.756,23041100
2020-09-16,77.124,77.7185,75.5795,75.6045,22143380
2020-09-17,74.2905,74.933,73.123,74.352,40007120
2020-09-18,74.415,74.76,71.581,72.5545,63055760
2020-09-21,71.581,72.003,70.134,71.507,56908100
2020-09-22,72.516,73.1985,71.4748,72.991,33950840
2020-09-23,72.6045,72.654,70.134,70.4695,37725980
2020-09-24,70.134,71.8995,70.1075,71.143,34552220
2020-09-25,71.2525,72.297,70.384,71.953,30333540
2020-09-28,73.5995,73.6495,72.314,72.933,30784720
2020-09-29,73.1955,73.6,72.7,73.301,31822240
2020-09-30,73.0468,74.3099,72.7878,73.28,40923400
2020-10-01,74.1831,74.7535,73.84,74.395,32884420
2020-10-02,72.9815,73.9515,72.3675,72.78,31222640
2020-10-05,73.1325,74.235,73.0045,74.1415,21601160
2020-10-06,73.775,74.226,72.2505,72.551,26095040
2020-10-07,72.9655,73.4485,71.6615,72.957,36108960
2020-10-08,73.2725,74.4014,73.2725,74.1715,26076040
2020-10-09,74.643,75.5925,74.35,75.5225,32966800
2020-10-12,76.9,79.421,76.465,78.2295,55343280
2020-10-13,78.8505,79.258,77.9315,78.3535,39072180
2020-10-14,78.73,79.1925,77.2948,78.172,33184560
2020-10-15,77.225,78.5697,77.0565,77.7735,31229700
2020-10-16,78.0915,78.8855,77.883,78.385,34206500
2020-10-19,78.7965,79.1963,76.146,76.4975,29733040
2020-10-20,76.1555,78.692,76.025,77.554,41718300
2020-10-21,78.4925,80.757,78.3568,79.2995,60321060
2020-10-22,79.25,80.671,78.874,80.333,30515460
2020-10-23,80.7525,81.706,80.5955,81.649,30548040
2020-10-26,80.75,81.479,78.389,79.2145,35826340
2020-10-27,79.4466,80.1,78.8495,79.944,25902760
2020-10-28,77.5005,77.6905,75.424,75.54,45173500
2020-10-29,75.851,79.4368,75.8275,77.844,55406860
2020-10-30,83.372,84.0658,80.0785,80.8055,99923940
2020-11-02,81.177,82.912,80.712,81.216,44228980
2020-11-03,81.538,82.95,80.6054,82.283,31432820
2020-11-04,85.279,88.5015,85.15,87.2925,71342980
2020-11-05,88.5225,89.5909,87.0515,88.125,39758140
2020-11-06,87.567,88.4248,86.834,87.9865,28621680
2020-11-09,89.799,90.8445,87.8773,88.071,53440480
2020-11-10,86.4885,87.969,85.806,86.886,43021160
2020-11-11,87.42,88.145,87.153,87.3615,31838120
2020-11-12,87.1,88.249,86.8985,87.141,26487260
2020-11-13,87.4,88.8565,86.799,88.613,29757540
2020-11-16,88.207,89.717,88.0665,88.7015,25467860
2020-11-17,88.393,88.857,87.9745,88.083,21320680
2020-11-18,87.832,88.25,86.9283,87.032,20107540
2020-11-19,86.6615,88.1745,86.501,87.9285,20106800
2020-11-20,88.1,88.4181,86.75,86.819,27706440
2020-11-23,87.011,87.2995,85.509,86.378,22552360
2020-11-24,86.375,88.3238,86.0365,88.195,28006120
2020-11-25,88.3905,88.519,87.418,88.2065,19599140
2020-11-27,88.227,89.8505,88.227,89.351,14790140
2020-11-30,88.7825,89.0168,87.392,87.72,32417740
2020-12-01,88.3328,91.086,88.1515,89.768,37362680
2020-12-02,89.768,91.637,89.2585,91.2485,29424700
2020-12-03,91.027,92.1915,90.85,91.092,24727320
2020-12-04,91.011,91.475,90.6795,91.188,20544840
2020-12-07,90.7775,91.4645,90.152,90.8515,22287820
2020-12-08,90.426,90.7985,89.564,90.5665,19935360
2020-12-09,90.518,91.4185,88.1,88.893,31728520
2020-12-10,88.13,88.7495,86.6764,88.3825,28688320
2020-12-11,88,88.8655,87.637,88.74,18628620
2020-12-14,88.536,89.49,87.4565,87.613,33049420
2020-12-15,87.993,88.2,87.0835,88.054,21365840
2020-12-16,88.4555,88.4555,87.453,87.8595,24676720
2020-12-17,88.1965,88.3355,86.5575,87.0255,34880100
2020-12-18,87.3085,87.418,85.75,86.311,85256740
2020-12-21,85.4565,86.85,84.7,86.728,33974140
2020-12-22,86.4665,86.6306,85.289,86.011,20376580
2020-12-23,86.1965,87.2055,86.06,86.4115,22973680
2020-12-24,86.45,87.1205,86.2175,86.708,9312760
2020-12-28,87.2455,89.35,87.091,88.698,27650740
2020-12-29,89.3615,89.4235,87.7555,87.888,19725740
2020-12-30,88.25,88.388,86.4,86.8125,21026160
2020-12-31,86.8635,87.875,86.8045,87.632,21069580
2021-01-04,88,88.1245,85.357,86.3065,37323900
2021-01-05,86.2545,87.3415,85.845,87.0025,20359240
2021-01-06,85.0128,87.1983,84.8051,86.144,46588020
2021-01-07,86.338,88.891,86.338,88.717,41936580
2021-01-08,88.858,89.9678,88.061,89.8915,35484520
2021-01-11,88.851,89.219,87.607,87.8145,34812360
2021-01-12,87.268,88.395,85.8188,86.8715,29534300
2021-01-13,86.366,87.8195,86.366,87.3625,23431800
2021-01-14,87.4435,88.3775,86.3035,86.546,29212340
2021-01-15,86.451,87.381,85.5855,86.381,31444280
2021-01-19,87.15,90.192,86.6415,89.2235,41659020
2021-01-20,91.3185,94.9862,90.9755,94.0035,64151400
2021-01-21,94.6825,96.604,93.9705,94.2075,58659460
2021-01-22,94.573,95.2195,93.8247,94.628,32743900
2021-01-25,95.637,96.091,92.958,94.714,50586920
2021-01-26,94.2995,95.7875,93.8065,95.3975,31461560
2021-01-27,93.7455,94.0235,89.864,90.947,82512620
2021-01-28,91.55,94.3995,91.55,92.66,55278100
2021-01-29,91.701,92.3768,90.078,91.368,44530180
2021-02-01,92.2293,95.777,92.2293,94.6535,40252060
2021-02-02,95.6565,97.4685,95.3185,95.956,66332400
2021-02-03,103.2805,105.3312,100.6775,102.944,97881640
2021-02-04,103.0308,103.465,101.755,102.6815,48595600
2021-02-05,102.978,104.797,102.5,104.4415,29865120
2021-02-08,105,105.75,103.1675,104.226,28828860
2021-02-09,103.74,104.9255,103.5,103.7695,21891660
2021-02-10,104.157,104.944,102.612,104.324,25101600
2021-02-11,104.55,104.7,103.443,104.4375,20480580
2021-02-12,103.9885,104.975,103.6785,104.7515,18990500
2021-02-16,104.5875,107.257,104.5875,105.535,31003900
2021-02-17,104.699,106.1222,104.4175,105.931,20303540
2021-02-18,105.25,106.0995,104.6665,105.2905,22570980
2021-02-19,105.3895,105.929,104.1715,104.4405,37938780
2021-02-22,102.68,104.0165,102.4,102.713,29466340
2021-02-23,100.6995,103.625,99.5115,103.006,34657980
2021-02-24,101.502,104.416,101.3765,104.1905,22608740
2021-02-25,102.7965,104.15,100.3245,100.7975,41548180
2021-02-26,101.4975,102.826,100.0505,101.0955,40041280
2021-03-01,102.4,103.8115,101.721,103.483,26061780
2021-03-02,103.242,104.737,102.8335,103.224,25563680
2021-03-03,102.5975,103.7995,99.7,100.5705,33892900
2021-03-04,100.7435,103.7295,100.2715,101.6965,49215720
2021-03-05,103.0575,105.31,101.3889,104.8535,53099540
2021-03-08,104.203,105.687,100.2595,100.375,36867420
2021-03-09,102.4875,103.1958,101.78,102.018,33920620
2021-03-10,103.07,103.07,100.9665,101.8095,27100080
2021-03-11,102.911,105.5635,102.8225,105.027,27702600
2021-03-12,103.8205,103.8805,101.621,102.5,33817980
2021-03-15,102.2488,102.7495,101.3895,102.722,26214820
2021-03-16,103.2995,105.684,102.9645,104.1945,31900300
2021-03-17,103.4235,104.95,102.2061,104.111,26382520
2021-03-18,102.409,103.4373,100.959,101.067,31712960
2021-03-19,101.4865,101.852,100.1465,101.348,46071920
2021-03-22,101.3815,102.417,100.7,101.5345,33535420
2021-03-23,101.9975,103.2055,101.4,102.0665,28509120
2021-03-24,102.588,103.38,101.45,101.6265,25217060
2021-03-25,101.4525,102.282,99.8045,101.623,35615740
2021-03-26,101.5895,101.9693,100.1925,101.2365,27977500
2021-03-29,101.108,102.4605,100.2725,102.2895,26492620
2021-03-30,102.649,103.1335,101.8075,102.3235,27317120
2021-03-31,102.72,104.313,102.35,103.126,42569640
2021-04-01,104.6125,106.7875,104.5715,106.489,39880100
2021-04-05,107.3575,111.4495,107.2603,110.948,48509600
2021-04-06,110.546,111.4,110.0895,110.463,35240780
2021-04-07,110.655,112.225,110.655,111.9515,24133920
2021-04-08,113.2,113.5895,112.1505,112.5215,28664280
2021-04-09,112.272,113.6985,111.8628,113.5335,26145300
2021-04-12,112.706,112.8443,111.391,112.231,25023660
2021-04-13,112.5495,113.1735,112.1525,112.7215,25681560
2021-04-14,113.3715,113.3715,111.8007,112.0955,21002860
2021-04-15,113.0975,114.8,112.5585,114.2625,29174980
2021-04-16,114.462,114.712,113.546,114.1375,26282780
2021-04-19,113.509,115.2045,113.509,114.488,30289400
2021-04-20,114.8745,114.95,112.856,113.9505,22288320
2021-04-21,113.6025,114,112.241,113.9175,23204180
2021-04-22,113.77,114.4441,112.016,112.626,24145520
2021-04-23,113.35,115.3059,113.0625,114.9965,29111080
2021-04-26,115.226,116.2265,114.8658,115.4965,32037840
2021-04-27,115.8816,115.9225,114.308,114.549,44385600
2021-04-28,119.6248,121.569,117.661,117.952,81106800
2021-04-29,119.4615,120.208,118.6925,119.638,41233080
2021-04-30,118.401,119.0925,117.328,117.675,44856760
2021-05-03,118.2455,119.0775,116.775,117.154,28242780
2021-05-04,115.6775,116.2495,112.834,115.3415,44818640
2021-05-05,116.4315,116.75,115.414,115.7385,26636180
2021-05-06,115.3165,116.8675,114.6521,116.8675,25190460
2021-05-07,118.1945,118.5625,117.3078,117.5965,28897240
2021-05-10,116.407,116.55,114.227,114.5875,30914580
2021-05-11,112.1535,114.014,111.696,113.503,34185840
2021-05-12,111.3095,112.399,109.681,110.0125,46375480
2021-05-13,111.306,111.9719,110.336,111.452,33220400
2021-05-14,112.927,114.236,112.5,113.919,31996580
2021-05-17,113.1785,114.489,112.7755,114.446,21578600
2021-05-18,115.1175,115.3841,113.1095,113.1235,22203700
2021-05-19,111.4215,113.7495,111.272,113.575,23684100
2021-05-20,114.55,115.6,114.176,115.3475,32351000
2021-05-21,115.8705,115.9445,114.465,114.7065,40631800
2021-05-24,115.7445,118.2775,115.5978,118.052,31832200
2021-05-25,118.6,119.2,117.75,118.1435,22439640
2021-05-26,118.326,119.4495,118.3231,119.0155,21571960
2021-05-27,119.4525,119.4525,117.813,118.134,35224020
2021-05-28,118.721,118.8035,117.6425,117.8425,21490800
2021-06-01,118.722,119.2855,117.714,119.059,23358020
2021-06-02,119.4575,119.682,117.6178,118.5295,21162920
2021-06-03,117.2865,117.8508,116.476,117.379,18695920
2021-06-04,118.4635,119.9515,118.1205,119.6785,24458200
2021-06-07,119.4718,120.2255,119.05,120.115,24119320
2021-06-08,120.6005,120.976,119.739,119.922,24239840
2021-06-09,120.5715,120.644,119.845,120.397,17941040
2021-06-10,120.346,121.8,120.189,121.7565,25907500
2021-06-11,122,122.086,120.948,121.51,21958140
2021-06-14,121.613,122.446,120.9,122.4455,22097560
2021-06-15,122.45,122.7755,121.056,121.4195,21562140
2021-06-16,121.572,121.886,119.47,120.7725,26471860
2021-06-17,120.6975,122.5225,120.5,121.7435,25848880
2021-06-18,121.367,121.603,120.015,120.111,46115200
2021-06-21,120.5005,122,119.8985,121.8125,27413660
2021-06-22,121.75,122.4,121.064,122.3305,22390200
2021-06-23,122.0935,123.0955,121.8345,122.127,19154160
2021-06-24,122.7,123.0555,122.3,122.5,21365140
2021-06-25,122,122.633,121.5652,122.5085,34596380
2021-06-28,122.6785,122.7848,121.4055,122.536,28525420
2021-06-29,122.6704,123.0208,121.6908,122.2725,23108720
2021-06-30,121.9945,122.257,121.3545,122.0895,24473980
2021-07-01,121.725,122.587,121.5315,122.4445,18112820
2021-07-02,123.15,125.404,123.0595,125.2575,26002180
2021-07-06,125.6485,126.428,124.5825,126.19,26403580
2021-07-07,127.162,127.284,126.153,126.474,24059020
2021-07-08,124.026,125.5955,124.022,125.044,23789340
2021-07-09,125.025,125.7345,124.5513,125.5185,18631680
2021-07-12,126.178,127.0694,125.6108,126.9755,17667780
2021-07-13,127.0385,128.0575,126.6745,127.3415,19246940
2021-07-14,127.958,129.3263,127.9145,128.237,23745660
2021-07-15,128.649,128.7,126.53,127.005,24218800
2021-07-16,127.663,127.8115,126.1535,126.97,20424540
2021-07-19,126.0895,126.205,123.505,124.578,27967580
2021-07-20,125.5275,127.0432,124.3505,126.2095,26316440
2021-07-21,126.1335,127.596,126.0235,127.549,20746180
2021-07-22,127.844,128.483,127.4988,128.4215,14301880
2021-07-23,130.4305,133.399,129.8005,133.015,41506420
2021-07-26,133.3283,134.237,132.3015,134.035,30571480
2021-07-27,134.2505,134.399,130.104,131.9,54709480
2021-07-28,136.312,138.297,135.2775,136.094,95130600
2021-07-29,136.15,136.661,135.543,135.7775,31715720
2021-07-30,135.035,135.3045,134.255,134.7265,25575780
2021-08-02,135.117,135.3365,133.7941,134.8545,21634200
2021-08-03,135.135,135.732,133.3195,135.63,20761880
2021-08-04,135.3495,135.6495,134.487,135.1255,19676020
2021-08-05,135.6805,136.35,134.846,136.2515,17869000
2021-08-06,136.042,136.4725,135.21,135.7385,20488120
2021-08-09,135.9425,137.184,135.3392,136.913,17766000
2021-08-10,137.342,137.7723,136.3645,136.807,19414080
2021-08-11,137.1815,137.6823,136.2715,136.279,15352000
2021-08-12,135.9755,137.3,135.4255,137.194,16518860
2021-08-13,137.25,137.8565,137.033,137.7275,15947440
2021-08-16,137.5249,138.3625,135.2988,138.3095,22398360
2021-08-17,137.75,138.2655,136.082,136.6615,21715200
2021-08-18,136.5,137.1043,135.3215,135.449,19258940
2021-08-19,134.4355,136.3525,134.25,135.68,21782540
2021-08-20,136,137.554,135.25,137.4295,31193160
2021-08-23,137.9695,140.8745,137.6075,140.0415,28453400
2021-08-24,140.6115,142.08,140.3385,141.2615,19267220
2021-08-25,141.625,142.1895,141.376,142.079,15851480
2021-08-26,141.75,142.4175,141.357,141.4405,20609320
2021-08-27,141.6525,144.5125,141.497,144.004,28780200
2021-08-30,144.4,145.9705,144.163,144.5905,24434200
2021-08-31,145.147,145.1713,144.281,144.6975,22448760
2021-09-01,145,146.2538,144.8835,145.2155,21936100
2021-09-02,145.216,145.5193,143.1848,143.287,32358140
2021-09-03,143.0805,144.155,142.4005,143.7395,19854360
2021-09-07,143.8345,144.565,143.619,144.2805,20131900
2021-09-08,144.1,144.4,143,143.691,18350220
2021-09-09,143.8405,144.3105,143.1775,143.541,15317100
2021-09-10,144.2125,144.7185,140.7378,140.876,36839340
2021-09-13,141.9495,142.95,141.25,142.3325,22093840
2021-09-14,142.9953,143.363,141.75,142.5445,19673860
2021-09-15,142.7715,144.4505,141.3475,144.4295,27407580
2021-09-16,143.9505,144.3,142.4015,143.61,26195420
2021-09-17,143.0305,143.45,140.4698,140.8,53384460
2021-09-20,138.1615,139,136.3218,138.7195,46518040
2021-09-21,139.7495,140.0115,138.278,139.033,25331900
2021-09-22,139.304,140.887,138.5515,140.2835,25055560
2021-09-23,140.9875,141.6965,140.4015,141.216,20951000
2021-09-24,140.5385,142.3303,140.241,142.215,22983900
2021-09-27,140.8043,141.9385,140.0675,141.072,21881960
2021-09-28,138.655,139.0965,135.36,135.83,45772200
2021-09-29,136.98,137.151,133.865,134.3535,30848700
2021-09-30,134.2615,135.5425,133.556,133.676,38028800
2021-10-01,134.4475,136.9105,134.073,136.543,35360180
2021-10-04,135.9605,135.9605,131.05,133.6595,51201940
2021-10-05,134.041,137.2245,134.041,136.023,32403260
2021-10-06,134.75,137.75,134.55,137.565,24364280
2021-10-07,138.892,140.042,138.6512,139.225,25110140
2021-10-08,139.577,140.331,139.2175,139.7855,26525840
2021-10-11,139.292,140.712,138.859,138.914,17953620
2021-10-12,139.48,139.507,135.76,136.449,36332240
2021-10-13,137.4025,138,136.5188,137.582,19662320
2021-10-14,139.4738,141.3373,138.825,141.151,31927940
2021-10-15,141.6145,141.718,140.755,141.368,30274440
2021-10-18,141.0765,142.796,141.0695,142.778,20396160
2021-10-19,143.3875,143.6625,142.6,143.237,20163000
2021-10-20,143.338,143.5461,141.3765,141.769,23288060
2021-10-21,141.769,142.156,140.5,141.886,26292260
2021-10-22,139.15,140.5828,136.056,137.5665,50588960
2021-10-25,137.55,138,135.424,137.447,34412260
2021-10-26,139.2635,140.0829,138.3045,139.3085,49235020
2021-10-27,139.405,148.65,139.405,146.2175,85781400
2021-10-28,147.1345,147.158,144.6267,145.849,36206380
2021-10-29,145.078,148.242,144.6495,148.046,43320300
2021-11-01,148.046,148.046,143.2255,143.497,46923240
2021-11-02,144.5795,146.609,144.3355,145.4325,33482240
2021-11-03,145.9005,146.669,144.591,146.598,27493240
2021-11-04,147.1245,149.7335,146.308,148.2675,38411260
2021-11-05,149.1695,150.3275,148.197,148.852,38354740
2021-11-08,149.825,150.6148,148.4305,149.031,23052500
2021-11-09,149.233,149.8345,147.2448,148.9185,19529740
2021-11-10,147.5,148.07,144.5375,145.8935,29969800
2021-11-11,146.4895,147.5355,145.6005,145.7665,16517480
2021-11-12,146.6155,148.85,145.411,148.678,22360000
2021-11-15,148.9005,149.5495,147.575,148.452,23507040
2021-11-16,148.1495,148.7625,147.3125,147.876,18904000
2021-11-17,148.0275,148.5595,147.24,148.047,19599500
2021-11-18,148.2415,150.5805,147.8845,149.8385,35628220
2021-11-19,149.9755,150.9665,148.899,148.9265,33699380
2021-11-22,149.3325,149.8295,146.1475,146.302,30629200
2021-11-23,146.153,146.66,144.115,145.782,27231160
2021-11-24,145.4735,146.2493,144.373,146.12,18040140
2021-11-26,144.3485,144.5575,141.8425,142.183,30469240
2021-11-29,144,146.2975,143.8935,145.5305,32595040
2021-11-30,145.0085,146,141.6015,141.8975,42067220
2021-12-01,144,145.9503,140.912,141.0515,34055240
2021-12-02,141.25,143.8645,140.2145,142.966,29194840
2021-12-03,143.681,144.4,140.301,142.0015,41230160
2021-12-06,143.0405,143.8525,140.15,143.155,30618100
2021-12-07,145.5965,147.5312,145.2275,147.2695,32240300
2021-12-08,147.5965,148.393,146.406,148.1865,24270320
2021-12-09,147.591,149.1,147.115,147.6385,23269720
2021-12-10,148.7,148.9775,146.7037,148.0015,24462760
2021-12-13,147.7815,147.97,145.5175,145.8265,27069400
2021-12-14,143.968,144.48,141.2148,143.907,38446240
2021-12-15,143.409,146.721,141.6779,146.441,36370460
2021-12-16,147.1705,147.6768,143.607,144.445,33650380
2021-12-17,142.5,143.8345,141.3,141.725,51017880
2021-12-20,140,141.7745,139.321,141.607,27192360
2021-12-21,142.0535,143.869,140.5025,143.4725,28755360
2021-12-22,143.0675,146.5,143.0675,146.415,26322380
2021-12-23,146.5,148.2435,146.452,146.9165,26383440
2021-12-27,147.256,148.344,147.1693,147.9065,15984460
2021-12-28,148.236,148.299,146.0543,146.687,18254300
2021-12-29,146.6443,147.417,145.6475,146.655,17787460
2021-12-30,146.694,147.3,145.9945,146.2005,15687720
2021-12-31,146.05,146.6985,144.852,144.852,18135180
2022-01-03,145.055,145.851,143.7128,144.9915,28678940
2022-01-04,145.396,146.4849,143.7163,144.3995,28399440
2022-01-05,144.42,144.4994,137.688,137.775,54618280
2022-01-06,136.9985,139.94,136.5585,137.7475,37347420
2022-01-07,138.1455,138.4485,135.7665,137.017,29760560
2022-01-10,135.078,138.8195,133.1645,138.6695,44408120
2022-01-11,138.007,140.216,136.6923,139.736,28729700
2022-01-12,141.15,142.6078,140.6945,141.4305,26112040
2022-01-13,141.54,142.85,138.409,138.587,31436600
2022-01-14,137.079,140.742,136.9985,139.4805,29661280
2022-01-18,136.175,137.1315,135.4383,135.998,34888100
2022-01-19,136.5235,137.9595,135.0155,135.1165,28647640
2022-01-20,136.25,137.626,132.9647,133.3075,29907140
2022-01-21,132.5935,134.8655,130.0865,130.3515,55651420
2022-01-24,125.978,131.203,124.5,130.804,76694240
2022-01-25,128.74,129.399,126.5005,126.935,46960560
2022-01-26,131.119,133,127.142,129.233,49129500
2022-01-27,131.304,132.6523,128.9323,129.005,32018780
2022-01-28,129.659,133.3565,128.485,133.351,34361480
2022-01-31,134.162,135.473,132.2095,135.3035,39986000
2022-02-01,137.5945,137.7928,134.3685,137.644,68643640
2022-02-02,151.25,151.5466,145.5225,148,123199220
2022-02-03,145.7055,149.675,142.6653,143.09,71517220
2022-02-04,143.4447,144.875,140.515,143.293,57998220
2022-02-07,144.25,144.25,138.9,139.201,54973300
2022-02-08,139.0265,140,137.0139,139.399,54283600
2022-02-09,140.9635,142.5243,140.187,141.592,40143880
2022-02-10,139.7035,141.4845,137.957,138.62,39330660
2022-02-11,138.6,139.1563,133.4,134.2825,39958340
2022-02-14,133.2565,136.3,133.2565,135.526,34301080
2022-02-15,137.5705,138.1085,135.8215,136.6085,26711260
2022-02-16,136.6465,138.086,134.9238,137.738,25021300
2022-02-17,136.243,137.1135,132.4785,132.539,38949500
2022-02-18,133.467,134.07,130.1965,130.403,45619440
2022-02-22,129.8381,132.1803,128.2233,129.8135,44990740
2022-02-23,131.6485,132.051,127.5275,127.588,32786020
2022-02-24,124.9533,133,124.9533,132.691,54455080
2022-02-25,133.552,135.2715,131.7515,134.4595,36405980
2022-02-28,133.05,135.7515,132.5923,135.057,38864420
2022-03-01,134.8785,136.2555,133.2185,134.0615,26495360
2022-03-02,134.628,135.2625,133.0715,134.5715,23519800
2022-03-03,136.01,136.4395,133.0255,133.8995,24603240
2022-03-04,132.9275,133.8515,130.3375,131.9065,30450640
2022-03-07,131.488,131.735,126.295,126.3785,45112940
2022-03-08,126.25,131.25,125.6747,127.1045,40427100
2022-03-09,131.25,133.7355,129.9005,133.42,37025400
2022-03-10,131.266,133.2718,130.9125,132.4295,27101400
2022-03-11,133.4885,133.7955,129.6315,129.8705,31526440
2022-03-14,130.25,130.409,125.275,125.951,38811260
2022-03-15,126.976,129.8545,125.7205,129.198,30919520
2022-03-16,130.733,133.333,128.7345,133.2805,35576980
2022-03-17,133.149,134.0804,132.185,133.839,28263920
2022-03-18,133.4245,136.244,132.2583,136.1255,44566900
2022-03-21,136.1635,137.05,134.0923,136.1015,26831680
2022-03-22,136.1015,141.05,136.1015,139.868,35495540
2022-03-23,138.7025,139.5885,137.835,138.2755,25153400
2022-03-24,139.2,141.6188,137.7505,141.572,26396560
2022-03-25,141.916,142.035,139.7375,141.673,24143080
2022-03-28,140.9005,142.0025,139.8113,141.4555,35049260
2022-03-29,142.6475,143.7935,142.0383,142.5055,34317020
2022-03-30,142.46,142.7203,141.6,141.9385,19884760
2022-03-31,142.053,142.1078,139.0245,139.0675,37524720
2022-04-01,139.5,140.4708,138.3075,140.1505,25941440
2022-04-04,140.3585,143.712,140.3105,142.9715,25970840
2022-04-05,142.869,142.9905,140.3825,140.591,21418120
2022-04-06,138.75,139.3605,135.517,136.548,32468480
2022-04-07,136.01,137.1645,134.2274,135.8885,26233600
2022-04-08,135.5835,135.67,132.9655,133.2875,25142800
2022-04-11,131.8235,132.0925,128.6685,128.8235,36883060
2022-04-12,131.6,131.6,126.789,127.7145,32710700
2022-04-13,128,130.334,127.7412,129.894,27927240
2022-04-14,130.4795,130.4795,126.601,126.73,31597980
2022-04-18,127,128.2125,126.182,127.6765,20808660
2022-04-19,127.6915,130.333,126.9995,130.009,26489760
2022-04-20,130.892,131.399,127.5,128.04,31695460
2022-04-21,129.25,130.0985,124.5265,124.8145,36445160
2022-04-22,125,125.402,118.925,119.6355,56883720
2022-04-25,119.101,123.2775,118.511,123.074,46128260
2022-04-26,122.2945,122.51,118.511,118.65,73054880
2022-04-27,114.4693,117.242,112.7365,114.2945,91820580
2022-04-28,116.415,119.6495,114.115,118.5225,48884640
2022-04-29,116.7345,117.9198,113.8145,114.1095,42676000
2022-05-02,113.405,116.7455,112.6,116.583,35533020
2022-05-03,116.4305,118.4418,116.0345,117.334,24967360
2022-05-04,117.0315,122.8545,115.116,122.261,49915280
2022-05-05,120.204,121.039,115.0057,116.5055,45840580
2022-05-06,115.1845,117.5715,114.0155,115.7465,39709580
2022-05-09,113.25,115.0771,112.0005,112.511,40802860
2022-05-10,115.5075,116.25,112.9005,114.395,39900380
2022-05-11,113.2365,116.3644,113.2365,113.6025,37534740
2022-05-12,111.3775,114.295,109.8245,112.844,53836180
2022-05-13,114.533,117.875,113.605,116.0505,35038480
2022-05-16,114.9555,116.17,113.8895,114.445,25990440
2022-05-17,116.8405,116.9,114.8698,116.473,23053160
2022-05-18,115,115.4,111.5555,111.8995,35125980
2022-05-19,111.4315,113.01,110,110.384,34144400
2022-05-20,111.951,112.1835,105.7964,108.908,48962960
2022-05-23,109.5875,112.1475,108.741,111.488,37184940
2022-05-24,105.772,106.4583,101.8847,105.97,76779780
2022-05-25,104.9855,106.5,103.8565,105.805,40257340
2022-05-26,105.677,108.6495,105.2249,107.7925,37947220
2022-05-27,109.483,112.318,109.1383,112.3165,37914120
2022-05-31,112.7465,115.735,112.0785,113.762,50012260
2022-06-01,114.855,117.1016,113.25,113.892,36605520
2022-06-02,114,117.8995,112.9465,117.6225,37992280
2022-06-03,116.0625,116.3216,113.5185,114.541,26135460
2022-06-06,116.7045,119.347,116.164,116.8205,33541540
2022-06-07,115.4805,117.691,115.052,117.1495,31590460
2022-06-08,116.7615,118.5705,116.6,117.194,26107740
2022-06-09,116.3275,118.299,114.776,114.8355,25797960
2022-06-10,112.445,113.279,110.3661,111.1615,41481840
2022-06-13,106.7865,108.7915,106.1192,106.3925,47251920
2022-06-14,106.535,107.9245,105.8,106.7155,33706260
2022-06-15,108.545,111.4235,107.6695,109.7645,39698180
2022-06-16,107.221,108.6485,105.138,106.0335,51684960
2022-06-17,106.0335,108.6995,105.046,107.1435,51376520
2022-06-21,108.9295,112.4893,108.6,111.544,47415800
2022-06-22,110.5565,113.3465,110.3824,111.4875,30774140
2022-06-23,112.2315,112.7425,110.5005,112.242,28361920
2022-06-24,112.995,118.079,112.9525,117.975,41163680
2022-06-27,118.273,118.5795,115.1797,115.8335,36420760
2022-06-28,115.8025,117.3095,111.848,112.0075,35880960
2022-06-29,111.552,113.1603,110.8725,111.7015,24716820
2022-06-30,110,110.888,106.75,108.963,43169060
2022-07-01,107.933,109.25,106.7305,108.7375,35475660
2022-07-05,107.1005,113.3768,105.7315,113.263,39399640
2022-07-06,113.302,115.5895,111.476,114.572,37431380
2022-07-07,115.08,119.1895,114.8335,118.783,40935880
2022-07-08,117.25,119.685,116.9013,119.3535,38238160
2022-07-11,117.998,117.998,115.3305,115.6765,31243700
2022-07-12,116.215,116.974,113.6902,114.0205,29959700
2022-07-13,111.701,114.196,111.2015,111.3535,43722020
2022-07-14,110.2105,111.093,108.373,110.3675,37003040
2022-07-15,112.0005,113.1405,110.9,111.7775,46769120
2022-07-18,112.64,113.68,108.37,109.03,43164590
2022-07-19,110.85,114.02,109.56,113.81,36530950
2022-07-20,113.17,115.4,112.48,113.9,35600430
2022-07-21,114.28,114.55,111.1132,114.34,32676170
2022-07-22,111,112.34,106.5,107.9,48901180
2022-07-25,108.41,109.87,106.3,107.51,34690890
2022-07-26,106.6,107.2,104.07,105.02,47990960
2022-07-27,109.26,113.91,108.01,113.06,59858500
2022-07-28,112.37,114.34,111.46,114.22,32816570
2022-07-29,113.08,116.705,113.06,116.32,37223390
2022-08-01,115.3,116.72,114.34,114.86,26034290
2022-08-02,114,116.35,113.72,115.13,20236030
2022-08-03,115.71,118.62,115.48,118.08,28499010
2022-08-04,117.48,118.78,116.89,118.19,21602930
2022-08-05,116.23,118.1056,116,117.47,19159520
2022-08-08,118.39,120.15,116.88,117.3,19169480
2022-08-09,117.135,117.32,115.71,116.63,19086470
2022-08-10,118.78,120.92,118.41,119.7,30930350
2022-08-11,121.28,121.49,118.56,118.84,24293650
2022-08-12,120.26,121.68,119.46,121.68,19096270
2022-08-15,121.13,122.3,120.61,122.08,19494830
2022-08-16,121.52,122.43,120.64,121.7,19041230
2022-08-17,120.12,121.29,119.38,119.55,22846960
2022-08-18,119.43,120.82,118.72,120.17,17987660
2022-08-19,119.06,119.15,116.76,117.21,21809530
2022-08-22,115.2,115.63,113.85,114.24,21456650
2022-08-23,113.475,115.01,113.43,113.86,15870370
2022-08-24,113.5,114.78,112.8701,113.69,17734620
2022-08-25,114.235,116.72,114.11,116.65,16956790
2022-08-26,114.72,115.12,110.19,110.34,37245700
2022-08-29,109.99,110.95,108.8,109.42,21191160
2022-08-30,110.17,110.5,107.8,108.94,27513260
2022-08-31,110.65,110.85,108.13,108.22,28626970
2022-09-01,108.28,110.445,107.36,109.74,28360930
2022-09-02,110.59,110.74,107.26,107.85,24160710
2022-09-06,107.3,108.03,105.78,106.81,25068280
2022-09-07,107.06,109.98,106.9,109.45,23166970
2022-09-08,108.04,109.6,107.16,108.38,24238290
2022-09-09,109.065,110.99,109.02,110.65,23213590
2022-09-12,110.99,111.62,109.93,110.86,22966750
2022-09-13,107.8,108.3,104.09,104.32,38172870
2022-09-14,104.57,105.275,103.66,105,26395130
2022-09-15,104.03,105.27,102.35,102.91,34188280
2022-09-16,102.07,103.13,100.94,102.8,42797170
2022-09-19,101.75,103.33,101.55,103.07,23036810
2022-09-20,102.08,102.37,100.52,101.14,26517120
2022-09-21,101.67,102.88,99.27,99.28,31487270
2022-09-22,98.82,101.24,98.79,100.14,34298620
2022-09-23,99.63,99.66,97.47,98.74,31625440
2022-09-26,98.1,99.88,97.8,98.17,27072660
2022-09-27,99.43,100,96.872,97.5,30072780
2022-09-28,97.65,100.7,97.11,100.05,32466320
2022-09-29,98.64,98.64,95.96,97.42,31047220
2022-09-30,97.05,98.9,95.56,95.65,32941490
2022-10-03,96.76,99.2872,96.521,98.64,27982030
2022-10-04,100.44,101.84,100.38,101.64,28850770
2022-10-05,99.825,101.93,98.8,101.43,22176900
2022-10-06,100.68,102.9254,100.59,101.42,22323990
2022-10-07,99.85,100.53,98.295,98.68,27502770
2022-10-10,99,99.095,97.01,97.86,18225090
2022-10-11,97.43,99.245,96.31,97.18,26507100
2022-10-12,97.3,98.75,96.735,97.56,21876360
2022-10-13,95.15,99.775,94.3836,99.06,34574550
2022-10-14,99.99,100.69,96.37,96.56,25410670
2022-10-17,98.86,100.93,98.83,99.97,28419190
2022-10-18,103.13,103.47,99.97,100.77,24060670
2022-10-19,100.01,101.0183,98.9201,99.63,23811060
2022-10-20,100,102.32,99.39,99.97,25323200
2022-10-21,97.845,101.31,97.72,101.13,32458720
2022-10-24,101.8,102.75,99.98,102.52,27176420
2022-10-25,102.9,104.82,102.72,104.48,40611380
2022-10-26,96.43,98.31,94.69,94.93,88279040
2022-10-27,94.52,95.43,91.8,92.22,60710860
2022-10-28,92.27,96.55,92.13,96.29,43697290
2022-10-31,95.42,96.03,93.98,94.51,31675040
2022-11-01,95.45,96.03,90.37,90.47,47161350
2022-11-02,90.94,91.18,86.88,86.97,57038280
2022-11-03,86.32,86.52,83.34,83.43,61288020
2022-11-04,85.4,86.64,83.71,86.58,51124900
2022-11-07,87.28,88.9,86.85,88.49,34078910
2022-11-08,88.9,90.32,87.5901,88.9,30429030
2022-11-09,88.45,89.435,87.28,87.32,31769100
2022-11-10,92.25,94.39,91.61,93.94,51620140
2022-11-11,94.69,96.93,93.92,96.41,33090480
2022-11-14,95.09,96.79,94.51,95.7,30179540
2022-11-15,98.26,100.14,96.71,98.44,41640820
2022-11-16,97.9,99.6375,97.64,98.85,29105150
2022-11-17,96.97,99.28,96.79,98.36,26052600
2022-11-18,98.77,98.9,96.37,97.43,28342300
2022-11-21,97.29,98.4,95.355,95.6,21647390
2022-11-22,95.95,97.22,94.05,97.05,23438480
2022-11-23,97.09,98.76,97.09,98.46,18868090
2022-11-25,98.24,98.64,97.4,97.46,9701441
2022-11-28,97.036,97.58,95.61,96.05,26252430
2022-11-29,95.73,96.12,94.11,95.19,20061720
2022-11-30,94.82,101.04,94.42,100.99,43647480
2022-12-01,101.02,102.25,100.25,100.99,28687100
2022-12-02,99.05,100.77,98.9,100.44,21480700
2022-12-05,99.4,101.38,99,99.48,24405090
2022-12-06,99.3,99.78,96.42,96.98,24910660
2022-12-07,96.41,96.8811,94.715,94.94,31045450
2022-12-08,95.38,95.58,93.45,93.71,32213290
2022-12-09,93.77,94.26,92.75,92.83,28225450
2022-12-12,92.71,93.56,91.61,93.31,29009010
2022-12-13,97.76,99.53,95.03,95.63,40593660
2022-12-14,95.2,96.87,93.6,95.07,28733600
2022-12-15,93.13,93.64,90.01,90.86,40107030
2022-12-16,90.76,91.33,89.52,90.26,58011850
2022-12-19,90.255,90.56,88.21,88.44,29493030
2022-12-20,88.11,89.175,87.4401,89.02,23453840
2022-12-21,89.08,90.22,88.32,89.58,24745640
2022-12-22,88.16,88.54,86.32,87.76,27658290
2022-12-23,87.11,89.545,87.07,89.23,23003040
2022-12-27,88.795,88.94,87.01,87.39,20097350
2022-12-28,86.98,88.04,85.94,86.02,19523180
2022-12-29,86.62,88.845,86.61,88.45,23333540
2022-12-30,86.98,88.3,86.57,88.23,23986300
2023-01-03,89.585,91.05,88.52,89.12,28131220
2023-01-04,90.35,90.65,87.271,88.08,34854780
2023-01-05,87.47,87.57,85.9,86.2,27194380
2023-01-06,86.79,87.69,84.86,87.34,41381500
2023-01-09,88.36,90.05,87.86,88.02,29003900
2023-01-10,85.98,88.67,85.83,88.42,30467760
2023-01-11,89.18,91.6,89.01,91.52,26861970
2023-01-12,91.48,91.87,89.75,91.13,30258140
2023-01-13,90.85,92.19,90.1299,92.12,26329210
2023-01-17,92.06,92.25,90.05,91.29,32602420
2023-01-18,92.14,92.7999,90.64,91.12,29116690
2023-01-19,90.72,93.605,90.63,93.05,37000400
2023-01-20,95.1,98.3,95.02,98.02,63191080
2023-01-23,97.95,100.04,97.5,99.79,40005060
2023-01-24,98.1,99.61,97.2,97.7,33078510
2023-01-25,95.57,96.162,93.76,95.22,42329950
2023-01-26,96.5,97.57,95.38,97.52,30113970
2023-01-27,97.31,100.32,97.31,99.37,33879750
2023-01-30,97.48,98.29,96.395,96.94,27226200
2023-01-31,96.87,98.88,96.82,98.84,29870670
2023-02-01,98.71,101.19,97.58,100.43,35531100
2023-02-02,105.8,107.85,105.61,107.74,69883760
2023-02-03,102.93,107.81,102.58,104.78,65309260
2023-02-06,102.4,104.36,101.88,102.9,31999560
2023-02-07,103.22,108.18,103.12,107.64,49010230
2023-02-08,102.05,103.14,98.035,99.37,94743520
2023-02-09,100,100.03,93.63,95.01,119455000
2023-02-10,95.45,96.75,94.25,94.57,54980700
2023-02-13,94.74,95.2,93.84,94.61,50076120
2023-02-14,94.43,94.845,92.26,94.68,54726120
2023-02-15,94.49,97.12,94.15,96.94,50298480
2023-02-16,95.37,97.68,94.74,95.51,42462620
2023-02-17,94.85,95.5599,93.21,94.35,34284120
2023-02-21,93,93.1,91.72,91.79,33629260
2023-02-22,91.7,92.11,90.61,91.65,30884020
2023-02-23,91.92,91.94,89.76,90.89,41206380
2023-02-24,89.44,89.89,88.575,89.13,36585090
2023-02-27,89.87,90.16,89.335,89.87,27502300
2023-02-28,89.33,91.23,89.32,90.06,30142040
2023-03-01,89.98,91.03,89.67,90.36,31111230
2023-03-02,89.66,92.275,89.59,92,32226230
2023-03-03,92.48,93.73,92.45,93.65,35160110
2023-03-06,94.015,95.97,94,95.13,32639310
2023-03-07,94.98,95.67,93.53,93.86,27835480
2023-03-08,94.12,95.955,94,94.25,34103270
2023-03-09,94.05,95.53,91.9,92.32,28813530
2023-03-10,92.17,92.79,90.395,90.63,35941050
2023-03-13,90.09,92.57,89.42,91.11,37335570
2023-03-14,92.56,94.36,92.44,93.97,36050210
2023-03-15,93.22,96.93,92.64,96.11,50622050
2023-03-16,96.2,101.19,95.5,100.32,65567660
2023-03-17,100.26,102.835,100.1,101.62,61028550
2023-03-20,100.12,101.75,99.87,101.22,32960440
2023-03-21,101.25,105.1,101.22,104.92,42110280
2023-03-22,104.27,106.59,103.33,103.37,43427420
2023-03-23,105.06,106.3,104.46,105.6,40797770
2023-03-24,104.99,105.49,103.84,105.44,30411040
2023-03-27,104.615,104.76,101.9273,102.46,31120860
2023-03-28,102.44,102.45,99.74,101.03,32057870
2023-03-29,102.28,102.49,100.65,101.39,28779570
2023-03-30,100.91,101.155,99.78,100.89,33086180
2023-03-31,101.3,103.89,101.04,103.73,36863370
2023-04-03,102.39,104.53,101.93,104.36,25035400
2023-04-04,104.33,105.58,104.04,104.72,24420080
2023-04-05,105.78,106.1,103.66,104.47,28290500
2023-04-06,105.26,109.17,104.33,108.42,48711480
2023-04-10,106.98,107.59,105.12,106.44,27067360
2023-04-11,106.55,106.73,104.68,105.35,26311800
2023-04-12,106.58,106.75,104.34,104.64,24370270
2023-04-13,105.84,107.49,105.84,107.43,24843580
2023-04-14,106.89,108.94,106.84,108.87,26578000
2023-04-17,104.658,106.16,104.52,105.97,37571220
2023-04-18,106.49,106.54,104.07,104.5,26596450
2023-04-19,103.58,104.98,103.07,104.18,20905680
2023-04-20,103.91,106.25,103.8684,105.29,27820790
2023-04-21,105.47,106,104.78,105.41,25800080
2023-04-24,105.49,106.63,104.7,105.97,23542830
2023-04-25,105.825,106.69,103.84,103.85,46664100
2023-04-26,104.92,106.35,102.63,103.71,53347560
2023-04-27,104.45,108.37,103.54,107.59,50089190
2023-04-28,107.04,107.35,105.09,107.34,36139850
2023-05-01,106.84,107.99,106.82,107.2,26681680
2023-05-02,107.14,107.2,103.71,105.32,30997250
2023-05-03,105.53,107.49,104.96,105.41,21795410
2023-05-04,105.485,105.6,103.97,104.69,23419510
2023-05-05,104.82,105.88,104.11,105.57,26639250
2023-05-08,105.18,107.96,105.16,107.77,26511450
2023-05-09,108.39,110.15,107.19,107.35,36360140
2023-05-10,107.97,112.94,107.93,111.75,63153370
2023-05-11,115.395,117.92,114.41,116.57,78900030
2023-05-12,116.68,118.03,116.11,117.51,41102330
2023-05-15,116.11,118.48,116.01,116.51,36266770
2023-05-16,116.49,120.75,116.43,119.51,45035560
2023-05-17,119.61,121.67,118.89,120.84,33323590
2023-05-18,120.95,123.31,120.83,122.83,35234230
2023-05-19,123.55,125.97,122.15,122.76,41353450
2023-05-22,122.94,126.43,122.74,125.05,35253030
2023-05-23,124.16,124.625,122.2104,122.56,34046250
2023-05-24,121.12,121.91,119.86,120.9,34182640
2023-05-25,124.52,125.32,121.96,123.48,42316990
2023-05-26,123.17,125.26,122.45,124.61,35635940
2023-05-30,125.64,125.66,122,123.67,35076660
2023-05-31,122.75,124.0601,122.5,122.87,37325790
2023-06-01,122.815,124.42,122.62,123.72,30772680
2023-06-02,123.99,126.15,123.76,124.67,26980150
2023-06-05,124.01,127.43,123.84,126.01,32305530
2023-06-06,126.01,128.29,125.36,127.31,26638300
2023-06-07,126.97,129.04,122.12,122.5,52538990
2023-06-08,122.225,123.225,121.24,122.14,29389170
2023-06-09,122.25,123.755,121.91,122.23,23778320
2023-06-12,122.785,124.05,121.66,123.64,28338740
2023-06-13,124.98,125.16,123.18,123.83,22278310
2023-06-14,123.1,124.05,121.45,123.67,30592300
2023-06-15,123.14,125.46,122.4,125.09,35246270
2023-06-16,125.93,126.108,123.28,123.53,45535550
2023-06-20,122.93,124.57,122.14,123.1,26097490
2023-06-21,122.4,122.66,120.1,120.55,30306340
2023-06-22,120,123.24,118.83,123.15,26952250
2023-06-23,121.38,122.7879,121.06,122.34,34913640
2023-06-26,120.76,122,118.265,118.34,33969900
2023-06-27,117.08,119.08,116.1,118.33,39535940
2023-06-28,117.09,120.39,116.85,120.18,27091450
2023-06-29,119.24,120.06,118.295,119.1,24090900
2023-06-30,120.17,121.08,119.69,119.7,29532240
2023-07-03,119.24,120.19,118.8182,119.9,14442850
2023-07-05,119.24,122.61,119.23,121.75,27584810
2023-07-06,119.795,120.3,118.4,120.11,24778800
2023-07-07,120.1,121.05,119.4,119.48,21709550
2023-07-10,118.3,118.305,116.135,116.45,35315240
2023-07-11,116.29,117.71,115.35,117.14,23078780
2023-07-12,118.8,120.33,118.4145,118.93,30404410
2023-07-13,120.93,124.83,120.45,124.54,44297920
2023-07-14,124.8,126.775,123.49,125.42,33283080
2023-07-17,125.94,127.0999,124.195,124.65,25716220
2023-07-18,124.6,124.68,122.96,123.76,26226450
2023-07-19,124.6,125.18,121.8,122.03,37224030
2023-07-20,121.42,124.09,118.22,119.2,37906760
2023-07-21,120.62,120.99,118.73,120.02,71606470
2023-07-24,121.66,123,120.98,121.53,29723670
2023-07-25,121.36,123.145,121.02,122.21,52509550
2023-07-26,130.07,130.98,128.32,129.27,61682090
2023-07-27,131.67,133.24,128.79,129.4,44952070
2023-07-28,130.78,133.74,130.57,132.58,36591160
2023-07-31,132.73,133.525,131.775,132.72,28055530
2023-08-01,130.775,132.63,130.68,131.55,23276440
2023-08-02,129.45,130.09,127.56,128.38,26273260
2023-08-03,127.97,129.385,127.42,128.45,20159530
2023-08-04,129.28,131.51,127.91,128.11,26147160
2023-08-07,129.16,131.61,129.02,131.53,22746290
2023-08-08,130.62,131.51,129.545,131.4,23535180
2023-08-09,131.66,132.04,129,129.66,24912920
2023-08-10,131.32,132.05,129.45,129.69,20857750
2023-08-11,128.66,129.93,128.17,129.56,19591080
2023-08-14,129.39,131.37,128.96,131.33,24695610
2023-08-15,131.1,131.42,129.28,129.78,19770730
2023-08-16,128.7,130.2809,127.865,128.7,25216070
2023-08-17,129.8,131.99,129.29,129.92,33446280
2023-08-18,128.51,129.25,126.3824,127.46,30504770
2023-08-21,127.175,128.725,126.56,128.37,25248730
2023-08-22,128.51,130.278,128.32,129.08,22067520
2023-08-23,130.18,133.41,129.87,132.37,27819710
2023-08-24,133.95,134.25,129.57,129.78,28500690
2023-08-25,129.54,130.76,127.25,129.88,26762890
2023-08-28,131.31,132.54,130.14,131.01,20543270
2023-08-29,132.24,136.57,132.24,134.57,43075560
2023-08-30,134.78,136.275,134.07,135.88,28315770
2023-08-31,136.01,138,135.79,136.17,30053800
2023-09-01,137.455,137.455,134.85,135.66,21543690
2023-09-05,135.44,136.42,134.5801,135.77,19403110
2023-09-06,136.02,136.5299,133.665,134.46,18684530
2023-09-07,133.59,135.58,132.95,135.26,18844340
2023-09-08,134.91,136.66,134.85,136.38,23584190
2023-09-11,136.54,137.48,135.785,136.92,20763350
2023-09-12,136.26,136.8701,135.19,135.34,18405510
2023-09-13,135.09,136.9,134.15,136.71,20749500
2023-09-14,137.6,138.695,136.24,138.1,24750970
2023-09-15,137.98,138.52,136.48,137.4,38919610
2023-09-18,136.61,139.16,136.61,138.21,21861350
2023-09-19,137.42,138.41,136.62,138.04,20353650
2023-09-20,138.08,138.08,133.62,133.74,29927480
2023-09-21,131.44,132.23,130.07,130.44,31503910
2023-09-22,130.76,132.025,129.6,130.25,26397340
2023-09-25,129.83,131.17,128.96,131.11,20094640
2023-09-26,129.77,130.3645,127.22,128.565,25718700
2023-09-27,128.57,130.895,128.57,130.54,22746450
2023-09-28,129.84,133.3,129.79,132.31,22513130
2023-09-29,133.28,134.05,130.36,130.86,30859790
2023-10-02,131.21,134.42,131.17,134.17,22288040
2023-10-03,133.94,134.26,131.84,132.43,22989400
2023-10-04,132.79,135.57,132.53,135.24,26752300
2023-10-05,135.07,135.49,133.45,135.07,19832620
2023-10-06,134.01,138.155,134.01,137.58,27597600
2023-10-09,136.94,138.94,135.61,138.42,19278070
2023-10-10,138.5,139.72,137.33,138.06,27786610
2023-10-11,138.58,141.11,138.58,140.55,25884300
2023-10-12,141.05,141.22,138.26,138.97,24765540
2023-10-13,139.38,140,136.615,137.36,23435600
2023-10-16,138.17,139.63,137.99,139.095,28501870
2023-10-17,138.63,139.9,137.18,139.72,23515780
2023-10-18,139.445,140.72,137.38,137.96,23375000
2023-10-19,138.5,139.66,137.38,137.75,26066010
2023-10-20,137.33,137.87,135.08,135.6,26335670
2023-10-23,135.04,137.6599,133.95,136.5,26317930
2023-10-24,137.83,139.3599,137.42,138.81,44814320
2023-10-25,128.16,128.31,125.07,125.61,84366210
2023-10-26,123.27,124.3297,121.27,122.28,57061140
2023-10-27,122.88,123.31,120.2057,122.17,44566510
2023-10-30,123.21,125.4,122.75,124.46,28940080
2023-10-31,125.06,125.37,122.685,124.08,26292340
2023-11-01,124.07,126.49,123.715,126.45,30082440
2023-11-02,128.42,128.98,126.93,127.49,27124650
2023-11-03,128.02,129.525,127.86,129.1,26393110
2023-11-06,129.05,130.34,128.67,130.25,19052740
2023-11-07,130.71,131.91,129.88,130.97,29757280
2023-11-08,130.97,132.21,130.78,131.84,26425850
2023-11-09,131.96,132.55,130.065,130.24,23747770
2023-11-10,130.105,132.8,129.41,132.59,26927830
2023-11-13,131.78,132.59,131.25,132.09,18324750
2023-11-14,134.19,135.7,133.32,133.62,32395180
2023-11-15,134.87,135.03,133.57,134.62,23861520
2023-11-16,135.19,137.2199,134.32,136.93,28013180
2023-11-17,136,136.06,133.65,135.31,37287690
2023-11-20,133.69,136.66,133.62,136.25,27850760
2023-11-21,136.29,137.18,135.96,136.97,22635270
2023-11-22,137.47,139.42,137.47,138.49,17820460
2023-11-24,138.03,138.13,135.99,136.69,12514320
2023-11-27,136.03,138.42,136,136.41,23436530
2023-11-28,136.08,137.25,135.4222,137.2,18730030
2023-11-29,137.57,138.288,134.84,134.99,23967220
2023-11-30,135.05,135.55,131.28,132.53,38988260
2023-12-01,131.86,132.11,130.665,131.86,31442260
2023-12-04,129.88,130.03,127.9,129.27,36669880
2023-12-05,128.95,132.14,128.25,130.99,27384780
2023-12-06,131.44,131.84,129.875,130.02,23576180
2023-12-07,135.04,138.56,134.7,136.93,56767100
2023-12-08,134.2,136.4,134.025,134.99,32260110
2023-12-11,132.38,133.335,131.36,133.29,31138010
2023-12-12,131.81,133,131.26,132.52,29032830
2023-12-13,133.38,133.5,131.57,132.57,30104780
2023-12-14,133.38,133.72,129.685,131.94,38722410
2023-12-15,131.62,133.51,131.18,132.6,50847110
2023-12-18,132.63,137.1478,132.43,135.8,32257970
2023-12-19,136.84,137.47,136.08,136.65,25476750
2023-12-20,138.97,141.695,138.065,138.34,49107180
2023-12-21,139.49,140.685,139.18,140.42,27488280
2023-12-22,140.77,141.99,140.71,141.49,26532200
2023-12-26,141.59,142.68,141.19,141.52,16780330
2023-12-27,141.59,142.08,139.886,140.37,19628620
2023-12-28,140.78,141.14,139.75,140.23,16045710
2023-12-29,139.63,140.36,138.78,139.69,18733020
2024-01-02,138.55,139.45,136.48,138.17,23711220
2024-01-03,137.25,139.63,137.08,138.92,24212150
2024-01-04,138.42,139.16,136.35,136.39,27137740
2024-01-05,136.745,137.1558,135.15,135.73,22513850
2024-01-08,136.29,139.01,136.26,138.84,21403980
2024-01-09,138.5,141.485,138.15,140.95,24759600
2024-01-10,141,143,140.91,142.28,21320200
2024-01-11,143.49,145.22,140.635,142.08,24008720
2024-01-12,142.67,143.195,141.82,142.65,18785510
2024-01-16,142,144.35,141.45,142.49,22670470
2024-01-17,141.345,141.84,138.9,141.47,20968650
2024-01-18,142.05,144.21,141.99,143.48,25746420
2024-01-19,144.74,146.45,144.38,146.38,34271870
2024-01-22,147.1,148.39,145.84,145.99,32200370
2024-01-23,145.89,147.182,145.5,147.04,21636130
2024-01-24,148.54,149.855,148.1,148.7,25233450
2024-01-25,150.065,153.05,149.54,151.87,29149070
2024-01-26,151.1,152.535,151.01,152.185,26115490
2024-01-29,152.06,153.78,151.43,153.51,27784260
2024-01-30,152.8,153.62,151.185,151.46,36331830
2024-01-31,143.62,144,139.87,140.1,71910040
2024-02-01,142.12,143.06,140.79,141.16,40466550
2024-02-02,139.26,142.62,136.5,142.38,62499570
2024-02-05,142.82,145.47,142.78,143.68,38505410
2024-02-06,144.65,145.36,143.19,144.1,29128200
2024-02-07,144.76,145.615,143.925,145.54,25208860
2024-02-08,145.83,146.33,145.105,145.91,22563760
2024-02-09,146.68,149.44,146.18,149,26829500
2024-02-12,148.42,149.335,147.37,147.53,21564090
2024-02-13,144.92,146.67,143.69,145.14,27837730
2024-02-14,146.08,146.52,144.094,145.94,22704170
2024-02-15,143.14,143.52,140.46,142.77,37590700
2024-02-16,142.99,143.19,140.14,140.52,31468930
2024-02-20,139.655,142.08,139.49,141.12,24935710
2024-02-21,141.45,142.69,140.675,142.55,23315690
2024-02-22,144.93,145,142.8,144.09,27191890
2024-02-23,143.67,144.68,143.43,143.96,19493750
2024-02-26,142.14,142.44,137.39,137.57,53641800
2024-02-27,138.02,139.25,137.09,138.88,33099190
2024-02-28,137.9,138.01,135.41,136.38,37328560
2024-02-29,137.28,138.86,136.4,138.46,42132950
2024-03-01,138.43,138.87,136.92,137.14,31151120
2024-03-04,135.66,135.66,131.91,133.35,55999420
2024-03-05,131.88,133.24,130.665,132.67,40194760
2024-03-06,133.12,133.58,130.85,131.4,35318610
2024-03-07,132.795,134.94,131.61,134.38,37738210
2024-03-08,134.21,138.085,134,135.41,39370390
2024-03-11,136.13,139.095,136.13,137.67,32437770
2024-03-12,137.03,139.375,137.03,138.5,27563350
2024-03-13,139,141.09,138.99,139.79,23347210
2024-03-14,141.19,143.585,140.455,143.1,42753390
2024-03-15,142.5,143.18,140.03,141.18,49475420
2024-03-18,148.61,152.15,147.17,147.68,69273700
2024-03-19,148.16,148.7913,146.08,147.03,24070440
2024-03-20,148,148.86,146.735,148.74,21311500
2024-03-21,149.47,150.37,146.9001,147.6,24755600
2024-03-22,149.12,151.58,148.98,150.77,29211770
2024-03-25,149.94,150.375,147.82,150.07,19229290
2024-03-26,150.22,152.256,149.98,150.67,22149140
2024-03-27,151.18,151.635,148.9,150.87,22879180
2024-03-28,150.85,151.43,150.17,150.93,24485390
2024-04-01,150.69,155.74,150.61,155.49,31730850
2024-04-02,153.5,154.7,152.15,154.56,24585990
2024-04-03,153.6,155.08,152.73,154.92,24704990
2024-04-04,153.5,154.77,150.45,150.53,34724740
2024-04-05,150.03,153.42,149.6,152.5,23459250
2024-04-08,152.78,155.27,152.61,154.85,20701970
2024-04-09,156.085,158.56,155.19,156.6,31113010
2024-04-10,156.21,156.61,154.68,156.14,22838630
2024-04-11,156.91,159.68,156.46,159.41,27166430
2024-04-12,157.96,160.2225,157.14,157.73,25353750
2024-04-15,158.86,159.24,154.59,154.86,27136470
2024-04-16,154.19,155.65,153.43,154.4,20779500
2024-04-17,155.62,157.08,154.58,155.47,21763130
2024-04-18,155.34,156.94,154.62,156.01,19883040
2024-04-19,156.2,156.36,152.3,154.09,32615640
2024-04-22,154.31,157.64,154.06,156.28,26446210
2024-04-23,156.96,158.97,156.28,158.26,21151570
2024-04-24,157.49,159.565,157.165,159.13,22779110
2024-04-25,151.33,156.49,150.87,156,57109730
2024-04-26,174.37,174.71,169.65,171.95,64665300
2024-04-29,169.058,169.55,165.21,166.15,45610020
2024-04-30,165.612,168.1,162.6,162.78,33562860
2024-05-01,164.3,167.12,163.09,163.86,33493150
2024-05-02,164.785,166.73,163.89,166.62,24294550
2024-05-03,167.56,167.96,163.05,167.24,34662430
2024-05-06,167.46,168.14,166.03,168.1,21871280
2024-05-07,168.5,171.76,168.39,171.25,28039700
2024-05-08,169,170.15,168.735,169.38,19569150
2024-05-09,169.39,170.69,168.18,169.96,15346700
2024-05-10,168.025,169.85,166.19,168.65,29799930
2024-05-13,164.26,169.28,164,169.14,31327600
2024-05-14,169.77,171.25,168.8,170.34,25127140
2024-05-15,170.63,172.65,170.51,172.51,26948370
2024-05-16,173.29,175.115,172.69,174.18,27867950
2024-05-17,174.18,176.265,173.69,176.06,24479260
2024-05-20,176.192,178.77,176.08,176.92,22554400
2024-05-21,176.9,178.15,175.81,177.85,16989370
2024-05-22,176.644,177.15,175.21,176.38,17880040
2024-05-23,177.07,178.25,172.95,173.55,21024940
2024-05-24,174.98,175.77,173.65,174.99,16579440
2024-05-28,174.45,177.27,174.365,176.4,20572160
2024-05-29,175.43,176.836,174.72,175.9,23388690
2024-05-30,175.2,175.22,171.79,172.11,22958680
2024-05-31,171.86,173.06,169.44,172.5,37638880
2024-06-03,172.54,174.525,171.16,173.17,27459120
2024-06-04,173.28,173.845,171.89,173.79,26879600
2024-06-05,175.2,176.645,173.9339,175.41,22068520
2024-06-06,175.895,177.15,175.75,176.73,23251010
2024-06-07,177.05,177.87,174.3,174.46,19661400
2024-06-10,174.97,177.06,172.76,175.01,23779220
2024-06-11,176.22,176.84,173.7701,176.62,21540580
2024-06-12,178.25,180.41,176.11,177.79,27864740
2024-06-13,176.11,176.74,174.88,175.16,20913300
2024-06-14,174.22,177.0623,174.15,176.79,18063560
2024-06-17,175.46,178.36,174.81,177.24,19618500
2024-06-18,177.14,177.385,174.1042,175.09,21869860
2024-06-20,175.37,177.29,174.99,176.3,20160090
2024-06-21,177,180.85,176.61,179.63,58582740
2024-06-24,180.16,180.89,178.67,179.22,18298010
2024-06-25,179.62,184.29,179.42,184.03,23235590
2024-06-26,182.63,184.51,182.48,183.88,19838970
2024-06-27,184.18,186.05,184.02,185.41,18848880
2024-06-28,184.32,185.13,181.96,182.15,29156640
2024-07-01,183.03,183.88,181.3,182.99,16006130
2024-07-02,182.05,185.57,181.56,185.24,17372490
2024-07-03,184.85,186.09,184,185.82,10242130
2024-07-05,185.855,190.86,185.8,190.6,20967450
2024-07-08,189.895,190.17,187.78,189.03,21035890
2024-07-09,190.31,191.36,188.72,188.98,15141310
2024-07-10,189.15,191.75,189.03,191.18,15952450
2024-07-11,189.845,190.86,185.08,185.57,25625780
2024-07-12,185.08,187.11,184.49,185.07,22898410
2024-07-15,184.92,188.24,184.92,186.53,16474040
2024-07-16,187.36,188.68,183.3736,183.92,18290720
2024-07-17,182.965,183.55,179.9,181.02,20734070
2024-07-18,181.93,182.5,176.47,177.69,25315730
2024-07-19,178.88,180.29,177.13,177.66,18881890
2024-07-22,180.59,182.7,180.23,181.67,24100350
2024-07-23,182.05,183.61,181.54,181.79,36352710
2024-07-24,173.6,176.19,171.82,172.63,49585200
2024-07-25,172.52,173.42,167.19,167.28,44851970
2024-07-26,167.15,168.09,164.06,167,41336890
2024-07-29,168.83,170.43,167.99,169.53,20293820
2024-07-30,170.24,171.2299,168.44,170.29,18959690
2024-07-31,173.24,174.245,170.01,171.54,25729090
2024-08-01,170.25,174.05,168.88,170.76,24531390
2024-08-02,166.44,168.51,164.67,166.66,29130100
2024-08-05,155.5,164.43,154.93,159.25,53630670
2024-08-06,159.33,160.57,156.41,158.29,49004560
2024-08-07,161.25,162.98,158.47,158.94,25138570
2024-08-08,160.51,163.69,160.21,162.03,25578840
2024-08-09,160.01,163.79,159.06,163.67,28602290
2024-08-12,164.35,164.9,161.84,162.29,15895290
2024-08-13,163.41,164.73,162.97,164.16,18551690
2024-08-14,162.4,163.22,157.71,160.37,40591130
2024-08-15,160.5,161.635,159.61,161.3,31524250
2024-08-16,161.47,165.06,161.13,162.96,24208650
2024-08-19,165.28,166.69,164.26,166.67,22416190
2024-08-20,166.9,168.64,166.82,167.18,18341530
2024-08-21,165.15,166.85,164.67,165.85,22902000
2024-08-22,167.26,167.59,163.31,163.8,22493280
2024-08-23,164.72,166.18,163.83,165.62,13955740
2024-08-26,166.38,167.55,164.455,166.16,14190420
2024-08-27,165.835,166.4426,164.46,164.68,11821940
2024-08-28,165.035,165.6,161.5284,162.85,16407440
2024-08-29,164.31,165.97,160.25,161.78,19699770
2024-08-30,162.615,163.66,161.6925,163.38,22123810
2024-09-03,161.72,161.85,156.48,157.36,38945300
2024-09-04,156.655,159,155.9616,156.45,19353760
2024-09-05,156.3,159.45,155.9805,157.24,18688750
2024-09-06,157.3,157.83,150.55,150.92,37912130
2024-09-09,152.51,153.4,147.215,148.71,39260450
2024-09-10,150.45,151.27,148.34,148.66,31118770
2024-09-11,149.92,151.5,147.52,151.16,29607690
2024-09-12,153.8,154.82,152.65,154.69,29695050
2024-09-13,155.43,158.38,155.21,157.46,29591150
2024-09-16,157.31,158.25,156.6,158.06,18379780
2024-09-17,159.02,160.55,158.375,159.32,20715610
2024-09-18,159.86,160.5,158.595,159.81,23677320
2024-09-19,163.71,163.79,161.34,162.14,26587730
2024-09-20,163.5,163.73,162.06,163.59,40896440
2024-09-23,164.35,165.49,161.67,161.85,24150850
2024-09-24,163.03,163.2158,160.69,162.29,23332150
2024-09-25,161.47,162.81,161.3,161.49,18869200
2024-09-26,163.64,164.08,162.28,162.73,20319340
2024-09-27,162.81,165.7,162.6261,163.95,21101310
2024-09-30,163.32,166.15,163.26,165.85,20481300
2024-10-01,167.685,169.16,164.58,166.99,28338120
2024-10-02,166.42,167.52,164.73,165.86,17760180
2024-10-03,164.41,166.64,163.923,165.86,15073100
2024-10-04,168.06,168.23,165.48,167.06,19093720
2024-10-07,167.72,168.48,162.75,162.98,22463140
2024-10-08,163.94,164.725,162.87,164.38,23072730
2024-10-09,163.45,164.84,159.74,161.86,31181770
2024-10-10,160.87,163.07,160.395,162.08,14144070
2024-10-11,162.13,163.9,161.235,163.24,15344250
2024-10-14,163.64,166.226,163.4,164.96,19016140
2024-10-15,165.785,167.68,164.625,165.46,20247200
2024-10-16,164.53,165.8,163.74,165.16,16406030
2024-10-17,165.73,166.37,162.76,162.93,21453400
2024-10-18,163.19,164.71,163.08,163.42,19757660
2024-10-21,162.95,164.5,162.62,164.07,20946460
2024-10-22,162.98,165.77,162.98,165.14,16568120
2024-10-23,164.76,165.82,161.925,162.78,18280520
2024-10-24,162.83,163.33,161.01,162.72,22412530
2024-10-25,163.67,165.59,163.42,165.27,19828880
2024-10-28,168.75,168.75,163.95,166.72,32138640
2024-10-29,167.73,170.38,167.0896,169.68,42169030
2024-10-30,180.68,182.02,174.0599,174.46,68890790
2024-10-31,173.13,176.82,171,171.11,44768980
2024-11-01,170.07,172.32,168.88,171.29,31796480
2024-11-04,169.93,170.73,168.011,169.24,21492740
2024-11-05,169.43,170.53,168.84,169.74,18242050
2024-11-06,173.8,176.94,173.5,176.51,33695540
2024-11-07,177.41,181.08,177.19,180.75,25352940
2024-11-08,180.645,180.9,178.08,178.35,22006180
2024-11-11,178.58,180.545,178.47,180.35,17450350
2024-11-12,179.82,182.49,179.39,181.62,25134910
2024-11-13,180.46,180.96,178.54,178.88,23184000
2024-11-14,178.28,178.82,174.3218,175.58,31007460
2024-11-15,173.73,174.14,171.22,172.49,32504650
2024-11-18,173.42,175.438,172.9,175.3,20206610
2024-11-19,173.72,178.87,173.56,178.12,23434930
2024-11-20,177.34,177.675,173.78,175.98,18997110
2024-11-21,173.9,174.13,163.7,167.63,59734380
2024-11-22,165.85,166.46,163.9,164.76,38604590
2024-11-25,166.09,168.63,165.6072,167.65,33135260
2024-11-26,167.63,169.82,167.58,169.12,20486720
2024-11-27,169,169.4832,168.02,169.23,19266510
2024-11-29,168.5,169.43,167.16,168.95,14257240
2024-12-02,168.765,172.075,168.57,171.49,23789080
2024-12-03,171.49,172.68,170.85,171.34,22248710
2024-12-04,171.145,174.91,171.06,174.37,31615140
2024-12-05,175.36,176.06,172.33,172.64,21356240
2024-12-06,172.03,175.08,171.86,174.71,21462390
2024-12-09,173.96,176.26,173.65,175.37,25389630
2024-12-10,182.845,186.36,181.05,185.17,54813020
2024-12-11,185.31,195.61,184.85,195.4,67894070
2024-12-12,195,195.18,191.71,191.96,34817490
2024-12-13,191.01,192.73,189.64,189.82,25143500
2024-12-16,192.87,199,192.62,196.66,44934900
2024-12-17,197.25,201.42,194.98,195.42,43504030
2024-12-18,195.22,197,187.74,188.4,34166070
2024-12-19,191.625,193.03,188.38,188.51,32265240
2024-12-20,185.78,192.89,185.22,191.41,63462930
2024-12-23,192.62,195.1,190.15,194.63,25675010
2024-12-24,194.84,196.11,193.78,196.11,10403260
2024-12-26,195.15,196.748,194.375,195.6,12057210
2024-12-27,194.95,195.32,190.65,192.76,18891360
2024-12-30,189.8,192.55,189.12,191.24,14264660
2024-12-31,191.075,191.96,188.51,189.3,17466920
2025-01-02,190.65,192,187.5,189.43,20370830
2025-01-03,191.37,193.21,189.975,191.79,18596160
2025-01-06,193.98,198.2222,193.85,196.87,29563640
2025-01-07,197.11,201,194.6,195.49,26487240
2025-01-08,192.57,196.29,192.38,193.95,24864770
2025-01-10,194.295,196.52,190.31,192.04,26665210
2025-01-13,190.07,191.18,187.36,191.01,21823700
2025-01-14,191.24,191.98,188.3082,189.66,17174850
2025-01-15,193.09,196.36,191.86,195.55,21775970
2025-01-16,194.14,195.48,192.81,192.91,17815430
2025-01-17,196.53,197.23,193.75,196,27735090
2025-01-21,199.07,202.29,197.87,198.05,29971290
2025-01-22,199.06,200.48,197.53,198.37,26200620
2025-01-23,198.14,200.3,195.2,197.98,26951360
2025-01-24,198.1,200.9,198,200.21,23877520
2025-01-27,192.41,196.88,190.73,191.81,41728890
2025-01-28,192.745,195.48,190.68,195.3,24157930
2025-01-29,195.555,196.785,193.43,195.41,18218260
2025-01-30,198,201.4,197.67,200.87,24354680
2025-01-31,202,205.48,201.8,204.02,32041950
2025-02-03,200.69,203.75,200.1,201.23,27838350
2025-02-04,203.39,207.05,202.81,206.38,43856430
2025-02-05,191.07,192.75,188.03,191.33,70461770
2025-02-06,189.5,192.1,188.72,191.6,29297440
2025-02-07,191.05,191.18,183.24,185.34,49314960
2025-02-10,187.35,188.2,185.86,186.47,23105650
2025-02-11,185.03,186.94,184.28,185.32,21239520
2025-02-12,183.22,185.11,181.83,183.61,22072560
2025-02-13,184.32,186.28,183.14,186.14,21402520
2025-02-14,185.055,186.4,184.32,185.23,20448440
2025-02-18,185.6,185.96,181.7401,183.77,29916680
2025-02-19,184.07,185.46,183.59,185.27,19549400
2025-02-20,184.8,185.31,182.72,184.56,20441460
2025-02-21,185.15,185.34,179.08,179.66,35199240
2025-02-24,181.99,183.12,178.885,179.25,29854210
2025-02-25,178.04,178.74,174.6939,175.42,41913410
2025-02-26,175.07,176.08,171.5807,172.73,35431270
2025-02-27,173.99,174.56,167.94,168.5,39991020
2025-02-28,168.68,170.61,166.77,170.28,48130570
2025-03-03,171.925,173.37,165.93,167.01,40770450
2025-03-04,166.24,173.2946,165.8,170.92,45388000
2025-03-05,170.52,173.78,169.06,173.02,30954920
2025-03-06,170.53,174.81,170.5,172.35,28301950
2025-03-07,171.26,174.97,170.27,173.86,27385810
2025-03-10,168.26,168.46,163.69,165.87,43604030
2025-03-11,164.91,166.75,161.37,164.04,39587410
2025-03-12,166.58,167.6399,163.53,167.11,28372400
2025-03-13,166.035,166.13,162.11,162.76,31756210
2025-03-14,163.27,166.49,162.45,165.49,31995890
2025-03-17,165.03,166.3,163.67,164.29,31184340
2025-03-18,163.675,164.25,156.72,160.67,42074750
2025-03-19,161.76,165.87,161,163.89,34275580
2025-03-20,161.57,164.89,160.96,162.8,28138460
2025-03-21,161.205,164.24,160.8901,163.99,36625760
2025-03-24,167.065,168.32,165.14,167.68,30879130
2025-03-25,168.98,170.63,168.315,170.56,24174370
2025-03-26,169,169.61,164.84,165.06,28939330
2025-03-27,164.63,165.42,162,162.24,24508270
2025-03-28,160.49,161.82,153.63,154.33,48669340
2025-03-31,153.11,155.54,150.662,154.64,54603460
2025-04-01,153.62,158.1,153.62,157.07,30672900
2025-04-02,155.15,158.4052,154.7,157.04,25041730
2025-04-03,151.11,152.7799,150.39,150.72,46883370
2025-04-04,148.01,151.07,145.38,145.6,62259540
2025-04-07,141.55,152.85,140.53,146.75,76794140
2025-04-08,151.22,152.24,143.03,144.7,52200210
2025-04-09,144.415,159.55,143.905,158.71,70406230
2025-04-10,156.54,157.72,149.93,152.82,48021970
2025-04-11,152.9,157.67,152.82,157.14,33636240
2025-04-14,159.995,161.72,157.56,159.07,30332960
2025-04-15,159.125,159.65,155.21,156.31,27551530
2025-04-16,153.1,155.89,151.51,153.33,28187420
2025-04-17,154.29,154.68,148.5,151.16,33046580
2025-04-21,148.88,148.945,146.1,147.67,26049120
2025-04-22,148.89,152.19,148.54,151.47,26971770
2025-04-23,155.61,157.525,153.81,155.35,31128830
2025-04-24,156.15,159.59,155.79,159.28,45893950
2025-04-25,165.07,166.1,161.04,161.96,56034000
2025-04-28,162.425,163.15,158.6,160.61,29745780
2025-04-29,160.325,160.74,157.52,160.16,26808960
2025-04-30,157.975,159.27,155.4,158.8,34981060
2025-05-01,160.45,161.95,158.91,161.3,30203250
2025-05-02,163.405,164.97,161.87,164.03,25715010
2025-05-05,163,165.39,162.72,164.21,21341810
2025-05-06,162.17,164.8,161.19,163.23,21277210
2025-05-07,164.08,165,147.84,151.38,127747600
2025-05-08,155,155.93,152.9,154.28,57498690
2025-05-09,154.17,155.05,152.2,152.75,32435280
2025-05-12,157.485,159.1,156.25,158.46,44138820
2025-05-13,158.79,160.57,156.16,159.53,42382130
2025-05-14,159.96,167,159.61,165.37,48755870
2025-05-15,165.84,166.205,162.3732,163.96,33146670
2025-05-16,167.725,169.35,165.62,166.19,42846930
2025-05-19,164.51,166.64,164.22,166.54,30426100
2025-05-20,166.43,168.5,162.9,163.98,46607660
2025-05-21,163.69,173.14,163.56,168.56,73415960
2025-05-22,171.85,176.77,170.71,170.87,74864420
2025-05-23,169.055,169.96,167.89,168.47,35211440
2025-05-27,170.16,173.17,170,172.9,37995670
2025-05-28,173.16,175.265,171.9107,172.36,34784000
2025-05-29,174,174.4193,170.63,171.86,29373800
2025-05-30,171.35,172.205,167.44,171.74,52639910
2025-06-02,167.84,169.87,167.39,169.03,38612270
2025-06-03,167.49,168.475,165.28,166.18,45084900
2025-06-04,166.735,168.215,166.36,168.05,26900840
2025-06-05,170.34,170.93,167.59,168.21,36444560
2025-06-06,170.83,174.5,170.83,173.68,35731830
2025-06-09,174.54,176.47,174.37,176.09,28935910
2025-06-10,176.2,181.105,174.91,178.6,61766120
2025-06-11,179.77,180.37,176.75,177.35,31646760
2025-06-12,176.18,176.72,174.745,175.7,20941870
2025-06-13,172.44,177.13,172.385,174.67,27663110
2025-06-16,174.73,176.94,174.65,176.77,27389210
2025-06-17,175.7,177.3648,174.58,175.95,24973040
2025-06-18,176.01,176.56,173.2,173.32,28707520
2025-06-20,173.945,174.34,165.46,166.64,75659920
2025-06-23,166.27,167.34,162,165.19,57670990
2025-06-24,166.92,168.22,166.13,166.77,40524310
2025-06-25,167.63,172.36,167.55,170.68,35478990
2025-06-26,172.43,173.69,169.94,173.54,31796690
2025-06-27,173.54,178.68,171.73,178.53,108140200
2025-06-30,180.78,181.23,174.58,176.23,63378860
2025-07-01,175.735,176.09,173.53,175.84,35904530
2025-07-02,175.54,178.86,175.07,178.64,29128950
2025-07-03,178.5,179.67,177.05,179.53,21689730
2025-07-07,179.06,179.297,175.68,176.79,34175650
2025-07-08,177.85,177.95,172.81,174.36,40442540
2025-07-09,175.25,179.44,172.77,176.62,43025590
2025-07-10,175.63,178.429,174.38,177.62,29252390
2025-07-11,176.785,181.43,176.48,180.19,34282920
2025-07-14,181.01,183.67,179.68,181.56,32536630
2025-07-15,182.81,184.22,181.6,182,33448250
2025-07-16,183.235,184.327,182.03,182.97,33104190
2025-07-17,182.14,184.06,180.48,183.58,31992570
2025-07-18,185.4,186.42,183.71,185.06,34014510
2025-07-21,186.25,190.285,186.15,190.1,45803130
2025-07-22,191.495,191.645,187.46,191.34,44660220
2025-07-23,191.5,192.53,189.18,190.23,58681950
2025-07-24,197.03,197.95,191,192.17,74881690
2025-07-25,191.98,194.33,191.26,193.18,39785860
2025-07-28,193.65,194.05,190.84,192.58,38139500
2025-07-29,192.43,195.92,192.08,195.75,41389150
2025-07-30,195.6,197.5999,194.685,196.53,32445410
2025-07-31,195.71,195.99,191.09,191.9,51329160
2025-08-01,189.025,190.83,187.82,189.13,34832180
2025-08-04,190.29,195.27,190.12,195.04,31547350
2025-08-05,194.71,197.8599,193.885,194.67,31602340
2025-08-06,194.5,196.63,193.67,196.09,21562910
2025-08-07,197.06,197.54,194.33,196.52,26321810
2025-08-08,197.22,202.61,197.17,201.42,39161830
2025-08-11,200.935,201.475,199.07,201,25832440
2025-08-12,201.365,204.5,200.59,203.34,30424450
2025-08-13,204.13,204.53,197.5101,201.96,28342920
2025-08-14,201.5,204.44,201.225,202.94,25230430
2025-08-15,203.85,206.44,201.28,203.9,34931420
2025-08-18,204.2,205.265,202.49,203.5,18526590
2025-08-19,203.03,203.44,199.96,201.57,24240230
2025-08-20,200.73,201.28,196.595,199.32,28955500
2025-08-21,199.745,202.48,199.43,199.75,19774630
2025-08-22,202.73,208.54,201.3,206.09,42827040
2025-08-25,206.43,210.52,205.28,208.49,29928880
2025-08-26,207.51,207.85,205.7,207.14,28464130
2025-08-27,205.7,208.91,205.65,207.48,23022850
2025-08-28,207.25,212.22,206.9,211.64,32339310
2025-08-29,210.51,214.645,210.2,212.91,39728360
2025-09-02,208.44,211.675,206.195,211.35,47523040
2025-09-03,226.21,231.31,224.79,230.66,103336100
2025-09-04,229.65,232.37,226.11,232.3,51684170
2025-09-05,232.2,235.76,231.9,235,46588930
2025-09-08,235.47,238.13,233.67,234.04,32474740
2025-09-09,234.165,240.47,233.229,239.63,38060960
2025-09-10,238.9,241.66,237.85,239.17,35141070
2025-09-11,239.88,242.25,236.25,240.37,30599330
2025-09-12,240.37,242.075,238,240.8,26771610
2025-09-15,244.66,252.4099,244.66,251.61,58383800
2025-09-16,252.08,253.04,249.47,251.16,34109720
2025-09-17,251.22,251.6,246.28,249.53,34107990
2025-09-18,251.68,253.99,249.8,252.03,31239470
2025-09-19,253.25,256,251.81,254.72,55571420
2025-09-22,254.43,255.78,250.3,252.53,32290540
2025-09-23,253.04,254.36,250.48,251.66,26628020
2025-09-24,251.66,252.3501,246.44,247.14,28201000
2025-09-25,244.4,246.49,240.74,245.79,31020380
2025-09-26,247.065,249.42,245.97,246.54,18503190
2025-09-29,247.85,251.1486,242.77,244.05,32505780
2025-09-30,242.81,243.29,239.245,243.1,34724350
2025-10-01,240.75,246.3,238.61,244.9,31658230
2025-10-02,245.15,246.81,242.3,245.69,25483300
2025-10-03,244.49,246.3,241.655,245.35,30249560
2025-10-06,244.78,251.32,244.58,250.43,28894650
2025-10-07,248.27,250.44,245.52,245.76,23181290
2025-10-08,244.96,246.005,243.82,244.62,21307100
2025-10-09,244.47,244.76,239.15,241.53,27892090
2025-10-10,241.43,244.09,235.84,236.57,33180320
2025-10-13,240.21,244.5,239.71,244.15,24995030
2025-10-14,241.23,247.12,240.51,245.45,22111570
2025-10-15,247.245,252.11,245.99,251.03,27007690
2025-10-16,251.765,256.96,250.101,251.46,27997160
2025-10-17,250.76,254.22,247.81,253.3,29671630
2025-10-20,254.69,257.33,254.23,256.55,22350160
2025-10-21,254.74,254.88,244.15,250.46,47312100
2025-10-22,254.37,256.36,249.29,251.69,35029370
2025-10-23,252.98,255.04,251.85,253.08,19901430
2025-10-24,256.58,261.68,255.315,259.92,28655130
2025-10-27,264.815,270.14,264.28,269.27,35235230
2025-10-28,269.69,270.73,266.5,267.47,29738560
2025-10-29,267.75,275.336,267.67,274.57,43580280
2025-10-30,291.59,291.59,280.06,281.48,74875990
2025-10-31,283.21,286,277.03,281.19,39267950
2025-11-03,282.175,285.53,279.8,283.72,29786000
2025-11-04,276.75,281.27,276.26,277.54,30078370
2025-11-05,278.87,286.415,277.34,284.31,31010300
2025-11-06,285.33,288.35,281.14,284.75,37173650
2025-11-07,283.205,283.78,275.19,278.83,34479590
2025-11-10,284.42,290.8,282.855,290.1,29557310
2025-11-11,287.745,291.915,287.32,291.31,19842140
2025-11-12,291.675,292.005,283.69,286.71,24829920
2025-11-13,282.34,282.84,277.24,278.57,29494040
2025-11-14,271.405,278.56,270.7,276.41,31647230
2025-11-17,285.775,293.95,283.57,285.02,52670190
2025-11-18,287.915,288.8,278.2,284.28,49158740
2025-11-19,287.16,303.81,286.63,292.81,68198940
2025-11-20,304.54,306.42,288.67,289.45,62025220
2025-11-21,296.415,303.92,293.845,299.66,74137700
2025-11-24,311.13,319.48,309.595,318.58,85165120
2025-11-25,326.21,328.83,317.65,323.44,88632070
2025-11-26,320.68,324.5,316.79,319.95,51373360
2025-11-28,323.365,326.85,316.79,320.18,26018570
2025-12-01,317.7,319.85,313.89,314.89,41182960
2025-12-02,316.74,318.38,313.91,315.81,35854740
2025-12-03,315.89,321.58,314.1,319.63,41838320
2025-12-04,322.225,322.36,314.7,317.62,31240920
2025-12-05,319.49,323.16,319.165,321.27,28851710
2025-12-08,320.05,320.44,311.2219,313.72,33909430
2025-12-09,312.37,317.99,311.895,317.08,30194030
2025-12-10,315.83,321.31,314.68,320.21,33428920
2025-12-11,320.08,321.12,308.6,312.43,42353700
2025-12-12,313.7,314.87,305.56,309.29,35940170
2025-12-15,311.315,311.42,304.88,308.22,29151890
2025-12-16,304.945,310.77,302.59,306.57,30585020
2025-12-17,308.01,308.09,296.12,296.72,43930360
2025-12-18,301.72,303.96,299.2308,302.46,33518050
2025-12-19,301.73,307.25,300.97,307.16,59943240
2025-12-22,309.875,310.13,305.3,309.78,26429940
2025-12-23,309.625,314.94,309.32,314.35,25478670
2025-12-24,314.77,315.08,311.92,314.09,10097360
2025-12-26,314.48,315.085,312.275,313.51,10899020
2025-12-29,311.365,314.02,310.62,313.56,19621780
2025-12-30,312.5,316.95,312.46,313.85,17380890
2025-12-31,312.845,314.58,311.44,313,16377690
2026-01-02,316.9,322.5,310.33,315.15,32009390
2026-01-05,317.655,319.015,314.63,316.54,30195600
2026-01-06,316.4,320.94,311.78,314.34,31212100
2026-01-07,314.36,326.15,314.19,321.98,35104430
2026-01-08,328.965,330.3196,321.5,325.44,31896100
2026-01-09,327.09,330.83,325.8,328.57,26214170
2026-01-12,325.8,334.04,325,331.86,33923930
2026-01-13,334.95,340.49,333.62,335.97,33517610
2026-01-14,335.06,336.52,330.48,335.84,28525570
2026-01-15,337.65,337.69,330.74,332.78,28442410
2026-01-16,334.41,334.65,327.7,330,40341640
2026-01-20,320.87,327.73,320.43,322,35361050
2026-01-21,320.92,332.4799,319.3518,328.38,35386600
2026-01-22,334.45,335.15,328.75,330.54,26253640
2026-01-23,332.485,333.6889,327.45,327.93,27279970
2026-01-26,327.805,335.84,327,333.26,26042120
2026-01-27,335.365,337.91,333.48,334.55,21636160
2026-01-28,336.06,337.535,331.94,336.01,27434430
2026-01-29,340.3,342.29,326.54,338.25,39785610
2026-01-30,340,340,332.285,338,31023950
2026-02-02,336.22,344.83,335.63,343.69,32006050
2026-02-03,347.34,349,337.4745,339.71,36506710
2026-02-04,342.96,343.31,328.52,333.04,70618400
2026-02-05,312.22,332.69,306.46,331.25,88205850
2026-02-06,327.18,330.38,319.92,322.86,56380480
2026-02-09,320.93,327.7,317.26,324.32,39640060
2026-02-10,320.97,321.67,314.61,318.58,39170010
2026-02-11,318.97,321.06,309.66,310.96,45406410
2026-02-12,312.09,316.24,307.2,309,47761290
2026-02-13,307.725,308.63,303.71,305.72,38499700
2026-02-17,300.04,304.435,296.25,302.02,39247560
2026-02-18,302.09,305.38,301.25,303.33,28482080
2026-02-19,301.82,305.47,300.04,302.85,25834400
2026-02-20,304.32,316.5,303.9,314.98,53210820
2026-02-23,319.045,319.515,309.865,311.49,31422970
2026-02-24,310.515,312.27,305.93,310.9,25615650
2026-02-25,312.06,313.64,309.44,312.9,29963620
2026-02-26,312.64,313.14,302.345,307.38,36431230
2026-02-27,304.135,312.37,303.8,311.76,44640640
2026-03-02,303.225,308.49,301.3,306.52,34790200
2026-03-03,298.59,303.94,296.71,303.58,35496960
2026-03-04,302.89,305.47,300.75,303.13,29536190
2026-03-05,303.035,303.3,297.99,300.88,35752320
2026-03-06,296.09,300.53,295.18,298.52,25576920
2026-03-09,294.36,306.8,294.08,306.36,29312150
2026-03-10,306.17,309.51,305.5704,307.04,23239680
2026-03-11,306.75,311.42,305.92,308.7,24125710
2026-03-12,306.82,308.94,301.03,303.55,24928350
2026-03-13,307.01,307.69,300.44,302.28,23693090
2026-03-16,304.35,306.4886,303.0201,305.56,23519710
2026-03-17,305.86,311.42,305.5,310.92,21955170
2026-03-18,309.27,312.47,306.932,307.69,20009820
2026-03-19,304.005,308.06,302.35,307.13,25075830
2026-03-20,305.46,306,298.27,301,44364080
2026-03-23,302.11,305.98,300.93,302.06,29326950
2026-03-24,299.2,299.92,290.33,290.44,36864280
2026-03-25,293.44,296,289.24,290.93,29460670
2026-03-26,287.91,287.95,278.5,280.92,39080580
2026-03-27,277.275,279.37,273.95,274.34,35890610
2026-03-30,276.42,277.09,272.11,273.5,35141240
2026-03-31,278.04,288.08,277.09,287.56,43875400
2026-04-01,290.835,300.52,290.41,297.39,37684460
2026-04-02,290.69,298.08,289.45,295.77,21666470
2026-04-06,295.87,300.62,295.18,299.99,16945490
2026-04-07,302.725,305.63,297.72,305.46,23205360
2026-04-08,320.445,322.08,315.02,317.32,33547140
2026-04-09,315.905,319.54,311.06,318.49,23739170
2026-04-10,320.015,321.83,316.32,317.24,19152630
2026-04-13,317.135,321.63,315.47,321.31,18866420
2026-04-14,324.785,333.29,323.75,332.91,27721350
2026-04-15,332.89,337.48,330.9,337.12,24918840
2026-04-16,338.75,339.88,334.52,336.02,20541490
2026-04-17,337.65,342.32,336.24,341.68,25581880
2026-04-20,340.755,341.4,336.61,337.42,18784230
2026-04-21,337.685,339.34,331.35,332.29,23123800
2026-04-22,337.02,339.82,335.17,339.32,20293010
2026-04-23,341.18,341.96,336.18,338.89,18650260
2026-04-24,338.725,345.27,335.39,344.4,26426060
2026-04-27,345.98,353.18,342.73,350.34,28576890
2026-04-28,348.55,352.42,346.12,349.78,27824050
2026-04-29,347.565,355.79,344.21,349.94,35376330
2026-04-30,374.07,385.84,365.82,384.8,72039990
2026-05-01,381.63,386.76,379.05,385.69,30105230
2026-05-04,385.63,387.38,379.79,383.25,26298570
2026-05-05,386.23,392.8199,384.02,388.43,23878630
2026-05-06,394.245,399.8499,392.76,398.04,31308480
2026-05-07,399.92,400.1,392.68,397.99,24433490
2026-05-08,397,402,396.36,400.8,21461850
2026-05-11,393.645,397.44,388.47,388.64,30753740
2026-05-12,387.34,388.52,382.77,387.35,26017490
2026-05-13,385.595,403.7,385,402.62,28144560
2026-05-14,397.28,402.93,395.84,401.07,21136720
2026-05-15,396.315,399.5399,393.18,396.78,20309700
2026-05-18,395.685,408.61,394.53,396.94,26837200
2026-05-19,396.96,397.15,386.11,387.66,39545670
2026-05-20,387.7,393.8599,382.9,388.91,31744400
2026-05-21,385.7,392.5,383.02,387.66,24852840
2026-05-22,387.345,388.74,381.7716,382.97,20442120
2026-05-26,384.51,389.2599,382.6,388.88,27747390
2026-05-27,386.665,393.88,385.9,388.83,23087290
2026-05-28,388,391.87,385.16,390.13,24357460
2026-05-29,385.24,385.24,378.46,380.34,44415850
2026-06-01,376.52,378.56,373.52,376.37,28672120
2026-06-02,366.59,373.54,358.44,361.85,50412300
2026-06-03,362.03,366.45,358.08,358.99,55441580
2026-06-04,358.9,373.2499,358.21,372.19,44055520
2026-06-05,366.34,372.08,364.1207,368.53,37471210
2026-06-08,365.18,366.2,360.5309,363.31,27942460
2026-06-09,367.09,372.08,357.3,364.26,29535070
2026-06-10,363.19,368.555,355.2,356.38,32357130
2026-06-11,355.925,358.8,346.36,357.77,35538170
2026-06-12,362.62,366.57,354.94,359.68,24731020
2026-06-15,367.93,372.99,366.55,369.35,27727490
2026-06-16,369.6,376,367.06,373.25,24876100
2026-06-17,369.125,372.33,362.02,363.79,24543640
2026-06-18,365.75,369.48,358.67,368.03,44470070
2026-06-22,357.945,358.92,341.7219,349.68,52814760
2026-06-23,340.69,349.29,340.2,346.13,34007650
2026-06-24,349.035,353.476,341.93,345.29,44997280
2026-06-25,336.73,345.57,335.84,343.71,44564580
2026-06-26,342.55,346.36,330.2,337.39,114706300
2026-06-29,341.825,354.35,340.67,353.65,34213930
2026-06-30,353.865,358.62,350.4,357.37,35237230
2026-07-01,358.37,362.97,356.43,361.21,26736450
2026-07-02,359.48,364.205,353.42,359.91,25999350
2026-07-06,361.55,367.93,357.3805,366.46,26915810
2026-07-07,369.07,373.16,365.5,367.03,24045580
2026-07-08,364.76,367.84,358.02,361.92,22094770
2026-07-09,354.31,359.65,351.08,358.89,24729090
2026-07-10,357.525,357.82,352.75,357.18,18146150
2026-07-13,356.19,358.13,351.75,352.51,15901730
2026-07-14,351.195,360.16,351.09,359.51,18259360
2026-07-15,357.97,373.65,357.76,370.92,28284560
2026-07-16,373.06,375.27,352.3001,354.46,41158470
2026-07-17,346,348.52,341.36,346.77,29959280
2026-07-20,350.88,359.68,350.52,351.99,24736640
2026-07-21,351.32,351.32,347,347.15,23369830
2026-07-22,348.155,349.94,341.73,342.09,39334140
2026-07-23,321.13,324.49,314.9,317.69,69419700
2026-07-24,318.42,324.18,317.32,319.74,31806550
2026-07-27,325.04,330.42,324.45,326.56,28471590
2026-07-28,327.9,335.88,324.44,333.71,29511940
2026-07-29,334.665,342.5,331.62,336.71,27501630
2026-07-30,334.195,336.51,330.34,333.66,30168000
2026-07-31,340.83,358.58,340,356.13,46498020
2026-08-03,365.445,376.6932,363.35,373.51,38669650
2026-08-04,368.22,380.52,367.5,377.65,35705700
2026-08-05,383.34,384.48,356.77,362.43,46926340
2026-08-06,360.77,364.1259,356.88,357.75,25235900
2026-08-07,356.72,358.9,353.78,354.3,19859910
2026-08-10,355.175,357.61,352.71,357.52,18991370
2026-08-11,355.89,356.81,343.39,343.8,29081800
2026-08-12,346.31,346.48,340.88,343.54,25011990
2026-08-13,345.77,347.93,343.76,346.36,17866070
2026-08-14,346.8,350.45,344.5,345.9,17808600
2026-08-17,346.265,347.25,341.93,344,18291310
2026-08-18,342.405,344.8699,340.19,344.2,19248830
2026-08-19,342.455,346.73,340.66,344.72,19733810
2026-08-20,343.06,343.9,338.5651,340.67,18570360
2026-08-21,342.575,346.2,340.4,344.82,20849780
