date,open,high,low,close,volume
2016-09-07,3.95,4.03,3.91,3.97,502.700852
2016-09-08,3.97,4.03,3.95,4.01,81.04091099
2016-09-09,3.97,4.02,3.94,3.96,395.95176374
2016-09-10,3.96,4,3.95,3.97,19.294452
2016-09-11,4,4.04,3.86,3.93,1165.51276772
2016-09-12,3.93,3.96,3.77,3.88,836.43497355
2016-09-13,3.88,3.88,3.8,3.81,335.83716651
2016-09-14,3.85,3.85,3.8,3.83,62.00213935
2016-09-15,3.83,3.95,3.81,3.85,596.04151613
2016-09-16,3.83,3.89,3.8,3.81,326.54079783
2016-09-17,3.88,3.88,3.81,3.82,213.26072059
2016-09-18,3.82,3.87,3.81,3.87,1268.13234853
2016-09-19,3.87,3.93,3.76,3.8,1152.56735647
2016-09-20,3.85,4,3.8,3.86,1888.36796598
2016-09-21,3.81,6.72,3.61,3.82,2314.96967963
2016-09-22,3.76,5.05,3.76,3.79,2472.2912189
2016-09-23,3.79,4.2,3.77,3.83,768.69918769
2016-09-24,4.06,4.06,3.83,3.87,231.39109866
2016-09-25,3.86,3.86,3.8,3.8,243.9143566
2016-09-26,3.84,4,3.79,3.89,822.08343536
2016-09-27,3.88,3.88,3.79,3.85,979.69308301
2016-09-28,3.85,3.9,3.79,3.83,323.28097636
2016-09-29,3.81,3.88,3.81,3.86,109.71488795
2016-09-30,3.87,3.87,3.8,3.81,1089.14031204
2016-10-01,3.81,3.86,3.81,3.85,382.93188769
2016-10-02,3.85,3.86,3.82,3.83,95.21214912
2016-10-03,3.83,3.94,3.83,3.83,787.89818079
2016-10-04,3.83,3.9,3.81,3.85,2314.12268166
2016-10-05,3.81,3.91,3.79,3.88,1121.28225146
2016-10-06,3.84,3.86,3.78,3.82,2211.69074185
2016-10-07,3.82,3.87,3.8,3.86,210.94599755
2016-10-08,3.86,3.88,3.8,3.86,449.02677586
2016-10-09,3.86,3.86,3.8,3.8,61.87969416
2016-10-10,3.84,3.84,3.79,3.79,507.310121
2016-10-11,3.79,3.84,3.75,3.83,939.69373486
2016-10-12,3.83,3.83,3.79,3.8,361.49166126
2016-10-13,3.8,3.93,3.8,3.83,2328.76886447
2016-10-14,3.83,3.92,3.82,3.82,41.21454918
2016-10-15,3.89,3.94,3.83,3.93,95.75428029
2016-10-16,3.94,3.94,3.86,3.88,15.093514
2016-10-17,3.86,3.94,3.82,3.9,282.14886005
2016-10-18,3.84,3.91,3.8,3.9,699.20552319
2016-10-19,3.84,3.87,3.79,3.79,1136.55844688
2016-10-20,3.79,3.81,3.78,3.8,260.07165588
2016-10-21,3.8,3.81,3.75,3.8,604.70930336
2016-10-22,3.79,3.88,3.75,3.84,1059.47526492
2016-10-23,3.84,3.89,3.7,3.88,1305.17997943
2016-10-24,3.88,3.89,3.82,3.88,472.6811135
2016-10-25,3.87,3.88,3.8,3.85,1203.96112325
2016-10-26,3.87,3.96,3.76,3.96,2443.31631463
2016-10-27,3.96,4.14,3.9,4.02,1390.5479022
2016-10-28,4.02,4.02,3.88,4.01,625.66502035
2016-10-29,4,4.24,3.92,4.06,1274.20138133
2016-10-30,4.06,4.25,3.92,3.95,770.28069249
2016-10-31,3.92,4.07,3.92,3.98,275.950542
2016-11-01,3.98,4.5,3.92,4.12,2693.43223503
2016-11-02,4.12,4.35,3.99,4.19,1363.33025269
2016-11-03,4.15,4.34,3.8,3.82,5359.29303159
2016-11-04,3.9,3.98,3.77,3.89,2564.46476078
2016-11-05,3.88,3.94,3.86,3.87,130.574644
2016-11-06,3.86,3.93,3.85,3.91,69.79245959
2016-11-07,3.9,3.92,3.83,3.88,517.64928536
2016-11-08,3.88,3.91,3.84,3.84,477.47407023
2016-11-09,3.84,3.99,3.77,3.98,2068.25843906
2016-11-10,3.85,3.94,3.79,3.8,297.62429801
2016-11-11,3.84,3.86,3.79,3.85,192.26293401
2016-11-12,3.85,3.85,3.72,3.76,2330.77191386
2016-11-13,3.77,3.94,3.65,3.9,3254.2436655
2016-11-14,3.85,3.91,3.81,3.86,454.16813561
2016-11-15,3.86,3.96,3.84,3.92,733.23393015
2016-11-16,3.93,4.06,3.86,3.94,2465.76982702
2016-11-17,3.94,3.96,3.81,3.86,2422.79564119
2016-11-18,3.86,3.95,3.85,3.87,385.55795147
2016-11-19,3.88,3.99,3.85,3.92,256.35493303
2016-11-20,3.94,3.99,3.86,3.89,164.1882704
2016-11-21,3.88,3.93,3.87,3.93,130.56804247
2016-11-22,3.93,3.99,3.88,3.9,873.21722619
2016-11-23,3.93,3.97,3.86,3.9,334.49328894
2016-11-24,3.89,3.93,3.86,3.9,190.51390208
2016-11-25,3.89,3.91,3.85,3.9,172.33157342
2016-11-26,3.91,3.91,3.81,3.86,1259.46097647
2016-11-27,3.88,3.89,3.82,3.88,149.15449702
2016-11-28,3.89,3.92,3.81,3.84,976.94630694
2016-11-29,3.84,3.91,3.81,3.82,723.31216028
2016-11-30,3.83,3.98,3.51,3.85,1834.48678013
2016-12-01,3.88,3.89,3.84,3.88,175.47655785
2016-12-02,3.89,3.94,3.87,3.91,405.94085679
2016-12-03,3.89,3.9,3.87,3.9,100.42959527
2016-12-04,3.89,3.92,3.86,3.87,158.26203601
2016-12-05,3.88,3.88,3.32,3.5,4950.77124981
2016-12-06,3.47,3.56,3.42,3.52,192.57790562
2016-12-07,3.52,3.86,3.49,3.65,1148.402324
2016-12-08,3.65,3.77,3.63,3.65,1824.5135749
2016-12-09,3.69,3.74,3.61,3.74,260.47930951
2016-12-10,3.7,3.72,3.63,3.7,62.14280756
2016-12-11,3.65,3.7,3.61,3.67,51.114293
2016-12-12,3.66,3.69,3.62,3.64,247.36596667
2016-12-13,3.66,3.68,3.62,3.62,13.075736
2016-12-14,3.62,3.66,3.6,3.6,278.33314726
2016-12-15,3.64,3.7,3.5,3.5,313.69703983
2016-12-16,3.64,3.68,3.56,3.64,178.68912666
2016-12-17,3.63,3.72,3.6,3.71,205.3714481
2016-12-18,3.69,3.73,3.62,3.62,270.11019021
2016-12-19,3.69,3.71,3.61,3.66,69.12426953
2016-12-20,3.66,3.69,3.61,3.64,117.18351498
2016-12-21,3.64,3.91,3.62,3.64,1395.81833929
2016-12-22,3.65,3.88,3.62,3.69,2625.41123032
2016-12-23,3.68,4.61,3.65,4.61,6043.75896313
2016-12-24,4.6,5.14,4.2,4.47,5627.16311336
2016-12-25,4.37,4.49,4.08,4.3,2399.39612917
2016-12-26,4.3,4.37,4.13,4.27,471.88539938
2016-12-27,4.25,4.52,4.18,4.34,1164.89226659
2016-12-28,4.33,4.6,4.3,4.53,1945.50379097
2016-12-29,4.56,5,4.4,4.68,1370.34090394
2016-12-30,4.67,4.69,4.21,4.35,426.94785599
2016-12-31,4.39,4.48,4.28,4.36,1399.91904233
2017-01-01,4.37,4.57,4.34,4.43,3108.3922622
2017-01-02,4.47,4.9,4.4,4.62,5942.10403011
2017-01-03,4.56,4.65,4.42,4.54,1600.82097023
2017-01-04,4.54,5.99,4.45,4.62,8953.38564012
2017-01-05,4.88,4.88,3.88,4.24,6953.20469823
2017-01-06,4.24,4.39,3.83,3.88,2260.62422717
2017-01-07,3.89,4.49,3.66,3.99,3236.49203801
2017-01-08,3.99,4.4,3.99,4.03,662.74881014
2017-01-09,4.03,4.4,3.89,4.39,2350.52896932
2017-01-10,4.29,4.75,4.04,4.67,2519.55819666
2017-01-11,4.59,4.68,3.93,3.99,2430.55468479
2017-01-12,4,4.14,3.79,4.06,5924.21040933
2017-01-13,4.03,4.05,3.9,3.96,729.59562931
2017-01-14,3.97,4.25,3.92,4.01,1902.31915027
2017-01-15,4.01,4.1,3.95,3.97,1496.63730284
2017-01-16,3.97,3.98,3.88,3.88,277.48073865
2017-01-17,3.88,4.16,3.87,3.95,1796.89130591
2017-01-18,3.95,3.95,3.81,3.88,2325.9725537
2017-01-19,3.88,3.96,3.83,3.89,3078.50019142
2017-01-20,3.9,3.95,3.86,3.88,892.64803343
2017-01-21,3.89,3.93,3.89,3.92,620.69202082
2017-01-22,3.92,3.97,3.85,3.87,1766.44234152
2017-01-23,3.88,3.92,3.83,3.83,1251.1231995
2017-01-24,3.82,3.89,3.73,3.73,3713.1153747
2017-01-25,3.72,3.81,3.65,3.69,3286.03867809
2017-01-26,3.69,3.98,3.68,3.85,5427.00316018
2017-01-27,3.85,3.96,3.79,3.9,4270.05107462
2017-01-28,3.89,3.9,3.85,3.88,739.60105816
2017-01-29,3.89,3.9,3.84,3.88,460.633031
2017-01-30,3.88,4.09,3.83,4.08,6028.98498707
2017-01-31,4.09,4.19,4.03,4.09,8596.57969486
2017-02-01,4.08,4.15,3.95,4.08,4314.56214508
2017-02-02,4.07,4.11,3.97,4.1,4410.21642779
2017-02-03,4.09,4.12,3.91,4.03,3821.36943223
2017-02-04,4.05,4.05,3.94,4.03,3032.66367558
2017-02-05,4.03,4.03,3.91,3.99,1445.03371702
2017-02-06,3.97,4.02,3.94,3.96,1658.07322563
2017-02-07,3.96,4.02,3.94,3.98,15502.57363791
2017-02-08,3.98,4.06,3.91,3.97,12258.99693194
2017-02-09,3.97,3.99,3.62,3.78,22706.10216558
2017-02-10,3.77,3.89,3.7,3.83,4404.80087656
2017-02-11,3.83,3.88,3.82,3.84,6108.18023048
2017-02-12,3.84,3.85,3.77,3.8,1832.8473036
2017-02-13,3.8,3.83,3.74,3.79,3942.7858101
2017-02-14,3.77,3.83,3.76,3.83,3844.94051118
2017-02-15,3.84,3.91,3.81,3.89,5261.16407842
2017-02-16,3.88,3.92,3.85,3.86,2015.24750369
2017-02-17,3.88,3.95,3.85,3.91,2416.16966506
2017-02-18,3.91,3.94,3.8,3.84,6207.00414511
2017-02-19,3.82,3.85,3.76,3.81,5782.48861838
2017-02-20,3.81,3.85,3.76,3.81,5834.80427348
2017-02-21,3.81,3.89,3.76,3.85,4251.93537113
2017-02-22,3.85,3.93,3.85,3.89,3827.01252861
2017-02-23,3.9,4,3.89,3.9,4162.74020684
2017-02-24,3.93,4,3.79,3.95,4441.75626504
2017-02-25,3.95,3.98,3.83,3.9,6196.6943855
2017-02-26,3.9,3.93,3.84,3.89,1609.56081596
2017-02-27,3.89,3.93,3.85,3.87,8118.8498745
2017-02-28,3.87,3.94,3.81,3.85,7178.05411773
2017-03-01,3.87,3.95,3.8,3.86,7024.09542922
2017-03-02,3.87,4.29,3.8,4.04,17914.11527615
2017-03-03,4.08,4.5,4.01,4.07,11345.61293679
2017-03-04,4.07,4.14,3.88,4.04,7149.99329821
2017-03-05,4.04,4.04,3.85,4.02,2678.46372498
2017-03-06,4.01,4.1,3.96,4.1,6314.5075313
2017-03-07,4.1,4.26,3.9,3.99,7521.18445213
2017-03-08,4.01,4.01,3.83,3.86,6430.79701904
2017-03-09,3.84,3.95,3.83,3.92,4531.53875602
2017-03-10,3.92,4.1,3.7,3.8,18553.98527228
2017-03-11,3.78,3.95,3.77,3.82,11057.36779239
2017-03-12,3.84,3.95,3.82,3.94,8772.58141322
2017-03-13,3.93,4.59,3.89,4.4,42524.34003903
2017-03-14,4.4,4.43,4.14,4.19,11034.40569823
2017-03-15,4.2,4.45,4.1,4.33,12627.05725156
2017-03-16,4.32,4.61,4.22,4.31,26318.14506531
2017-03-17,4.35,4.35,4,4.12,16215.35643332
2017-03-18,4.12,4.43,3.69,4.02,35574.70359013
2017-03-19,4,4.12,3.85,3.93,11722.04608438
2017-03-20,3.94,4.2,3.85,4.18,14199.91472331
2017-03-21,4.19,4.2,3.95,4.04,14633.78016676
2017-03-22,4.01,4.05,3.81,3.94,19297.1324294
2017-03-23,3.95,4.03,3.9,3.96,13081.96291209
2017-03-24,3.97,4.5,3.93,4.11,54808.62604993
2017-03-25,4.11,4.18,3.97,4.1,28308.47382787
2017-03-26,4.08,4.12,4.04,4.1,17015.11875338
2017-03-27,4.09,4.19,4.03,4.08,31272.96102158
2017-03-28,4.08,4.22,4.07,4.2,13802.30624624
2017-03-29,4.19,4.5,4.12,4.3,31159.85615115
2017-03-30,4.33,9.9,4.26,7.89,382232.39454092
2017-03-31,7.89,7.9,5.75,7.25,274426.49016033
2017-04-01,7.25,7.73,6.65,7.61,143274.23854853
2017-04-02,7.57,8.88,7.03,8.34,228650.88070378
2017-04-03,8.37,9.5,7.5,8.61,203852.51966843
2017-04-04,8.61,9.78,8.35,9.15,213345.29061939
2017-04-05,9.15,13.75,8.88,13,601485.56760889
2017-04-06,12.9,13.19,9.7,10.87,688076.80915019
2017-04-07,10.86,11.39,9.39,9.89,280729.66864358
2017-04-08,9.98,11.39,9.83,10.79,147668.53811289
2017-04-09,10.79,10.99,8.57,9.26,198433.57490417
2017-04-10,9.34,10.12,8.89,9.87,185967.2445044
2017-04-11,9.87,10.35,9.45,9.71,139045.42600201
2017-04-12,9.72,12.23,9.66,11.69,360632.96541995
2017-04-13,11.69,11.74,10.63,11.05,191764.69105994
2017-04-14,11.1,11.84,11.03,11.61,149898.44922261
2017-04-15,11.61,12.14,10.46,11.69,132642.48347318
2017-04-16,11.72,11.87,11.57,11.7,48572.66768406
2017-04-17,11.7,12.6,10.95,11.15,249616.2616493
2017-04-18,11.15,11.5,10.27,10.95,283086.50850415
2017-04-19,10.95,11,10.01,10.21,139821.41283491
2017-04-20,10.21,11.4,10.15,10.99,218378.45347766
2017-04-21,10.99,12.45,10.85,12.12,342691.50755686
2017-04-22,12.11,16,12.03,14.35,482150.50630765
2017-04-23,14.35,16,14.2,15.38,434475.60768901
2017-04-24,15.38,15.41,14.3,15.07,235873.77281188
2017-04-25,15.07,15.73,14.51,15.53,226096.55963733
2017-04-26,15.53,16.17,14.69,15.09,332481.10561075
2017-04-27,15.07,15.51,13.47,14.98,403370.53975884
2017-04-28,14.99,15.12,14.5,14.75,232152.46929919
2017-04-29,14.73,16.4,14.73,16.34,266728.77478658
2017-04-30,16.35,16.74,15.8,16.2,262206.35389152
2017-05-01,16.2,17.3,15.55,16.47,257281.007656
2017-05-02,16.43,16.62,15.5,16.24,113865.32559908
2017-05-03,16.23,36,15.99,22.01,1199546.8902079
2017-05-04,21.94,29.75,21.8,24.16,1451117.10721385
2017-05-05,24.2,28.69,24.03,26.33,767481.69457697
2017-05-06,26.31,28.88,26.31,28.43,433947.64544997
2017-05-07,28.43,32.3,28.43,30.62,748454.63081406
2017-05-08,30.61,30.62,28.04,28.86,426802.74209821
2017-05-09,28.88,34,22.67,33.2,705493.20632924
2017-05-10,33.27,38.91,30.01,32.82,836885.54267876
2017-05-11,32.85,33.35,28.31,30.69,543056.0039338
2017-05-12,30.69,31.59,25.06,27.21,485479.4766313
2017-05-13,27.15,29.21,25.04,29.09,328888.15528431
2017-05-14,29.11,30.6,27.75,28.9,252456.60449185
2017-05-15,28.9,29.11,25.27,25.61,348573.32274866
2017-05-16,25.57,25.78,21,23.6,632748.94978715
2017-05-17,23.61,26.5,20.31,25.3,790925.24714841
2017-05-18,25.3,29.41,24.63,28.58,540957.79002087
2017-05-19,28.54,28.65,26.32,27.55,457227.59475189
2017-05-20,27.54,27.94,26.85,27.34,220454.22927683
2017-05-21,27.34,28.68,25.44,25.92,341770.87607961
2017-05-22,25.95,26.99,22.5,24.71,539574.33956405
2017-05-23,24.71,31.78,24.45,31.06,596697.36240388
2017-05-24,31.05,35.88,30.25,34.31,657786.60835061
2017-05-25,34.28,35.5,25.26,29.64,580871.48805496
2017-05-26,29.64,32,24.31,25.93,563597.93251581
2017-05-27,25.95,26.96,19.08,23.5,573356.34904329
2017-05-28,23.48,26.95,23.06,24.73,341998.35228867
2017-05-29,24.76,26.72,23.68,25.77,269749.66448921
2017-05-30,25.77,26.5,23.5,24.19,357535.0060221
2017-05-31,24.18,26.22,23.75,25.88,342238.99573053
2017-06-01,25.88,29.94,25.87,27.74,612525.21879848
2017-06-02,27.72,28.95,26.56,27.9,280865.72777512
2017-06-03,27.88,28.3,26.79,27.4,235877.06293096
2017-06-04,27.4,27.9,26.79,27.79,238117.41216919
2017-06-05,27.79,31.8,27.78,30.7,527742.52033857
2017-06-06,30.66,31.33,28.08,30.1,541751.5638401
2017-06-07,30.16,30.8,27.65,28.6,324888.63165928
2017-06-08,28.61,30.85,27.99,30.08,297855.19200722
2017-06-09,30.07,30.9,29.5,29.56,314953.90751795
2017-06-10,29.56,30.25,29,30.13,369945.58692701
2017-06-11,30.16,35.5,29.53,34.04,615336.03406651
2017-06-12,34.04,34.17,27,29.06,682710.80494045
2017-06-13,29.06,30.65,28.71,30.32,335036.82489502
2017-06-14,30.32,32,27.5,28.81,544562.36876699
2017-06-15,28.81,29.4,24.42,28.97,551486.32855148
2017-06-16,28.98,33.9,27.65,33.89,583521.40444887
2017-06-17,33.89,49,33.61,46.01,2083228.41916411
2017-06-18,46.01,46.65,39.56,43.66,963955.70282688
2017-06-19,43.66,49.99,42.27,47.63,1145099.32033015
2017-06-20,47.63,48.45,42.5,45.63,643343.3244497
2017-06-21,45.62,46.16,41.5,44,378157.49164266
2017-06-22,44,47.89,42.87,45.98,399050.6107468
2017-06-23,46,46.96,45.52,46.03,233194.97578667
2017-06-24,46.02,46.13,42.05,43.05,321085.51320886
2017-06-25,43.11,43.76,38.27,40.8,418806.801833
2017-06-26,40.79,41.98,33.38,38.15,636009.99084928
2017-06-27,38.16,40.5,33.61,40.5,592388.86671395
2017-06-28,40.5,43.44,37.3,42,489601.81983434
2017-06-29,41.96,42.14,39.6,40.2,237438.67737354
2017-06-30,40.2,41.2,39.22,39.49,190631.29818966
2017-07-01,39.49,39.83,37.4,38.37,169614.80740232
2017-07-02,38.35,41.99,37.15,41.59,244508.87545623
2017-07-03,41.53,47.7,40.6,45.51,643434.38464921
2017-07-04,45.56,55.4,45.56,54.89,1103725.1500912
2017-07-05,54.98,57.75,49.01,53.4,862281.43635413
2017-07-06,53.31,53.4,50.01,51.2,368067.29242852
2017-07-07,51.19,51.36,44.28,46.21,657361.27193916
2017-07-08,46.19,52.61,44.18,51.27,515914.84514906
2017-07-09,51.27,52.55,48.33,48.76,300564.1696021
2017-07-10,48.76,49.84,42.1,44.82,536969.839814
2017-07-11,44.81,46.78,41.38,43.92,488973.86307039
2017-07-12,43.93,48.48,42.1,47,507744.5527881
2017-07-13,47,47.88,44.1,45.48,258121.45611875
2017-07-14,45.49,45.72,40,42.74,439379.62783107
2017-07-15,42.74,42.99,37.5,38.14,523760.63532808
2017-07-16,38.14,41.99,34.78,40.69,638973.82647017
2017-07-17,40.69,43.08,39.72,42.36,503626.27216415
2017-07-18,42.35,45,40.56,43.5,427038.30165243
2017-07-19,43.5,43.96,39.68,40.19,318149.88746486
2017-07-20,40.22,45,40.12,44.72,426637.82765027
2017-07-21,44.72,47.93,44,45.4,475717.63087461
2017-07-22,45.4,47.52,44.43,46.7,184124.54489421
2017-07-23,46.69,46.95,44.1,45.23,175392.05185658
2017-07-24,45.23,45.49,44.41,45.01,123492.45639895
2017-07-25,45.01,45.15,40.23,42.21,322351.79094662
2017-07-26,42.21,43,40.4,41.99,205270.05877813
2017-07-27,41.99,42.3,40.8,41.87,167960.10748716
2017-07-28,41.82,42.17,40.1,40.35,208408.46730279
2017-07-29,40.35,41.5,38.28,41.01,247822.36881524
2017-07-30,41,42.16,39.56,40.82,138987.22734997
2017-07-31,40.81,43.8,38.4,42.27,305192.22551174
2017-08-01,42.25,43.84,41.18,43.18,291099.82328019
2017-08-02,43.18,43.23,41.52,41.82,161647.51720267
2017-08-03,41.78,42.87,41.73,42.49,98964.81530801
2017-08-04,42.5,43.49,42.34,43.07,114705.84459378
2017-08-05,43.07,47.09,43.06,45.85,346004.31791566
2017-08-06,45.87,46.65,44.78,45.33,180668.45032001
2017-08-07,45.29,46.5,45.01,45.99,162222.8858382
2017-08-08,45.99,49.98,45.76,49.06,376413.42396156
2017-08-09,49.06,49.95,46.66,47.69,301606.86437943
2017-08-10,47.7,48.6,47.01,47.2,174188.69410003
2017-08-11,47.2,47.71,46.6,47.08,188322.11830869
2017-08-12,47.06,47.8,46.01,46.33,243746.50071485
2017-08-13,46.32,47.38,44.05,45.22,275963.40713313
2017-08-14,45.22,46.34,44.82,45.59,199448.20218667
2017-08-15,45.59,45.7,41.65,43.1,307936.89809899
2017-08-16,43.08,44.94,42.01,43.8,194880.22701903
2017-08-17,43.8,44.7,43.13,43.88,163412.83515019
2017-08-18,43.83,47.99,43.29,46.69,363409.48466448
2017-08-19,46.69,47,43.76,45.18,159157.07937001
2017-08-20,45.17,47.15,44.07,45.57,155995.4120863
2017-08-21,45.57,48.87,44.9,47.99,246856.87324942
2017-08-22,47.99,47.99,44.65,46.43,231982.68430308
2017-08-23,46.44,55,46.08,53.31,588731.33818434
2017-08-24,53.31,53.46,50.23,51.09,399924.71417475
2017-08-25,51.09,52.2,50.1,51.11,261823.81409293
2017-08-26,51.12,52,50,51.55,174542.53791553
2017-08-27,51.56,64.67,51.14,61.56,840286.94051522
2017-08-28,61.57,64.73,58.76,62.38,566738.38550606
2017-08-29,62.39,64.45,61.25,63.75,455434.66730047
2017-08-30,63.72,67.5,62,66.03,399096.03959601
2017-08-31,66.02,74.8,65.22,73.23,1028420.57244579
2017-09-01,73.23,98.28,71.43,89.23,2032352.04919963
2017-09-02,89.16,93.85,73.87,79.84,1394311.14321971
2017-09-03,79.84,84.91,77.26,79.47,619530.87059338
2017-09-04,79.45,79.51,64,71.29,1298238.96023979
2017-09-05,71.29,74.95,66,74.19,794306.12397295
2017-09-06,74.19,82.7,74.19,81.47,926234.56887023
2017-09-07,81.47,82.75,77.37,80.23,585819.36887682
2017-09-08,80.23,82.25,68.12,73.7,1111755.62901859
2017-09-09,73.71,74.5,69.1,71.27,436602.37846644
2017-09-10,71.27,71.44,65.02,67.44,570164.66091764
2017-09-11,67.45,71.55,65.5,68.28,429326.53614126
2017-09-12,68.29,71.93,65.02,66,611134.49104279
2017-09-13,66,66.46,57.74,61.8,1130672.24832382
2017-09-14,61.81,62.6,45.1,45.42,1684511.7205506
2017-09-15,45.42,62.41,33.56,52.29,3159261.16267743
2017-09-16,52.28,59,50.35,52.47,905035.71502383
2017-09-17,52.47,54.1,47.87,51.37,592123.2248644
2017-09-18,51.37,58,51.36,56.3,892632.49378619
2017-09-19,56.3,56.86,51.38,52.95,622960.04801723
2017-09-20,52.95,54.6,51.11,51.57,354336.67811832
2017-09-21,51.58,52.5,45.18,46.61,852377.57872023
2017-09-22,46.65,49.72,45,47.81,694947.73730701
2017-09-23,47.83,50.33,46.45,49.41,332503.66789484
2017-09-24,49.4,49.58,47.06,47.7,239726.283377
2017-09-25,47.71,53.52,47.52,52.22,506469.76133829
2017-09-26,52.22,54.41,51.5,52.34,365151.3481447
2017-09-27,52.34,57.45,52.32,56.88,604496.92869584
2017-09-28,56.89,57.11,54.07,54.87,466215.26717765
2017-09-29,54.87,54.87,50.35,52.62,562849.25968209
2017-09-30,52.62,55.92,52.54,55.26,261761.56719374
2017-10-01,55.26,55.33,53.5,54.69,209353.77956626
2017-10-02,54.7,55.08,52.58,53.37,247848.01744737
2017-10-03,53.37,53.59,51.35,52.15,237685.87486817
2017-10-04,52.15,53,50.5,51.16,215611.53680266
2017-10-05,51.16,51.94,50.25,51.67,171878.89137037
2017-10-06,51.67,52.73,51.4,52.12,150728.51064168
2017-10-07,52.12,52.95,51.6,52.57,120581.74176358
2017-10-08,52.58,54.79,52.4,53.27,211464.64509389
2017-10-09,53.27,53.41,48.15,50.04,465258.29470985
2017-10-10,50.04,51.48,49.51,50.4,204493.93048201
2017-10-11,50.41,51,50.22,50.81,101226.69982139
2017-10-12,50.81,59.58,50.66,59.58,937812.72856896
2017-10-13,59.55,60.96,55.25,58.9,858105.59944679
2017-10-14,58.9,66.85,58.3,63.94,737614.48787311
2017-10-15,63.89,69.59,62.06,65.51,804268.45184031
2017-10-16,65.52,66.4,62.33,64.72,378161.52074137
2017-10-17,64.72,64.99,58.51,59.19,433723.78342293
2017-10-18,59.2,61.85,52.9,60.67,843146.55962508
2017-10-19,60.68,61.42,58.34,59.84,387551.35965277
2017-10-20,59.84,62.2,58.52,60.12,351861.58777365
2017-10-21,60.13,60.38,56.2,58.14,325825.46567236
2017-10-22,58.15,58.89,56.12,56.75,204786.90017057
2017-10-23,56.75,56.75,52.45,54.76,450602.74197022
2017-10-24,54.75,59.19,52.5,55.61,545094.36616611
2017-10-25,55.61,56.96,53.55,56.36,280808.56257943
2017-10-26,56.36,57.16,54.75,55.56,160315.18695515
2017-10-27,55.56,56.15,54.75,55.24,129495.65054542
2017-10-28,55.25,55.88,54,54.52,98216.94190939
2017-10-29,54.53,58,54.26,56.59,207083.18768587
2017-10-30,56.59,58.39,55.85,56.44,192554.17564693
2017-10-31,56.21,56.81,55.4,55.41,178273.90995509
2017-11-01,55.41,55.6,52.82,53,243999.16532137
2017-11-02,53,54.85,50.25,54.35,579982.0338999
2017-11-03,54.36,56.36,53.96,56.19,327613.09660843
2017-11-04,56.19,56.3,54.62,55.09,162855.94871579
2017-11-05,55.12,55.53,54.25,54.67,157524.57412166
2017-11-06,54.67,55.85,53.37,54.6,226534.71425651
2017-11-07,54.61,63.71,54.6,60.61,778986.97961875
2017-11-08,60.61,64.3,59.6,62.46,835181.58759677
2017-11-09,62.43,67.24,61.89,64.4,643670.07600206
2017-11-10,64.4,65.94,56.13,59.32,851660.87031764
2017-11-11,59.31,63.99,59.02,62.49,474600.72899705
2017-11-12,62.5,62.6,57.08,58.81,601022.9657797
2017-11-13,58.82,62.42,58.23,61.24,375566.44196294
2017-11-14,61.24,63.57,60.56,62.33,356954.02729043
2017-11-15,62.29,65.43,62.2,63.3,386656.39625125
2017-11-16,63.3,72.5,62.52,70.56,897472.38915577
2017-11-17,70.56,71.46,65.52,67.5,812037.51177371
2017-11-18,67.51,69.99,65.62,69.35,354121.78749131
2017-11-19,69.36,73.4,68.55,71.7,543753.16855135
2017-11-20,71.7,73.25,71.13,72.62,412885.65855884
2017-11-21,72.62,73,68,70,722069.7499309
2017-11-22,70,72.32,70,72.31,329603.57950226
2017-11-23,72.26,77.96,71.07,73.3,741428.34740885
2017-11-24,73.31,77.7,72.51,77.54,538366.46039049
2017-11-25,77.54,89.88,77.24,89.13,1068198.79325939
2017-11-26,89.14,89.21,84.11,86.62,736573.45794874
2017-11-27,86.61,93.89,86.4,91.38,930958.03960602
2017-11-28,91.36,94.88,89.96,94.49,591986.38829207
2017-11-29,94.49,103.54,76.01,86.7,1767195.72809484
2017-11-30,86.7,93.5,78,85.82,1094419.48945078
2017-12-01,85.86,100.77,82,100.16,1414239.41150093
2017-12-02,100.17,104.75,98.1,99.65,851099.24168469
2017-12-03,99.65,107.49,97,101.2,853094.33301575
2017-12-04,101.21,104.5,95.36,104.28,633093.29419253
2017-12-05,104.28,104.29,101.01,101.01,491730.59407565
2017-12-06,101.01,103.9,97.75,100.01,826067.51030605
2017-12-07,100.01,102.48,95.01,97.96,1016793.43972173
2017-12-08,97.95,144.75,95.8,128.97,2681038.29117077
2017-12-09,128.96,199,128.96,160.94,4042653.59362598
2017-12-10,160.94,160.95,135.45,150.99,1428847.12641115
2017-12-11,150.63,235,149.95,218.6,2891195.07350556
2017-12-12,218.57,420,213.3,352.08,4638912.67044234
2017-12-13,352.07,372.55,275,312.89,2475964.15157288
2017-12-14,312.89,324.62,256.1,283.8,1553107.45854306
2017-12-15,283.8,322.97,252.22,303.79,1850280.0270205
2017-12-16,303.86,314.97,280,306.87,869179.38698688
2017-12-17,306.87,334.87,303.24,324.74,1013207.50039729
2017-12-18,324.75,366.9,305.77,359.4,1242480.40016702
2017-12-19,359.4,380,324.67,350.66,1553392.36013527
2017-12-20,350.66,350.66,275,305.59,1624307.37291199
2017-12-21,305.59,327.99,291,311,711275.99526854
2017-12-22,311,311.89,144,267.79,3530405.85799184
2017-12-23,267.8,321.85,261,293.03,1011737.15361652
2017-12-24,293.02,295.99,254,278.81,723852.73234947
2017-12-25,278.81,287.4,271.12,273.52,302604.24667817
2017-12-26,273.53,286.99,273.17,280.14,373021.64161991
2017-12-27,280.14,286.46,252.81,264.4,486832.00268581
2017-12-28,264.39,266,223.59,251.18,765207.39190859
2017-12-29,251.19,259.5,236.5,245.79,469238.86221673
2017-12-30,245.79,246,206,216.04,635258.13535641
2017-12-31,216.03,237.88,210,227.17,451904.50476352
2018-01-01,227.18,232.29,217.66,225.22,258043.95090406
2018-01-02,225.22,262,225.21,253.31,732904.03891412
2018-01-03,253.3,258.54,240.56,244.99,456949.06911089
2018-01-04,244.99,245,226.79,238.91,534974.87384034
2018-01-05,238.91,251.97,236.24,246.23,505568.28877083
2018-01-06,246.23,304,245,279.42,915363.20001039
2018-01-07,279.42,286.95,265.24,272.06,383043.95294283
2018-01-08,272.13,273.77,231.42,255.21,590692.55461678
2018-01-09,255.21,258.75,238.75,246.89,405246.69947596
2018-01-10,246.9,249.67,232.51,248.81,458501.85564627
2018-01-11,248.82,253.42,219.07,226.91,614793.41335418
2018-01-12,226.91,241.99,220.2,235.52,333942.02663852
2018-01-13,235.52,263,235.51,258,388832.37921673
2018-01-14,258.01,268,233.82,237.89,382712.59815237
2018-01-15,237.89,244.2,231.11,232.51,214971.74502817
2018-01-16,232.51,233.23,146.6,191.13,1433426.06802905
2018-01-17,191.13,216,135,189,1688826.08247414
2018-01-18,189,211,176.31,192.6,828745.06899416
2018-01-19,192.59,203,187.1,192.5,406267.09343323
2018-01-20,192.5,214.88,192.5,210.91,367598.0996152
2018-01-21,210.91,211.09,183.12,191.25,350699.10130519
2018-01-22,191.25,194.7,165.5,179.42,457260.81445448
2018-01-23,179.43,186.03,165.01,178.27,358927.10260303
2018-01-24,178.27,184.69,172.23,180.6,263765.92119283
2018-01-25,180.59,184.8,175,178.86,231200.57959733
2018-01-26,178.86,181.71,166.15,175.71,272640.80171337
2018-01-27,175.71,182,173.96,179.65,174090.42528258
2018-01-28,179.65,192.47,178.65,191.12,229183.01528325
2018-01-29,191.12,191.12,175.56,179.57,211220.26042352
2018-01-30,179.57,179.9,158.2,164.25,405258.93221781
2018-01-31,164.24,166.5,155,161.9,326536.67159524
2018-02-01,161.9,164.9,125,140.6,809943.94260377
2018-02-02,140.6,141.34,100.2,130.69,1256777.86825348
2018-02-03,130.63,166.6,120.12,160.97,933344.89303879
2018-02-04,161.06,175,137,147.5,1167419.62317858
2018-02-05,147.51,153.87,112,124.98,1337480.26378748
2018-02-06,124.97,147.98,103.65,141.5,1850025.85374769
2018-02-07,142,160,130.6,137.8,994657.02957885
2018-02-08,137.81,151,136.65,149,495092.83029876
2018-02-09,149.09,164.38,142.09,164.1,543153.86015828
2018-02-10,164.11,169.49,148.02,155.08,647749.76124265
2018-02-11,155.08,155.78,142.26,149.26,336009.03408389
2018-02-12,149.26,163.28,149.18,161.5,349063.39894656
2018-02-13,161.49,162,153.4,158.91,216266.54623657
2018-02-14,158.91,219,158.91,211.85,1725486.50044762
2018-02-15,211.86,237.72,206.25,221.22,1232992.24644691
2018-02-16,221.19,234.75,210.55,228.24,638439.98793485
2018-02-17,228.24,233,225.03,229.9,298655.17781094
2018-02-18,229.9,232.75,212.45,214.5,526572.35711206
2018-02-19,214.45,225.96,213.5,222.1,254025.37165847
2018-02-20,222.11,251.9,221.5,229.5,1069933.53014412
2018-02-21,229.5,231.88,204.71,210.23,798916.03951726
2018-02-22,210.23,221.49,188.56,192.99,704250.2412395
2018-02-23,193,215.8,182.55,206.52,718971.51764958
2018-02-24,206.51,218.65,194.85,206.15,554726.34615675
2018-02-25,206.15,223.53,200.35,218.86,482274.58650888
2018-02-26,218.86,231.5,214.43,218.74,669021.78196955
2018-02-27,218.74,222.85,212.1,215.15,357365.63383413
2018-02-28,215.15,223.7,201.4,202.12,398226.35734864
2018-03-01,202.11,214.88,200.48,209.2,298039.72344015
2018-03-02,209.21,213.3,204.58,212,226647.93559519
2018-03-03,212,217.5,209.16,210.4,291404.04527386
2018-03-04,210.41,214,205.2,212.97,166264.39715771
2018-03-05,212.95,214.92,209.2,210.71,149693.72632812
2018-03-06,210.71,210.71,191.34,196.63,404714.55612164
2018-03-07,196.63,199.35,173.82,186.4,592975.0685407
2018-03-08,186.35,188.5,174.2,175.79,372420.75702616
2018-03-09,175.79,190,157.27,186.33,741401.77093883
2018-03-10,186.32,194.47,176.1,177.67,313884.30092113
2018-03-11,177.67,192.85,172.3,188.33,321529.86830728
2018-03-12,188.33,192.89,175,177.89,326246.2887038
2018-03-13,177.89,182,171.3,175.5,254142.67221398
2018-03-14,175.51,177.9,157.5,160.69,404302.72634945
2018-03-15,160.68,167.77,150,164.21,523821.19472323
2018-03-16,164.2,172,158.56,165.32,310395.20085812
2018-03-17,165.32,165.48,151.18,152.66,314081.91872076
2018-03-18,152.66,157.5,137.12,154,626887.40229016
2018-03-19,154,164,150.46,161.33,426553.8831442
2018-03-20,161.24,174,155.56,169.17,393440.46945425
2018-03-21,169.15,175.5,165.14,168.69,352394.19157414
2018-03-22,168.69,172.5,160.11,163.83,262191.58984857
2018-03-23,163.82,168.97,157.06,168.64,234932.60524784
2018-03-24,168.64,169.5,158.41,159,192213.43031177
2018-03-25,158.99,163.08,157.69,160.18,138836.60378384
2018-03-26,160.17,160.62,142,148.24,363716.26610081
2018-03-27,148.25,149.48,134.46,134.64,375612.08294688
2018-03-28,134.64,139.99,130.11,131.7,298037.9510397
2018-03-29,131.7,132.54,112,114.53,728308.53420014
2018-03-30,114.41,126.91,109.27,118.45,671231.29392697
2018-03-31,118.46,125.8,115.54,116.28,316144.1050102
2018-04-01,116.24,118.83,110.01,114.96,253595.1924138
2018-04-02,114.95,121.62,114.04,119.1,235752.42201925
2018-04-03,119.09,137.89,118.3,134.12,430173.94241895
2018-04-04,134.12,135.15,115.5,118.24,451883.83070476
2018-04-05,118.24,122.87,113.75,118.78,357320.67651447
2018-04-06,118.68,120.5,112.1,112.93,228985.06471815
2018-04-07,112.94,119.59,112.68,116.06,194055.61794306
2018-04-08,116.07,118.39,115.02,117.67,112105.89959049
2018-04-09,117.67,122.97,113.01,114.91,317465.85648463
2018-04-10,114.91,115.39,112,114.16,167314.07890865
2018-04-11,114.16,119.72,113.21,117.95,173818.92864713
2018-04-12,117.95,131,113.3,129.53,634109.87269615
2018-04-13,129.53,133.5,124,125.45,504213.18732191
2018-04-14,125.46,129.96,124.3,126.42,198923.55929067
2018-04-15,126.43,132.77,126.43,132.52,229662.72994231
2018-04-16,132.52,133.36,125.11,128.63,267263.76179993
2018-04-17,128.62,140.55,128.62,132.21,425318.13094382
2018-04-18,132.22,141.64,132.11,140.49,279996.97000183
2018-04-19,140.5,147.74,138.88,146.34,299369.19476237
2018-04-20,146.35,156.46,143.31,155.71,420156.39024072
2018-04-21,155.7,157.1,141.02,148.3,373859.11927284
2018-04-22,148.33,153,145.01,146.59,203065.15680923
2018-04-23,146.58,153.24,146.35,152.59,209789.472795
2018-04-24,152.59,165.87,152.59,164.72,548298.25111031
2018-04-25,164.72,164.84,138.8,145,646838.14190444
2018-04-26,145,154.65,142.2,153.1,263284.20887293
2018-04-27,153.09,153.75,145.29,145.9,245427.24219975
2018-04-28,145.89,152.94,145,151.82,152838.59281008
2018-04-29,151.81,156.39,148.22,153.24,169222.89508179
2018-04-30,153.24,153.79,147.06,148.32,151641.66964677
2018-05-01,148.32,148.75,142.73,147.99,200273.53411066
2018-05-02,147.99,152.88,146.53,150.8,144273.29892091
2018-05-03,150.79,163.35,150.69,161,352257.24130987
2018-05-04,161,171.28,157.19,168.2,319966.11143406
2018-05-05,168.25,182.35,167.03,177.73,359007.06706622
2018-05-06,177.74,181.95,165.1,171.07,294646.3577846
2018-05-07,171.07,171.62,157.25,164.09,308844.33050332
2018-05-08,164.32,168.1,157.01,158.98,259665.22479541
2018-05-09,158.98,160.33,151.05,156.83,217071.90738696
2018-05-10,156.83,160.45,148.01,148.18,199961.97972849
2018-05-11,148.43,148.61,133.52,136.51,448107.53264624
2018-05-12,136.5,145,131.88,142,225576.39809259
2018-05-13,142,146.73,137.2,144.43,159639.75852806
2018-05-14,144.43,152.94,134.5,147.32,397041.12210387
2018-05-15,147.33,149.72,138.1,139.78,238671.72381187
2018-05-16,139.78,140.99,135,139.36,181079.48954953
2018-05-17,139.36,141.76,131.37,132.65,175543.11544419
2018-05-18,132.64,137.6,129.1,136.3,207927.73176773
2018-05-19,136.3,138.01,133.25,135,91326.42672639
2018-05-20,134.99,140.7,132.2,139.38,108068.35938685
2018-05-21,139.37,139.98,133.53,134.26,99135.33366655
2018-05-22,134.26,135.75,127.6,128.11,126050.86757575
2018-05-23,128.1,129.35,116.27,118.85,309540.2896791
2018-05-24,118.86,125.25,115.11,122.99,213856.37140589
2018-05-25,123,124.44,117.28,119.05,139078.87166624
2018-05-26,119.06,122.63,117.5,118.33,77569.51389051
2018-05-27,118.33,118.98,116.51,117.83,76253.48631022
2018-05-28,117.84,118.95,110.51,111.24,181662.54436337
2018-05-29,111.24,122.7,110,119.52,188668.89840146
2018-05-30,119.54,122.86,115,117.18,135906.58320788
2018-05-31,117.18,120.99,116.49,118.36,112884.23498984
2018-06-01,118.37,120.82,117,119.88,90072.15715162
2018-06-02,119.88,124.46,118.52,123.66,96598.3534184
2018-06-03,123.65,127.95,122.56,125,102083.98469287
2018-06-04,125,126.69,118.22,119.87,103817.21238531
2018-06-05,119.87,122.5,116.17,121.87,128770.47686666
2018-06-06,121.88,122.67,118.48,121.37,98445.07383488
2018-06-07,121.38,123.48,119.45,121.63,89310.0309729
2018-06-08,121.62,121.95,118.59,120.04,77765.08553405
2018-06-09,120.04,120.95,117.15,117.43,56395.14772701
2018-06-10,117.43,117.43,103.35,106.97,344932.15785505
2018-06-11,106.97,109.02,103.2,107.47,218315.42504584
2018-06-12,107.46,107.95,97.5,100.19,276663.50248575
2018-06-13,100.19,100.57,89.25,93.82,391893.31645002
2018-06-14,93.8,103.06,93,101.12,352747.94129534
2018-06-15,101.11,101.11,94.75,95.54,152838.08914365
2018-06-16,95.54,97.64,92.79,96.72,91182.31042331
2018-06-17,96.73,98,94.75,95.01,63664.13356645
2018-06-18,95.01,99.7,93.2,98.63,151649.90545924
2018-06-19,98.63,101.65,96.86,98.58,129917.66150767
2018-06-20,98.59,99,95.51,97.83,97426.89370212
2018-06-21,97.83,99.17,96.15,96.69,82420.19217775
2018-06-22,96.69,96.79,80.29,85.03,401417.51068865
2018-06-23,85.03,87.11,81.59,83.21,152599.89382022
2018-06-24,83.15,83.75,73.46,80.61,399884.10464021
2018-06-25,80.6,84.49,78.8,81.67,228701.15948773
2018-06-26,81.67,82.55,75.37,75.8,174590.28979664
2018-06-27,75.81,81.97,74.85,80.73,199376.55766042
2018-06-28,80.73,81.2,74.01,74.25,186128.13648399
2018-06-29,74.25,80.49,72.43,78.94,251563.0214029
2018-06-30,78.94,84.5,78.94,81.01,175522.39904201
2018-07-01,81.01,81.39,77.72,79.89,92949.78869036
2018-07-02,79.89,86.98,78.32,85.45,193733.78452058
2018-07-03,85.46,90,84.01,84.96,227563.85502146
2018-07-04,84.96,89,83.51,85.4,122506.0834129
2018-07-05,85.39,86.81,82,83.3,143151.2802562
2018-07-06,83.29,84.01,80.76,82.96,94224.32788979
2018-07-07,82.97,85.2,79.42,84.7,107110.31082739
2018-07-08,84.69,85.72,82,82.2,85758.11760753
2018-07-09,82.21,83.07,80.02,80.49,113836.38424281
2018-07-10,80.49,80.5,74.51,75.95,216867.88598752
2018-07-11,75.95,80.84,75.48,78.35,115732.7415637
2018-07-12,78.34,78.35,74.5,76.97,134978.530545
2018-07-13,76.95,78.49,75.24,76.68,125626.00646609
2018-07-14,76.68,77.44,75.68,76.2,68609.16817857
2018-07-15,76.25,79.25,75.36,78.51,83445.91456365
2018-07-16,78.51,84,77.8,83.53,151117.22324775
2018-07-17,83.52,90.07,81.55,88.98,247555.57794433
2018-07-18,88.99,94.39,85.11,86.27,285019.62126712
2018-07-19,86.28,88.9,85.01,86.14,131434.64346416
2018-07-20,86.14,86.61,81,81.72,180923.95250878
2018-07-21,81.73,84.69,79.77,83.5,89496.67463466
2018-07-22,83.5,83.98,81.81,82.22,71747.3094079
2018-07-23,82.22,85.8,81.32,81.52,156141.45167748
2018-07-24,81.52,89.5,81,89.02,244820.63863786
2018-07-25,89.06,90.6,84.82,86.35,164112.76922915
2018-07-26,86.32,87.87,82.79,83.46,110480.26559277
2018-07-27,83.46,85.15,81.6,84.52,132363.98606512
2018-07-28,84.52,84.7,82.51,83.99,53446.99016511
2018-07-29,84,85.25,83.41,83.93,47715.94601163
2018-07-30,83.94,84.7,79.76,82.22,126136.67685658
2018-07-31,82.22,82.43,76.01,78.88,171925.96197994
2018-08-01,78.88,79.07,75.97,77.64,131680.71134866
2018-08-02,77.64,78.39,75.51,76.23,101324.47598879
2018-08-03,76.23,77.8,75,77.6,118352.09248203
2018-08-04,77.6,78,72.32,73.04,115870.13877625
2018-08-05,73.03,74.71,72.41,74.65,70572.38740681
2018-08-06,74.65,76.84,72.51,73.58,102544.30108297
2018-08-07,73.61,75.5,66.6,67.36,213117.68291535
2018-08-08,67.36,67.49,61.01,62.27,415491.08159511
2018-08-09,62.28,65.14,60.25,63.08,209170.6928274
2018-08-10,63.08,63.36,58.1,59.14,214040.51917482
2018-08-11,59.13,60.32,55.13,58.1,252949.02931701
2018-08-12,58.1,61.8,57.35,59.44,154909.24901288
2018-08-13,59.43,60.6,55.72,56.48,176429.22653802
2018-08-14,56.49,56.49,49.33,54.39,448989.69405852
2018-08-15,54.39,59.44,54,54.44,484679.81861407
2018-08-16,54.44,57.68,54.13,55.47,157456.48092943
2018-08-17,55.48,61.88,55.16,61.82,238257.77024455
2018-08-18,61.82,62.6,55.66,57.39,158893.72241324
2018-08-19,57.39,58.98,56.4,57.85,95276.84135273
2018-08-20,57.85,58.55,53.19,53.4,287223.8397046
2018-08-21,53.4,56.78,53.15,56.39,120632.74585734
2018-08-22,56.37,59.21,54.01,55.2,254340.83892037
2018-08-23,55.21,57.91,55.01,57.31,111458.83994234
2018-08-24,57.32,58.36,55.55,57.94,108527.06757
2018-08-25,57.94,58.36,57.08,58.01,60150.25303538
2018-08-26,58,58.2,56.02,57.11,72359.5503464
2018-08-27,57.11,61.14,56.64,60.7,133483.1790463
2018-08-28,60.7,63.91,59.76,63.18,202609.555829
2018-08-29,63.18,63.44,60.27,61.54,141705.16049481
2018-08-30,61.53,61.75,58.58,60.25,132951.53710664
2018-08-31,60.26,62.8,59.55,62.13,105750.8364688
2018-09-01,62.13,67.96,62.12,66.47,197737.84294152
2018-09-02,66.47,66.85,64.1,66.23,126971.81929799
2018-09-03,66.23,66.51,64.44,65.37,95510.15600853
2018-09-04,65.37,69.44,65.32,67.75,171219.26098063
2018-09-05,67.75,68.35,57.41,57.68,364886.94179862
2018-09-06,57.68,57.75,53.79,57.48,374061.91511501
2018-09-07,57.48,58.93,55.01,55.5,149561.22656439
2018-09-08,55.56,57.28,51.77,53.2,155231.86450126
2018-09-09,53.2,56.74,52.17,54.71,126187.1307201
2018-09-10,54.79,56.49,53.05,54.3,128599.38959913
2018-09-11,54.3,54.81,50,51.97,203091.68819317
2018-09-12,51.97,52.08,47.19,51.6,309934.48361715
2018-09-13,51.6,55.6,51.6,54.66,261468.42629839
2018-09-14,54.6,58.9,52.92,56.33,279635.44963635
2018-09-15,56.33,58.73,55.55,56.34,117333.58107499
2018-09-16,56.35,57.45,54.45,56.78,111451.02792155
2018-09-17,56.82,57.85,51.44,52.05,236263.88989869
2018-09-18,52.05,55.49,50.55,54,168166.34562496
2018-09-19,53.92,54.98,51.7,54.28,214942.53484644
2018-09-20,54.28,57.34,53.37,56.56,140851.30665137
2018-09-21,56.56,62.75,56.32,60.83,297249.56943931
2018-09-22,60.83,61.68,58.11,60.53,153265.3173546
2018-09-23,60.55,63.47,59.83,61.31,158010.33253279
2018-09-24,61.3,61.4,57.07,57.94,177779.74064644
2018-09-25,57.95,58.08,54.33,57.56,251685.91987199
2018-09-26,57.57,59.78,56.37,57.21,186365.12544139
2018-09-27,57.22,65.6,56.68,63.11,401594.86970994
2018-09-28,63.1,64.68,60.12,61.75,181400.97673172
2018-09-29,61.74,62.39,59.05,61.45,118805.94774703
2018-09-30,61.46,62.99,59.76,61.05,136111.5967624
2018-10-01,61.05,61.8,59.22,60.22,143577.08226428
2018-10-02,60.21,61.3,58.6,59.2,110150.18551349
2018-10-03,59.2,59.32,56.55,57.25,142525.46781134
2018-10-04,57.25,58.91,57.08,58,90990.01854423
2018-10-05,57.99,59.45,57.23,58.47,85012.52222633
2018-10-06,58.47,58.67,56.7,57.7,61959.61823111
2018-10-07,57.71,58.22,56.85,57.9,54122.81896167
2018-10-08,57.9,59.79,57.36,59.24,104503.56679715
2018-10-09,59.25,59.4,58.02,58.43,60986.03740161
2018-10-10,58.45,58.46,56.85,57.49,94562.57313765
2018-10-11,57.49,57.49,50.04,50.55,379817.81069868
2018-10-12,50.55,53.43,50.15,53.03,140954.77168572
2018-10-13,53.03,53.85,52.52,53.05,76712.93600762
2018-10-14,53.07,53.35,51.1,51.36,69595.08473578
2018-10-15,51.37,56.77,51.01,53.55,306834.18760176
2018-10-16,53.52,54.23,52.54,53.1,112262.17166457
2018-10-17,53.1,53.24,52.25,52.81,103175.94292678
2018-10-18,52.81,53.39,51.01,51.73,82319.52737741
2018-10-19,51.73,53.12,51.47,52.5,83368.8658625
2018-10-20,52.5,53,52.08,52.83,53780.84019558
2018-10-21,52.83,53.11,52.03,52.23,50064.63594867
2018-10-22,52.23,52.49,51.4,51.67,68864.19027325
2018-10-23,51.68,52.49,51.4,52.1,64772.14782596
2018-10-24,52.1,52.59,51.7,51.85,62788.07343135
2018-10-25,51.86,51.96,51.54,51.71,43207.56326801
2018-10-26,51.72,52.38,51.16,51.59,63223.5673218
2018-10-27,51.6,51.82,51.3,51.57,35088.0967228
2018-10-28,51.52,51.66,51.11,51.53,38522.51509769
2018-10-29,51.54,51.63,47.34,48.44,169466.38955571
2018-10-30,48.45,49.15,48.36,48.95,76438.83398802
2018-10-31,48.95,50.32,47.6,49.47,88252.51959983
2018-11-01,49.48,50.45,49.4,50.19,64605.77627363
2018-11-02,50.16,51.66,50.08,51.13,69380.83037991
2018-11-03,51.13,51.3,50.34,50.61,42198.95112926
2018-11-04,50.61,55.94,50.47,53.88,146318.42170398
2018-11-05,53.88,54.7,52.58,53.45,106830.82724281
2018-11-06,53.46,55.98,53.43,55.84,136449.86278657
2018-11-07,55.88,56.4,53.3,53.82,118040.88269062
2018-11-08,53.81,54.45,51.9,52.04,89515.38415529
2018-11-09,52.05,52.53,51.07,51.66,70712.28673253
2018-11-10,51.65,52.23,51.45,51.86,26688.16698029
2018-11-11,51.86,51.99,49.5,50.8,64655.84928246
2018-11-12,50.8,51.34,50,50.33,60494.21287629
2018-11-13,50.32,50.43,48.31,48.84,95213.74198694
2018-11-14,48.83,49.95,40,42.69,539021.79141038
2018-11-15,42.73,43.74,39.41,43.36,308334.68450329
2018-11-16,43.39,43.61,41.25,41.73,116371.05973088
2018-11-17,41.74,41.75,41.15,41.54,67828.42155203
2018-11-18,41.54,42.95,41.5,41.86,71163.65794115
2018-11-19,41.87,41.87,34.73,35.75,515896.30220418
2018-11-20,35.76,37.5,30.25,32.28,751638.77953405
2018-11-21,32.27,34.44,31.06,34.29,358137.59975278
2018-11-22,34.29,34.7,31.13,31.3,201776.3264349
2018-11-23,31.33,32.77,30.33,31.69,245067.75797488
2018-11-24,31.73,32.98,27.67,28.6,345610.64164598
2018-11-25,28.61,31.92,26.37,30.43,555957.05652986
2018-11-26,30.37,31.8,27.56,29.1,458733.92975226
2018-11-27,29.09,31.32,28.23,30.85,283737.83938276
2018-11-28,30.86,36,30.71,34.43,464969.87730236
2018-11-29,34.43,35.4,32.7,33.5,285043.04554835
2018-11-30,33.51,34.15,30.67,31.65,244207.16218152
2018-12-01,31.65,34.8,31.02,33.77,186996.96905582
2018-12-02,33.77,34.6,32.78,33.34,166655.66996997
2018-12-03,33.34,33.45,29.56,30.5,261134.88299434
2018-12-04,30.49,31.86,29.5,30.71,176666.96163547
2018-12-05,30.72,31.06,28.58,28.71,213921.88580638
2018-12-06,28.73,30.2,25.73,26.25,331020.03528923
2018-12-07,26.18,26.34,22.24,24.77,743608.94416589
2018-12-08,24.77,26.7,22.95,24.19,414138.99583721
2018-12-09,24.18,26.62,24.06,25.3,232344.50785166
2018-12-10,25.29,25.65,23.55,23.97,207841.69017852
2018-12-11,23.97,24.38,22.72,23.22,174969.03307902
2018-12-12,23.23,24.89,23.01,24,166466.99754672
2018-12-13,24.02,24.17,22.68,22.84,176051.53740788
2018-12-14,22.84,23.46,22.17,23.17,218872.99626315
2018-12-15,23.17,23.83,22.89,23.39,154315.66262533
2018-12-16,23.39,26.67,23.32,25.24,427941.65885994
2018-12-17,25.22,30.48,25.15,28.88,509885.92098318
2018-12-18,28.88,30.2,27.71,30.12,290300.53114661
2018-12-19,30.12,31.59,28.64,29,465560.51992901
2018-12-20,29.01,33.2,28.66,32.36,491827.5993817
2018-12-21,32.35,33.06,29.62,30.2,452717.96799263
2018-12-22,30.2,31.6,29.73,31.59,141952.57600987
2018-12-23,31.6,33.84,31.43,33.07,263408.08251949
2018-12-24,33.08,36.78,32.52,33.05,520374.09446033
2018-12-25,32.98,33.05,29.66,30.77,307993.70743651
2018-12-26,30.76,31.89,28.87,30.52,264161.93419991
2018-12-27,30.52,31.09,27.48,27.72,229122.71538013
2018-12-28,27.72,33.53,27.72,32.22,321602.0223594
2018-12-29,32.21,33.24,30.3,30.63,217244.10840487
2018-12-30,30.62,31.95,29.95,31.56,159542.50365714
2018-12-31,31.56,31.62,29.42,29.78,180087.76300903
2019-01-01,29.78,31.96,29.11,31.68,163841.18184543
2019-01-02,31.68,33.64,31.33,32.94,149356.69333031
2019-01-03,32.93,33.1,31,31.6,116386.06002668
2019-01-04,31.6,32.64,31.01,32.02,140520.87278091
2019-01-05,32.02,36.11,32.01,34.48,352630.8784291
2019-01-06,34.48,40.12,34.06,38.88,459249.46375678
2019-01-07,38.88,39.48,37.21,37.71,239703.64970223
2019-01-08,37.66,41.27,37.52,39.13,370547.4360597
2019-01-09,39.13,40.03,38.31,38.58,168060.72903982
2019-01-10,38.58,39.25,31.91,33.27,468509.00867965
2019-01-11,33.27,33.71,30.43,31.79,254559.77156741
2019-01-12,31.78,32.61,31.5,32.04,112850.54208144
2019-01-13,32.04,32.88,29.51,29.92,254441.28909099
2019-01-14,29.91,32.96,29.8,32.07,186937.97249402
2019-01-15,32.08,32.48,30.11,30.99,181171.81760839
2019-01-16,30.99,32.15,30.69,31.4,103454.76998718
2019-01-17,31.43,31.73,29.98,31.62,164225.69432132
2019-01-18,31.62,31.7,30.55,30.96,81934.51029354
2019-01-19,30.95,33.15,30.95,32.22,115529.85397461
2019-01-20,32.22,33.08,30.2,30.61,162111.49661773
2019-01-21,30.61,31.37,30.38,30.82,87793.675603
2019-01-22,30.83,32.01,29.41,31.48,179720.99259935
2019-01-23,31.47,32.2,31.31,31.6,99821.38181953
2019-01-24,31.6,33.13,31.08,32.47,139317.91198543
2019-01-25,32.47,32.95,31.84,32.73,147988.89833856
2019-01-26,32.73,34,32.51,32.64,146096.81541421
2019-01-27,32.63,32.9,31.06,32.02,101485.40382832
2019-01-28,32.02,32.27,29.81,30.96,198306.90792276
2019-01-29,30.97,31.21,29.86,30.69,89350.18128136
2019-01-30,30.69,31.75,30.42,31.53,112873.9994432
2019-01-31,31.53,32.22,30.82,31.24,98659.78518218
2019-02-01,31.25,33.21,30.57,32.37,190732.77629175
2019-02-02,32.34,34.66,32.19,34.18,153214.28934888
2019-02-03,34.18,34.58,32.47,32.87,186816.58146641
2019-02-04,32.88,34.15,32.87,33.64,116895.84569197
2019-02-05,33.65,34.15,33.26,33.95,92003.98190054
2019-02-06,33.95,34.1,31.95,32.47,166097.87220642
2019-02-07,32.48,33.19,32.41,32.85,74760.78230374
2019-02-08,32.85,44.48,32.52,42.56,832038.60408536
2019-02-09,42.55,46.01,41.75,44.2,386221.37425164
2019-02-10,44.21,47,41.72,46.51,335347.48223347
2019-02-11,46.53,46.55,41.11,42.37,314108.28047723
2019-02-12,42.38,44.06,41.4,43.35,188035.75304479
2019-02-13,43.42,44.5,40.24,41.21,215077.4911891
2019-02-14,41.21,41.99,39.6,40.93,137448.23566365
2019-02-15,40.94,44.2,40.81,42.08,191649.44989781
2019-02-16,42.08,43.91,41.92,43.15,144989.79057823
2019-02-17,43.15,44.44,42.06,43.45,190497.5992841
2019-02-18,43.44,48.72,43.12,47.34,522009.97228859
2019-02-19,47.34,48.8,46.49,46.91,281079.42314011
2019-02-20,46.92,51.91,46.24,51.08,366447.36928652
2019-02-21,51.05,51.27,47.52,48.46,234935.87658749
2019-02-22,48.47,49.47,47.83,49.07,164043.94400854
2019-02-23,49.07,51.73,48.02,51.19,244480.2924192
2019-02-24,51.19,53.49,42.5,43.57,577755.2596448
2019-02-25,43.57,46.89,43.2,45.37,269628.58038045
2019-02-26,45.37,45.7,44.05,44.66,128690.14422987
2019-02-27,44.64,45.31,42.4,44.96,204553.8783082
2019-02-28,44.94,46.65,44.38,45.44,197200.50471017
2019-03-01,45.43,48.7,45.26,46.81,211111.57072915
2019-03-02,46.81,49.11,46.41,48.25,122081.04058928
2019-03-03,48.26,48.73,46.78,47.49,93524.70120217
2019-03-04,47.48,48,44.4,45.64,181787.59978055
2019-03-05,45.65,53.98,45.33,52.3,407224.50402621
2019-03-06,52.31,56.58,51.22,55.17,317183.3374028
2019-03-07,55.17,58.87,53.63,56.51,426868.90426728
2019-03-08,56.51,57.38,54.02,55.33,226615.7752174
2019-03-09,55.31,59,55.12,57.43,243584.59118793
2019-03-10,57.44,57.45,55.77,56.3,130072.61269747
2019-03-11,56.3,56.95,53.75,54.65,168897.91258116
2019-03-12,54.66,56.7,52.15,56.2,229133.49852433
2019-03-13,56.2,56.46,54.12,55.06,112937.4394846
2019-03-14,55.05,57.74,53.11,55.61,155765.93302272
2019-03-15,55.61,58.58,55.6,58.13,163159.83033753
2019-03-16,58.13,61.58,58.12,61.01,254486.09364296
2019-03-17,61.01,61.02,59.38,60.29,90473.64962035
2019-03-18,60.3,62.22,57.8,58.99,177133.81840756
2019-03-19,59,59.67,58.07,59.29,120377.22591394
2019-03-20,59.27,60.91,56.8,60.21,155848.47668255
2019-03-21,60.21,60.4,57.2,58.41,151461.76315312
2019-03-22,58.42,59.43,57.85,59.12,96577.73550859
2019-03-23,59.13,61,58.94,60.43,96058.8640439
2019-03-24,60.44,60.44,58.75,59.46,85673.82751199
2019-03-25,59.46,60.25,57.82,58.66,124641.55412813
2019-03-26,58.63,58.89,57.06,58.48,86674.30734283
2019-03-27,58.42,61.5,58.3,61.26,168380.81772082
2019-03-28,61.26,61.26,60.03,60.26,59812.8236594
2019-03-29,60.27,61.38,59.81,61.23,89573.12195441
2019-03-30,61.27,61.37,59.71,60.25,100740.81131281
2019-03-31,60.25,60.48,59.76,60.35,47463.55525726
2019-04-01,60.33,60.83,59.9,60.35,71559.62730818
2019-04-02,60.36,79.38,60.17,77.5,750948.30357535
2019-04-03,77.57,99.89,73.03,85.6,1466987.4242299
2019-04-04,85.55,90.84,80.37,84.95,449811.49243706
2019-04-05,84.93,90.4,84.13,88.88,255188.54209714
2019-04-06,88.88,97.88,85.31,92.37,391376.71266533
2019-04-07,92.32,95.4,89.12,91.88,252400.72357002
2019-04-08,91.9,94.36,86.58,89.49,276668.69918592
2019-04-09,89.49,89.7,83.81,86.89,170699.02045043
2019-04-10,86.73,91.99,86.51,88.43,199622.24266122
2019-04-11,88.43,88.9,75.33,79.23,347528.63699469
2019-04-12,79.22,81.2,75.44,78.92,172719.04499649
2019-04-13,78.91,81.63,76.35,77.9,121572.78277232
2019-04-14,77.89,83.94,76.5,83.77,133012.31533227
2019-04-15,83.77,84.73,74.95,78.24,262799.56911416
2019-04-16,78.17,81.86,77.18,80.89,150296.55497484
2019-04-17,80.82,82.18,78.52,79.15,108204.92526174
2019-04-18,79.15,83.9,79.14,82.07,179703.04546441
2019-04-19,82.08,83.73,80.02,82.57,133323.16563795
2019-04-20,82.6,83.08,79.66,81.69,98583.47570816
2019-04-21,81.61,82.4,73.54,77.23,210576.30765898
2019-04-22,77.27,78.3,75.4,76.93,155535.31034066
2019-04-23,76.98,79.77,73.87,74.32,202891.46436665
2019-04-24,74.18,75.14,70.26,73.14,296799.41960504
2019-04-25,73.15,74.73,68.88,70.67,201385.45958783
2019-04-26,70.59,73.5,68.88,71.64,224831.44779404
2019-04-27,71.68,71.83,70.19,70.55,72475.19816761
2019-04-28,70.55,70.83,66.77,67.78,165526.54539404
2019-04-29,67.74,68.36,64.86,66.55,126454.74144842
2019-04-30,66.55,74,66.55,73.51,213434.93105351
2019-05-01,73.52,74.9,71,72.52,148796.08547937
2019-05-02,72.51,73.4,71.36,72.16,82014.90615227
2019-05-03,72.2,79.87,71.94,77.72,216168.93612552
2019-05-04,77.8,81.5,73.5,76.92,207124.69013721
2019-05-05,77,77.33,74.4,74.79,85791.07756544
2019-05-06,74.81,76.09,70.55,74.09,180125.48915087
2019-05-07,74.1,77.9,72.6,73.33,236492.71913272
2019-05-08,73.36,75,71.31,73.83,153243.25363001
2019-05-09,73.85,75.59,72.2,73.76,177059.38536216
2019-05-10,73.77,79.24,72.38,76.68,267068.86214199
2019-05-11,76.68,95.99,76.68,88.31,759605.95168228
2019-05-12,88.3,94.3,83,84.79,677601.44154943
2019-05-13,84.78,93.48,84.11,87.78,554268.29875714
2019-05-14,87.78,94.44,85.61,91.69,529694.19891738
2019-05-15,91.62,104.49,90.5,102.26,741616.31773802
2019-05-16,102.25,107.6,90.81,95.75,801323.87916931
2019-05-17,95.69,97.55,84,89.88,588672.01628033
2019-05-18,89.88,90.61,85.2,86.65,172761.06604904
2019-05-19,86.66,97.28,86.24,95.06,373515.18916349
2019-05-20,95.03,95.09,87.34,91.69,281703.88236997
2019-05-21,91.76,93.5,89.46,91.25,164062.36514063
2019-05-22,91.25,92.58,85.65,87.72,259291.77910919
2019-05-23,87.65,89.87,84.75,88.95,170514.90919516
2019-05-24,88.99,103.9,88.21,100.5,576361.56713699
2019-05-25,100.66,104.95,98.8,103.02,288436.41476566
2019-05-26,103.11,114.5,99,112.56,410013.43608155
2019-05-27,112.52,122,110.58,116.5,602778.4305614
2019-05-28,116.5,118.21,111.58,114.95,298167.64230743
2019-05-29,114.92,118.49,108.52,115.29,313917.44257706
2019-05-30,115.26,121,101.7,107.95,604579.80278602
2019-05-31,108.02,114.8,104.47,114.47,262101.39315019
2019-06-01,114.45,116.11,111,112.48,222671.93485988
2019-06-02,112.52,116.65,111.9,114.55,161044.4810195
2019-06-03,114.68,116.11,104.59,105.87,315766.8660471
2019-06-04,105.75,106.34,97.05,102.14,527950.94013727
2019-06-05,102.13,106,100,103.79,247030.96557283
2019-06-06,103.84,112.33,101.05,111.47,305363.60341065
2019-06-07,111.5,121.57,109.9,117.07,483324.88478305
2019-06-08,117.07,120,114,118.5,255271.04417882
2019-06-09,118.5,119.3,111.09,114.83,280386.0699627
2019-06-10,114.82,130.78,112.66,129.76,596264.58671181
2019-06-11,129.59,138.99,125.34,136.2,588456.50587165
2019-06-12,136.2,144.34,130.45,136.19,652474.16901331
2019-06-13,136.2,136.99,128,130.89,381672.46077816
2019-06-14,130.78,133.23,125.6,132.56,344171.90805762
2019-06-15,132.57,140,132.57,138.35,275694.21528818
2019-06-16,138.46,139.14,133.07,137,270179.87188321
2019-06-17,137,137.4,132.05,134.21,224291.30177387
2019-06-18,134.2,136.98,128.91,135.1,245947.50216401
2019-06-19,135.1,139.66,133.57,136.81,244073.67794616
2019-06-20,136.67,137.15,133.37,135.75,157353.27765328
2019-06-21,135.84,141.53,135.35,139.04,342026.20756735
2019-06-22,139.23,146,137.56,141.46,550829.37324511
2019-06-23,141.38,142.2,135.2,136.66,236553.45975575
2019-06-24,136.65,136.66,132.13,135.26,218106.45800131
2019-06-25,135.37,138.33,129,135.55,280093.4747632
2019-06-26,135.52,138.21,122.46,130.64,711169.20542353
2019-06-27,130.64,132.11,109.09,114.16,824068.05604666
2019-06-28,114.14,121.8,112.35,119.47,345820.45660094
2019-06-29,119.39,136.5,115,133.21,540252.45290379
2019-06-30,133.26,136.81,119.3,122.06,486639.4182443
2019-07-01,122.03,126.52,113.13,122.54,404519.94052958
2019-07-02,122.59,123.41,111.2,118.59,378949.36960981
2019-07-03,118.59,123.16,117.22,121.78,182539.16396149
2019-07-04,121.78,127.37,118.59,119.59,252442.87123813
2019-07-05,119.48,120.85,116.56,118.54,170118.86017284
2019-07-06,118.46,122.29,117.3,118.25,133588.85401387
2019-07-07,118.16,121.39,117,120.18,125056.68378978
2019-07-08,120.26,125.67,118.01,123.5,194849.89834076
2019-07-09,123.42,124.2,117.88,119.51,222192.30311409
2019-07-10,119.45,120.5,102.5,108.28,470340.12640767
2019-07-11,108.31,108.31,95.25,102.94,565958.86831804
2019-07-12,103.02,107,100.59,105.16,260223.40144552
2019-07-13,105.23,105.51,97.5,101.15,240576.48114799
2019-07-14,101.19,101.91,88,89.72,491898.43293513
2019-07-15,89.72,93,84.88,90.5,440032.24527423
2019-07-16,90.54,91.89,76.63,79.68,568882.93297915
2019-07-17,79.73,95,76.8,90.25,715309.05161181
2019-07-18,90.24,105,87.01,101.4,668519.01211687
2019-07-19,101.4,101.67,94.97,98.75,279799.21564025
2019-07-20,98.65,106.04,97.53,100.48,290370.23133668
2019-07-21,100.46,101.86,96.48,99.76,183357.66672708
2019-07-22,99.77,100.88,90.91,95.12,285813.39777507
2019-07-23,95.12,95.12,88.23,90.02,282613.76137617
2019-07-24,90.02,97.36,86.11,94.45,347152.19634545
2019-07-25,94.4,96.85,91.12,93.29,189626.63066569
2019-07-26,93.3,94.65,90.18,94.33,129615.61715823
2019-07-27,94.28,96.53,86.57,88.87,241175.82605723
2019-07-28,88.84,91.08,83.27,90.02,178250.89963871
2019-07-29,90.11,92.44,87.25,90.24,163220.89101816
2019-07-30,90.26,92.73,88.43,90.33,92345.98074439
2019-07-31,90.33,100,90.01,98.89,256689.54890338
2019-08-01,98.92,101.54,95.76,98.89,188773.47425355
2019-08-02,98.88,98.98,92.22,94.83,198060.88467465
2019-08-03,94.88,96.79,93.6,94.2,131132.20724345
2019-08-04,94.25,94.79,90.52,92.95,149822.68377798
2019-08-05,92.98,107.04,92.98,96.39,441478.61776596
2019-08-06,96.4,99.28,90.9,92.88,222033.6520475
2019-08-07,92.86,94.46,87.19,90.5,257938.77311365
2019-08-08,90.5,92.82,87.69,90,161430.25018746
2019-08-09,90,90.32,82.5,84.32,201687.89862439
2019-08-10,84.28,87.33,81.84,85.17,188577.69797416
2019-08-11,85.16,91.35,85.15,89.78,143540.94638153
2019-08-12,89.81,89.93,85.33,85.78,118035.74927201
2019-08-13,85.78,86.54,83,84.53,138641.01715489
2019-08-14,84.49,86.07,74,75.81,309258.20061085
2019-08-15,75.77,77.89,70.66,76.25,289825.68869643
2019-08-16,76.25,76.39,72.25,74.76,192246.37642216
2019-08-17,74.76,75.44,71.63,72.71,101501.63894422
2019-08-18,72.71,78.18,71.35,76.34,164689.92870419
2019-08-19,76.29,79.06,75.54,77.16,150828.12646747
2019-08-20,77.17,77.24,73.18,75.11,112305.35555907
2019-08-21,75.11,75.35,70,73.19,178248.18408149
2019-08-22,73.2,74.85,70.9,73.39,150659.5029084
2019-08-23,73.32,76.1,72.5,75.48,105235.07942968
2019-08-24,75.48,75.6,71.59,73.4,91228.96923384
2019-08-25,73.43,74.88,70.66,72.15,98225.25457526
2019-08-26,72.13,75.55,72.13,73.38,130476.08026019
2019-08-27,73.41,73.61,71.91,72.75,86523.38713263
2019-08-28,72.7,72.99,64.21,66.79,270218.93669232
2019-08-29,66.81,66.81,62.05,63.46,187437.74001171
2019-08-30,63.5,65.57,62.07,64.21,128511.82356221
2019-08-31,64.18,65.33,62.39,64.35,84686.98868465
2019-09-01,64.33,67.37,64,66.1,101607.22353909
2019-09-02,66.11,68.21,65.08,67.2,123405.87825961
2019-09-03,67.2,71,66.63,69.12,142373.26883318
2019-09-04,69.17,69.36,66.55,67.13,108131.25787971
2019-09-05,67.13,67.46,64.23,65.27,86343.82048253
2019-09-06,65.26,68.24,63.87,64.98,139951.38885967
2019-09-07,64.91,70.58,64.64,68.87,128152.72514779
2019-09-08,68.9,72.25,68.01,70.56,129627.91683298
2019-09-09,70.45,71.47,67.8,69.93,98888.29848439
2019-09-10,69.92,73.24,69.62,70.75,155632.88888102
2019-09-11,70.72,71.7,68.21,69.81,78310.43940964
2019-09-12,69.84,70,68.29,69.28,61911.30614481
2019-09-13,69.2,69.69,67.1,69.09,70265.84992451
2019-09-14,69.1,71.45,68.3,70.62,69011.00960988
2019-09-15,70.64,71.47,69.71,70.14,37490.28035507
2019-09-16,70.14,73.81,69.45,72.76,121648.98985418
2019-09-17,72.74,77.66,72.18,74.13,186716.79222766
2019-09-18,74.16,80.26,74.09,77.75,250100.373557
2019-09-19,77.78,77.78,72.58,76.82,231813.591646
2019-09-20,76.83,77.2,72.91,75.1,132704.73214397
2019-09-21,75.07,75.5,72.04,73.18,70573.61916907
2019-09-22,73.19,73.25,71.02,72.26,64992.66071357
2019-09-23,72.25,74.12,61.75,66.47,225079.42016512
2019-09-24,66.47,67.37,55.2,55.5,473932.82486726
2019-09-25,55.49,58.61,53.06,57.53,312923.83060013
2019-09-26,57.53,57.63,50.25,55.21,338012.58722206
2019-09-27,55.2,56.9,52.61,56.05,152419.06706767
2019-09-28,56.05,56.49,53.86,55.53,105881.68172532
2019-09-29,55.53,55.66,52.18,53.91,93879.19852639
2019-09-30,53.9,56.45,52.51,56.09,143290.92005847
2019-10-01,56.09,57.75,54.87,55.8,142133.00701459
2019-10-02,55.83,56.71,55.26,56.43,67490.4779621
2019-10-03,56.43,57.05,53.62,56.44,128354.06236599
2019-10-04,56.62,57.5,55.24,56.51,97984.41353147
2019-10-05,56.46,57.45,55.68,56.85,77326.20232318
2019-10-06,56.85,56.96,53.03,54.48,97445.59677648
2019-10-07,54.49,58.7,53.25,57.56,141433.85982005
2019-10-08,57.56,58.5,56.55,57,74609.56167126
2019-10-09,56.99,60.13,56.6,59.26,124558.32449416
2019-10-10,59.29,59.49,57.14,57.77,78486.72961661
2019-10-11,57.76,58.64,55.44,55.94,123950.06692077
2019-10-12,55.97,56.57,55.53,55.77,51241.35668838
2019-10-13,55.79,57.82,55.55,56.48,63758.60651373
2019-10-14,56.47,57.34,56.04,56.87,54513.39884413
2019-10-15,56.88,57.42,53.45,54.56,124797.24698675
2019-10-16,54.56,55.36,51.13,52.51,138566.03423923
2019-10-17,52.51,55.2,51.54,54.95,92832.68300747
2019-10-18,54.97,55,52.12,53.31,70136.95071588
2019-10-19,53.31,54.14,52.58,53.81,52703.50372545
2019-10-20,53.85,55.59,52.64,54.96,74704.14633596
2019-10-21,54.96,55.78,53.75,54.72,85383.1968606
2019-10-22,54.7,55.15,53.02,53.42,67071.49910209
2019-10-23,53.4,53.45,47.22,49.54,245325.46066325
2019-10-24,49.51,50.36,48.4,49.66,130251.73249662
2019-10-25,49.68,58.89,49.05,56.95,371964.28986441
2019-10-26,56.97,64.4,54.14,56.88,452297.77624475
2019-10-27,56.89,62.96,55.77,59.91,278065.97054496
2019-10-28,59.91,62.71,57.64,57.83,215037.98977155
2019-10-29,57.84,61.05,57.79,59.84,150462.82173948
2019-10-30,59.85,61.19,56.82,57.96,130917.90601703
2019-10-31,58.04,59.84,57.06,58.37,113406.7038827
2019-11-01,58.39,59,56.66,58.34,94166.62395297
2019-11-02,58.35,59.32,57.86,58.38,60882.0056203
2019-11-03,58.38,58.8,57.29,58.34,52649.70859678
2019-11-04,58.36,62.85,57.96,61.41,163759.42188434
2019-11-05,61.41,64.2,60.79,63.16,154098.50699112
2019-11-06,63.18,64.31,62.59,64.16,117437.38182006
2019-11-07,64.15,64.32,60.16,61.37,138383.40930077
2019-11-08,61.37,62.43,58.68,60.4,206543.31850926
2019-11-09,60.3,62.33,60.1,62.04,82335.96112811
2019-11-10,62.08,66.19,61.02,63.66,211144.8072059
2019-11-11,63.66,64.27,60.29,61.74,113528.42047145
2019-11-12,61.74,62.23,59.6,61.4,94955.91750393
2019-11-13,61.41,61.93,60.12,60.89,55374.05032866
2019-11-14,60.86,60.98,58.26,58.91,85626.66807933
2019-11-15,58.92,60.68,56.09,57.53,168616.49133104
2019-11-16,57.52,58.91,57.06,58.21,74863.57040954
2019-11-17,58.2,60.04,57.57,59.2,68859.97285962
2019-11-18,59.2,59.3,53.89,55.72,150876.14167269
2019-11-19,55.72,56.16,54.1,55.08,98185.66241307
2019-11-20,55.05,56.12,54.54,54.87,79944.22216065
2019-11-21,54.87,55.18,48.17,50.6,270858.23436333
2019-11-22,50.59,51.67,43.55,47.4,431936.59498768
2019-11-23,47.44,48.65,46.33,48.22,145244.08938856
2019-11-24,48.25,48.34,43.58,43.95,170409.48669973
2019-11-25,43.94,47.51,42.16,45.54,325253.79480635
2019-11-26,45.56,47.64,45.28,46.99,136712.21998879
2019-11-27,46.99,48.81,44.58,47.8,179397.17389695
2019-11-28,47.8,48.12,46.26,46.91,82239.08334879
2019-11-29,46.86,49.36,46.84,48.68,106728.43955362
2019-11-30,48.65,48.83,46.71,47.26,58483.45912298
2019-12-01,47.24,48.44,45.51,47.5,79250.27656436
2019-12-02,47.5,47.64,44.66,45.57,113003.371443
2019-12-03,45.55,46.31,44.27,44.82,79890.97348821
2019-12-04,44.83,47.17,43.71,44.69,161222.01146472
2019-12-05,44.7,45.22,43.72,44.84,93635.54750268
2019-12-06,44.85,45.66,44.09,45.36,70823.41926546
2019-12-07,45.37,46.54,45.03,45.21,57552.3924665
2019-12-08,45.21,46.32,44.92,45.6,56793.04949462
2019-12-09,45.6,45.94,44.07,44.44,75619.87761162
2019-12-10,44.44,44.59,43.6,44.11,53319.9210857
2019-12-11,44.08,44.43,43.19,43.63,54155.05163319
2019-12-12,43.62,44.07,42.7,43.6,60012.22300589
2019-12-13,43.61,44.5,43.39,44.43,42326.19571609
2019-12-14,44.43,44.64,43.2,43.24,34305.07465528
2019-12-15,43.24,44.04,42.88,43.41,32694.55868673
2019-12-16,43.43,43.51,38.98,39.9,169150.14150498
2019-12-17,39.93,40.06,36.16,36.98,201896.72174798
2019-12-18,36.97,41.65,35.88,40.77,217013.75637407
2019-12-19,40.77,41.12,39.06,39.69,116656.40208327
2019-12-20,39.7,40.32,39.3,40.13,75273.6598026
2019-12-21,40.13,40.22,39.52,39.73,61901.98203518
2019-12-22,39.73,42.27,39.69,41.93,69435.21517163
2019-12-23,41.92,42.69,40.23,40.61,93353.19282832
2019-12-24,40.54,41.12,39.75,40.3,73847.87574019
2019-12-25,40.33,40.39,39.36,40.08,34621.72050152
2019-12-26,40.09,41.68,39.58,39.97,63113.31202346
2019-12-27,39.97,41.42,39.58,40.93,78959.51466862
2019-12-28,40.94,43.65,40.87,42.73,95475.46541536
2019-12-29,42.7,43.73,42.06,43.07,72010.79819355
2019-12-30,43.04,44.02,41.72,42.23,73635.23888048
2019-12-31,42.18,43,40.82,41.1,109544.25208719
2020-01-01,41.09,41.97,40.99,41.49,53494.10370447
2020-01-02,41.49,41.56,38.74,39.32,88465.20189162
2020-01-03,39.29,42.37,38.74,42.2,124579.18841241
2020-01-04,42.2,42.81,41.74,42.73,54827.96372263
2020-01-05,42.7,44.51,42.58,43.28,79791.67624467
2020-01-06,43.28,46.18,43.12,45.79,143316.57954752
2020-01-07,45.81,46.89,44.48,46.36,213535.85907647
2020-01-08,46.36,48.6,44.08,45.28,238289.48324823
2020-01-09,45.32,45.75,43.86,44.73,95992.57024022
2020-01-10,44.72,49.67,43.72,48.99,231955.09832687
2020-01-11,49.01,52.03,47.72,49.36,178906.81311952
2020-01-12,49.37,51.7,48.82,51.42,105906.45468477
2020-01-13,51.41,51.63,48.85,49.58,112035.75877696
2020-01-14,49.57,60.8,49.56,58.4,489726.5966756
2020-01-15,58.4,60.25,55.24,58.12,251482.71331807
2020-01-16,58.09,58.4,54.72,57.5,150859.59510839
2020-01-17,57.53,63.17,56.7,60.86,298201.06770049
2020-01-18,60.87,62.4,57.92,59.28,150822.25710017
2020-01-19,59.24,62.5,55.33,57.57,178580.06296385
2020-01-20,57.54,58.19,55.71,57.1,96636.89920993
2020-01-21,57.12,57.98,55.76,57.49,86003.48150129
2020-01-22,57.49,59.13,57.03,58.1,70210.33061885
2020-01-23,58.11,58.2,52.1,54.42,178115.25574334
2020-01-24,54.45,55.34,50.63,54.33,156161.670056
2020-01-25,54.33,54.33,52.2,52.79,74542.36549578
2020-01-26,52.76,56.53,52.75,56.08,82281.26637469
2020-01-27,56.09,59.53,55.79,58.44,154329.98266349
2020-01-28,58.47,61.44,57.17,60.62,218236.19952383
2020-01-29,60.62,62.4,59.32,59.62,215676.30155165
2020-01-30,59.66,70.12,58.1,67.82,409353.58615573
2020-01-31,67.84,69.8,65.22,67.96,262115.19613835
2020-02-01,67.96,72.9,67.53,70.69,277993.80303612
2020-02-02,70.69,73.33,67.64,69.82,242634.35849274
2020-02-03,69.83,72.91,68.2,69.55,212427.37439651
2020-02-04,69.59,70.46,66.51,67.84,152382.59398695
2020-02-05,67.83,73.46,67.43,72.56,217673.04794635
2020-02-06,72.59,75,70.92,73.45,220326.46181563
2020-02-07,73.45,75.43,72.76,74.25,178898.92017792
2020-02-08,74.28,77.92,71.53,76.67,227062.19559548
2020-02-09,76.66,78.45,75,77.05,174507.04975649
2020-02-10,77.09,77.5,72.5,73.98,170789.96434716
2020-02-11,74,77.55,72.46,76.81,197534.83528138
2020-02-12,76.81,82.9,76.62,81.37,299230.97326237
2020-02-13,81.37,84.5,77.25,80.55,318910.87959203
2020-02-14,80.59,83.96,78.6,83.31,189594.3530544
2020-02-15,83.34,83.72,74.84,76.74,269228.69580315
2020-02-16,76.76,80.8,67.28,74.7,345742.89307363
2020-02-17,74.65,75.47,68.58,73.43,210622.17975777
2020-02-18,73.43,79.17,70.22,77.4,197957.87337282
2020-02-19,77.36,79.75,67.78,70.67,292531.09318362
2020-02-20,70.6,72.4,66,69.55,241394.28427495
2020-02-21,69.49,75.31,68.7,73.41,180149.6617431
2020-02-22,73.42,76.83,72.45,74.88,145729.68596392
2020-02-23,74.87,80.75,74.7,79.8,196301.3236778
2020-02-24,79.79,80.04,71.8,75.55,236081.1142491
2020-02-25,75.55,76.12,69.3,70.96,191265.89901079
2020-02-26,70.92,72.16,57.52,60.42,484846.89580407
2020-02-27,60.53,65.87,57.1,61.76,329838.19095444
2020-02-28,61.77,63.4,56.35,59.99,255604.40128573
2020-02-29,59.98,61.78,57.91,58.04,139340.16648839
2020-03-01,58.07,60.27,56.05,57.63,161664.63754828
2020-03-02,57.64,62.38,57.24,61.47,189786.58415082
2020-03-03,61.47,62.44,59.29,61,158871.60446699
2020-03-04,61.01,61.8,58.81,60.36,122573.91835519
2020-03-05,60.39,63.38,60.36,62.01,155971.38889699
2020-03-06,62.02,63.9,61.28,63.37,132823.74866296
2020-03-07,63.36,63.98,59.98,60.57,123692.29551015
2020-03-08,60.54,60.55,50.5,51.15,338369.64860501
2020-03-09,51.11,52.51,46.61,50.53,404484.46920914
2020-03-10,50.49,51.5,48.84,50.14,217031.84981885
2020-03-11,50.22,50.72,45.44,48.54,190363.77196425
2020-03-12,48.54,48.79,28.29,30.09,1295443.47412016
2020-03-13,29.99,41.31,25,38.01,1759677.99431087
2020-03-14,38.01,38.25,33.81,34.43,389165.97780001
2020-03-15,34.41,39,33.95,36.24,372347.37199192
2020-03-16,36.23,36.28,29.17,33.33,805533.64122317
2020-03-17,33.37,36.05,32.58,34.17,468722.4901525
2020-03-18,34.18,34.95,32.37,34.85,355432.93843312
2020-03-19,34.86,40.97,34.08,39.08,596063.5401322
2020-03-20,39.08,43.97,34.13,38.09,683270.81544971
2020-03-21,38.07,39.86,36.29,38.39,280210.6641734
2020-03-22,38.39,39.71,34.85,35.45,331013.48690719
2020-03-23,35.44,40.14,34.51,39.12,401153.33829773
2020-03-24,39.11,41.05,38.39,40.7,269331.93957383
2020-03-25,40.71,41.21,38.24,39.25,246537.26984675
2020-03-26,39.29,40.66,38.54,40.59,195149.94395814
2020-03-27,40.6,41.43,37.94,38.15,249311.2201489
2020-03-28,38.17,39.51,36.57,38.91,267051.30087453
2020-03-29,38.93,39.19,37.01,37.11,128864.50782672
2020-03-30,37.1,39.79,37.1,38.99,153320.99136908
2020-03-31,38.99,39.41,38.38,39.15,90366.03732699
2020-04-01,39.2,39.5,37.17,39.33,137571.3019552
2020-04-02,39.33,43,39.01,39.97,253540.23707943
2020-04-03,39.92,41.51,39.54,40.54,146916.77579923
2020-04-04,40.49,41.23,39.95,40.85,116122.52421151
2020-04-05,40.82,41.11,39.95,40.38,101091.20280079
2020-04-06,40.37,45.15,40.37,45.12,306101.80165043
2020-04-07,45.12,47.69,43.63,44.8,369765.42416411
2020-04-08,44.77,47.25,44.27,46.58,215204.11797405
2020-04-09,46.59,46.92,44.67,46.29,168911.20278432
2020-04-10,46.29,46.45,40.93,42.36,310086.06787075
2020-04-11,42.37,43.24,41.51,42.61,134221.15836547
2020-04-12,42.6,43.75,41.9,42.04,157019.84946749
2020-04-13,42,42,39.5,41.37,252257.91858691
2020-04-14,41.37,41.96,40.52,41.22,121272.56942758
2020-04-15,41.22,41.8,39.12,39.3,161434.87112467
2020-04-16,39.3,43.75,38,42.6,344240.67029713
2020-04-17,42.6,43.09,41.66,42.21,103965.61456409
2020-04-18,42.26,44.51,42.08,44.2,154548.08863536
2020-04-19,44.22,44.39,41.56,42.28,157063.20997163
2020-04-20,42.3,43.33,39.53,40.27,208215.01525198
2020-04-21,40.26,41.4,40.15,40.7,137212.33013393
2020-04-22,40.69,42.38,40.33,41.88,113064.18579238
2020-04-23,41.87,43.97,41.03,43,220095.78865154
2020-04-24,42.99,44.99,42.89,44.56,202913.91346037
2020-04-25,44.55,45.6,43.9,44.41,162978.76091284
2020-04-26,44.4,45.39,43.76,44.63,124959.60161551
2020-04-27,44.64,45.28,43.19,44.53,156879.50413573
2020-04-28,44.53,46.22,43.5,45.8,154106.2439051
2020-04-29,45.79,50.19,45.65,48.85,433999.85075309
2020-04-30,48.86,50.96,45.78,46.39,469948.73458496
2020-05-01,46.39,48.36,46.36,47.11,145467.33322019
2020-05-02,47.11,49.64,46.79,49.26,146295.03624369
2020-05-03,49.26,49.99,46.71,48.15,170361.07436819
2020-05-04,48.16,48.27,45.26,47.07,205771.88311552
2020-05-05,47.07,47.84,45.79,46.58,124117.70076311
2020-05-06,46.62,47.64,44.47,45.06,172293.22309713
2020-05-07,45.04,48.25,44.5,47.46,240753.29452893
2020-05-08,47.43,48.5,46.4,47.74,237192.90734679
2020-05-09,47.73,49.12,46.66,46.94,232097.73092766
2020-05-10,46.95,47,39.98,42.15,484171.80872952
2020-05-11,42.1,43.14,39.34,41.52,281292.33084005
2020-05-12,41.5,42.87,41.31,42.26,143902.57982042
2020-05-13,42.23,43.82,41.99,43.26,132447.47637696
2020-05-14,43.27,44.42,42.28,44.02,162135.91610805
2020-05-15,44.01,44.16,41.89,42.7,155228.8275706
2020-05-16,42.7,43.88,42.5,43.27,88025.82432655
2020-05-17,43.21,44.5,43.08,43.7,119367.86305995
2020-05-18,43.66,47.5,43.64,45.32,353209.40697848
2020-05-19,45.32,45.86,44.07,45.76,132536.74382185
2020-05-20,45.77,46.2,42.94,44.21,180901.18096472
2020-05-21,44.23,44.63,41.53,42.68,159270.83651021
2020-05-22,42.69,44.68,42.32,44.22,128211.54030337
2020-05-23,44.25,44.75,43.68,43.85,50438.27297605
2020-05-24,43.86,44.56,42.04,42.06,98282.48599049
2020-05-25,42.08,43.31,41.76,42.97,81678.15561368
2020-05-26,42.97,43.07,41.79,42.29,74651.4929374
2020-05-27,42.27,43.98,42.23,43.87,86956.32239818
2020-05-28,43.85,44.88,43.15,44.75,97888.52376408
2020-05-29,44.76,45.37,44.16,44.48,94083.82233789
2020-05-30,44.5,48.07,44.12,47.75,216888.85363188
2020-05-31,47.74,47.81,45.1,45.6,125301.11108743
2020-06-01,45.57,48.96,45.34,48.27,200988.86228216
2020-06-02,48.29,49.9,44.52,46.03,345204.2123439
2020-06-03,46.04,47.44,45.28,47.13,138638.25100665
2020-06-04,47.19,48.07,46.29,47.44,127960.25846747
2020-06-05,47.45,47.96,46.45,46.76,88149.5213648
2020-06-06,46.76,47.17,46,46.75,68895.56468514
2020-06-07,46.75,47,45.1,46.64,98604.70198454
2020-06-08,46.65,46.76,45.98,46.51,91939.01539587
2020-06-09,46.5,46.87,45.39,45.93,109843.80986744
2020-06-10,45.89,47.15,45.64,46.71,138941.48696784
2020-06-11,46.71,47,42.12,43.19,244686.35203563
2020-06-12,43.18,45.35,42.78,44.7,128084.83664896
2020-06-13,44.69,45.24,44.27,45.07,57037.73182986
2020-06-14,45.08,45.08,43.54,43.99,64934.69951803
2020-06-15,43.96,44.08,41.75,43.76,157475.41859027
2020-06-16,43.77,44.21,43.32,43.86,82069.16537146
2020-06-17,43.89,45.05,42.97,44.04,94770.68600234
2020-06-18,44.04,44.18,42.81,43.4,78430.83285348
2020-06-19,43.39,43.66,42.54,42.77,70834.9247573
2020-06-20,42.81,43.87,42.23,43.56,68715.13921253
2020-06-21,43.61,43.82,42.82,42.96,30295.32050984
2020-06-22,42.96,44.66,42.91,44.3,102659.15830902
2020-06-23,44.36,44.46,43.88,44.16,66036.12634085
2020-06-24,44.16,44.6,42,42.57,120432.24493376
2020-06-25,42.57,42.96,41.61,42.31,98787.84554209
2020-06-26,42.31,43.55,41.3,43.06,105097.47308044
2020-06-27,43.07,43.07,39.18,41.04,139851.5090001
2020-06-28,41.03,42.04,40.4,41.32,76550.14926239
2020-06-29,41.34,42.24,40.57,41.87,138471.45770183
2020-06-30,41.88,42.06,40.73,41.16,87725.66249834
2020-07-01,41.15,42.02,40.96,41.8,90040.25267324
2020-07-02,41.8,41.91,40.32,41.08,92590.91961476
2020-07-03,41.07,41.69,40.9,41.17,59851.60096156
2020-07-04,41.15,42.25,41.08,42.15,69557.95126195
2020-07-05,42.14,42.22,40.75,41.59,48602.14017544
2020-07-06,41.59,44.28,41.53,44.03,123371.60286072
2020-07-07,44.05,44.46,42.84,43.37,96588.8308436
2020-07-08,43.39,45.63,43.11,45.4,194183.13418818
2020-07-09,45.39,45.86,43.54,44.33,143449.73644858
2020-07-10,44.36,44.55,43.44,44.32,59555.31504022
2020-07-11,44.33,44.75,43.88,44.74,54369.82291024
2020-07-12,44.74,45.24,43.76,44.71,88298.68388054
2020-07-13,44.76,45.55,42.62,43.88,197318.59357955
2020-07-14,43.84,44,42.89,43.88,97524.78827021
2020-07-15,43.87,44,42.84,43.3,94270.76316143
2020-07-16,43.29,43.44,40.86,42.08,176455.46504461
2020-07-17,42.07,42.46,41.67,41.89,70495.29275715
2020-07-18,41.87,42.91,41.75,42.47,66946.75004607
2020-07-19,42.45,42.92,41.88,42.65,45068.68542218
2020-07-20,42.69,42.84,41.45,41.97,63463.00403552
2020-07-21,41.93,44.1,41.89,43.83,143836.76510518
2020-07-22,43.78,45.17,43.22,45.02,103094.13507942
2020-07-23,45.06,45.75,44.55,44.98,159555.06997036
2020-07-24,44.96,45.02,44,44.16,83961.81951495
2020-07-25,44.18,49.64,44.09,49.23,417779.65692932
2020-07-26,49.23,50.79,47.64,48.14,250162.87842471
2020-07-27,48.13,56.27,46.93,53.38,687116.98638302
2020-07-28,53.39,57.99,51.71,55.86,565218.61558367
2020-07-29,55.86,56.99,54.77,55.2,256964.95440846
2020-07-30,55.2,59.14,53.92,56.82,311150.63276624
2020-07-31,56.84,59.22,55.85,58.23,215041.08650029
2020-08-01,58.21,62.36,57.64,61.72,393363.98160172
2020-08-02,61.72,65.31,52.7,56.77,643179.88806517
2020-08-03,56.8,60.1,55.72,58.54,268801.25123756
2020-08-04,58.55,59.6,56.33,57.65,183754.76070154
2020-08-05,57.65,59.92,56.73,58.97,207576.91387004
2020-08-06,58.94,60.78,57.78,59.08,206942.35713422
2020-08-07,59.08,61.1,54.76,57.25,282108.70523961
2020-08-08,57.23,58.61,56.51,58.46,119001.48445355
2020-08-09,58.46,58.72,56.1,56.97,118709.29872856
2020-08-10,57.01,59.49,56.57,58.28,187943.31960366
2020-08-11,58.29,59.7,52.41,54.12,275618.67142667
2020-08-12,54.1,55.09,51.61,54.55,186859.8909026
2020-08-13,54.54,57.35,51.89,57.18,247877.52059308
2020-08-14,57.22,57.92,55.92,56.85,223915.26001336
2020-08-15,56.84,60.89,56.57,59.9,358740.07189436
2020-08-16,59.91,64.64,57.64,63.91,432590.7969034
2020-08-17,63.94,69,61.42,67.3,607245.16022831
2020-08-18,67.29,68.5,63.3,65.4,459641.26117711
2020-08-19,65.45,67.15,58.76,62.12,399762.61609727
2020-08-20,62.13,63.71,61.03,62.8,212675.27832847
2020-08-21,62.82,63.87,58.77,59.09,253293.77485154
2020-08-22,59.09,60.54,57.75,60.28,150189.28633804
2020-08-23,60.28,61.61,58.08,60.62,160307.47038685
2020-08-24,60.61,62.99,60.03,62.04,143649.87796524
2020-08-25,62.05,62.32,56.63,58.38,170447.19342281
2020-08-26,58.35,59.13,57,58.09,121801.91850844
2020-08-27,58.09,59.27,53.98,56.15,177729.68057111
2020-08-28,56.16,58.25,55.34,57.4,99285.15621213
2020-08-29,57.4,58.2,56.95,56.95,91471.25516673
2020-08-30,56.94,62.94,56.94,62.9,205877.39035288
2020-08-31,62.9,63.73,60.59,60.93,158964.93459098
2020-09-01,60.93,64.38,59.77,62.71,243590.37238101
2020-09-02,62.66,63.18,56.77,58.12,261021.89575086
2020-09-03,58.12,58.69,45.14,50.07,405821.17981048
2020-09-04,50.06,52.43,46.51,50.76,327758.79085871
2020-09-05,50.76,51.07,45.14,47.83,334390.52556155
2020-09-06,47.83,49.17,46.3,47.94,156230.93393026
2020-09-07,47.89,49.16,45.31,48.88,181580.72302902
2020-09-08,48.88,49.36,46,47.49,159074.566176
2020-09-09,47.47,48.86,46.55,47.86,118636.19223461
2020-09-10,47.81,49.49,47.81,48.71,123417.05048315
2020-09-11,48.74,49.4,47.44,48.98,106044.69618162
2020-09-12,48.99,51.31,48.4,50.85,123427.37249075
2020-09-13,50.85,51.05,47.31,48.18,135220.91970029
2020-09-14,48.19,49.66,47.15,49.1,221446.07854631
2020-09-15,49.08,50.33,48.14,48.3,139830.52041119
2020-09-16,48.32,48.76,47,47.74,117954.97407004
2020-09-17,47.73,49.62,47.65,48.88,95184.10095997
2020-09-18,48.88,49.11,47.5,48.55,102583.85681777
2020-09-19,48.55,48.99,47.98,48.48,56194.76243016
2020-09-20,48.49,48.52,46.2,47.09,93632.44447626
2020-09-21,47.1,47.68,41.64,43.13,227727.68419327
2020-09-22,43.15,44.82,42.77,44.49,118743.82272467
2020-09-23,44.49,45.12,42.24,42.95,96888.68240075
2020-09-24,42.97,45.23,42.59,44.94,85955.87440661
2020-09-25,44.94,46.55,44,46.04,120549.61004812
2020-09-26,46.04,46.56,45.15,46.06,76516.40424506
2020-09-27,46.08,46.63,44.6,46.07,70381.75989139
2020-09-28,46.1,47.13,44.8,45.21,118610.25841464
2020-09-29,45.2,45.82,44.95,45.69,62480.95831354
2020-09-30,45.67,46.69,45.43,46.32,64965.81954228
2020-10-01,46.33,48.49,45.28,46.16,193121.14288149
2020-10-02,46.15,46.96,43.25,44.9,138524.84881147
2020-10-03,44.94,46,44.77,45.56,60764.30666908
2020-10-04,45.59,47.07,45.31,46.71,63279.3282807
2020-10-05,46.68,47.09,45.55,46.35,56481.82798815
2020-10-06,46.35,48.22,45.55,46,134792.02685094
2020-10-07,45.95,46.92,45.03,46.58,85688.47973596
2020-10-08,46.56,47.49,45.5,47.24,93883.49406285
2020-10-09,47.25,48.22,46.61,47.82,81771.81643844
2020-10-10,47.82,50.48,47.8,48.9,147763.95727087
2020-10-11,48.86,51.25,48.71,50.48,93614.45943956
2020-10-12,50.47,51.55,49.29,50.61,158153.17687133
2020-10-13,50.6,50.72,48.86,49.97,105155.79488403
2020-10-14,49.97,51.04,49.29,49.84,76591.8499199
2020-10-15,49.81,50.26,48.88,49.58,76419.28988929
2020-10-16,49.55,49.9,45.64,47.64,169332.3780818
2020-10-17,47.65,47.67,46.34,46.93,63334.50061677
2020-10-18,46.93,47.98,46.81,47.58,45321.78025531
2020-10-19,47.58,48.48,46.6,48.01,77277.50409606
2020-10-20,48.01,48.46,46.45,46.95,87535.07508404
2020-10-21,46.95,55.19,46.9,53.13,475278.90353551
2020-10-22,53.09,56.32,53.09,54.42,326777.67416153
2020-10-23,54.42,57.04,53.16,55.46,254988.04944849
2020-10-24,55.45,59.67,54.91,59.21,243362.27597588
2020-10-25,59.18,59.99,56.56,58.85,218143.150177
2020-10-26,58.88,59.35,55,56.89,238259.33693771
2020-10-27,56.83,59.1,56.51,58.18,173980.76237557
2020-10-28,57.81,60.9,54.71,55.84,257032.53810454
2020-10-29,55.84,56.55,53.44,54.94,188062.91755927
2020-10-30,54.93,55.81,52.27,54.08,166459.43264668
2020-10-31,54.11,56.5,53.65,55.68,161337.08481029
2020-11-01,55.71,56.2,54.11,55.65,71187.07017078
2020-11-02,55.67,56.85,53.12,53.85,160154.91254076
2020-11-03,53.85,54.4,51.25,54.02,181262.39153026
2020-11-04,54.08,55.34,51.65,54.75,206517.92237682
2020-11-05,54.77,59.79,54.71,59.04,273647.72963001
2020-11-06,59.02,63.74,58.73,63.29,419560.67088908
2020-11-07,63.35,64.87,56.98,58.94,431041.52471115
2020-11-08,58.97,62.07,58.68,60.99,146472.86454459
2020-11-09,60.98,61.88,57.45,59.25,228954.64363444
2020-11-10,59.29,59.63,57.12,57.99,167252.84504751
2020-11-11,57.99,60.63,57.87,59.33,199943.29495809
2020-11-12,59.33,60.8,57.7,60.74,188590.08229276
2020-11-13,60.74,66.66,60.17,66.01,481039.87932094
2020-11-14,66.01,66.34,61.74,63.85,172711.38054471
2020-11-15,63.89,64.5,61.08,62.37,132175.66639613
2020-11-16,62.33,74.65,62.16,73.83,633900.68830653
2020-11-17,73.82,77.04,71.48,76.41,608283.05635232
2020-11-18,76.37,77.18,68.34,73.48,669396.20993694
2020-11-19,73.49,83.5,71.53,81.62,812714.2798768
2020-11-20,81.61,85.92,80.17,82.64,627670.97557165
2020-11-21,82.65,88.56,80.54,87.13,776409.15818262
2020-11-22,87.23,88,78,82.96,618485.43421601
2020-11-23,82.95,90.98,80.8,89.18,720297.63787624
2020-11-24,89.13,94.05,85.84,89.34,837367.93829356
2020-11-25,89.35,90.74,77.95,81.75,493458.15495534
2020-11-26,81.7,83.26,64.3,71.11,988347.77884566
2020-11-27,71.12,73.58,65.28,69.2,532935.79664142
2020-11-28,69.24,75,68.38,72.79,441134.21192161
2020-11-29,72.75,81.21,71.64,79,466057.04881118
2020-11-30,79.01,88.53,76.75,87.66,706120.28824358
2020-12-01,87.69,93,79.84,85.17,1155289.79175242
2020-12-02,85.18,90.63,82.79,88.99,495212.02530189
2020-12-03,88.96,91.35,85.54,89.03,419650.38368676
2020-12-04,89.04,89.9,78.01,79.58,418719.14882823
2020-12-05,79.54,84.33,78.7,83.21,247022.99514966
2020-12-06,83.18,85.26,80.36,83.64,215749.66487477
2020-12-07,83.58,86.89,81.75,83.41,215837.83740858
2020-12-08,83.44,84.93,75.5,76.7,304628.63425464
2020-12-09,76.7,78.24,72.15,77.42,316427.46170733
2020-12-10,77.42,77.64,73.1,74.71,146863.798506
2020-12-11,74.71,75.09,69.94,72.18,325119.55341277
2020-12-12,72.19,77.65,72.02,76.7,194168.42666556
2020-12-13,76.67,84.34,75.63,82.2,307459.52338213
2020-12-14,82.2,82.99,79.15,82.4,246471.88409561
2020-12-15,82.4,85,80.38,81.4,319582.79295973
2020-12-16,81.4,93.3,78.43,93.02,783108.77912154
2020-12-17,92.94,110,90.44,101.17,1347541.85407388
2020-12-18,101.06,112.92,99.28,109.46,872586.22468513
2020-12-19,109.45,124.4,105.5,120.02,917654.30896522
2020-12-20,120.04,123.19,109.85,114.65,911240.9222399
2020-12-21,114.65,118.87,100.65,104.44,888466.20235959
2020-12-22,104.49,114.6,98.31,114.31,833259.5140067
2020-12-23,114.28,117.32,95.28,102.35,1187433.79695259
2020-12-24,102.46,112.3,98.68,111.2,800710.15980679
2020-12-25,111.17,128.54,108.24,127.67,1078936.9451263
2020-12-26,127.8,135,124.84,129.56,1122808.59363966
2020-12-27,129.56,139.3,121.55,127.6,1327306.27355629
2020-12-28,127.67,136.99,126.21,129.69,742365.72495903
2020-12-29,129.67,130.67,120,128.69,543578.98588219
2020-12-30,128.7,132.89,122.6,130.11,527659.71781772
2020-12-31,130.09,130.35,122,124.41,402189.42314972
2021-01-01,124.42,134.22,123.19,126.53,495005.89206941
2021-01-02,126.53,142.21,123.8,137.13,999028.21705459
2021-01-03,137.1,164.98,135.5,161.52,1359302.40338031
2021-01-04,161.44,174.5,140,155.43,1288609.45497657
2021-01-05,155.48,163.36,146.62,159.03,864792.96091525
2021-01-06,159.01,169.9,155.37,169.41,861475.91623074
2021-01-07,169.45,181.25,162,169.75,1139850.35207682
2021-01-08,169.75,181.55,150.2,172.46,1248036.47869796
2021-01-09,172.46,179.42,163.58,177.87,719159.33210206
2021-01-10,177.9,186.34,160.62,170.21,1050079.22012166
2021-01-11,170.22,170.72,111.04,139.43,2538624.92406998
2021-01-12,139.35,146.88,128,133.39,1151437.30124188
2021-01-13,133.36,148.5,125.7,147.51,868082.62399309
2021-01-14,147.55,156.87,143.4,152.38,743175.0059382
2021-01-15,152.38,155.3,130.29,143.63,734295.41062156
2021-01-16,143.75,152.68,139.26,143.5,644616.17729527
2021-01-17,143.58,147,136.29,142.8,456112.44761885
2021-01-18,142.76,155,138.27,151.88,610752.27496003
2021-01-19,151.81,166.21,150.17,151.9,728847.58791126
2021-01-20,151.89,156.3,138.53,149.77,498760.05422524
2021-01-21,149.82,150.35,125.4,129.75,612256.64841475
2021-01-22,129.65,142,122.25,137.76,662088.44705923
2021-01-23,137.75,143.54,135,137.76,262547.92820686
2021-01-24,137.78,142.63,133.86,141.13,269997.41948133
2021-01-25,141.17,147.69,136.62,137.13,446787.17499634
2021-01-26,137.06,139.79,128.41,134.79,307362.49449081
2021-01-27,134.88,135.13,118,122.63,440010.40071072
2021-01-28,122.7,136.29,120.91,133.61,421567.72581511
2021-01-29,133.73,145.88,131.6,134.91,797262.34427069
2021-01-30,134.88,136.34,128.11,133.61,362512.92526212
2021-01-31,133.53,135.21,125.7,129.58,313954.46855087
2021-02-01,129.61,136.62,126.02,132.04,371025.50589096
2021-02-02,131.95,145.95,131.84,142.05,581092.08902155
2021-02-03,142.12,156.86,142.12,156.2,648677.39893866
2021-02-04,156.31,158.99,141.16,145.27,572190.38967315
2021-02-05,145.25,156.99,143.63,155.15,503058.75070061
2021-02-06,155.18,164.23,150,155.77,769217.22204908
2021-02-07,155.98,157.49,145.33,150.95,361309.14627921
2021-02-08,151.03,169.48,147.98,167.63,629544.3633159
2021-02-09,167.6,184.71,164.23,181.92,796456.09275364
2021-02-10,181.79,195.15,170.14,181.76,1085843.2024783
2021-02-11,181.73,193.65,175.79,183.8,678199.39210037
2021-02-12,183.71,199.99,176.89,197.2,772016.44510585
2021-02-13,197.2,229.52,192,226.62,1202918.03168112
2021-02-14,226.47,230.81,208.57,213.93,799636.00954237
2021-02-15,213.92,220,185.72,207.9,1027910.48458824
2021-02-16,208.1,221.95,200.18,210.17,688621.78091316
2021-02-17,210.17,237.59,203.52,237.54,833225.99715476
2021-02-18,237.52,239.11,220.7,226.65,568397.6040669
2021-02-19,226.69,241.99,220.1,236.69,642219.21560272
2021-02-20,236.68,247,216.08,227.17,795382.57879507
2021-02-21,227.04,233.95,220.25,227.54,498527.84605352
2021-02-22,227.57,227.72,178,208.23,1049019.69166626
2021-02-23,208.21,208.94,158.7,177.59,1553179.6704936
2021-02-24,177.5,189.69,168.89,181.7,736673.54631742
2021-02-25,181.59,205.2,175.21,179.47,760450.52816885
2021-02-26,179.4,182.9,162.23,170.3,713714.85098742
2021-02-27,170.27,180.48,167.23,172.01,352424.12669885
2021-02-28,171.97,173.17,153.07,165.72,574638.18435029
2021-03-01,165.58,176.82,163.54,176.01,389607.68234476
2021-03-02,176.08,185.48,170.7,179.25,457461.62814149
2021-03-03,179.27,196.71,177.15,187.61,530384.72101456
2021-03-04,187.62,194.5,177,180.59,411057.79016485
2021-03-05,180.59,183.53,168.58,180.3,389728.18658471
2021-03-06,180.36,184.71,174.73,182.85,270562.07972635
2021-03-07,182.88,192.14,182.33,190.74,254357.25458686
2021-03-08,190.83,195.22,180,191.9,357924.79201714
2021-03-09,191.91,205.2,189.01,203.98,421286.15194981
2021-03-10,204.02,208,191.23,200.23,496207.79764155
2021-03-11,200.32,203.45,191.08,201.47,314111.95609458
2021-03-12,201.47,224.33,198.67,220.84,723757.46809265
2021-03-13,220.83,230,212.7,226.09,456109.6540551
2021-03-14,226.1,227.94,214,214.11,256868.50842203
2021-03-15,214.02,222.44,197.65,200.82,492339.6096627
2021-03-16,200.65,205.27,191.18,201.64,370460.24272988
2021-03-17,201.67,206.88,194.25,206.04,296116.99073548
2021-03-18,206.1,208.23,198.87,199.65,321741.42992324
2021-03-19,199.74,204.95,195.8,199.91,221288.73600127
2021-03-20,199.88,206,198.73,200.16,179205.14625003
2021-03-21,200.16,201.95,192.37,195.53,191875.82871953
2021-03-22,195.62,199.17,185,185.7,264425.42582445
2021-03-23,185.73,189.51,180.71,185.85,247751.81033009
2021-03-24,185.85,197,172.25,175.95,348394.18554257
2021-03-25,175.95,178.24,167.78,171.48,334710.9219652
2021-03-26,171.52,183.93,171.47,183.7,228873.49471838
2021-03-27,183.71,186.24,177.75,184.14,173064.49588676
2021-03-28,184.11,187.3,180,184.27,154052.46599189
2021-03-29,184.24,197.54,182.28,193.66,325949.98694959
2021-03-30,193.68,200.08,190.18,195.73,247251.94168221
2021-03-31,195.74,199,187.15,196.88,252062.78070165
2021-04-01,196.9,204.95,194.14,202.67,286667.40876187
2021-04-02,202.74,213.56,200.79,211.5,321181.76232722
2021-04-03,211.4,217.88,195.05,195.34,317823.08064585
2021-04-04,195.26,204.74,191.9,202.26,218315.0523257
2021-04-05,202.26,225,198.11,221.44,550829.18683667
2021-04-06,221.42,244.54,213,237.09,828949.44919589
2021-04-07,237.23,242.96,211,219.33,763530.35248426
2021-04-08,219.2,228,217,226.24,291594.18292009
2021-04-09,226.17,228.96,218.84,221.07,235532.76037331
2021-04-10,221.12,256.63,219.02,255.94,544874.50286414
2021-04-11,256.25,262.98,244.48,252.44,481409.6304081
2021-04-12,252.31,258.69,240.14,244.35,361404.35449923
2021-04-13,244.4,273.3,244.33,267.77,577987.13293251
2021-04-14,267.77,283.2,255,278.85,686386.0861287
2021-04-15,278.75,291.25,266.01,286.18,518631.79087024
2021-04-16,286.18,319.94,266.21,308.75,1184360.59920071
2021-04-17,308.86,335.35,297.41,301.1,876013.94396398
2021-04-18,301.05,305.33,241.09,274.2,1395640.76309573
2021-04-19,274.13,283.69,249.06,261.56,775928.9371337
2021-04-20,261.7,276.47,233.85,261.01,904837.88455432
2021-04-21,260.87,276.97,251.17,257.78,556502.22260617
2021-04-22,257.84,289.8,239.13,252.65,933943.4808806
2021-04-23,252.74,257.07,207.1,241.67,1075371.98091985
2021-04-24,241.74,241.79,220.84,225.3,383106.56970624
2021-04-25,225.28,235.86,211.07,224.18,399366.0903442
2021-04-26,224.25,248.36,221.25,247.65,473806.36636804
2021-04-27,247.6,264,243.81,259.96,393941.15591105
2021-04-28,259.99,267,248.51,258.81,428097.52590696
2021-04-29,258.79,262.99,248.75,255.51,323987.78866021
2021-04-30,255.5,273.87,252.74,271.59,359881.27995122
2021-05-01,271.6,278.71,266.17,277,271898.39940726
2021-05-02,277.02,277.64,265,269.1,236592.90033338
2021-05-03,269.1,299.71,268.64,294.91,550293.67954926
2021-05-04,294.91,327.91,271.03,305.5,1214734.86336712
2021-05-05,305.43,360,300.98,356.43,1281044.26297317
2021-05-06,356.5,365.2,320,354.44,906905.51076159
2021-05-07,354.52,372.88,333.55,345.25,820059.10109328
2021-05-08,345.27,357,334.97,347.72,459286.23059221
2021-05-09,347.75,389.65,334,388.3,687149.21256321
2021-05-10,388.13,413.91,336.21,359.41,1162589.27791832
2021-05-11,359.35,379.87,345.33,378.16,650613.25265649
2021-05-12,378.16,394.46,301,310.91,1038052.41132146
2021-05-13,310.9,336,291,318.41,1055462.1029788
2021-05-14,318.3,339.62,308.46,326.67,491773.70377342
2021-05-15,326.52,332.01,296.52,300.18,508796.27016044
2021-05-16,300.11,324.19,279.38,296.11,549651.96819741
2021-05-17,296.22,296.76,261.37,281.6,824472.30656581
2021-05-18,281.5,318.43,278.49,294.13,715600.39391922
2021-05-19,294.13,300.49,145.26,186.65,1979517.3125512
2021-05-20,186.65,232.99,166.95,211.11,1469920.08172847
2021-05-21,211.15,219.79,156.94,180.23,1305376.26817431
2021-05-22,180.33,184.82,161.88,169.48,662128.28498101
2021-05-23,169.47,176.51,117.58,142.72,1313910.78805244
2021-05-24,142.73,185.57,139.86,185.42,1066742.10807403
2021-05-25,185.56,194.89,167.41,184.09,802237.79921507
2021-05-26,183.95,204.48,179.39,199.18,636113.9456062
2021-05-27,199.26,208.98,180.61,194.41,562897.02697085
2021-05-28,194.42,198.92,165.5,177.41,781738.26731908
2021-05-29,177.48,188.72,157.7,164.12,677430.24009038
2021-05-30,164.15,181.2,155.28,170.72,538593.33961416
2021-05-31,170.63,188.5,163.7,188.05,518731.03985268
2021-06-01,188.05,193.28,175.98,182.98,382106.93051135
2021-06-02,183,191.27,178.37,187.27,281546.76040403
2021-06-03,187.19,197.67,182.03,193.58,301137.16583651
2021-06-04,193.55,193.8,169.18,178.63,328026.48373818
2021-06-05,178.62,185.49,167.67,173.07,246503.77870196
2021-06-06,173.01,180.06,171.82,176.38,209323.8511947
2021-06-07,176.38,182.25,160.25,161.98,314008.9197124
2021-06-08,161.98,164.58,145,160.76,543709.07566951
2021-06-09,160.73,173.33,152.46,172.57,423830.19206403
2021-06-10,172.69,174.69,162.21,168.38,256216.55327818
2021-06-11,168.46,173.76,160.58,162.9,287615.08357665
2021-06-12,162.88,164.36,154.23,161.85,208418.73974157
2021-06-13,161.86,171.73,156.54,171.02,222849.92611976
2021-06-14,170.92,180.18,166.33,180.02,282734.13846732
2021-06-15,179.98,181.26,172.18,175.15,189931.66986973
2021-06-16,175.2,177.34,164.39,166.61,239436.79038648
2021-06-17,166.58,173.4,162.88,167.18,185436.80156591
2021-06-18,167.18,167.39,151.11,156.41,283531.28366186
2021-06-19,156.44,160.88,152.36,152.53,157026.56276912
2021-06-20,152.58,156.2,143.81,154.87,226491.35195946
2021-06-21,154.88,155.45,124.02,124.45,557738.04469492
2021-06-22,124.4,133.02,105,119.83,839987.08795346
2021-06-23,119.78,133.76,115.55,129.2,413114.72978183
2021-06-24,129.22,137.4,123.77,134.53,242359.68933728
2021-06-25,134.54,138.45,124.34,125,254565.43654921
2021-06-26,124.97,129.37,118.71,126.81,198924.10641412
2021-06-27,126.76,132.7,124.61,132.67,193643.31291421
2021-06-28,132.64,139.6,129.92,137.69,225524.84307114
2021-06-29,137.71,149.26,137.25,144.18,275539.07107194
2021-06-30,144.19,146.94,136.09,144.36,206466.49305394
2021-07-01,144.42,144.43,134.15,137.16,192826.49456614
2021-07-02,137.04,139,130.6,136.91,146111.40635382
2021-07-03,136.9,141.41,134.55,140.19,93221.36532276
2021-07-04,140.22,148,136.89,144.94,91406.59332627
2021-07-05,144.99,145,134.17,137.82,135617.38733173
2021-07-06,137.82,142.73,135.7,138.89,115797.14308462
2021-07-07,138.88,142.98,137.01,137.42,138259.73409181
2021-07-08,137.47,137.81,127.9,132.1,156854.0714377
2021-07-09,132.12,135.8,126.08,134.61,117814.52726038
2021-07-10,134.61,136.86,130.36,134.01,72257.74705853
2021-07-11,134.03,136.44,132.13,134.26,82591.45115304
2021-07-12,134.29,139.65,131.65,133.37,153652.48151648
2021-07-13,133.37,134.62,129.56,131.44,110477.99630521
2021-07-14,131.43,132.39,123.86,131.02,121965.85575187
2021-07-15,131.02,133.07,121.95,125.79,134766.97391234
2021-07-16,125.92,127.82,120.44,120.68,130554.60380952
2021-07-17,120.71,122.95,117.73,120.02,108808.45494968
2021-07-18,120.04,124.1,116.37,119.13,103714.04776396
2021-07-19,119.2,120.71,111.84,113.17,135210.96479477
2021-07-20,113.2,115.06,103.88,107.3,248413.40790394
2021-07-21,107.3,119.22,105.08,117.83,203854.10068571
2021-07-22,117.77,122.1,115.63,120.74,121783.80561523
2021-07-23,120.74,125.06,117.06,124.28,118715.13081923
2021-07-24,124.3,127.82,123.37,126.12,135389.55116175
2021-07-25,126.09,128.12,123.62,127.75,127952.25500464
2021-07-26,127.74,140.43,127.03,131.11,359541.42055543
2021-07-27,131.09,135.19,127.43,134.74,247001.59531521
2021-07-28,134.75,142.07,132.43,140.47,286528.35863658
2021-07-29,140.48,143,136.63,141.52,177678.6190261
2021-07-30,141.57,145.93,135.92,145.62,192035.3875036
2021-07-31,145.61,146.68,141.95,144.43,130109.55881696
2021-08-01,144.46,149.87,138.14,140.28,187796.35302912
2021-08-02,140.31,145.91,138.81,141.36,183456.98787082
2021-08-03,141.35,143.26,135.69,138.48,123513.48539737
2021-08-04,138.47,144.5,135.54,142.54,147775.74279442
2021-08-05,142.54,145.25,136.25,143.59,196551.82944498
2021-08-06,143.6,150.96,141.95,148.09,217727.61633752
2021-08-07,148.06,156.53,147.2,156.05,208133.59909119
2021-08-08,156.06,157.72,147.09,149.88,188841.77994737
2021-08-09,149.81,171,145.36,166.42,376807.81327687
2021-08-10,166.31,168.42,158.86,165.43,233705.00596673
2021-08-11,165.45,176.1,164.3,170.79,263494.03534489
2021-08-12,170.72,179.79,160.83,165.51,276424.08981661
2021-08-13,165.53,184.7,163.95,183.42,328321.12334418
2021-08-14,183.43,185.11,174.82,182.98,224239.1107917
2021-08-15,182.92,186.65,175.35,184.76,223341.65253993
2021-08-16,184.76,189.12,176.65,177.94,267171.38421808
2021-08-17,177.93,184.45,168,168.54,274172.62679324
2021-08-18,168.55,174.58,162.93,166.6,247513.02454585
2021-08-19,166.58,175.9,162.66,175.57,210597.63195355
2021-08-20,175.57,184.05,174.12,183.67,191226.37467495
2021-08-21,183.7,184.5,176.72,179.83,163136.59947414
2021-08-22,179.72,189.81,178.71,185.97,243484.37913948
2021-08-23,185.97,191.8,183.55,187.08,234267.74096108
2021-08-24,186.97,188.68,172.15,173.54,199712.78941399
2021-08-25,173.4,178.95,169.21,177.87,164560.64589372
2021-08-26,177.78,180.36,165.11,167.74,194575.04855421
2021-08-27,167.71,176.4,165.12,176.32,201737.52291561
2021-08-28,176.37,177.15,171.21,175.75,159434.83931485
2021-08-29,175.78,182.75,173.18,174.48,247497.6838299
2021-08-30,174.48,176.59,166.49,167.34,288992.34950092
2021-08-31,167.39,175.4,165.67,171.57,331552.77637043
2021-09-01,171.6,182.78,168.57,180.86,322373.48071463
2021-09-02,180.86,188,179.41,183.39,324109.73507593
2021-09-03,183.46,218,179.87,213.28,871559.81944932
2021-09-04,213.29,225.25,208.5,212.12,564488.87971849
2021-09-05,212.17,232.64,210.57,232.3,496688.96153408
2021-09-06,232.3,232.41,215.21,219.47,548256.67262962
2021-09-07,219.47,222.04,161,178.36,728410.82923365
2021-09-08,178.54,189,169.31,179.7,652199.22038733
2021-09-09,179.8,188.85,176.55,180.42,475432.1339973
2021-09-10,180.45,187.38,170.88,174.16,398201.55119415
2021-09-11,174.12,186.06,173.25,178.56,278718.74577145
2021-09-12,178.59,186.1,175.2,182.96,262913.05865611
2021-09-13,183.01,237.88,170.82,179.36,1496172.5694997
2021-09-14,179.4,188.88,176.21,183.09,397600.05282447
2021-09-15,183.13,191.86,179.59,189.24,310057.49293746
2021-09-16,189.26,195.49,181.53,185.33,416480.86075227
2021-09-17,185.33,190.53,177.66,180,311809.32311182
2021-09-18,180,185.95,177.96,181.38,221527.15373024
2021-09-19,181.34,181.72,172.68,175.76,215456.47931378
2021-09-20,175.77,176.13,153.49,157.23,573903.49042629
2021-09-21,157.16,162.32,144.6,148.52,390553.55721928
2021-09-22,148.59,161.87,145.31,161.5,324932.41121436
2021-09-23,161.45,165,157.26,163.92,272209.09653201
2021-09-24,163.89,166.65,141.82,152.25,477108.13869179
2021-09-25,152.27,156.13,148.86,151.01,347454.65963575
2021-09-26,151.01,153.51,142.07,150.74,331126.80434951
2021-09-27,150.67,154.97,144.9,145.16,250724.36785366
2021-09-28,145.07,148.93,140,140.54,398551.72274447
2021-09-29,140.55,150.4,139.77,144.78,423547.49154291
2021-09-30,144.76,154.49,143.9,153.3,389203.74557722
2021-10-01,153.32,168.16,151.09,166.23,432487.21219771
2021-10-02,166.28,172.84,164.58,169.03,232322.74239775
2021-10-03,168.99,174.99,165.9,170.67,264155.15727703
2021-10-04,170.59,170.88,161.39,167.53,304914.91896242
2021-10-05,167.57,175.53,166.66,173.79,404914.26911615
2021-10-06,173.81,183.03,163.87,178.5,609155.31412348
2021-10-07,178.5,187.03,173.42,178.61,522904.83474569
2021-10-08,178.65,183.44,174.46,175.91,440256.91906559
2021-10-09,175.97,182.9,174.44,180,222512.19464806
2021-10-10,179.99,183.99,174.13,174.92,264105.74236132
2021-10-11,174.78,185.34,172.41,179.2,303802.63035512
2021-10-12,179.15,179.22,166.5,172.63,377752.48323672
2021-10-13,172.62,179.66,167.61,177.61,341575.45483082
2021-10-14,177.69,186.52,176.95,181.5,375167.41296209
2021-10-15,181.47,192.84,176.61,189.63,460651.37552053
2021-10-16,189.62,192.62,185.04,186.05,307473.77442814
2021-10-17,186,188,176.56,183.73,224273.99013581
2021-10-18,183.77,187.5,178.51,185.63,295595.9270615
2021-10-19,185.59,191.62,183.17,188.73,266492.5028302
2021-10-20,188.73,209.64,185.69,207.32,446648.21098948
2021-10-21,207.33,214.8,195.2,196.81,462642.63081892
2021-10-22,196.82,201.47,187.97,190.98,311400.9715948
2021-10-23,190.99,198,188.89,196.42,203866.54403645
2021-10-24,196.35,199.9,185.23,190.48,261962.80913475
2021-10-25,190.39,197.36,189.63,195.37,225589.79491642
2021-10-26,195.47,199.36,190.26,197.51,261202.60003284
2021-10-27,197.56,205.03,172.4,179.35,754514.95633572
2021-10-28,179.27,194.6,177.73,189.89,490637.47110408
2021-10-29,189.94,198.73,188.32,196.69,383850.93165483
2021-10-30,196.73,197.38,186.68,190.38,278594.37062563
2021-10-31,190.34,195.25,186.87,192.01,308056.28605002
2021-11-01,192.01,201.31,188.02,197.65,340593.92941113
2021-11-02,197.7,204.75,195.24,201.03,316484.83292612
2021-11-03,201.07,209.44,197.51,207.31,491021.72313062
2021-11-04,207.26,207.33,196.31,202.9,362029.63020698
2021-11-05,202.78,203.48,196.87,199.13,258443.93790015
2021-11-06,199.07,201.36,191.22,197.77,222980.0091007
2021-11-07,197.8,202.28,197.12,202.23,193687.26843786
2021-11-08,202.23,229.7,202.18,229.11,648494.43176405
2021-11-09,229.12,274.72,226.75,262.16,1335377.57431193
2021-11-10,262.08,302.08,252.3,260.18,1432536.98780613
2021-11-11,260.17,274.27,250.61,262.3,629822.53674174
2021-11-12,262.3,282.92,243.86,251.23,872535.61730782
2021-11-13,251.23,264.11,245.4,257.74,443198.67673785
2021-11-14,257.74,279.7,248.4,279.36,472688.51836669
2021-11-15,279.39,281.46,259.2,263.05,420366.82395619
2021-11-16,262.97,263.2,223.13,230.37,816802.47016915
2021-11-17,230.48,235.49,218.23,229.57,537422.03605793
2021-11-18,229.64,232.31,199.95,204.24,790594.7304001
2021-11-19,204.15,221.65,199.75,218.12,466660.7643226
2021-11-20,218.12,228.01,212.8,227,350247.65923721
2021-11-21,227.01,230.87,219.81,221.48,271287.02279284
2021-11-22,221.49,221.96,205.31,209.22,411426.62220519
2021-11-23,209.13,218.89,205.28,216.32,279859.57859184
2021-11-24,216.28,216.65,206.01,212.21,281906.88901599
2021-11-25,212.21,229.82,210.77,223.05,378729.96937452
2021-11-26,223.13,224.96,190.12,195.78,558189.44101309
2021-11-27,195.76,201.13,190.87,195.36,263655.64810942
2021-11-28,195.24,200.09,182,199.64,377797.30242457
2021-11-29,199.68,209.69,195.48,205.8,288375.39715305
2021-11-30,205.81,220.18,197.65,207.97,471626.64730961
2021-12-01,208.01,217.97,205.29,208.91,315917.89629455
2021-12-02,208.97,210.29,200.14,203.63,322037.42044499
2021-12-03,203.52,208.24,180,188.21,392607.9334132
2021-12-04,188.1,189.28,136.94,162.9,954555.44885843
2021-12-05,162.91,165.28,148.4,156.63,746975.39586435
2021-12-06,156.6,164.76,141.48,161.61,650531.51184137
2021-12-07,161.65,166,158.39,162.03,459475.98663549
2021-12-08,162.08,170.48,156.18,165.21,526582.0890391
2021-12-09,165.24,167.26,151.32,151.4,454912.66185153
2021-12-10,151.44,159.86,147.69,148.49,375902.00824309
2021-12-11,148.45,159.61,145.75,158.07,335773.95991684
2021-12-12,158.17,162.98,153.34,159,216389.8609043
2021-12-13,159.04,159.97,142.74,144.62,420783.47603601
2021-12-14,144.66,152,143,150.5,285504.24307695
2021-12-15,150.45,155.1,141.78,153.65,323015.76167421
2021-12-16,153.62,156.72,148.54,148.79,246670.00476091
2021-12-17,148.86,150.35,141.27,144.12,284096.57222804
2021-12-18,143.99,150.38,142.87,148.75,183272.66082718
2021-12-19,148.75,161.05,147.59,153.31,377860.30185905
2021-12-20,153.32,157.49,145.29,152.71,321920.67543599
2021-12-21,152.71,156.42,149.12,154.8,221780.38359116
2021-12-22,154.8,160.24,153,155.44,209521.78212264
2021-12-23,155.4,165.3,153.04,163.74,244250.61779342
2021-12-24,163.8,166.82,160.3,161.35,185566.64755025
2021-12-25,161.36,163.72,157.67,158,191428.40687092
2021-12-26,157.99,158.51,153.21,155.96,235000.30541184
2021-12-27,155.97,161.28,154.67,155.78,182308.28591587
2021-12-28,155.96,155.96,144.58,145.67,365835.43656449
2021-12-29,145.71,150.96,144.1,145.62,245272.53399565
2021-12-30,145.56,149.96,142.85,147.94,169463.433936
2021-12-31,147.97,152.71,143.63,146.15,187204.67530322
2022-01-01,146.23,151.04,146.12,150.83,155011.74124172
2022-01-02,150.79,153.34,147.89,151.2,106740.14889105
2022-01-03,151.18,151.19,146.03,148.43,146106.39089201
2022-01-04,148.44,151.59,145.23,146.44,170607.86207027
2022-01-05,146.45,149.93,130,135.32,328403.7648693
2022-01-06,135.35,138.09,132.41,135.9,313202.24101972
2022-01-07,135.94,136.53,125.9,131.34,370636.73334452
2022-01-08,131.33,134.76,125,129.51,246368.33010928
2022-01-09,129.45,132.58,127.76,130.91,189571.82514676
2022-01-10,130.87,131.55,120.78,126.52,292054.2104573
2022-01-11,126.51,133.54,125.77,131.67,207354.19370816
2022-01-12,131.67,142.35,130.92,142.02,204445.58344654
2022-01-13,141.99,142.37,134.63,136.82,200903.9070007
2022-01-14,136.8,146.54,135.96,144.84,289207.21213514
2022-01-15,144.84,150.72,144.07,147.73,200500.18659435
2022-01-16,147.75,149.04,143.33,146.49,140846.57775994
2022-01-17,146.46,153.91,144.19,151.19,385413.3131516
2022-01-18,151.2,153.45,138.63,141.53,316520.11577683
2022-01-19,141.53,143.07,133.18,136.2,262870.40462573
2022-01-20,136.35,142.88,128.86,129.8,237051.90406683
2022-01-21,129.73,131.1,110,114.51,633352.63953891
2022-01-22,114.51,117.01,96.51,108.41,874503.63315709
2022-01-23,108.49,112.76,105.61,112.35,473869.96273106
2022-01-24,112.28,112.32,97.51,109.65,741516.82001623
2022-01-25,109.6,110.01,105.21,107.9,371666.09907819
2022-01-26,107.86,116.67,104.75,107,442820.00249194
2022-01-27,107.09,110,102.9,106.92,333055.19168513
2022-01-28,106.88,110.07,105.31,109.49,277224.59642641
2022-01-29,109.49,112.33,107.65,110.84,200310.16536839
2022-01-30,110.85,112.32,107.07,108.59,170230.74671713
2022-01-31,108.61,111.35,104.4,109.54,260661.12319526
2022-02-01,109.5,116.9,108.27,115.11,257072.41281599
2022-02-02,115.18,116.07,107.23,108.36,219744.10546933
2022-02-03,108.33,111.1,105.39,111.02,228153.68046523
2022-02-04,111.03,121.5,108.8,121.42,280454.13017712
2022-02-05,121.47,123.95,118.93,121.8,239148.7688494
2022-02-06,121.81,128.11,120.66,127.68,219258.13984267
2022-02-07,127.69,139.97,125.07,137.43,319063.61043997
2022-02-08,137.47,143.04,130.57,133.82,393502.67272601
2022-02-09,133.81,141.08,132.14,140.21,291783.43188295
2022-02-10,140.13,143.88,134.09,134.59,316414.77332234
2022-02-11,134.6,134.88,125,125.69,318617.84186862
2022-02-12,125.66,127.72,120.92,126.78,231949.86336103
2022-02-13,126.78,128.89,123.56,125.67,187856.88910197
2022-02-14,125.68,127,121.41,124.62,197881.62888441
2022-02-15,124.62,132.6,124,131.74,203506.59428876
2022-02-16,131.73,131.87,125.52,127.84,177202.6345645
2022-02-17,127.8,129.05,114.9,116.39,281372.68472738
2022-02-18,116.47,123.52,113.84,114.85,377834.48911989
2022-02-19,114.88,117.23,113.07,115.59,194483.60665995
2022-02-20,115.57,115.79,108.4,110.69,200191.65355108
2022-02-21,110.7,114.59,102.04,102.78,293869.63472811
2022-02-22,102.79,107.92,100.28,107.51,289230.26190797
2022-02-23,107.51,111.56,105,105.41,224560.11584123
2022-02-24,105.41,107.98,91.52,104.24,605381.43120346
2022-02-25,104.25,110.75,101.6,109.33,290992.6357505
2022-02-26,109.35,114.99,106.52,108.29,231339.94022687
2022-02-27,108.31,110.15,101.27,103.05,209004.93170558
2022-02-28,103.05,113.97,101.27,113.82,294138.40317485
2022-03-01,113.81,116.03,109.95,112.66,296594.83113363
2022-03-02,112.72,114.74,109.17,110.35,217097.36615511
2022-03-03,110.4,113.05,107.89,111.69,243361.00746569
2022-03-04,111.76,112.71,99.01,101.05,263119.574424
2022-03-05,101.04,105.33,99.43,104.9,158905.68748833
2022-03-06,104.91,105.88,100.67,101.1,142088.88880712
2022-03-07,101.09,103.92,96.25,98.35,347795.26294199
2022-03-08,98.36,102.58,97.77,100.75,243554.4429491
2022-03-09,100.75,109.3,100.44,106.99,248439.35884158
2022-03-10,106.98,107.08,99.56,102.58,254225.35850982
2022-03-11,102.57,107,99.72,104.55,249980.08650817
2022-03-12,104.58,107.95,104.51,105.58,156648.77130625
2022-03-13,105.56,107.38,101.05,101.69,175912.71837423
2022-03-14,101.68,106.4,100.85,105.58,243259.89674957
2022-03-15,105.58,108.64,102.51,106.94,205412.34915953
2022-03-16,106.91,111.93,105.69,111.35,284247.93537392
2022-03-17,111.33,111.69,108.62,110.26,180675.66642122
2022-03-18,110.27,113.04,107.79,111.9,175052.91737604
2022-03-19,111.92,117.31,111.44,116.82,223503.3979164
2022-03-20,116.8,118.49,111.37,114.88,251517.38316672
2022-03-21,114.9,116.82,113.18,116.13,217077.41952491
2022-03-22,116.11,123.84,115.59,122.81,299000.1990727
2022-03-23,122.83,124.5,118.64,122.51,203659.52158983
2022-03-24,122.52,127.78,120.09,126.52,294840.94569007
2022-03-25,126.53,127.39,121.61,124,251885.75973135
2022-03-26,124,125.6,121.97,124.85,129919.67152024
2022-03-27,124.85,129.81,123.31,129.68,172099.55704898
2022-03-28,129.64,132.68,126.7,127.59,254063.38507721
2022-03-29,127.59,132,127.04,130.08,200532.96175386
2022-03-30,130.08,134.11,126,131.12,243969.09752133
2022-03-31,131.17,132.92,121.32,123.87,337383.71575167
2022-04-01,123.87,126.47,119.11,124.88,230170.57257836
2022-04-02,124.85,128.38,123.71,124.9,158733.95966093
2022-04-03,124.91,129.56,123.71,128.77,152797.01873617
2022-04-04,128.76,128.93,121.24,124.76,216989.20887141
2022-04-05,124.79,127.38,122.57,122.76,128919.62797315
2022-04-06,122.79,123.19,111.38,111.68,316044.95192981
2022-04-07,111.66,116.76,110.13,114.17,186626.01929985
2022-04-08,114.12,115.31,109.64,110.73,183348.79793618
2022-04-09,110.68,112.96,110,112.7,104017.1851897
2022-04-10,112.69,114.5,110.06,110.26,116679.65453236
2022-04-11,110.31,110.63,101.89,102.54,238768.56515644
2022-04-12,102.51,105.78,101.72,104.92,165177.11942778
2022-04-13,104.88,110.84,103.94,110.58,187363.24099125
2022-04-14,110.55,112.33,105.97,107.38,129539.88712734
2022-04-15,107.36,112.86,107.08,111,160149.17391639
2022-04-16,110.97,114.79,110.12,114.34,135651.97888812
2022-04-17,114.35,115.17,108.27,108.78,121722.47806807
2022-04-18,108.82,111.47,105.29,111.24,168301.4200937
2022-04-19,111.27,114.16,110.61,113.81,135552.34259408
2022-04-20,113.79,114.21,110.75,111.86,115511.09138237
2022-04-21,111.91,114.57,105.45,106.69,185475.68027311
2022-04-22,106.71,108.71,104.81,105.34,128432.50387496
2022-04-23,105.34,107.25,104.41,105.16,93528.1174473
2022-04-24,105.19,105.95,103.56,104.59,90416.43694128
2022-04-25,104.56,104.89,98.49,104.56,210819.69532116
2022-04-26,104.57,105.37,96.36,98.59,190383.80590802
2022-04-27,98.58,101.96,97.72,100.63,171054.05031386
2022-04-28,100.62,104.4,99.72,103.33,187257.47489544
2022-04-29,103.32,104.46,98.32,100.39,162691.042827
2022-04-30,100.38,101.58,94.05,95.89,185165.55669883
2022-05-01,95.89,100.02,94.42,99.27,158599.7404214
2022-05-02,99.27,101.89,98.3,100.65,191348.63125507
2022-05-03,100.63,101.39,97.41,99.35,157484.79361626
2022-05-04,99.35,107.03,99,106.25,191498.76235693
2022-05-05,106.26,106.86,94.79,96.84,218974.89391106
2022-05-06,96.88,98.41,92.8,96.69,234529.54894113
2022-05-07,96.71,97.33,92.47,94.27,141005.91880514
2022-05-08,94.24,95.72,91.46,93.83,171874.39041982
2022-05-09,93.88,94.95,75.25,76.19,433391.21152214
2022-05-10,76.19,85.02,73.33,80.12,471382.82007354
2022-05-11,80.15,82.77,64,66.31,550618.1139555
2022-05-12,66.33,69.69,52,64.26,660531.13411283
2022-05-13,64.29,73.16,63.04,67.78,432468.5389034
2022-05-14,67.75,70.17,64.06,68.81,280438.81505824
2022-05-15,68.8,71.67,65.9,71.5,280440.22327883
2022-05-16,71.48,71.53,64.89,67.13,291852.9484005
2022-05-17,67.16,73.79,66.92,73.04,324596.81651429
2022-05-18,73.04,74.29,65.67,65.87,370137.09495734
2022-05-19,65.89,72.6,64.58,72.02,348888.70177918
2022-05-20,72.02,73.3,66.67,68.48,300585.81135815
2022-05-21,68.47,70.58,67.74,69.78,176250.79963991
2022-05-22,69.76,72.42,69.3,71.61,168510.38605541
2022-05-23,71.57,73.9,68.23,68.95,260071.33733133
2022-05-24,68.97,70.71,66.89,70.2,318689.15308867
2022-05-25,70.17,71.6,67.78,68.16,261089.74535166
2022-05-26,68.16,68.77,60.4,63.42,365679.4514976
2022-05-27,63.37,64.04,60.83,61.51,247811.55432713
2022-05-28,61.47,63.95,61.23,62.99,135682.29615232
2022-05-29,62.97,64.34,61.79,63.58,159068.49855032
2022-05-30,63.58,69.69,63.17,69.07,245010.94205638
2022-05-31,69.07,69.69,66.64,68.32,178801.75431922
2022-06-01,68.35,70.5,61.64,62.64,294215.57050579
2022-06-02,62.64,64.72,61.97,64.38,178089.56111652
2022-06-03,64.37,64.84,61.3,62.54,158889.28500271
2022-06-04,62.52,64.29,61.27,63.68,141152.51626719
2022-06-05,63.69,63.82,61.63,63.1,123318.14233394
2022-06-06,63.07,66.45,62.86,64.38,190383.67587109
2022-06-07,64.36,65.43,60.13,63.77,288258.89387788
2022-06-08,63.8,64.42,61.07,61.34,240405.50446404
2022-06-09,61.33,62.34,59.18,60.17,193111.21072881
2022-06-10,60.19,60.33,55.55,56.62,303617.68545204
2022-06-11,56.62,57.73,51.59,52.13,432698.9430261
2022-06-12,52.11,52.61,47.28,47.86,445549.09230494
2022-06-13,47.86,48.25,40.56,43.45,825408.72245026
2022-06-14,43.45,46.45,40.32,46.1,774540.36608005
2022-06-15,46.1,50.96,41.59,50.63,603086.91137476
2022-06-16,50.63,51.15,43.97,44.74,424563.16484194
2022-06-17,44.72,48.38,44.36,47.55,410666.41770604
2022-06-18,47.53,48.29,41.41,47.13,607730.68628942
2022-06-19,47.11,56.24,44.86,54.25,853089.46808681
2022-06-20,54.21,54.71,51.25,52.69,469736.82127925
2022-06-21,52.7,55.71,51.82,53.46,404764.35003924
2022-06-22,53.51,53.53,50.38,52.07,364323.63743714
2022-06-23,52.09,56.71,51.85,55.73,457443.00813889
2022-06-24,55.7,57.32,54.35,55.79,326222.77752537
2022-06-25,55.82,59.7,54.58,58.8,291264.45458328
2022-06-26,58.86,60.44,56.57,56.58,261807.66960647
2022-06-27,56.57,58.61,54.79,55.86,263364.67915221
2022-06-28,55.85,56.94,52.49,52.65,270322.39457144
2022-06-29,52.65,54.4,51.31,53.63,296491.27822412
2022-06-30,53.64,53.96,50.08,53.81,369412.17120822
2022-07-01,53.82,56.25,50.01,51.13,417762.93289699
2022-07-02,51.13,51.62,49.69,50.5,212243.90007967
2022-07-03,50.47,52.13,49.05,50.86,198607.65554234
2022-07-04,50.86,52.35,49.65,52.2,221485.92587116
2022-07-05,52.2,52.42,47.89,49.65,376278.59769944
2022-07-06,49.65,51.16,48.9,50.29,287535.25974814
2022-07-07,50.29,52.6,49.72,52.11,241613.02362156
2022-07-08,52.13,53.98,50.73,51.31,244901.09200714
2022-07-09,51.33,54.82,51.3,54.05,184047.87188469
2022-07-10,54.05,55.02,50.65,52.09,258238.1652585
2022-07-11,52.09,52.22,48.22,48.67,218240.76120082
2022-07-12,48.68,49.36,47.23,47.28,221720.13302714
2022-07-13,47.28,49.67,46.31,49.5,306169.58392847
2022-07-14,49.49,51.71,47.91,51.32,245172.33976433
2022-07-15,51.32,52.76,50.62,51.75,301382.90402948
2022-07-16,51.74,55.52,51.06,55.09,245839.28655938
2022-07-17,55.08,57.02,54.41,55.74,244370.90493945
2022-07-18,55.74,59.3,55.21,58.58,361885.3763359
2022-07-19,58.58,59.61,55.8,57.91,353481.14243593
2022-07-20,57.91,61.8,56.4,57.22,441039.80312667
2022-07-21,57.2,58.7,55.16,58.03,236048.79421065
2022-07-22,58.02,59.22,55.53,56.1,196921.58193527
2022-07-23,56.1,57.28,54.48,56.34,223948.831809
2022-07-24,56.34,59.79,56.33,58.37,186224.11199816
2022-07-25,58.4,58.98,53.92,54.02,226638.25583149
2022-07-26,54,54.17,51.96,53.9,221570.7465108
2022-07-27,53.89,59.08,53.01,59.04,283927.23173926
2022-07-28,59.04,64.3,57.98,63.43,419770.49087208
2022-07-29,63.42,64.58,59.75,60.71,283920.06366666
2022-07-30,60.71,64.25,59.95,60.47,370833.68945159
2022-07-31,60.46,62.99,59.63,59.76,238723.72694933
2022-08-01,59.76,60.75,58.28,59.47,303677.46921425
2022-08-02,59.48,59.87,56.64,58.09,283396.07843739
2022-08-03,58.1,60.15,56.71,57.78,211243.06068514
2022-08-04,57.77,60.81,57.63,59.65,218757.25495821
2022-08-05,59.65,62.59,59.62,62.49,197541.50139091
2022-08-06,62.51,62.57,60.51,60.84,105782.82970865
2022-08-07,60.86,62.03,59.89,61.12,138859.86298668
2022-08-08,61.1,64.09,60.8,62.61,219255.34781052
2022-08-09,62.61,62.87,58.28,59.18,249566.57346432
2022-08-10,59.17,62.35,57.59,61.61,302141.1284252
2022-08-11,61.58,63.53,61.47,61.89,195969.86832032
2022-08-12,61.89,63.11,60.62,62.95,168535.43131253
2022-08-13,62.93,65.69,62.68,63.86,198436.42913876
2022-08-14,63.86,65.83,62.44,63.17,200070.3956128
2022-08-15,63.16,65.33,59.69,60.69,294060.71378685
2022-08-16,60.68,61.77,60,61.33,216069.56972249
2022-08-17,61.31,64.72,59.7,60.52,315548.29203837
2022-08-18,60.54,61.7,59.35,60,199009.08307393
2022-08-19,60.02,60.17,53.24,54.02,400034.06454746
2022-08-20,54.02,55.62,52.62,54.1,256113.87418522
2022-08-21,54.1,56.01,53.81,55.68,153009.31307956
2022-08-22,55.69,57.45,52.3,57.22,289740.68930539
2022-08-23,57.23,57.73,53.92,57.1,206534.48143913
2022-08-24,57.11,57.68,55.57,56.46,214320.94862065
2022-08-25,56.47,57.52,55.82,56.62,166742.69276617
2022-08-26,56.61,58.31,52.11,52.71,246245.46968792
2022-08-27,52.69,53.47,51.69,53.03,223788.86020548
2022-08-28,53.03,56.02,52.46,53.38,222124.76604475
2022-08-29,53.4,56.7,52.52,55.79,253205.7343034
2022-08-30,55.79,56.24,51.85,53.01,236552.45512532
2022-08-31,53.02,55.27,53.01,53.84,214506.62973223
2022-09-01,53.84,57.8,53.2,57.56,366065.90423686
2022-09-02,57.58,62.41,56.48,61.02,418279.82771373
2022-09-03,60.99,62.23,59.54,60.19,246138.16826108
2022-09-04,60.19,61.01,58.61,60.93,204252.6362682
2022-09-05,60.92,61.63,59.26,60.45,243892.24896458
2022-09-06,60.44,62.75,54,54.12,514825.82735209
2022-09-07,54.09,58.3,52.93,57.3,311494.17667765
2022-09-08,57.29,58.61,56.06,57.99,277243.44031406
2022-09-09,57.97,61.94,57.7,61.15,281920.53105442
2022-09-10,61.16,64.72,60.59,63.32,294861.73112029
2022-09-11,63.32,64.46,61.37,62.18,184144.10818344
2022-09-12,62.17,63.24,60.09,61.41,253330.96620714
2022-09-13,61.38,67.48,58.31,59.1,433040.24879016
2022-09-14,59.08,61.2,58.2,60.2,268067.11192327
2022-09-15,60.2,60.84,55.84,56.34,329792.22462048
2022-09-16,56.34,56.92,54.62,55.93,302148.26640893
2022-09-17,55.93,58.42,55.8,57.84,136846.75592239
2022-09-18,57.82,57.85,52.32,52.65,207761.21538631
2022-09-19,52.66,53.73,50.01,52.89,298289.44269123
2022-09-20,52.89,53.85,50.86,52.34,359088.50945206
2022-09-21,52.33,55.55,50.23,51.08,467465.94994286
2022-09-22,51.08,54.1,50.63,53.59,195685.98026218
2022-09-23,53.6,55.34,51.39,55.23,315176.26939393
2022-09-24,55.23,55.95,53.16,53.43,198768.42274208
2022-09-25,53.42,54.41,52.27,52.55,157616.23977951
2022-09-26,52.53,53.72,51.88,53.44,189471.42240123
2022-09-27,53.45,55.55,51.81,52.67,212062.62597564
2022-09-28,52.68,53.83,51.01,53.28,174959.16163942
2022-09-29,53.29,54.15,52.24,53.98,177220.7104928
2022-09-30,53.98,55.11,52.85,53.48,188715.26063499
2022-10-01,53.48,53.83,52.46,52.93,144736.24122538
2022-10-02,52.92,53.47,51.66,51.82,142432.91658221
2022-10-03,51.81,54.35,51.48,54.18,167745.23230467
2022-10-04,54.17,55.75,53.87,55.32,171104.92033802
2022-10-05,55.3,55.33,53.31,54.64,182188.57770398
2022-10-06,54.65,55.07,53.35,53.56,193197.23243802
2022-10-07,53.55,53.86,52.28,52.86,159998.27537395
2022-10-08,52.84,53.55,52.41,52.82,122173.33073261
2022-10-09,52.8,54.02,52.7,53.93,102347.74590926
2022-10-10,53.91,54.48,52.49,52.63,166555.34641594
2022-10-11,52.64,52.65,51.11,52.01,152019.49440837
2022-10-12,52.01,52.97,51.63,52.23,144633.42428794
2022-10-13,52.23,52.52,48.33,51.09,258038.9301401
2022-10-14,51.08,52.58,50.91,51.32,134602.69692645
2022-10-15,51.31,51.68,50.25,50.4,94158.31392327
2022-10-16,50.39,51.82,50.3,51.45,87522.34978072
2022-10-17,51.45,52.17,51.04,51.84,112048.53039671
2022-10-18,51.86,52.23,50.76,51.88,131250.62485695
2022-10-19,51.86,52.01,50.75,50.92,118631.53824869
2022-10-20,50.92,52.11,50.56,51.22,119793.53383618
2022-10-21,51.23,51.82,49.55,51.64,139663.60429082
2022-10-22,51.65,52.5,51.37,52.19,100855.57227779
2022-10-23,52.18,54.05,51.83,54.03,119104.21316795
2022-10-24,54.03,54.22,52.11,52.55,167465.90765031
2022-10-25,52.55,56.84,52.27,55.96,242336.25500125
2022-10-26,55.97,57.63,55.69,56.42,209163.34897158
2022-10-27,56.42,57.37,54.51,54.76,197039.71122952
2022-10-28,54.77,55.59,53.5,54.93,172125.81293566
2022-10-29,54.92,57.6,54.67,56.61,185502.84947507
2022-10-30,56.63,57.52,54.76,55.39,171118.29421639
2022-10-31,55.39,56.6,54,55.01,328235.15538974
2022-11-01,55.02,55.89,54.49,55.11,174888.81030558
2022-11-02,55.12,62.87,54.67,60.94,595683.52584767
2022-11-03,60.95,64.77,60.1,61.87,551173.06071325
2022-11-04,61.86,70.41,61.65,67.61,493433.36075747
2022-11-05,67.59,71.91,67.09,69.28,361179.96337176
2022-11-06,69.27,70.82,67.5,68.29,246689.94613897
2022-11-07,68.26,73.29,66.22,67.45,489259.64008594
2022-11-08,67.44,68.9,54,57.86,648776.9937435
2022-11-09,57.8,59.92,47.5,50.51,629859.91062417
2022-11-10,50.59,61.14,49.53,60.38,486102.31280037
2022-11-11,60.39,64.12,58.33,61.32,341879.86154292
2022-11-12,61.33,61.6,58.03,59.86,275515.50121757
2022-11-13,59.88,60.23,56.17,57.28,170861.80583077
2022-11-14,57.26,59.14,53.4,56.62,278309.31621476
2022-11-15,56.59,59.49,56.42,57.95,178778.66489158
2022-11-16,57.92,60.11,56.68,57.45,206679.2446001
2022-11-17,57.43,63.24,56.95,62.56,324024.43952117
2022-11-18,62.54,63.8,61.45,62.55,248513.68256921
2022-11-19,62.55,64.51,61.28,63.9,137331.74643868
2022-11-20,63.9,64.8,60.32,61.99,196092.90620255
2022-11-21,61.99,63.44,59.11,61.24,341997.09376651
2022-11-22,61.23,71.24,61,70.55,474529.17648644
2022-11-23,70.54,83.43,69.5,78.9,721641.07823604
2022-11-24,78.9,79.4,74.98,78.6,435568.52115938
2022-11-25,78.61,79.81,73.2,74.04,357596.83710922
2022-11-26,74.06,79.6,73.86,76.43,288588.00389192
2022-11-27,76.45,79.2,74.14,74.88,235193.01118282
2022-11-28,74.86,75.3,70.5,73.91,420960.81272676
2022-11-29,73.92,77.89,73.39,75.77,270415.34755532
2022-11-30,75.78,80.7,75.42,79.23,308676.70824879
2022-12-01,79.2,80.62,76.29,77.59,285345.49342386
2022-12-02,77.58,78.13,75.39,77.94,189905.64585478
2022-12-03,77.95,78.13,75.46,76.48,125212.31422755
2022-12-04,76.43,77.52,75.78,77.13,131387.7260973
2022-12-05,77.15,84.97,76.8,80.21,394843.67475095
2022-12-06,80.21,81.78,77.68,79.88,246954.57971747
2022-12-07,79.91,80.38,75.56,76.91,315738.14604651
2022-12-08,76.92,78.72,74.48,78.29,329104.6383285
2022-12-09,78.25,78.8,75.83,76.32,184869.75974951
2022-12-10,76.3,77.42,75.64,76.37,142318.82044013
2022-12-11,76.35,78.43,76.3,76.51,134260.86677448
2022-12-12,76.5,76.71,73.52,76.23,225110.8050415
2022-12-13,76.23,79.83,74.38,77.38,339307.42801961
2022-12-14,77.37,79.09,74.18,75.37,285441.24941827
2022-12-15,75.34,75.51,71.76,72.44,245191.06587731
2022-12-16,72.43,73.56,65,66.26,475373.93288577
2022-12-17,66.24,67.71,62.72,64.91,319643.27775526
2022-12-18,64.91,65.94,63.05,64.43,218058.69981039
2022-12-19,64.42,65.05,61,63.36,346868.8923833
2022-12-20,63.34,66.9,63.1,65.58,333270.94801202
2022-12-21,65.57,66.82,64.62,65.39,218155.50735583
2022-12-22,65.39,66.69,64.25,66.18,198436.5122956
2022-12-23,66.17,66.69,64.96,65.73,159889.57092986
2022-12-24,65.76,66.04,65.02,65.76,80049.63315163
2022-12-25,65.75,69.69,65.31,69.16,166377.09894521
2022-12-26,69.19,71.6,68.59,70.76,198396.54958871
2022-12-27,70.77,71.16,67.75,68.66,192670.71743416
2022-12-28,68.66,69.45,65.65,66.3,328846.54954901
2022-12-29,66.28,67.25,65.53,66.65,187329.52146616
2022-12-30,66.62,68.63,66.03,67.93,214064.33274956
2022-12-31,67.91,71,67.57,70.09,178318.91141621
2023-01-01,70.1,71.47,68.88,70.89,149695.29304401
2023-01-02,70.88,77.97,70.03,74.71,309409.36199751
2023-01-03,74.71,76.39,73.65,75.51,249484.30801721
2023-01-04,75.52,77.95,74.28,75.41,348784.39346113
2023-01-05,75.4,76.25,73.59,74.23,252094.71802425
2023-01-06,74.2,76.53,72.45,75.89,372998.7110588
2023-01-07,75.9,76.81,75.45,76.36,141112.76058653
2023-01-08,76.36,78.76,75.09,78.6,190557.57508301
2023-01-09,78.63,83.57,78.09,81.59,415104.27751227
2023-01-10,81.6,82.83,79.45,80.86,286296.22287785
2023-01-11,80.86,84.97,79.91,84.07,273778.84637634
2023-01-12,84.08,87.88,80.75,86.1,337396.40138026
2023-01-13,86.08,87.99,83.6,86.26,259314.8148205
2023-01-14,86.27,91.14,85.99,87.85,567454.45410682
2023-01-15,87.84,88.75,85.36,87.37,237925.27290441
2023-01-16,87.37,89.21,83.91,85.94,309438.04519345
2023-01-17,85.91,89.35,84.56,87,272285.06483997
2023-01-18,87.02,88.42,82.16,82.64,304276.22180158
2023-01-19,82.62,84.59,81.67,84.23,176943.31884125
2023-01-20,84.23,91.22,82.99,90.29,214981.84984433
2023-01-21,90.29,92.09,87.64,87.93,250824.97329149
2023-01-22,87.93,90.04,86.52,87.6,166888.8680576
2023-01-23,87.58,93.16,87.51,89.94,180084.77597607
2023-01-24,89.96,91.47,86.06,87.24,147628.64767634
2023-01-25,87.24,91.98,85.56,89.41,156572.13464263
2023-01-26,89.44,89.97,86.88,87.54,112409.06899916
2023-01-27,87.53,89.24,85.86,88.93,140008.72581198
2023-01-28,88.91,89.98,87.02,89.7,94391.23137959
2023-01-29,89.7,97.77,89.7,94.85,306807.19927523
2023-01-30,94.87,96.15,88.44,91.38,220542.44759024
2023-01-31,91.4,96.27,91.35,94.13,253963.61454968
2023-02-01,94.12,102.65,93.72,100.33,349057.96377188
2023-02-02,100.33,102.27,97.94,98.6,195173.62181158
2023-02-03,98.64,100.82,97.48,99.87,155026.95194587
2023-02-04,99.89,101.38,98.23,98.52,104004.6101439
2023-02-05,98.49,98.88,94.83,96.7,129238.03328475
2023-02-06,96.69,97.95,94.78,95.93,134048.0825617
2023-02-07,95.9,101.55,95.88,100.82,201441.47381366
2023-02-08,100.84,102.38,96.84,99.21,219305.45885527
2023-02-09,99.23,99.49,90.02,92.07,323636.51117322
2023-02-10,92.11,94.18,91.09,93.29,207388.5689126
2023-02-11,93.29,94.82,92.65,94.31,106180.59259905
2023-02-12,94.3,94.58,90.98,92.49,105821.74505823
2023-02-13,92.49,94.99,88.25,91.13,259846.62818485
2023-02-14,91.14,95.99,90.38,95.86,173014.37336862
2023-02-15,95.87,103.26,95.04,102.86,210628.80630723
2023-02-16,102.88,105.69,98.48,98.58,227980.94897383
2023-02-17,98.53,101.71,98.22,100.16,148495.44374481
2023-02-18,100.14,101.92,98.94,99.75,117451.98434494
2023-02-19,99.75,101.5,96.83,97.48,145787.09152042
2023-02-20,97.43,98.71,94.47,95.87,193861.25727192
2023-02-21,95.88,96.81,91.6,93.82,216484.09091694
2023-02-22,93.81,95.56,91.58,95.24,201125.51162933
2023-02-23,95.27,96.24,93.36,94.63,124742.38906994
2023-02-24,94.62,95.27,89.98,91.58,156685.26428605
2023-02-25,91.59,93.49,90.31,93.14,112297.36202429
2023-02-26,93.15,95.5,92.76,95.24,114431.8057705
2023-02-27,95.24,96.06,92.43,94.06,149398.41337998
2023-02-28,94.06,96,93.03,93.8,140404.61752897
2023-03-01,93.8,98.34,93.56,97.77,178921.95083453
2023-03-02,97.75,98.34,93.94,95.4,140717.13913758
2023-03-03,95.39,95.49,86.01,90.62,223159.81231103
2023-03-04,90.6,90.86,87.5,89.33,53135.05065797
2023-03-05,89.35,91.81,89.18,89.94,154962.09188959
2023-03-06,89.94,90.65,86.55,87.38,263774.03658546
2023-03-07,87.36,88.97,83.9,86.28,243336.17586737
2023-03-08,86.27,86.64,81.31,82.76,205564.72245895
2023-03-09,82.72,84.92,75.03,76.68,245338.41007055
2023-03-10,76.73,76.83,68.08,71.68,373492.31624878
2023-03-11,71.67,74.93,65.39,69.74,338104.73765721
2023-03-12,69.73,76.95,67.87,76.85,237012.78463452
2023-03-13,76.89,83.68,74.31,81.87,340551.51525127
2023-03-14,81.9,88.66,79.57,84.3,418569.03772097
2023-03-15,84.29,85.92,75.23,76.77,291856.47502757
2023-03-16,76.76,80.13,75.89,79.03,373039.40308339
2023-03-17,79.04,85.79,78.34,85.73,218685.25135982
2023-03-18,85.72,88.09,82.2,83.26,201555.00443265
2023-03-19,83.22,86.69,82.3,84.21,132738.66912983
2023-03-20,84.25,84.56,78.03,78.34,191889.89418179
2023-03-21,78.32,83.7,76.96,82.77,172608.30216753
2023-03-22,82.74,88.59,79.44,87.51,376480.43416227
2023-03-23,87.46,94.88,85.78,93.88,400730.31278335
2023-03-24,93.88,96.11,89.05,93.74,363783.36825269
2023-03-25,93.73,94.42,90.1,91.6,146355.08810034
2023-03-26,91.6,94.92,90.67,93.41,200507.17762607
2023-03-27,93.41,94.15,87.7,89.27,227210.58052351
2023-03-28,89.3,89.63,85.61,89.17,282190.88741621
2023-03-29,89.16,93.02,88.99,91.31,222745.84732498
2023-03-30,91.32,93.36,86.69,89.1,278391.86864714
2023-03-31,89.09,90.31,87.27,89.59,155585.74961049
2023-04-01,89.59,94.3,89.39,92.6,166067.05557705
2023-04-02,92.59,94.62,90.42,92.83,142594.32174463
2023-04-03,92.89,95.85,89.74,92.98,221344.69218932
2023-04-04,92.99,94.05,91.61,92.61,173193.36701899
2023-04-05,92.63,95.08,91.12,92.67,188381.3774316
2023-04-06,92.63,92.68,89.85,91.04,133253.83170605
2023-04-07,91,91.53,89.14,90.69,87466.70525638
2023-04-08,90.66,91.5,89.31,89.96,55428.65375958
2023-04-09,89.95,91.11,89.22,90.63,59706.79968324
2023-04-10,90.65,94.53,89.93,93.83,120531.03603754
2023-04-11,93.84,97.05,93.22,94.28,193936.18689537
2023-04-12,94.32,94.82,91.02,92.16,171910.36579001
2023-04-13,92.16,94.62,91.76,94.27,119932.65169016
2023-04-14,94.26,99.44,93.75,96.41,247593.13445746
2023-04-15,96.39,97.43,94.82,96.8,97979.73602538
2023-04-16,96.8,102.21,95.2,100.06,240805.49964997
2023-04-17,100.09,100.37,97.44,98.89,167403.7857907
2023-04-18,98.91,103.42,97.68,101.95,208288.41153326
2023-04-19,101.92,101.95,87.04,90.51,385776.63528804
2023-04-20,90.44,92.39,87.1,90.26,303463.25409403
2023-04-21,90.23,90.9,84.5,85.34,267153.46263632
2023-04-22,85.34,87.24,84.77,87.05,101558.53755749
2023-04-23,87.07,87.11,84.29,86.79,115560.37974773
2023-04-24,86.79,89.01,85.92,88.32,182664.4803674
2023-04-25,88.33,91.78,87.2,91.03,213124.36623918
2023-04-26,91.05,94.01,84.21,88.17,445650.27156506
2023-04-27,88.19,90.68,87.31,89.76,307167.56740496
2023-04-28,89.75,90.42,87.71,89.71,176450.10008192
2023-04-29,89.69,91.7,89.31,91.13,118836.45723787
2023-04-30,91.11,91.46,87.8,88.18,124077.37757111
2023-05-01,88.27,88.92,85.13,86.75,204165.39052254
2023-05-02,86.75,89.16,86.01,88.22,146265.21546112
2023-05-03,88.24,89.88,85.44,88.88,167546.11607272
2023-05-04,88.92,89.17,87.44,88.42,90430.11705738
2023-05-05,88.43,89.76,86.19,88.73,157517.24537627
2023-05-06,88.7,89.41,80.67,83.44,204883.82258637
2023-05-07,83.42,84.8,83.05,83.52,110069.70260828
2023-05-08,83.5,85.34,75.32,77.8,282332.72264934
2023-05-09,77.8,80.14,77.36,79.96,182487.46479813
2023-05-10,79.95,82.11,77.11,81.01,277149.11706114
2023-05-11,80.99,82.01,78.38,80.93,227361.47344941
2023-05-12,80.93,81.54,77.08,80.49,240363.58428843
2023-05-13,80.48,81.13,79.82,80.27,94428.21716021
2023-05-14,80.29,84.03,79.64,83.54,120383.84459993
2023-05-15,83.54,88.65,82.18,86.94,283601.18770445
2023-05-16,86.93,90.54,86.15,90.01,370831.36844947
2023-05-17,90,95,89.62,93.9,359808.45441575
2023-05-18,93.88,94.22,89.21,90.38,226019.46787545
2023-05-19,90.43,93.33,90.26,91.8,205443.79725215
2023-05-20,91.77,92.81,90.58,92.45,94587.82345472
2023-05-21,92.45,93.5,91.17,92.2,111954.10013622
2023-05-22,92.2,92.8,89.85,90.86,147887.61712737
2023-05-23,90.86,93.13,90.42,91.7,129876.07162992
2023-05-24,91.7,91.9,84.38,85.84,286148.97405389
2023-05-25,85.81,86.78,82.52,86.61,183831.60674385
2023-05-26,86.58,88.24,86.08,87.1,183109.65536796
2023-05-27,87.1,88.86,86.94,88.59,82801.49933759
2023-05-28,88.59,92.32,88.17,91.49,125395.09544218
2023-05-29,91.49,92.26,90.14,90.9,137435.55589881
2023-05-30,90.89,93.32,90.53,92.29,153881.78760216
2023-05-31,92.29,92.73,87.72,90.44,226481.19968665
2023-06-01,90.44,95.94,89.21,94.23,347293.82127946
2023-06-02,94.17,95.7,92.5,95.49,198295.29649063
2023-06-03,95.48,97.53,94.2,96.04,122211.62925297
2023-06-04,96.04,96.52,93.84,94.21,119770.85858952
2023-06-05,94.19,94.59,83.66,87.75,371855.42261484
2023-06-06,87.74,91.46,85.66,90.94,305388.52827787
2023-06-07,90.94,91.36,87.45,88.84,215820.7320909
2023-06-08,88.87,89.55,87.21,88.53,115409.6395039
2023-06-09,88.53,90.08,86.68,89.3,204648.99994864
2023-06-10,89.29,89.36,74.11,77.2,496773.92459923
2023-06-11,77.24,79,76.21,77.72,170043.62890477
2023-06-12,77.7,77.9,74.99,77.51,220196.23094127
2023-06-13,77.5,79.77,76.27,77.51,224741.95853751
2023-06-14,77.5,78.13,71.09,73.15,227179.11655534
2023-06-15,73.16,75.07,71.92,74.54,177535.72999662
2023-06-16,74.54,76.8,74.05,76.08,148115.67978972
2023-06-17,76.08,77.8,75.65,76.86,96445.50927582
2023-06-18,76.87,78.48,76.21,77.17,93436.91241522
2023-06-19,77.15,77.77,76.02,77.44,132628.77431067
2023-06-20,77.43,80.94,75.71,80.39,240601.29894052
2023-06-21,80.38,87.4,80.04,85.05,401977.04319358
2023-06-22,85.04,88.87,84.35,85.94,223421.26719064
2023-06-23,85.95,93.11,85.02,91.32,342565.84107664
2023-06-24,91.3,93.82,86.43,89.79,212949.63659904
2023-06-25,89.79,90.46,86.65,88.25,140194.09698963
2023-06-26,88.26,90.37,85.8,87.22,209941.29127246
2023-06-27,87.2,89.48,86.94,88.09,167320.54048754
2023-06-28,88.09,88.12,81.77,83.01,239828.45140022
2023-06-29,82.98,85.75,82.91,84.71,130444.27641967
2023-06-30,84.72,111.68,84.29,108.68,1183861.36237001
2023-07-01,108.7,112.67,102.91,107.12,485782.73040969
2023-07-02,107.11,114.01,105.07,113.62,567502.25517747
2023-07-03,113.61,114.98,105.57,107.3,452153.80290665
2023-07-04,107.27,109.56,103.65,104.28,293662.82736042
2023-07-05,104.3,106.63,98.58,102.61,399841.39538082
2023-07-06,102.58,105.95,95.13,95.24,477711.73749514
2023-07-07,95.27,98.61,94.14,98.24,275976.6724212
2023-07-08,98.24,98.43,96.56,97.8,122858.46479285
2023-07-09,97.79,98.41,94.52,95.1,152787.92579105
2023-07-10,95.12,97.84,91.88,96.77,347861.63672303
2023-07-11,96.77,98.3,95.51,96.78,201685.80086849
2023-07-12,96.79,97.86,94.18,96.21,164167.78370064
2023-07-13,96.2,104.48,95.6,101.92,531995.77407635
2023-07-14,101.93,103.64,92.5,95.2,550668.65689559
2023-07-15,95.18,95.87,93.8,94.81,136239.71559893
2023-07-16,94.8,95.38,91.91,92.97,123110.7512755
2023-07-17,92.91,93.64,89.28,92.22,196606.1186925
2023-07-18,92.22,92.99,89.43,91.58,138889.21943933
2023-07-19,91.58,94.25,91.42,92.01,154231.92603088
2023-07-20,91.99,94.96,91.46,92.36,191624.83593392
2023-07-21,92.38,94.63,91.69,94.09,214824.32581634
2023-07-22,94.09,96.44,91.23,92.06,172913.73335152
2023-07-23,92.06,93.59,91.53,93.17,145862.59026953
2023-07-24,93.15,93.44,87.39,89.13,214279.60952949
2023-07-25,89.15,90.16,88.56,89.44,107993.26402688
2023-07-26,89.45,91.19,88.53,90.6,123614.89738081
2023-07-27,90.61,91.94,89.6,90.59,98326.8297765
2023-07-28,90.58,91.97,90.5,91.46,93853.90387132
2023-07-29,91.45,94.93,90.84,94.34,108501.70564596
2023-07-30,94.35,99.6,91.03,94.03,462597.39963705
2023-07-31,94.01,95.16,91.08,92.28,258936.29572602
2023-08-01,92.25,94.01,87.92,93.89,362571.69118469
2023-08-02,93.9,94.61,85.78,87.52,381635.31928942
2023-08-03,87.49,88.34,81.64,82.49,253881.0442962
2023-08-04,82.48,83.86,80.63,82.07,338341.38650237
2023-08-05,82.09,83.35,81.23,83.06,104351.21692343
2023-08-06,83.04,83.4,81.6,82.45,85378.940338
2023-08-07,82.45,83.32,79.19,82.41,156474.09548627
2023-08-08,82.42,85.4,81.68,83.85,229123.41958749
2023-08-09,83.85,84.58,83.15,84.03,131751.45107354
2023-08-10,84.02,84.36,82.56,83.07,76454.34273251
2023-08-11,83.06,83.61,82.55,83.5,95809.62677179
2023-08-12,83.5,83.94,83.22,83.42,46673.19993231
2023-08-13,83.44,83.74,81.01,81.85,73872.79049994
2023-08-14,81.85,83.02,81.43,82.03,86913.60762791
2023-08-15,82.03,82.17,76.94,79.17,201605.67775379
2023-08-16,79.18,79.53,72.72,74.47,299489.28728693
2023-08-17,74.48,75.74,60.75,64.78,426479.63638638
2023-08-18,64.8,65.98,63.15,63.96,313811.32236334
2023-08-19,63.94,64.99,63.49,64.16,155044.94111245
2023-08-20,64.15,65.9,63.97,65.26,142327.07669913
2023-08-21,65.28,67.23,64.33,66.99,263529.34377212
2023-08-22,67.01,67.35,62.01,64.8,318424.08343377
2023-08-23,64.77,66.74,64.03,65.62,154839.31615647
2023-08-24,65.62,65.9,63.86,64.86,103457.29733729
2023-08-25,64.86,65.43,63.52,65.1,142010.70180625
2023-08-26,65.1,65.53,64.85,64.99,59402.81005668
2023-08-27,64.98,65.91,64.81,65.38,63272.76198933
2023-08-28,65.35,65.71,63.93,65.46,103371.11199205
2023-08-29,65.46,70.68,64.56,68.86,246278.14751854
2023-08-30,68.87,69.03,66.52,67.67,135394.91864825
2023-08-31,67.65,68.34,63.22,63.89,179045.95756478
2023-09-01,63.89,64.25,61.82,62.96,114606.71353486
2023-09-02,62.99,64.71,62.94,64.59,87102.08835206
2023-09-03,64.58,64.91,63.55,63.93,70885.41275283
2023-09-04,63.92,65.01,62.98,63.74,84372.56286104
2023-09-05,63.74,63.78,62.53,63.14,95607.39557505
2023-09-06,63.13,63.86,61.43,62.83,106242.97949247
2023-09-07,62.84,64.48,62.45,63.71,108567.32892398
2023-09-08,63.7,64.21,61.51,62.6,96946.10455697
2023-09-09,62.6,63.29,62.52,63.04,51929.5593279
2023-09-10,63.05,63.06,60.05,61.11,143357.29674214
2023-09-11,61.1,61.65,57.64,58.84,183803.02422189
2023-09-12,58.85,61.5,58.64,59.97,172403.80742257
2023-09-13,59.97,62.78,59.62,61.97,197660.54414455
2023-09-14,61.97,63.43,61.94,62.84,153043.20281001
2023-09-15,62.83,66.26,62.57,65.89,164496.80934782
2023-09-16,65.89,67.03,64.42,65.41,102280.87430299
2023-09-17,65.41,65.43,62.79,63.57,88351.33894147
2023-09-18,63.59,67.9,62.95,65.88,209217.44039693
2023-09-19,65.88,68.41,65.61,67.29,156512.1376041
2023-09-20,67.3,67.88,63.28,64.55,238451.09000234
2023-09-21,64.58,65.03,62.92,64.71,186384.89406235
2023-09-22,64.71,65.88,63.96,64.37,148589.71342178
2023-09-23,64.38,65.27,64.38,65.09,78335.74231544
2023-09-24,65.08,65.12,63.26,63.56,61371.88723477
2023-09-25,63.57,65.04,62.57,64.34,84948.63756226
2023-09-26,64.32,65.08,63.05,63.78,81624.39323313
2023-09-27,63.76,65.5,63.02,63.5,90698.13705235
2023-09-28,63.52,65.5,63.11,65.23,104590.42561034
2023-09-29,65.22,66.49,64.9,65.54,99016.97028421
2023-09-30,65.54,66.6,65.35,65.97,58303.32090882
2023-10-01,65.97,68.82,65.82,68.16,110627.27538446
2023-10-02,68.16,68.4,65.16,66,123594.60922539
2023-10-03,66,66.91,65.25,65.51,99089.54666802
2023-10-04,65.5,65.52,63.15,64.4,111624.53658564
2023-10-05,64.4,65.29,63.77,64.81,72593.63659412
2023-10-06,64.81,66.02,64.38,65.53,77102.16280875
2023-10-07,65.53,66.28,64.98,65.51,52899.74209438
2023-10-08,65.5,66.03,65.01,65.4,56435.23865088
2023-10-09,65.4,65.42,61.6,63.09,111149.39106985
2023-10-10,63.09,63.84,62.58,63.62,85457.77446823
2023-10-11,63.62,63.76,61.08,61.53,192622.11467331
2023-10-12,61.55,61.55,60.33,61.12,104970.57707899
2023-10-13,61.13,62.16,61.05,61.58,85851.55516928
2023-10-14,61.57,61.98,61.37,61.61,49383.59319634
2023-10-15,61.62,62.19,61.37,61.64,52859.13260771
2023-10-16,61.65,66.33,61.57,63.24,245859.49822363
2023-10-17,63.24,63.36,61.4,62.09,130049.17887818
2023-10-18,62.09,62.84,60,60.21,141101.22711994
2023-10-19,60.22,61.97,59.73,61.79,108238.87038411
2023-10-20,61.8,64.32,61.61,63.42,220126.88330454
2023-10-21,63.42,65.42,63.37,64.77,105025.30131362
2023-10-22,64.77,66.35,63.17,65.3,139905.438606
2023-10-23,65.3,69.98,64.9,69.04,354853.05458156
2023-10-24,69.04,72.85,67.18,69.14,303318.03189004
2023-10-25,69.14,70.42,67.73,68.74,202228.68442895
2023-10-26,68.74,70.64,66.13,68.76,229318.67802905
2023-10-27,68.76,68.83,65.59,67.03,151173.1017915
2023-10-28,67.03,68.41,66.97,67.74,134756.63993671
2023-10-29,67.74,69.33,67.02,68.82,105461.89540364
2023-10-30,68.81,69.82,67.66,69.25,127134.06105192
2023-10-31,69.25,70.56,67.6,68.91,146097.15029049
2023-11-01,68.91,70.49,66.53,69.97,269518.86452108
2023-11-02,69.96,70.8,67.43,69.46,260393.0519114
2023-11-03,69.44,69.59,67.51,69.5,100906.43920666
2023-11-04,69.5,75.88,68.79,70.51,107501.08402085
2023-11-05,70.51,72.39,69.96,71.68,162944.84706643
2023-11-06,71.66,74.97,70.85,74.47,163213.94113745
2023-11-07,74.47,74.56,71.07,73.45,163029.02312988
2023-11-08,73.44,74.33,72.48,73.1,124855.49810142
2023-11-09,73.1,76.26,69.36,73.86,331764.7184689
2023-11-10,73.86,75.45,70.74,73.3,230291.38458228
2023-11-11,73.31,75.97,70.94,75.28,305004.88274459
2023-11-12,75.29,76.85,72.16,74.92,177454.04221072
2023-11-13,74.94,76.1,70.51,71.13,191235.72710835
2023-11-14,71.11,72.56,68.02,70.64,281789.09061033
2023-11-15,70.63,74.46,70.54,74.17,154249.13463654
2023-11-16,74.17,74.4,69.79,70.98,171721.44435718
2023-11-17,70.99,71.64,68.05,70.31,313090.05402766
2023-11-18,70.33,70.37,67.53,69.91,71627.1320414
2023-11-19,69.92,70.74,68.54,70.6,72758.51427302
2023-11-20,70.61,71.06,68.71,69.57,93325.63806735
2023-11-21,69.57,71.88,65.22,66.19,212464.46678993
2023-11-22,66.19,69.15,66.03,68.73,95538.35806527
2023-11-23,68.73,70.75,68.43,69.53,110130.21556713
2023-11-24,69.52,71.8,69.45,70.79,102561.14053673
2023-11-25,70.79,72.27,70.58,71.89,61593.52453924
2023-11-26,71.9,71.91,68.93,70.05,68899.80848026
2023-11-27,70.06,70.52,67.93,69.22,95404.69746727
2023-11-28,69.24,70.28,67.81,69.78,105633.68555075
2023-11-29,69.81,70.48,69.14,70.01,60625.93698494
2023-11-30,70.02,70.17,69.1,69.44,64323.99135507
2023-12-01,69.44,72.35,69.21,71.63,188433.58826298
2023-12-02,71.63,72.75,71.24,72.23,75829.01408429
2023-12-03,72.24,72.76,71.34,72.32,84418.65546699
2023-12-04,72.34,75.09,71.87,72.91,337731.31171387
2023-12-05,72.91,74.4,71.19,74.36,179054.58484085
2023-12-06,74.36,74.9,72.16,72.44,186551.81041852
2023-12-07,72.42,74.5,71.87,74.03,142739.64931753
2023-12-08,74.05,78.9,73.35,78.53,310903.89201764
2023-12-09,78.53,79.54,75.8,76.35,194489.25721467
2023-12-10,76.36,79.01,76.36,77.18,134466.90158256
2023-12-11,77.19,77.52,70.63,72.65,245008.3701612
2023-12-12,72.65,73.74,70.96,72.34,125941.88391021
2023-12-13,72.35,74.07,70.11,73.17,163237.43874782
2023-12-14,73.17,74.04,71.21,72.92,279155.64519077
2023-12-15,72.92,72.97,70.56,70.93,151215.05130184
2023-12-16,70.94,72.48,70.45,72.15,87119.60408656
2023-12-17,72.17,73.54,70.81,71.14,96440.66740389
2023-12-18,71.15,71.5,67.99,70.86,146304.69728791
2023-12-19,70.86,71.61,69.64,70.7,90395.36381106
2023-12-20,70.71,71.89,69.37,69.82,193718.60148812
2023-12-21,69.82,71.08,68.93,70.93,149082.91325652
2023-12-22,70.93,73.86,70.31,73.66,216280.64635575
2023-12-23,73.65,74.17,71.45,72.5,153795.6655527
2023-12-24,72.5,72.99,70.01,71.15,142026.28939251
2023-12-25,71.16,72.79,70.6,72.22,92321.57138777
2023-12-26,72.26,74.42,71.06,73.25,228024.52019498
2023-12-27,73.25,77.31,72.08,76.05,335929.18414893
2023-12-28,76.03,77.65,74.54,76.51,315712.42116508
2023-12-29,76.54,77.85,72.8,73.22,315107.79997357
2023-12-30,73.21,73.99,72.38,73.23,175907.48106892
2023-12-31,73.24,74.21,71.45,72.81,117693.68339891
2024-01-01,72.81,74.83,72.05,74.75,112009.56093292
2024-01-02,74.75,75.94,72.5,72.98,163486.58739399
2024-01-03,72.99,73.63,60,65.29,330936.15727392
2024-01-04,65.28,67.18,64.57,66.49,238707.22206345
2024-01-05,66.49,66.81,63.51,66.06,236222.08405657
2024-01-06,66.06,66.16,63.27,65.7,101258.03053944
2024-01-07,65.69,66.41,63.72,64.31,86854.59051206
2024-01-08,64.31,68.44,61.1,67.81,283313.48603498
2024-01-09,67.8,67.87,64.21,67.01,265463.70738217
2024-01-10,67,71.26,65,70.12,290115.20805102
2024-01-11,70.13,74.66,69.57,71.88,289293.01324706
2024-01-12,71.9,77.1,70.41,72.94,430416.55553513
2024-01-13,72.96,73.57,71,72,160136.12236067
2024-01-14,72,72.29,69.43,69.74,172836.81144939
2024-01-15,69.76,71.58,68.72,69.08,127742.88911286
2024-01-16,69.08,70.54,68.32,69.4,132351.68677201
2024-01-17,69.4,69.95,68.28,69.39,98480.97340796
2024-01-18,69.4,70.25,66.15,68.04,175124.55354662
2024-01-19,68.06,71.5,66.88,71.26,202916.06839042
2024-01-20,71.23,72.73,70.42,71.31,167567.3021948
2024-01-21,71.31,72.28,70.45,71.67,94973.34533082
2024-01-22,71.67,72.67,66.57,67.31,261850.79257689
2024-01-23,67.29,68.37,63.13,65.46,194779.51697209
2024-01-24,65.47,66.34,64.83,66.12,125059.60969504
2024-01-25,66.11,66.14,64.54,65.48,105179.89108335
2024-01-26,65.44,67.53,65.17,67.02,108588.19448834
2024-01-27,67.03,68.34,66.33,68.07,78215.11571326
2024-01-28,68.07,68.49,67.31,68.36,78396.68145709
2024-01-29,68.36,68.79,66.8,68.42,115414.02646123
2024-01-30,68.44,68.75,67.16,67.5,97842.79313159
2024-01-31,67.48,69.99,66.1,66.73,125558.06659432
2024-02-01,66.72,68.11,65.66,67.52,91465.19641624
2024-02-02,67.53,68.38,67.29,68.02,73508.50511231
2024-02-03,68.02,69.17,67.87,68.8,74508.1524104
2024-02-04,68.81,68.88,66.46,66.92,97590.98095528
2024-02-05,66.91,68.18,66.55,67.63,75942.9294412
2024-02-06,67.63,68.8,67.48,68.26,104296.25870481
2024-02-07,68.27,68.79,67.68,68.62,245248.8327213
2024-02-08,68.61,70.67,68.37,70.55,133803.37292202
2024-02-09,70.54,71.95,70.1,70.69,205645.64693709
2024-02-10,70.67,71.23,69.97,70.82,84442.68504255
2024-02-11,70.84,73.12,70.65,71.58,131024.66986369
2024-02-12,71.59,73.45,70.3,72.85,123006.77578591
2024-02-13,72.84,73.19,68.12,69,214431.3630108
2024-02-14,69,70.79,68.47,69.9,192100.95131616
2024-02-15,69.89,70.97,69.07,69.84,181962.73654268
2024-02-16,69.84,71,68.78,70.64,150133.89239774
2024-02-17,70.66,70.75,68.09,70,109586.92259487
2024-02-18,70,71.35,69.85,70.82,84873.6496752
2024-02-19,70.82,71.75,70.44,71.33,117056.87353795
2024-02-20,71.32,71.5,67.38,69.66,192538.48338141
2024-02-21,69.67,69.72,67.32,68.92,116061.78477399
2024-02-22,68.92,69.81,67.91,68.76,164292.77021673
2024-02-23,68.76,69.1,67.48,68.77,98154.13269607
2024-02-24,68.78,70.69,68.62,70.41,100240.47605084
2024-02-25,70.4,70.59,69.74,70.16,80694.25596705
2024-02-26,70.17,73.13,69.11,71.97,228851.99376536
2024-02-27,71.98,76.44,71.98,74.01,366219.88874986
2024-02-28,74.04,78,70.34,74.58,489757.77116659
2024-02-29,74.58,84.99,73.95,79.97,639834.98356604
2024-03-01,79.99,86.22,79.99,84.94,354465.59582862
2024-03-02,84.99,94.7,84.5,94.67,575950.67405812
2024-03-03,94.63,94.88,84.9,90.76,362194.8850811
2024-03-04,90.75,92.69,87.54,89.07,591626.60150754
2024-03-05,89.06,92,72.06,82.04,818160.42337597
2024-03-06,82.04,87.42,79.86,85.95,327059.30046633
2024-03-07,85.94,89.73,83.44,88.15,294098.06784724
2024-03-08,88.16,89.67,84.12,88.54,413552.06299405
2024-03-09,88.54,91.14,87.02,90.86,220352.12020933
2024-03-10,90.84,91,85.5,87.52,192237.67389949
2024-03-11,87.51,105.71,83.29,103.82,823702.25529118
2024-03-12,103.87,104.27,91.69,97.57,444874.79489273
2024-03-13,97.57,98.99,94.12,97.28,287186.80255031
2024-03-14,97.26,98.27,89.5,94.07,434579.13208273
2024-03-15,94.07,95.4,83.31,89.8,448776.25551076
2024-03-16,89.78,90.71,82.21,84.04,305335.17989134
2024-03-17,84.05,86.76,80.64,85.86,214046.61741817
2024-03-18,85.87,88.08,80.75,86.76,290319.44341527
2024-03-19,86.73,87.87,77.08,78.43,694236.19958826
2024-03-20,78.41,85.37,76.96,84.67,460152.72425964
2024-03-21,84.66,87.2,83.59,85.72,245590.79936784
2024-03-22,85.71,86.21,80.57,83.43,206647.06419785
2024-03-23,83.43,87.49,82.89,85.27,220340.29200079
2024-03-24,85.25,90.71,85.25,89.62,292443.83722772
2024-03-25,89.66,92.09,88.56,90.59,274931.03264669
2024-03-26,90.59,97,87.61,95.74,595436.36927159
2024-03-27,95.74,98.9,92.32,93.52,505454.19771575
2024-03-28,93.51,96.55,93.4,94.15,405746.71834295
2024-03-29,94.15,110.47,92.8,109.14,732621.54348965
2024-03-30,109.13,109.31,101.12,102.9,349078.46438837
2024-03-31,102.9,106.76,101.4,105.05,280185.60316358
2024-04-01,105.04,112.98,97.25,99.3,625529.98530092
2024-04-02,99.28,109.04,93.2,106.79,903101.80909608
2024-04-03,106.77,109.89,96.58,98.35,499644.72172813
2024-04-04,98.36,104.25,96.26,98.47,502190.12480937
2024-04-05,98.47,100.25,95.1,97.88,311333.97804777
2024-04-06,97.88,102.5,97.21,101.65,184215.84210159
2024-04-07,101.65,105.95,100.11,101.22,299552.07856677
2024-04-08,101.24,106.02,99.59,103.24,319995.39827519
2024-04-09,103.24,103.43,96.47,97.53,271970.08289909
2024-04-10,97.53,98.28,93.46,96.71,222610.68326495
2024-04-11,96.72,99.98,94.85,98.78,212993.16355635
2024-04-12,98.76,99.53,80.01,86.16,516258.24593288
2024-04-13,86.16,86.62,70.83,77.47,679710.0994161
2024-04-14,77.48,80.49,73.79,79.82,465056.0912589
2024-04-15,79.8,82.9,75.63,78.13,325097.13146713
2024-04-16,78.14,80.46,75.37,79.99,232952.11885792
2024-04-17,79.96,80.83,76.32,80.18,187140.01640329
2024-04-18,80.17,82.54,78.66,80.8,193794.82719748
2024-04-19,80.8,82.2,75.8,80.91,194079.71484958
2024-04-20,80.89,86.02,80.31,85.08,128115.48932702
2024-04-21,85.06,85.71,82.75,84.18,99055.65852622
2024-04-22,84.17,86.53,83.96,85.44,138356.47847073
2024-04-23,85.44,86.5,84.01,85.04,137005.00374881
2024-04-24,85.02,87.69,82.27,83.21,232107.76315278
2024-04-25,83.2,85.04,81.82,83.76,149777.71960778
2024-04-26,83.75,88.56,83.07,88.09,302820.10725718
2024-04-27,88.08,88.46,83.09,83.83,239105.84427093
2024-04-28,83.83,85.41,83.58,83.97,112922.05708902
2024-04-29,83.98,85.62,81.71,83.48,163646.00046478
2024-04-30,83.48,84.5,77.21,79.44,218367.02045755
2024-05-01,79.44,80.81,74.53,80.05,244154.69764978
2024-05-02,80.04,81.28,78.58,80.04,138133.41633274
2024-05-03,80.04,82.66,79.35,81.91,127061.20788736
2024-05-04,81.9,82.99,81.55,81.69,99102.36935453
2024-05-05,81.69,81.82,80.4,81.33,106573.95418559
2024-05-06,81.34,84.23,80.02,80.8,194285.7131066
2024-05-07,80.77,82.64,79.79,80.83,145087.56335277
2024-05-08,80.82,82.29,79.31,81.65,150003.32716283
2024-05-09,81.67,83.16,80.67,83.07,114888.4430761
2024-05-10,83.05,83.48,79.55,80.22,109554.49587602
2024-05-11,80.22,82.26,80.12,81.36,83214.93845814
2024-05-12,81.36,82.14,80.8,81.38,66309.16155251
2024-05-13,81.38,82.5,78.9,80.61,160047.64439703
2024-05-14,80.61,83,78.41,78.7,152975.98118948
2024-05-15,78.75,82.98,78.24,82.5,155712.63771542
2024-05-16,82.49,83.27,81.38,82.44,133670.58103124
2024-05-17,82.44,84.26,81.91,84.18,110718.77183059
2024-05-18,84.17,84.85,83.45,83.87,90425.9347358
2024-05-19,83.86,84.4,81.77,82.39,77089.22330222
2024-05-20,82.39,89.17,82.38,88.65,184021.06141805
2024-05-21,88.64,89.63,86.94,88.24,235271.75659231
2024-05-22,88.24,88.48,84.86,85.75,184372.39538242
2024-05-23,85.75,87.96,80.51,85.41,303789.67405426
2024-05-24,85.41,86.45,83.99,84.99,166773.19881125
2024-05-25,84.98,85.93,84.43,84.99,71686.71338215
2024-05-26,84.99,85.27,83.49,83.84,78862.80214773
2024-05-27,83.84,86.37,83.77,85.17,96547.77421646
2024-05-28,85.18,85.49,81.98,83.35,145662.4076179
2024-05-29,83.37,84.14,82.54,83.47,119963.93737913
2024-05-30,83.47,85.53,81.88,84.43,151852.9171056
2024-05-31,84.42,84.65,81.97,83.13,110828.6206423
2024-06-01,83.13,83.86,82.83,83.43,61109.40208311
2024-06-02,83.41,83.48,82.13,83.08,72498.9485517
2024-06-03,83.08,84.25,82.59,82.82,94587.29565849
2024-06-04,82.82,83.72,81.09,83.68,98439.43648748
2024-06-05,83.67,85.48,83.5,85.44,96079.94010235
2024-06-06,85.44,85.79,84.12,84.17,131407.98872071
2024-06-07,84.18,84.83,75.09,80.1,235299.53067999
2024-06-08,80.1,80.44,78.83,79.98,82669.64420839
2024-06-09,79.97,80.71,79.49,80.47,55469.34867156
2024-06-10,80.47,80.49,79.04,79.63,102262.8352264
2024-06-11,79.64,79.83,75.58,77.29,269256.47404925
2024-06-12,77.3,79.29,76.34,78.49,214826.46223322
2024-06-13,78.49,79.81,77.24,79.12,296952.67113477
2024-06-14,79.12,80.26,76.32,77.57,272393.80664947
2024-06-15,77.57,79.42,77.31,79.19,102830.20331723
2024-06-16,79.19,80.09,78.55,78.95,101893.31627036
2024-06-17,78.98,79.21,75.09,76.59,178389.52163564
2024-06-18,76.58,76.76,70.63,72.64,343507.58611606
2024-06-19,72.63,74.95,72.48,73.75,129447.9208816
2024-06-20,73.76,75.32,73.19,74.68,143037.36724016
2024-06-21,74.68,74.71,72.1,74.15,147558.04493222
2024-06-22,74.14,74.86,73.52,74.58,73549.23302585
2024-06-23,74.59,75,73.2,73.32,93633.71719168
2024-06-24,73.33,73.4,67.5,69.67,235317.7619469
2024-06-25,69.67,71.99,69.37,71.34,125833.07085487
2024-06-26,71.35,71.95,70.35,70.97,119721.34785407
2024-06-27,70.98,73.26,70.48,73.16,107472.61117446
2024-06-28,73.16,74.68,72.42,72.77,244562.64720434
2024-06-29,72.75,76.76,72.75,74.82,190285.06583878
2024-06-30,74.82,75.89,73.99,75.21,177834.96083669
2024-07-01,75.22,75.85,74.07,74.3,152295.851143
2024-07-02,74.3,76.1,74.19,75.93,123304.93854577
2024-07-03,75.94,76.13,71.7,72.07,188761.13069753
2024-07-04,72.06,72.36,65,65.41,278577.58841154
2024-07-05,65.41,65.57,56.76,61.88,546363.93563431
2024-07-06,61.85,65.69,61.42,65.4,211960.69785032
2024-07-07,65.41,65.59,61.62,62.05,170288.10485018
2024-07-08,62.04,67.1,59.24,64.9,289928.3651535
2024-07-09,64.9,66.28,64.25,65.31,135015.53091038
2024-07-10,65.31,67.3,64.51,66.97,146081.98000098
2024-07-11,66.96,69.15,66.44,67.37,147955.94549087
2024-07-12,67.37,69.44,66.79,69.29,209890.97095226
2024-07-13,69.29,70.7,69.17,69.85,147944.48182367
2024-07-14,69.84,70.54,69.26,69.96,107936.62082205
2024-07-15,69.95,72.57,69.71,72.34,199044.11702007
2024-07-16,72.33,74.12,70.36,73.24,178287.64879072
2024-07-17,73.24,74.28,71.14,71.38,178457.72258524
2024-07-18,71.38,72.96,70.51,71.63,152679.92303164
2024-07-19,71.63,74.16,69.66,73.45,168954.64467231
2024-07-20,73.46,73.94,72.34,73.06,91241.54498563
2024-07-21,73.06,74.14,71.26,73.99,124457.98336609
2024-07-22,74,74.61,70.77,71.29,226351.73392585
2024-07-23,71.29,73.7,70.4,72.92,139430.26339729
2024-07-24,72.9,73.68,70.76,71.28,115149.77030189
2024-07-25,71.26,71.67,67.27,68.8,210149.18153452
2024-07-26,68.8,71.69,68.74,71.32,120236.33512515
2024-07-27,71.33,72.35,70.26,71.34,98618.22146622
2024-07-28,71.33,71.77,70.33,71.08,75420.38097274
2024-07-29,71.08,76.76,71.03,73.68,289466.52157854
2024-07-30,73.67,74.55,71.06,71.68,146863.83920673
2024-07-31,71.67,72.91,69.86,70.14,163332.96101171
2024-08-01,70.12,71.42,65.91,69.51,225766.10036945
2024-08-02,69.51,69.89,63.91,64.97,224563.30625076
2024-08-03,64.97,66.33,62.53,64.62,199949.588108
2024-08-04,64.62,65.21,60.32,62.43,185599.8290545
2024-08-05,62.42,62.55,49.9,56.09,789775.58971575
2024-08-06,56.08,59.42,55.99,58.3,261126.15494629
2024-08-07,58.29,59.54,55.35,55.99,201549.81891455
2024-08-08,56.01,61.99,55.18,61.17,189110.55295571
2024-08-09,61.17,61.27,59.34,60.73,145779.00239238
2024-08-10,60.74,61.56,60.15,61.16,114767.47994666
2024-08-11,61.17,62.39,58.8,59.75,157586.57402222
2024-08-12,59.74,62.07,59.19,61.51,190738.92583777
2024-08-13,61.51,63.52,61.1,63.45,154465.02437419
2024-08-14,63.46,64.71,62.61,64.08,174490.17343711
2024-08-15,64.07,66.91,63.6,65.35,304040.40060527
2024-08-16,65.36,66.81,64.3,66.51,223088.58426702
2024-08-17,66.52,67.88,65.89,67.61,125137.31754373
2024-08-18,67.6,68.16,66.09,66.35,112275.35317443
2024-08-19,66.35,67.45,66,66.33,155908.61039006
2024-08-20,66.34,67.34,63.18,64.4,168769.14576809
2024-08-21,64.4,64.8,62.03,64.29,180927.30236896
2024-08-22,64.28,64.39,62.5,63.74,150298.84700135
2024-08-23,63.76,66.91,63.47,66.15,100411.30417177
2024-08-24,66.16,68.02,65.45,66.61,93531.04760578
2024-08-25,66.61,66.92,64.45,64.86,82456.42276227
2024-08-26,64.86,65.12,63,63.02,95025.0755829
2024-08-27,63.02,64,59.03,60.41,145989.8198799
2024-08-28,60.4,62.44,59.4,61.81,163652.77342507
2024-08-29,61.84,63.95,61.11,62.48,141011.6658804
2024-08-30,62.48,65.43,61.54,64.9,193721.25965796
2024-08-31,64.9,66.49,64.86,64.96,139658.08770517
2024-09-01,64.95,65.12,62.85,63.57,80029.5948533
2024-09-02,63.56,65.74,62.59,65.36,115860.8974486
2024-09-03,65.34,66.35,64.29,64.35,123380.04162598
2024-09-04,64.35,66.23,62.07,65.42,149379.89785544
2024-09-05,65.42,68.53,64.42,66.07,203213.59919466
2024-09-06,66.06,66.81,61.17,63.05,185642.1601108
2024-09-07,63.05,64.15,61.65,62.05,127016.72078336
2024-09-08,62.06,62.3,59.92,60.95,142092.73889505
2024-09-09,60.95,61.82,59.66,61.44,208790.58847377
2024-09-10,61.43,61.78,60.34,61.53,132446.60204749
2024-09-11,61.53,62.44,60.11,62.21,128830.09926104
2024-09-12,62.21,63.14,61.43,62.85,94207.80425732
2024-09-13,62.85,65.05,62.41,64.97,109423.39643119
2024-09-14,64.98,66.78,64.9,65.94,89844.48431582
2024-09-15,65.95,66.35,62.91,63.26,69741.19985632
2024-09-16,63.25,63.73,62.08,62.62,76894.0140024
2024-09-17,62.63,64.05,61.91,63.78,108244.96302869
2024-09-18,63.75,64.87,62.4,64.85,97243.86433726
2024-09-19,64.85,66.09,64.71,65.41,117039.74187193
2024-09-20,65.41,66.44,64.32,65.34,120528.86432035
2024-09-21,65.32,67.16,64.84,66.85,82126.69388594
2024-09-22,66.84,68.81,66.48,68.71,108303.22805009
2024-09-23,68.7,69.33,66.63,66.96,118892.66072496
2024-09-24,66.96,67.16,65.64,66.69,106785.5672643
2024-09-25,66.7,67.86,65.9,66.54,93344.81017105
2024-09-26,66.53,68.61,65.61,68.57,118005.58770767
2024-09-27,68.55,71.24,68.3,71.16,135193.02542898
2024-09-28,71.15,71.54,69.03,69.98,78310.5225683
2024-09-29,69.99,70.34,68.5,69.28,75789.92707359
2024-09-30,69.28,69.39,66.3,66.82,132775.07938766
2024-10-01,66.82,68.59,61.98,63.4,156802.93182087
2024-10-02,63.4,64.77,62.21,62.95,126825.77135459
2024-10-03,62.94,63.99,61.93,63.48,91807.16278954
2024-10-04,63.47,65.2,63.29,64.96,96754.94398368
2024-10-05,64.95,66.36,64.68,66.32,67160.30798478
2024-10-06,66.33,67.64,66.13,67.05,64829.07252122
2024-10-07,67.04,67.98,64.5,64.75,90347.601346
2024-10-08,64.76,66.13,64.52,65.65,63090.39303004
2024-10-09,65.66,65.94,64.03,64.53,75593.10890399
2024-10-10,64.54,65.02,63.19,64.27,82915.31187509
2024-10-11,64.27,65.93,64.22,65.57,81670.95879692
2024-10-12,65.58,66.67,65.04,66.19,67904.02217905
2024-10-13,66.19,66.29,64.41,64.79,71405.902397
2024-10-14,64.79,67.36,64.11,66.82,127587.79274286
2024-10-15,66.83,71.94,65.26,70.87,261360.68554576
2024-10-16,70.86,73.01,69.33,70.08,192114.90461168
2024-10-17,70.07,73.98,69.86,72.77,175960.2726204
2024-10-18,72.72,74.82,71.87,73.09,179986.67445623
2024-10-19,73.11,76.18,73.03,74.89,122648.60201904
2024-10-20,74.88,75.88,73.57,74.28,104835.93441967
2024-10-21,74.28,74.57,70.3,70.74,145967.83938936
2024-10-22,70.75,71.56,69.35,70,144466.70377622
2024-10-23,70,70.36,67.78,69.98,111049.07692758
2024-10-24,69.99,71.29,69.21,71.12,95785.43106823
2024-10-25,71.14,72.26,66.74,68.72,112005.11990528
2024-10-26,68.72,69.64,67.99,68.39,73574.39629943
2024-10-27,68.38,71.15,67.92,70.99,73500.83020694
2024-10-28,70.99,71.47,69.55,70.78,108220.15195522
2024-10-29,70.8,74.34,70.68,73.95,138798.27539021
2024-10-30,73.96,74.25,71.41,71.76,91001.18859509
2024-10-31,71.75,72.08,68.34,69.23,112607.08010463
2024-11-01,69.24,71.06,67.65,70.24,126075.84234719
2024-11-02,70.22,71.24,68.84,69.19,71016.22756516
2024-11-03,69.2,69.29,65.26,66.85,103279.64710925
2024-11-04,66.85,67.68,64.42,65.51,96806.90434182
2024-11-05,65.53,67.26,64.83,65.4,168042.24235615
2024-11-06,65.4,71.69,65.33,71.11,268990.15921977
2024-11-07,71.08,72.48,69.94,71.51,148537.23270753
2024-11-08,71.52,73.13,70.72,72.85,169615.80668397
2024-11-09,72.85,74.24,71.63,74.04,133094.32490073
2024-11-10,74.02,78.28,73.46,76.63,289219.36973331
2024-11-11,76.65,80.47,74.65,80.14,291273.65154378
2024-11-12,80.16,82.87,74.07,76.76,369905.29552183
2024-11-13,76.79,78.03,71.94,75.49,370593.50049364
2024-11-14,75.5,85.17,74.24,82.38,770584.90884413
2024-11-15,82.38,87.34,78.89,83.72,532721.98223052
2024-11-16,83.72,98.57,82.85,95.49,785097.30735435
2024-11-17,95.51,97.45,84.87,87.23,500614.72067487
2024-11-18,87.24,94.81,86.45,89.27,529942.38347246
2024-11-19,89.29,90.25,85.17,86.78,339626.31844095
2024-11-20,86.79,87.9,82.44,83.47,282770.63009139
2024-11-21,83.5,92.11,81.65,89.65,471001.90045702
2024-11-22,89.64,92.77,87.8,92.34,459326.05749926
2024-11-23,92.35,106.58,92.2,99.65,863907.29706419
2024-11-24,99.64,103.3,91.67,96.98,518099.09140065
2024-11-25,97.03,99.28,90.89,92.29,410294.6217227
2024-11-26,92.26,95.43,87.96,92.79,394203.41752418
2024-11-27,92.79,99.4,91.44,97.25,368848.12770289
2024-11-28,97.34,98.43,93.68,95.54,213540.68820494
2024-11-29,95.56,104.89,94.74,104.83,448839.49123281
2024-11-30,104.87,105.2,100.36,102.8,304497.73233809
2024-12-01,102.8,122.05,99.4,119.61,661444.68940028
2024-12-02,119.61,139.9,114.79,132.9,1530748.95456509
2024-12-03,132.86,135.33,121.53,130.95,922218.20337529
2024-12-04,131.04,135.87,121.79,133.85,822989.20296742
2024-12-05,133.88,147.22,124.94,135.93,1084325.67207381
2024-12-06,135.94,139.39,130.18,136.1,621437.81676721
2024-12-07,136.17,139,131.86,133.89,307406.04532174
2024-12-08,133.89,136,130.16,134.98,215275.77501739
2024-12-09,134.96,135.13,105,110.49,798636.01174904
2024-12-10,110.48,114.89,101.31,109.92,822382.6214167
2024-12-11,109.9,119.19,106.08,117.38,564738.69898187
2024-12-12,117.38,125.12,116.52,119.3,564566.58145837
2024-12-13,119.28,125.31,117.06,124.53,352628.7206026
2024-12-14,124.53,125.4,115.41,118.22,261377.8187465
2024-12-15,118.23,122.14,113.94,121.08,278117.95048932
2024-12-16,121.09,124.29,115.21,118.05,486943.28645186
2024-12-17,118.05,131.52,114.4,125.59,576758.78053478
2024-12-18,125.62,129.13,106.78,108.26,654467.32790478
2024-12-19,108.25,111.7,94.57,99.23,527781.42683914
2024-12-20,99.28,103.14,86.7,101.32,506072.43871635
2024-12-21,101.35,105.99,97.63,101.52,306913.91724317
2024-12-22,101.53,104,96.63,99.7,221156.37797091
2024-12-23,99.7,107.5,97.81,106.63,262492.57682435
2024-12-24,106.63,110.73,103.8,108.29,231293.16185958
2024-12-25,108.23,110.58,106.83,109.78,136219.85961057
2024-12-26,109.78,110.25,100.95,102.11,216788.59182163
2024-12-27,102.16,106.41,99.56,100.46,206406.45988154
2024-12-28,100.45,101.65,98.51,100.56,110855.19241838
2024-12-29,100.56,101.51,96.69,98.33,120737.78657758
2024-12-30,98.33,102.83,97.17,99.24,190939.56540365
2024-12-31,99.23,104.67,97.58,103.07,193345.34960903
2025-01-01,103.07,107.94,101.83,105.02,189578.93199247
2025-01-02,105,108.59,104.51,105.01,185797.9210437
2025-01-03,105.05,114.79,104.02,112.68,218130.45472452
2025-01-04,112.67,112.83,110.04,111.21,122701.95327373
2025-01-05,111.18,116.15,110.57,115.66,151608.47530457
2025-01-06,115.68,117.43,111.6,114.05,220528.98584686
2025-01-07,114.02,115,102.03,102.72,250213.05412548
2025-01-08,102.69,105.04,97.16,101.4,213146.4813923
2025-01-09,101.4,105.81,99.84,102.25,197073.18676992
2025-01-10,102.22,106.27,102.05,103.93,140887.94538913
2025-01-11,103.91,104.93,102.09,104.34,99571.95546263
2025-01-12,104.36,105.23,101.33,102.32,92163.93626897
2025-01-13,102.33,104.41,92.51,98.33,220211.95173911
2025-01-14,98.34,102.53,97.54,102.43,121959.77831907
2025-01-15,102.43,118.7,100.71,117.01,296737.04747567
2025-01-16,116.98,130.46,114.05,124.36,805260.6153924
2025-01-17,124.39,141.14,124.39,137.1,649477.94994949
2025-01-18,137.13,139.55,123.12,125.27,457343.22455869
2025-01-19,125.26,128.52,111.17,115.39,518983.71327376
2025-01-20,115.38,127.89,112.78,118.43,521539.70840528
2025-01-21,118.42,124.78,113.58,119.12,405468.14477381
2025-01-22,119.14,120.26,114.18,115.31,232588.39028783
2025-01-23,115.36,117.35,111.19,116.42,247571.5246538
2025-01-24,116.46,124.43,112.85,118.72,494973.41909686
2025-01-25,118.74,129.33,118.05,123.88,570533.17027262
2025-01-26,123.92,125.14,116.86,117.08,305596.87210295
2025-01-27,117.05,117.97,106.14,115.07,485698.60452866
2025-01-28,115.07,119,109.04,109.88,300915.03913847
2025-01-29,109.87,119.53,109.79,115.92,288653.27415489
2025-01-30,115.91,134.16,114,130.14,577535.23296327
2025-01-31,130.15,135.35,125.16,128.03,421667.67504725
2025-02-01,128.02,134.5,117.62,118.02,374823.94801509
2025-02-02,118.03,121.39,104.08,109.12,487937.18344495
2025-02-03,109.14,109.14,80.64,107,1038285.66463573
2025-02-04,107,108.87,98.47,101.08,570402.41946855
2025-02-05,101.13,109.48,100.48,103.4,355055.32000941
2025-02-06,103.39,109.73,99.51,101.7,405054.10091721
2025-02-07,101.69,108.16,100.6,103.11,329617.42083193
2025-02-08,103.14,105.17,101.75,104.72,207018.75241693
2025-02-09,104.68,109.18,102.3,107.2,234028.77885381
2025-02-10,107.22,122.48,107.14,120.23,637665.79760708
2025-02-11,120.23,132.21,117.78,119.26,752641.13325873
2025-02-12,119.25,125.36,111.33,122.09,616823.12656631
2025-02-13,122.09,129.69,118.85,126.67,564092.5367389
2025-02-14,126.66,133.86,124.36,124.88,598865.08954049
2025-02-15,124.92,135.01,124.26,133.89,508204.07915433
2025-02-16,133.87,137.53,124.84,125.7,455637.76326336
2025-02-17,125.73,128.88,120,122.28,483675.16876426
2025-02-18,122.28,129.76,119.79,129.63,511203.10583383
2025-02-19,129.67,139.82,129.59,134.87,593021.46360625
2025-02-20,134.87,135.2,125.86,130.89,466496.24616891
2025-02-21,130.9,140,123.66,128.04,671309.03290748
2025-02-22,128.04,131.18,125.66,125.94,254130.34516219
2025-02-23,125.94,130.39,125.22,129.87,170598.94436964
2025-02-24,129.87,130.5,112.13,114.76,385380.77993824
2025-02-25,114.76,117.17,106.08,114.41,541312.98666541
2025-02-26,114.44,128.48,113.83,124.47,803230.14392039
2025-02-27,124.48,131.95,121.68,126.76,616859.52529717
2025-02-28,126.76,129.5,114,128,732374.1063315
2025-03-01,128.01,130.88,122.9,124.29,261475.46493522
2025-03-02,124.27,130.59,117.51,127.85,579256.88246597
2025-03-03,127.9,130.34,106.57,109.81,710003.41663479
2025-03-04,109.84,110.88,93.94,103.65,828737.38362141
2025-03-05,103.62,106.84,100.61,104.74,322122.11043984
2025-03-06,104.72,113,102.1,103.41,528875.72721221
2025-03-07,103.38,106.72,97.33,103.66,455381.8065808
2025-03-08,103.66,108.65,101.63,102.28,312936.59037865
2025-03-09,102.3,102.74,93.64,94.57,363899.62054164
2025-03-10,94.59,99.11,86.22,87.43,454924.92634385
2025-03-11,87.44,93.32,83.23,90.42,571208.71367369
2025-03-12,90.42,92.91,87.27,91.5,251301.9237845
2025-03-13,91.48,91.77,86.21,88.07,254708.31055927
2025-03-14,88.07,92.83,87.76,91.31,179224.08276352
2025-03-15,91.33,94.27,90.94,92.47,124292.20819268
2025-03-16,92.46,92.7,88.35,90.21,130296.2613267
2025-03-17,90.21,94.48,90.21,92.28,221733.4847258
2025-03-18,92.3,92.31,87.08,90.01,175890.96498453
2025-03-19,90.01,94.28,89.31,94.11,184108.13329639
2025-03-20,94.12,94.6,90.05,93.25,129175.90472901
2025-03-21,93.23,93.94,90.79,90.81,169092.23355324
2025-03-22,90.81,92.21,90.38,91.36,76607.32972682
2025-03-23,91.37,92.99,90.64,91.49,69366.78191446
2025-03-24,91.48,95.63,90.81,93.79,226229.56706522
2025-03-25,93.76,94.86,91.89,94.41,141116.78911784
2025-03-26,94.42,96.53,90.91,92.44,160173.23966718
2025-03-27,92.45,95.02,92.07,92.76,124891.12800988
2025-03-28,92.77,93.43,85.65,87.33,183663.22851222
2025-03-29,87.34,88,84.13,85.43,117047.74354826
2025-03-30,85.45,86.8,84.67,86.1,125578.02215368
2025-03-31,86.13,86.26,80.78,82.94,256063.53421473
2025-04-01,82.96,85.9,82.83,84.5,146806.3913519
2025-04-02,84.5,88.55,80.92,81.53,307024.26452888
2025-04-03,81.52,84.66,80.11,83.43,207932.49074864
2025-04-04,83.44,85.09,81.6,84.39,293941.38433907
2025-04-05,84.37,84.94,81.6,82.65,81235.93845513
2025-04-06,82.65,83.1,68.37,70.6,354603.68718344
2025-04-07,70.61,72.99,63.03,70.98,499961.63088455
2025-04-08,70.98,73.5,68.13,69.09,262360.73420404
2025-04-09,69.1,78.37,66.45,76.02,431404.98046927
2025-04-10,76,76.09,71.04,73.79,235960.91642038
2025-04-11,73.78,77.5,73.67,76.17,211302.82524734
2025-04-12,76.16,80.09,74.87,78.64,161913.5956029
2025-04-13,78.63,80.02,76.38,77.84,146389.90500719
2025-04-14,77.85,80.62,75.7,77.18,158761.71995148
2025-04-15,77.18,78.7,74.66,75.26,141815.75063334
2025-04-16,75.26,76.54,73.28,74.34,166722.92377604
2025-04-17,74.32,76.54,73.64,74.96,142908.1433178
2025-04-18,74.96,77.07,74.61,76,112841.72582573
2025-04-19,76.01,76.79,74.23,76.11,106931.34788149
2025-04-20,76.1,78.49,75.22,77.8,103437.42554505
2025-04-21,77.8,81.79,77.41,78.15,173540.87393097
2025-04-22,78.14,84.72,77.39,83.53,205113.46773191
2025-04-23,83.54,85.26,82.2,83.32,207295.2227946
2025-04-24,83.31,84.65,80.79,84.31,186211.10929861
2025-04-25,84.33,87.34,82.94,86.33,181050.23563076
2025-04-26,86.35,88.09,85.24,87.09,104153.98212508
2025-04-27,87.1,87.64,84.59,85.41,107629.91050552
2025-04-28,85.41,88.12,83.74,85.7,210373.92299355
2025-04-29,85.7,87.48,84.53,85.59,170405.9293781
2025-04-30,85.59,86.66,81.46,83.53,205115.26568208
2025-05-01,83.53,91.05,83.31,88.86,222942.86872287
2025-05-02,88.89,91.87,87.07,88,144112.42270899
2025-05-03,88.02,88.05,85.57,86.55,94031.77085079
2025-05-04,86.56,86.93,84.8,85.05,116718.31513426
2025-05-05,85.06,89.5,82.11,83.26,313507.19628963
2025-05-06,83.24,92.65,81.01,91.58,436398.41702806
2025-05-07,91.59,93.62,87.22,89.56,402771.20770103
2025-05-08,89.56,95.45,89.41,94.98,402660.96019469
2025-05-09,94.96,101.55,93.81,100.53,390368.83571062
2025-05-10,100.53,107.05,100.45,105.28,473041.89614101
2025-05-11,105.25,105.96,98.15,100.16,320729.95285731
2025-05-12,100.16,105.08,98.29,103.83,478887.11827214
2025-05-13,103.87,105.34,99.43,103.45,437449.48629114
2025-05-14,103.41,105.88,98.6,100.99,357373.8081695
2025-05-15,101,101.94,95.59,99.31,373584.3704164
2025-05-16,99.32,102.21,98.28,99.5,177030.67154577
2025-05-17,99.52,101.25,95.68,96.11,165579.47191369
2025-05-18,96.13,102.5,95.88,101,167497.12365704
2025-05-19,101,101.31,94.37,98.27,164498.31442553
2025-05-20,98.27,99.71,92.39,94.53,201861.95000862
2025-05-21,94.54,98.37,93.48,97.14,182275.44020756
2025-05-22,97.15,101.1,96.98,100.26,216372.85656271
2025-05-23,100.28,102.93,94.64,95.31,191760.66771215
2025-05-24,95.29,97.85,94.84,95.63,79648.08729952
2025-05-25,95.66,96.12,93.12,95.68,83914.85625412
2025-05-26,95.69,97.66,94.35,95.07,116366.60030241
2025-05-27,95.07,97.06,93.07,95.94,202738.62309708
2025-05-28,95.94,97.53,93.54,95.4,103035.40107007
2025-05-29,95.42,98.95,92.87,93.22,164765.07990196
2025-05-30,93.21,93.92,84.96,85.68,170408.71946368
2025-05-31,85.7,87.99,83.19,87.1,104508.58413187
2025-06-01,87.1,88.78,85.8,88.44,74902.42447034
2025-06-02,88.46,90.01,86.99,89.58,94530.87807871
2025-06-03,89.58,90.66,88.74,89.55,88576.8039656
2025-06-04,89.54,91.02,87.44,88.03,79825.65824596
2025-06-05,88.04,89.16,82,83.64,131493.91482838
2025-06-06,83.64,87.75,83.23,87.35,106701.34635922
2025-06-07,87.33,89.36,86.7,88.39,64818.3084862
2025-06-08,88.39,88.69,86.61,87.22,69031.07049563
2025-06-09,87.22,90.86,86.77,90.81,99672.51546988
2025-06-10,90.79,93.49,89.56,93.35,126618.02494182
2025-06-11,93.35,94.21,90.41,91.59,109205.51091715
2025-06-12,91.59,91.92,86.07,86.18,101204.02455104
2025-06-13,86.18,86.74,81.37,86.6,157745.20854831
2025-06-14,86.58,86.97,84.23,85.22,76251.83063853
2025-06-15,85.21,86.61,84.93,86.32,69544.01751078
2025-06-16,86.31,88.98,85.36,86.72,105756.91166471
2025-06-17,86.72,87.81,82.5,84.26,116814.85717726
2025-06-18,84.27,85.7,83.36,85.13,86567.28504806
2025-06-19,85.13,85.99,84.19,85.13,88900.38697366
2025-06-20,85.15,86,80.93,82.96,122479.02973199
2025-06-21,82.94,84.14,78.68,80.31,100260.93042959
2025-06-22,80.3,82.07,76.21,80.25,157722.94256534
2025-06-23,80.23,85.5,79.51,84.96,123527.73749671
2025-06-24,84.97,85.45,83.86,84.89,95967.61574715
2025-06-25,84.88,85.5,83.99,84.74,132383.98103813
2025-06-26,84.74,86,83.8,84.33,87206.07359534
2025-06-27,84.31,85.69,83.21,84.88,94895.73536852
2025-06-28,84.89,87.43,84.59,86.36,71961.07586693
2025-06-29,86.36,88.52,85.89,87.99,72454.03389144
2025-06-30,87.98,88.38,84.79,86.03,102793.26579535
2025-07-01,86.02,86.86,82.42,83.26,96724.49511438
2025-07-02,83.25,88.7,82.98,87.36,114854.89721316
2025-07-03,87.36,92.32,86.93,89.11,169958.73530634
2025-07-04,89.11,89.35,85.7,86.87,116571.15369902
2025-07-05,86.86,87.86,85.85,87.57,58187.32255941
2025-07-06,87.58,88.57,86.5,87.37,80909.84088309
2025-07-07,87.37,88.28,85.15,86.06,122478.43858983
2025-07-08,86.07,88.04,85.53,87.81,91845.50653178
2025-07-09,87.81,91.42,87.14,90.64,137515.78000628
2025-07-10,90.65,95.32,90.15,94.86,160543.41736722
2025-07-11,94.86,98.33,92.69,94.3,242951.31013991
2025-07-12,94.29,95.5,90.78,92.8,162416.87177222
2025-07-13,92.8,96.93,92.53,94.68,180357.18490446
2025-07-14,94.68,97.99,94.11,95.65,208863.95588283
2025-07-15,95.63,96.74,91.19,96.38,189204.37910745
2025-07-16,96.38,99.98,95.13,97.52,203102.32351734
2025-07-17,97.52,103.65,95.36,101.66,356863.7174819
2025-07-18,101.67,112.31,100.12,101.8,540952.98346659
2025-07-19,101.8,114.21,99.73,113.21,431076.75597456
2025-07-20,113.21,121.51,110.62,116.64,417699.01979394
2025-07-21,116.63,122,114.61,115.49,263687.85375292
2025-07-22,115.49,119.96,112.64,119.7,354555.33570056
2025-07-23,119.73,122.33,108.93,112.12,369142.73770894
2025-07-24,112.12,115.49,106.64,112.28,213919.34562827
2025-07-25,112.32,116.4,108.21,113.81,241003.73831919
2025-07-26,113.8,115.5,112.07,113.95,95402.28624457
2025-07-27,113.95,115.64,112.47,114.85,116367.44339172
2025-07-28,114.85,116.41,108.28,109.06,213973.51011584
2025-07-29,109.07,110.79,106.73,108.5,163608.95538836
2025-07-30,108.49,111.36,105.38,110.52,258876.58368823
2025-07-31,110.53,111.86,105.77,106.08,225977.65430935
2025-08-01,106.08,108.34,103.09,106.57,343129.3550361
2025-08-02,106.58,110.16,104.06,106.08,282816.73796833
2025-08-03,106.12,111.45,104.14,110.4,171535.28779933
2025-08-04,110.41,121.45,110.16,121.2,249548.27525592
2025-08-05,121.16,129.15,119.34,120.25,340165.08065206
2025-08-06,120.27,121.16,115.16,119.24,188904.28131917
2025-08-07,119.21,123.15,117.41,122.93,237818.53058511
2025-08-08,122.94,126.43,119.34,123.79,221805.77431937
2025-08-09,123.79,126.35,120.18,120.22,170738.98647568
2025-08-10,120.23,125.98,118.26,123.77,192358.51457312
2025-08-11,123.75,128.14,119.56,120.08,362492.97391214
2025-08-12,120.08,131.93,118.37,130.41,311911.39439826
2025-08-13,130.41,134.14,128.63,130.94,240321.13268916
2025-08-14,130.94,133.93,119.58,121.37,369533.59004621
2025-08-15,121.39,123.36,116.58,119.21,237002.84562501
2025-08-16,119.2,121.13,117.25,121.11,165422.15829088
2025-08-17,121.11,123.29,119.86,120.81,115946.07637581
2025-08-18,120.8,121,115.37,117.81,182761.65867826
2025-08-19,117.83,119.12,112.22,112.65,207263.35436249
2025-08-20,112.66,117.12,112.09,116.07,159516.43230129
2025-08-21,116.07,117.32,113.44,114.76,120977.29159738
2025-08-22,114.74,123.64,112.47,122.93,199747.51123972
2025-08-23,122.92,123.33,119.72,121.41,92158.97121963
2025-08-24,121.42,124.75,117.08,118.19,169247.2474019
2025-08-25,118.19,118.64,106.76,109.18,256186.11141207
2025-08-26,109.18,114.81,108.82,113.5,134029.02965324
2025-08-27,113.49,116.25,111.96,112.17,146589.40817534
2025-08-28,112.18,114.63,111.32,113.66,93682.24204953
2025-08-29,113.66,113.86,108.61,109.92,125189.2533805
2025-08-30,109.94,111.26,108.33,110.86,80802.18524496
2025-08-31,110.87,111.95,108.76,108.91,62484.25371213
2025-09-01,108.89,111.35,106.46,108.73,129187.94933375
2025-09-02,108.74,112.11,108.58,111.77,161853.70519048
2025-09-03,111.78,113.33,110.79,113.06,88801.8511658
2025-09-04,113.06,113.52,109.54,111.08,84844.16784119
2025-09-05,111.07,115.13,111.02,112.05,137198.10188415
2025-09-06,112.06,112.55,111.2,112.13,57463.90214706
2025-09-07,112.16,115.4,112.16,114.92,79500.1624374
2025-09-08,114.93,115.51,111.92,112.76,134175.66364256
2025-09-09,112.76,114.69,110.81,111.93,107854.50747759
2025-09-10,111.95,118.74,111.54,117.68,143081.98628703
2025-09-11,117.64,117.82,112.98,115.87,120341.83479936
2025-09-12,115.88,118.36,114.8,118.12,122878.03484609
2025-09-13,118.11,121,117.47,119.31,150213.84403438
2025-09-14,119.3,119.41,114.02,115.15,109251.96457278
2025-09-15,115.17,116.79,112.05,113.77,122010.49417945
2025-09-16,113.77,115.85,112.05,115.09,113052.91817048
2025-09-17,115.08,117.63,113.1,117.06,109319.80165728
2025-09-18,117.06,119.16,114.94,118.26,132006.92186282
2025-09-19,118.26,119.53,113.44,114.11,138554.0050159
2025-09-20,114.1,115.38,113.48,113.99,74636.88075572
2025-09-21,113.99,116.32,113.78,114.08,65667.48676654
2025-09-22,114.05,114.57,102.55,105.77,238165.43448123
2025-09-23,105.76,107.3,104.42,106.09,100074.28573038
2025-09-24,106.11,107.73,104.57,105.57,131470.72109586
2025-09-25,105.58,105.9,100.31,102.36,163002.94556969
2025-09-26,102.37,104.98,101.04,104.63,99377.72115412
2025-09-27,104.63,104.99,103.38,104.53,58062.43671187
2025-09-28,104.52,107.17,102.78,106.9,65750.47639713
2025-09-29,106.91,107.66,105.34,106.83,102430.85437824
2025-09-30,106.82,107.63,103.86,106.89,102379.53005659
2025-10-01,106.89,115.39,105.42,115.16,168823.82566547
2025-10-02,115.17,122.71,115.17,119.65,392168.26854959
2025-10-03,119.62,124.86,115.88,120.65,233376.1404187
2025-10-04,120.64,121.08,117.49,120.55,104266.88632417
2025-10-05,120.56,124.19,118.37,118.88,160184.23469506
2025-10-06,118.88,121.51,118.15,118.39,176830.80306254
2025-10-07,118.38,119.33,115.3,116.97,187329.95523695
2025-10-08,116.98,119.63,115.38,118.64,100923.97405018
2025-10-09,118.64,128.11,115.47,125.96,273231.89365295
2025-10-10,125.98,135.92,71.73,99.23,926898.73472816
2025-10-11,98.51,102.9,90,93.46,450602.26294761
2025-10-12,93.46,102.24,91.75,99.17,452301.5686208
2025-10-13,99.17,101.45,94.88,99.57,543137.44407421
2025-10-14,99.56,100.59,91.25,97.39,507725.27471682
2025-10-15,97.4,100,93.39,95.58,301539.17738127
2025-10-16,95.58,97.5,89.68,91.83,387043.01234896
2025-10-17,91.81,93.14,84.26,90.16,420744.25673402
2025-10-18,90.15,92.26,89.93,91.7,121504.78585513
2025-10-19,91.72,94.84,90.74,93.36,107367.43550134
2025-10-20,93.36,95.84,92.28,94.02,138829.21881446
2025-10-21,94.01,97.34,91.67,92.48,269109.39813123
2025-10-22,92.45,96,89.91,91.89,348055.30672737
2025-10-23,91.89,94.81,91.8,94.08,105341.05843971
2025-10-24,94.08,97.48,93.96,96.48,193369.68165195
2025-10-25,96.47,97.08,95.7,97,46661.59747967
2025-10-26,97,100.93,96.37,100.03,105735.70985989
2025-10-27,100,103.11,98.17,99.4,223926.99696888
2025-10-28,99.38,106.92,95.41,96.65,371607.37139973
2025-10-29,96.63,101.44,95.94,98.55,188065.21339846
2025-10-30,98.55,99.79,90.43,93.4,276514.51409949
2025-10-31,93.4,96.76,92.99,95.35,159424.26066608
2025-11-01,95.34,101.88,95,101.32,199227.96213871
2025-11-02,101.32,101.49,97.48,99.41,142223.34481743
2025-11-03,99.41,99.79,85.56,87.41,293686.876011
2025-11-04,87.4,91.18,79.68,85.2,354874.751428
2025-11-05,85.19,89.98,82.01,89.38,218340.91951331
2025-11-06,89.39,89.41,85.23,86.96,192372.405648
2025-11-07,86.97,107,85.88,101.83,619740.83164113
2025-11-08,101.83,108.3,98,106.95,306153.64531693
2025-11-09,106.92,113.69,98.78,110.36,704620.51847321
2025-11-10,110.34,112.8,103.52,104.21,478189.05976519
2025-11-11,104.22,107.21,98.84,99.64,361601.35009426
2025-11-12,99.65,104.31,94.87,97.59,377130.83425466
2025-11-13,97.59,102.59,93.67,96.51,279044.81155543
2025-11-14,96.5,100.16,93.25,97.6,308435.56121326
2025-11-15,97.6,109.45,97.48,101.64,371599.78395004
2025-11-16,101.63,103.31,94.16,95.74,222387.44221744
2025-11-17,95.74,97.85,90.47,91.16,329051.76312315
2025-11-18,91.18,97.48,90.36,95.6,356176.85038807
2025-11-19,95.62,95.93,88.8,92.82,224888.57649028
2025-11-20,92.82,93.74,85.76,87.14,188178.16373703
2025-11-21,87.13,88.55,80,82.6,356208.76418229
2025-11-22,82.59,83.87,80.77,82.05,134508.52738544
2025-11-23,82.07,84.41,81.8,83.08,143765.69941138
2025-11-24,83.08,87.3,82.16,85.44,174692.93941415
2025-11-25,85.44,86.72,83.05,85.26,152250.68161809
2025-11-26,85.26,87.7,83.28,86.85,136048.84062699
2025-11-27,86.83,87.76,85.97,86.58,98508.89020307
2025-11-28,86.57,86.76,83.15,84.24,135422.7606382
2025-11-29,84.23,85.73,83.16,83.97,87492.14057584
2025-11-30,83.98,84.86,82.29,82.39,84734.93607942
2025-12-01,82.39,82.52,74.68,77.56,277505.42981478
2025-12-02,77.58,83.36,77.31,82.83,162270.74991303
2025-12-03,82.84,86.75,82.53,85.83,188417.90169941
2025-12-04,85.86,86.79,82.08,83.56,141272.09813493
2025-12-05,83.55,84.16,79.63,80.42,136155.95737886
2025-12-06,80.42,82.52,79.93,81.71,87533.2413531
2025-12-07,81.71,83.78,79.9,81.43,107405.22695261
2025-12-08,81.42,84.49,81.02,83.89,113658.77142677
2025-12-09,83.87,87.55,82.47,85.82,131299.12164388
2025-12-10,85.84,87.11,83.77,84.34,116902.87917055
2025-12-11,84.34,84.6,80.33,82.96,126634.44176887
2025-12-12,82.96,84.49,80.48,81.97,91519.50883945
2025-12-13,81.97,82.47,80.8,81.48,64078.26034144
2025-12-14,81.5,82.01,77.99,78.98,87399.27749307
2025-12-15,78.96,81.42,75.76,77.52,127646.94781641
2025-12-16,77.53,79.79,76.44,79.05,122080.74983859
2025-12-17,79.05,81.01,75.14,76,125783.68423047
2025-12-18,76,78.51,72.63,74.25,139527.44568634
2025-12-19,74.26,77.96,73.52,77.45,110463.66892298
2025-12-20,77.44,79.37,76.26,77.83,81759.04491678
2025-12-21,77.82,78.04,75.46,76.76,75480.02770026
2025-12-22,76.76,79.46,76.31,77,108020.10402984
2025-12-23,77,77.91,75.46,76.95,95067.42194743
2025-12-24,76.98,77.38,75.19,75.76,102831.71497618
2025-12-25,75.75,77.53,75.32,75.67,80813.89442194
2025-12-26,75.65,77.93,75.43,76.82,92832.50702313
2025-12-27,76.83,80.48,76.72,80.27,92795.75069064
2025-12-28,80.28,80.51,77.8,78.67,85696.01476703
2025-12-29,78.67,80.2,76.84,78.22,137326.40731007
2025-12-30,78.26,78.95,77.55,78.81,83368.68996877
2025-12-31,78.81,78.81,75.94,76.73,130541.13579018
2026-01-01,76.71,79.95,76.54,79.87,112214.10358228
2026-01-02,79.88,82.23,78.95,81.9,121388.0333734
2026-01-03,81.9,82.8,80.72,82.04,104709.68850015
2026-01-04,82.04,83.14,81.62,82.25,97169.95990762
2026-01-05,82.23,84.56,81.42,83.47,138048.292284
2026-01-06,83.45,84.84,81.13,83.94,110076.48028649
2026-01-07,83.94,83.94,80.9,81.65,101690.08555194
2026-01-08,81.65,82.24,79.88,81.25,102165.93579555
2026-01-09,81.23,82.03,79.85,81.39,98246.96267776
2026-01-10,81.38,82.31,80.62,81.09,60728.11733091
2026-01-11,81.08,81.69,78.44,78.68,92153.33994809
2026-01-12,78.68,80.64,75.54,76.04,238855.49292702
2026-01-13,76.02,78.93,75.22,78.13,245856.12868704
2026-01-14,78.15,81.52,76.11,76.66,431437.83282915
2026-01-15,76.68,76.96,69.99,72.2,458223.28842203
2026-01-16,72.2,76.05,70.8,75.17,305354.52588549
2026-01-17,75.19,76.15,73.7,74.89,174070.05351199
2026-01-18,74.87,75.84,72.07,72.26,180382.96132768
2026-01-19,72.25,72.25,66.66,70.77,261238.77154119
2026-01-20,70.76,71,65.8,67.04,357497.17188242
2026-01-21,67.06,69.65,65.97,68.42,247415.67808266
2026-01-22,68.41,69.59,67.08,68.14,159421.06998278
2026-01-23,68.15,69.5,66.9,67.99,166972.91603699
2026-01-24,68,68.87,67.63,68.08,79375.78587113
2026-01-25,68.1,70.28,65.16,67.23,260498.71459064
2026-01-26,67.24,70,66.92,69.66,200267.30458669
2026-01-27,69.66,70.38,68.54,69.94,137530.58279827
2026-01-28,69.94,70.22,68.34,69.33,143709.45292602
2026-01-29,69.31,69.44,64.34,66.15,222819.87135396
2026-01-30,66.15,66.37,62.92,65.38,276673.52439914
2026-01-31,65.37,65.4,54.96,59.48,388278.24070167
2026-02-01,59.45,59.8,57.12,58.44,271501.41957628
2026-02-02,58.45,61.13,56.41,59.97,324385.53711131
2026-02-03,59.95,61.3,56.82,59.41,251382.95550793
2026-02-04,59.39,60.91,56.95,58.76,272317.42775432
2026-02-05,58.77,59.37,50.1,50.71,590598.55599544
2026-02-06,50.69,56.45,45.08,54.99,516568.03463146
2026-02-07,54.97,55.96,52.83,55.17,273476.85721059
2026-02-08,55.19,55.77,53.61,54.49,152090.631166
2026-02-09,54.5,55.09,52.32,54.42,145302.10956706
2026-02-10,54.42,54.66,52.79,53.34,124993.31854079
2026-02-11,53.33,53.69,50.99,52.28,157815.80374678
2026-02-12,52.29,53.78,51.5,53.11,107220.61317216
2026-02-13,53.1,55.68,52.32,55,129869.98449724
2026-02-14,55,56.62,54.85,55.96,105326.12924268
2026-02-15,55.97,56.66,54.17,55.05,136286.03252837
2026-02-16,55.05,55.64,53.31,55.11,103524.67289507
2026-02-17,55.11,55.82,53.14,53.91,107004.01609743
2026-02-18,53.89,54.91,52.94,53.31,92163.74260682
2026-02-19,53.3,53.71,51.41,52.68,101801.88163106
2026-02-20,52.68,55.45,52.64,55.19,153987.58177891
2026-02-21,55.19,55.99,54.78,54.88,93814.01196471
2026-02-22,54.89,54.91,52.93,53.47,87824.6865904
2026-02-23,53.44,53.52,50.72,51.35,158020.40070591
2026-02-24,51.33,51.88,50.16,51.18,137143.13954544
2026-02-25,51.19,58.99,51.05,56.78,249740.14820792
2026-02-26,56.74,57.09,54.39,55.64,179749.11954695
2026-02-27,55.62,56.38,53.42,54.58,165909.03113834
2026-02-28,54.56,54.98,51.49,54.43,208451.64125505
2026-03-01,54.41,55.56,52.48,53.25,173732.19058165
2026-03-02,53.23,55.73,52.93,54.6,195530.11952643
2026-03-03,54.61,55.25,53.02,54.79,158392.79478314
2026-03-04,54.8,57.71,54.32,56.79,206605.23422542
2026-03-05,56.79,57.29,55.06,55.48,154394.79344959
2026-03-06,55.48,57,53.07,53.8,143822.07350638
2026-03-07,53.8,54.29,53.21,53.6,89735.20958928
2026-03-08,53.6,53.89,51.88,52.59,121658.70172192
2026-03-09,52.6,54.75,52.49,53.78,138261.57070585
2026-03-10,53.77,54.99,53.43,53.88,125116.35095795
2026-03-11,53.89,55.24,53.54,54.8,124700.73289122
2026-03-12,54.81,55.01,53.81,54.58,106703.05154171
2026-03-13,54.59,56.73,54.48,55.31,195197.90585462
2026-03-14,55.31,55.84,54.38,55,86791.08327777
2026-03-15,55,56.42,54.68,56.29,95488.94889157
2026-03-16,56.3,59.21,55.82,58.71,180655.33348713
2026-03-17,58.7,59.26,57.32,58.12,127016.75737472
2026-03-18,58.12,58.6,55.32,56.08,124934.29266521
2026-03-19,56.09,56.37,54.61,55.54,113793.03477088
2026-03-20,55.55,56.46,55.2,56.19,105172.51855918
2026-03-21,56.19,56.59,54.41,54.8,92792.48757556
2026-03-22,54.78,55.03,53.03,53.51,104325.27019669
2026-03-23,53.52,56.16,53.26,55.75,126718.92351005
2026-03-24,55.77,56.49,55.03,56.36,103355.25385012
2026-03-25,56.39,56.78,55.79,56.64,110583.33262646
2026-03-26,56.62,56.66,54.17,54.56,102297.8244735
2026-03-27,54.57,55.16,53.25,53.69,118300.63088089
2026-03-28,53.69,54.89,53.23,53.82,115053.51594383
2026-03-29,53.82,54.35,52.23,53.27,120198.59582991
2026-03-30,53.29,54.37,53.02,53.31,148822.33270543
2026-03-31,53.3,54.21,53.09,53.9,162711.761613
2026-04-01,53.89,54.73,53.71,53.82,135315.91829668
2026-04-02,53.83,54.13,51.4,52.3,152818.50926127
2026-04-03,52.3,53.49,52.14,53.24,94803.05608556
2026-04-04,53.21,53.86,52.98,53.6,80675.98171009
2026-04-05,53.59,54.2,52.59,54.11,87169.07218658
2026-04-06,54.12,54.61,53.21,53.54,109055.18359826
2026-04-07,53.53,55.73,52.92,55.37,125507.5658324
2026-04-08,55.38,55.59,53.9,53.97,119405.53216924
2026-04-09,53.96,55.28,53.47,54.57,129779.43787746
2026-04-10,54.57,55.54,54.24,55,113914.364426
2026-04-11,55,55.73,54.38,55.07,94918.86784835
2026-04-12,55.08,55.09,53.37,53.49,108533.7956747
2026-04-13,53.49,54.77,52.67,54.65,159961.99642265
2026-04-14,54.65,55.29,54.02,54.32,140591.47006439
2026-04-15,54.32,55.68,53.84,55.18,134426.15072675
2026-04-16,55.18,56.61,54.6,56.37,155308.47404876
2026-04-17,56.36,57.44,55.36,56.42,126669.27978536
2026-04-18,56.42,56.78,55.14,55.67,142335.03763637
2026-04-19,55.68,55.86,53.95,54.08,135490.80392039
2026-04-20,54.05,55.47,54.02,55.05,122409.00150012
2026-04-21,55.05,55.9,54.68,55.6,98336.45645169
2026-04-22,55.61,56.57,55.5,55.52,107441.25765191
2026-04-23,55.52,56.27,54.94,56.23,111804.50632104
2026-04-24,56.23,56.78,55.77,56.58,93022.3574075
2026-04-25,56.57,56.77,55.93,56.08,83811.57262977
2026-04-26,56.08,56.49,55.77,56.3,73722.89402935
2026-04-27,56.31,56.83,54.96,55.58,116559.42957506
2026-04-28,55.58,55.78,54.68,55.7,77342.45638705
2026-04-29,55.71,57.68,54.31,55.31,140896.35693965
2026-04-30,55.31,55.97,54.93,55.17,101680.90234531
2026-05-01,55.17,56.03,54.89,55.4,116366.5717664
2026-05-02,55.4,55.71,54.99,55.36,98068.73399682
2026-05-03,55.39,55.76,54.84,55.3,80064.58523636
2026-05-04,55.3,56.42,54.88,54.96,140590.37648405
2026-05-05,54.97,56.62,54.75,56.33,119918.1265702
2026-05-06,56.35,57.95,56.08,56.74,154755.0886075
2026-05-07,56.74,57.4,56.07,56.44,109609.60440156
2026-05-08,56.44,58.99,56.37,58.33,109849.32593079
2026-05-09,58.33,59.17,57.6,57.99,125230.36975465
2026-05-10,57.98,60.62,57.65,60.44,194217.81071708
2026-05-11,60.43,60.6,58.04,58.5,122039.32831199
2026-05-12,58.5,58.65,57.01,58.1,109394.23880219
2026-05-13,58.1,58.95,56.27,56.99,125092.48656351
2026-05-14,56.99,59.56,56.61,58.22,117972.47166562
2026-05-15,58.21,58.51,56.36,57.48,121903.92962352
2026-05-16,57.48,57.68,55.55,56.13,104617.50174108
2026-05-17,56.12,56.48,53.72,54.56,100367.90897496
2026-05-18,54.55,54.57,53.15,54.35,169163.73813349
2026-05-19,54.35,54.56,53.45,54.48,90177.13985788
2026-05-20,54.48,54.52,53.24,53.91,115143.04187231
2026-05-21,53.91,54.64,53.27,54.12,108002.78501029
2026-05-22,54.14,54.51,52.22,52.58,122110.03352002
2026-05-23,52.59,54.17,51.43,53.41,126611.56150976
2026-05-24,53.44,53.61,51.94,52.67,84862.17113673
2026-05-25,52.7,53.11,52.41,52.67,78368.07903393
2026-05-26,52.68,53.05,51.55,51.86,101657.05014271
2026-05-27,51.86,52.79,51.58,51.89,95627.27843374
2026-05-28,51.89,52.07,50.26,51.6,124920.01569961
2026-05-29,51.6,52.27,51.08,51.82,117792.3352902
2026-05-30,51.82,52.72,51.76,52.38,105135.39700736
2026-05-31,52.39,52.69,51.33,51.99,80206.83487686
2026-06-01,51.99,52.22,50.02,50.71,125939.08404545
2026-06-02,50.73,50.78,46.24,46.84,213618.49307064
2026-06-03,46.84,48.48,46.77,47.08,150313.24437533
2026-06-04,47.08,47.42,43.89,45.6,198880.73424724
2026-06-05,45.58,45.81,41.96,43.31,290973.19109126
2026-06-06,43.31,44.03,40.51,41.39,209190.24969958
2026-06-07,41.39,43.39,41.09,42.82,215361.79694504
2026-06-08,42.81,43.82,42.02,43,170450.77582977
2026-06-09,43.01,43.47,41.79,43.01,139808.92988639
2026-06-10,43,43.22,41.22,41.7,133758.54645389
2026-06-11,41.71,42.87,41.69,42.44,156120.22284397
2026-06-12,42.41,43.5,42.13,43.06,127594.79906954
2026-06-13,43.04,44.38,42.93,44.32,109154.94281952
2026-06-14,44.33,45.42,43.71,45.38,135043.44463482
2026-06-15,45.38,46.28,44.75,45.73,157095.68248859
2026-06-16,45.73,46.33,44.47,45.67,121144.47770188
2026-06-17,45.66,45.94,44.35,44.9,114633.17216732
2026-06-18,44.9,45.01,42.95,43.82,121597.33558221
2026-06-19,43.81,44.56,43.15,44.03,107989.5391147
2026-06-20,44.01,44.59,43.74,44.5,87206.97003916
2026-06-21,44.49,46.01,44.33,44.42,102558.69574857
2026-06-22,44.43,45.79,44.25,44.5,92740.76329661
2026-06-23,44.49,44.64,41.75,42.14,121894.78169026
2026-06-24,42.14,42.35,39.27,41.13,172173.36947152
2026-06-25,41.13,41.94,39.21,40.85,166511.836862
2026-06-26,40.86,42.12,39.97,41.87,154551.89349952
2026-06-27,41.87,43.24,41.65,42.11,120384.82913982
2026-06-28,42.11,43.32,41.85,42.46,109123.71684015
2026-06-29,42.46,43.38,42.05,43.13,140662.19108738
2026-06-30,43.13,43.15,41.51,41.88,131372.70131477
2026-07-01,41.88,43.65,41.08,42.68,182133.34081661
2026-07-02,42.67,43.87,42.37,43.49,154203.46209659
2026-07-03,43.5,45.31,43.06,44.79,133371.86336833
2026-07-04,44.79,45.67,43.93,44.82,124498.74774071
2026-07-05,44.82,46.09,43.99,45.77,136479.7497018
2026-07-06,45.78,46.01,43.72,44.81,159197.1096902
2026-07-07,44.82,44.98,43.64,43.89,109729.37599636
2026-07-08,43.89,44.05,43.14,43.64,133181.53477773
2026-07-09,43.64,44.3,43.4,43.77,104062.12555275
2026-07-10,43.76,44.87,43.54,44.76,123193.90881592
2026-07-11,44.75,45.52,44.57,44.61,96948.53123143
2026-07-12,44.62,44.87,43.91,43.98,96046.34619529
2026-07-13,43.96,44.52,42.87,43.51,115483.48718738
2026-07-14,43.53,45.47,43.37,45.38,131771.27609695
2026-07-15,45.38,46.05,44.58,45.15,192522.69371531
2026-07-16,45.13,45.39,44.32,44.91,123172.07185984
2026-07-17,44.9,45.86,44.06,45.15,154965.21427182
2026-07-18,45.13,47.86,45.04,46.97,179712.15190063
2026-07-19,46.99,47.86,46.58,47.03,158111.48366471
2026-07-20,47.03,47.8,46.24,47.33,194924.94726133
2026-07-21,47.32,48.13,46.64,46.83,138030.80956772
2026-07-22,46.84,47.62,46.3,47.13,120649.26852349
2026-07-23,47.13,47.53,46.16,46.94,162394.13704676
2026-07-24,46.94,47.38,45.91,46.34,107042.10760945
2026-07-25,46.34,46.65,45.76,46.53,84056.45767092
2026-07-26,46.53,48.22,46.44,47.81,124471.22693931
2026-07-27,47.8,47.8,45.91,46.02,104702.29261875
2026-07-28,46.02,46.66,45.85,46.16,99922.25216206
2026-07-29,46.17,46.35,44.26,45.4,167634.74253146
2026-07-30,45.41,45.8,44.83,45.55,113581.55182566
2026-07-31,45.55,45.87,44.1,44.27,125165.8302134
2026-08-01,44.28,44.74,43.58,44.22,128451.39392817
2026-08-02,44.22,45.01,44.08,44.65,112234.80524069
2026-08-03,44.64,44.72,43.96,44.26,96339.2218481
2026-08-04,44.25,45.13,44.01,44.81,111996.69796168
2026-08-05,44.81,45.4,44.69,45.28,113759.28105462
2026-08-06,45.29,45.81,44.73,45.42,110204.49611809
2026-08-07,45.42,46.04,45.24,45.53,124531.28902409
2026-08-08,45.52,46.08,45.41,45.98,76938.83733705
2026-08-09,45.98,46.47,45.36,45.41,101873.06968827
2026-08-10,45.4,45.75,44.92,45.1,107414.38842805
2026-08-11,45.1,45.54,44.89,45.47,87590.28505504
2026-08-12,45.47,45.62,44.58,44.84,132835.79647613
2026-08-13,44.84,45.03,44.57,44.8,121440.43348141
2026-08-14,44.79,44.91,43.33,43.82,143880.78976308
2026-08-15,43.82,44.3,43.61,44.08,96418.61945377
2026-08-16,44.08,44.78,43.99,44.11,110734.96652115
2026-08-17,44.1,44.62,43.78,44.53,126160.01667307
2026-08-18,44.54,44.72,44.11,44.356,107510.87057882
2026-08-19,44.36,47.231,44.29,46.772,167050.83066912
2026-08-20,46.781,48.578,46.457,47.809,282396.72529282
2026-08-21,47.799,54.189,47.761,53.08,407000.49138403
2026-08-22,53.097,55.453,50.238,52.464,514456.98824275
2026-08-23,52.465,53.198,50.61,52.284,215089.34176132
2026-08-24,52.285,54.089,51.26,51.661,261958.85064594
2026-08-25,51.643,52.979,49.478,49.959,148989.44141487
2026-08-26,49.964,50.89,49.145,50.516,150457.78731986
2026-08-27,50.496,50.55,49.39,49.936,131366.97046306
2026-08-28,49.946,50.532,47.97,49.332,125544.01483181
2026-08-29,49.332,49.509,48.575,49.022,93615.30241786
2026-08-30,49.024,50.138,47.446,47.948,94442.68226875
2026-08-31,47.922,49.048,47.729,48.544,118496.81874521
2026-09-01,48.541,50.077,48.287,49.529,137611.06612204
2026-09-02,49.548,49.986,48.479,49.661,111525.6660673
2026-09-03,49.666,51.88,49.46,51.493,133867.49438228
2026-09-04,51.5,51.825,49.794,50.757,113677.0529552
2026-09-05,50.761,55.358,50.724,54.715,281641.38430693
2026-09-06,54.713,55.225,53.378,54.958,144997.37194362
