date,open,high,low,close,volume
2016-08-23,1.576,1.583,1.5682,1.5728,339426760
2016-08-24,1.5783,1.579,1.5413,1.5485,298275200
2016-08-25,1.549,1.5498,1.519,1.5383,405703600
2016-08-26,1.5423,1.5595,1.53,1.5508,299846480
2016-08-29,1.557,1.5633,1.5471,1.5498,274446240
2016-08-30,1.5478,1.5561,1.5365,1.5408,285426800
2016-08-31,1.5438,1.548,1.529,1.5335,388270440
2016-09-01,1.5348,1.5845,1.5335,1.5788,428318400
2016-09-02,1.582,1.5838,1.5455,1.5633,323088200
2016-09-06,1.5688,1.578,1.5607,1.578,305878440
2016-09-07,1.573,1.5807,1.5458,1.5548,397687120
2016-09-08,1.5533,1.5685,1.5355,1.566,314982120
2016-09-09,1.5488,1.5575,1.475,1.488,697500000
2016-09-12,1.4683,1.5216,1.4329,1.5188,597549600
2016-09-13,1.515,1.5325,1.4883,1.4968,470934400
2016-09-14,1.5003,1.515,1.4878,1.51,319212480
2016-09-15,1.5125,1.569,1.509,1.5673,515260800
2016-09-16,1.5728,1.5813,1.553,1.571,902392400
2016-09-19,1.5875,1.6315,1.5803,1.5918,416356000
2016-09-20,1.61,1.61,1.5685,1.5773,330649200
2016-09-21,1.582,1.6245,1.5818,1.6215,336104120
2016-09-22,1.631,1.636,1.6163,1.6255,308002560
2016-09-23,1.6275,1.6323,1.6165,1.6238,276122440
2016-09-26,1.6052,1.615,1.5883,1.6085,229837400
2016-09-27,1.6023,1.666,1.6015,1.6635,402508800
2016-09-28,1.666,1.6708,1.6483,1.6695,319770240
2016-09-29,1.6668,1.6903,1.6513,1.685,336448000
2016-09-30,1.6943,1.7298,1.6843,1.713,429813200
2016-10-03,1.713,1.7378,1.7083,1.7113,242498640
2016-10-04,1.7138,1.7425,1.6948,1.7075,281487200
2016-10-05,1.722,1.7395,1.7005,1.7058,301787600
2016-10-06,1.6852,1.6958,1.6565,1.6835,359658920
2016-10-07,1.6948,1.6993,1.6665,1.6712,286129320
2016-10-10,1.68,1.689,1.6618,1.6775,287355400
2016-10-11,1.672,1.6745,1.6405,1.6532,388124520
2016-10-12,1.6465,1.6695,1.6328,1.6608,419636400
2016-10-13,1.6413,1.645,1.5925,1.6338,390021400
2016-10-14,1.6538,1.665,1.64,1.6498,330593480
2016-10-17,1.6495,1.665,1.638,1.6403,195062440
2016-10-18,1.663,1.6748,1.6563,1.6653,268906160
2016-10-19,1.654,1.6695,1.6455,1.6618,198538080
2016-10-20,1.6813,1.6988,1.6575,1.6933,311884640
2016-10-21,1.6872,1.6915,1.6725,1.6885,279477280
2016-10-24,1.7,1.7698,1.6997,1.7677,339648240
2016-10-25,1.7648,1.8075,1.7563,1.7968,396779040
2016-10-26,1.7817,1.8238,1.78,1.804,333669160
2016-10-27,1.8178,1.8213,1.7596,1.767,388540040
2016-10-28,1.7755,1.8025,1.7608,1.764,290520640
2016-10-31,1.7698,1.7906,1.7688,1.779,252206960
2016-11-01,1.7855,1.7953,1.7073,1.7263,472846400
2016-11-02,1.7395,1.763,1.7159,1.719,295586240
2016-11-03,1.727,1.7285,1.666,1.699,309141120
2016-11-04,1.6878,1.7183,1.6644,1.6892,328421800
2016-11-07,1.7388,1.793,1.7375,1.7817,487434000
2016-11-08,1.7885,1.7942,1.7625,1.779,428953200
2016-11-09,1.7308,1.7725,1.718,1.749,456131200
2016-11-10,1.7873,1.7875,1.669,1.6943,827492400
2016-11-11,1.9878,2.2193,1.9625,2.1993,2174498000
2016-11-14,2.2023,2.2048,2.0905,2.091,1348280000
2016-11-15,2.1073,2.1863,2.0983,2.1547,623836000
2016-11-16,2.1835,2.3139,2.1586,2.2908,987376000
2016-11-17,2.3078,2.3698,2.2663,2.3098,832428000
2016-11-18,2.3098,2.3583,2.295,2.334,575472800
2016-11-21,2.3523,2.3588,2.31,2.3245,436182400
2016-11-22,2.3325,2.3435,2.3095,2.3413,329997560
2016-11-23,2.343,2.3812,2.3192,2.3493,442994800
2016-11-25,2.3605,2.3775,2.3352,2.354,195563120
2016-11-28,2.3468,2.3685,2.34,2.3527,278450760
2016-11-29,2.35,2.361,2.3133,2.3313,444179600
2016-11-30,2.34,2.354,2.3025,2.305,439998400
2016-12-01,2.3025,2.3043,2.1193,2.191,1034954000
2016-12-02,2.1563,2.22,2.128,2.2113,477808000
2016-12-05,2.2498,2.3153,2.225,2.297,601664800
2016-12-06,2.3053,2.3433,2.2893,2.3348,498296000
2016-12-07,2.321,2.3825,2.3025,2.3767,480332800
2016-12-08,2.3798,2.4155,2.3263,2.337,381320360
2016-12-09,2.355,2.3567,2.2677,2.2955,382199840
2016-12-12,2.2462,2.2488,2.1885,2.2398,600807600
2016-12-13,2.2523,2.3073,2.2513,2.2793,386145880
2016-12-14,2.3135,2.4278,2.2893,2.4113,983130800
2016-12-15,2.4225,2.4985,2.415,2.4678,746226800
2016-12-16,2.4958,2.5175,2.4432,2.5103,1088590000
2016-12-19,2.4925,2.5612,2.475,2.5408,744264800
2016-12-20,2.6145,2.6532,2.603,2.6293,846926400
2016-12-21,2.641,2.6488,2.5928,2.6458,575669200
2016-12-22,2.6705,2.7218,2.6633,2.6778,718192800
2016-12-23,2.6595,2.7459,2.6568,2.7445,647251600
2016-12-27,2.8015,2.934,2.7805,2.933,1189433600
2016-12-28,2.99,2.9983,2.7172,2.7313,2285030400
2016-12-29,2.6225,2.7873,2.57,2.7858,2165589200
2016-12-30,2.7837,2.798,2.6575,2.6685,1211225600
2017-01-03,2.61,2.6593,2.4845,2.5503,1500352800
2017-01-04,2.585,2.6375,2.5383,2.6098,1197514400
2017-01-05,2.6133,2.6455,2.5263,2.5435,983486400
2017-01-06,2.5713,2.6063,2.53,2.5775,822479600
2017-01-09,2.5875,2.7,2.5875,2.682,915216800
2017-01-10,2.6953,2.7298,2.6408,2.6618,879494400
2017-01-11,2.65,2.655,2.6038,2.629,525130000
2017-01-12,2.6058,2.6175,2.5405,2.586,625074400
2017-01-13,2.59,2.625,2.5765,2.5858,457503200
2017-01-17,2.575,2.58,2.5143,2.5278,580340400
2017-01-18,2.506,2.5808,2.4778,2.5738,653419200
2017-01-19,2.5768,2.6615,2.5745,2.629,644242400
2017-01-20,2.652,2.67,2.578,2.6003,490685200
2017-01-23,2.595,2.6475,2.5925,2.6273,366186000
2017-01-24,2.6375,2.6895,2.6225,2.6833,426666800
2017-01-25,2.7263,2.7325,2.6584,2.6948,522978400
2017-01-26,2.6975,2.7488,2.6675,2.7413,458380400
2017-01-27,2.7483,2.7973,2.7212,2.7942,471272400
2017-01-30,2.773,2.7753,2.6978,2.7505,495664000
2017-01-31,2.7238,2.7513,2.705,2.7295,362046600
2017-02-01,2.7645,2.853,2.7465,2.8488,588456000
2017-02-02,2.8325,2.8935,2.8015,2.8848,482667200
2017-02-03,2.8863,2.8975,2.8475,2.8595,372509880
2017-02-06,2.85,2.9332,2.85,2.9328,506008400
2017-02-07,2.9675,3.023,2.9475,2.9783,745228000
2017-02-08,2.96,2.9828,2.9095,2.9653,448946400
2017-02-09,2.9715,2.9765,2.89,2.9095,798053600
2017-02-10,2.9983,3.0175,2.815,2.8405,1649957600
2017-02-13,2.8348,2.8495,2.705,2.7095,1178219600
2017-02-14,2.6997,2.7538,2.6573,2.7195,850258400
2017-02-15,2.7225,2.745,2.694,2.725,372517080
2017-02-16,2.7348,2.736,2.6415,2.6813,646143200
2017-02-17,2.6675,2.6852,2.6198,2.6808,562992400
2017-02-21,2.7058,2.7808,2.7055,2.7767,551456800
2017-02-22,2.7855,2.795,2.7498,2.769,426390000
2017-02-23,2.6375,2.6598,2.492,2.5122,1582206800
2017-02-24,2.4268,2.55,2.3925,2.5365,1028804800
2017-02-27,2.555,2.6255,2.539,2.6103,714968400
2017-02-28,2.62,2.63,2.5194,2.537,624838800
2017-03-01,2.5948,2.6093,2.5278,2.5698,504284400
2017-03-02,2.5568,2.571,2.4723,2.475,753194800
2017-03-03,2.4642,2.4693,2.4055,2.4608,864976400
2017-03-06,2.424,2.4525,2.3793,2.4418,883084400
2017-03-07,2.4418,2.4883,2.4288,2.4685,602774000
2017-03-08,2.5175,2.5325,2.4618,2.464,621000000
2017-03-09,2.4478,2.4863,2.435,2.4635,477566400
2017-03-10,2.4903,2.5023,2.4595,2.478,499212800
2017-03-13,2.4885,2.5563,2.4878,2.5463,772441600
2017-03-14,2.5593,2.5688,2.5118,2.5445,519920400
2017-03-15,2.5563,2.5747,2.508,2.5638,614077600
2017-03-16,2.5745,2.5958,2.5602,2.5953,519460000
2017-03-17,2.613,2.653,2.5953,2.6517,1117862000
2017-03-20,2.6695,2.7403,2.6532,2.7363,746958800
2017-03-21,2.7188,2.749,2.6396,2.6478,912345600
2017-03-22,2.6365,2.7065,2.6325,2.7018,615117200
2017-03-23,2.6938,2.7139,2.6675,2.6773,532621600
2017-03-24,2.7243,2.7323,2.6605,2.6868,439087200
2017-03-27,2.6395,2.7101,2.5894,2.7063,506190800
2017-03-28,2.7075,2.7223,2.6818,2.6923,432277200
2017-03-29,2.6997,2.7123,2.6813,2.6835,349618960
2017-03-30,2.6908,2.75,2.685,2.735,524211600
2017-03-31,2.7253,2.7473,2.7101,2.7233,440503600
2017-04-03,2.7238,2.7413,2.6855,2.7095,444970800
2017-04-04,2.585,2.6105,2.5085,2.5195,1267350000
2017-04-05,2.5004,2.5593,2.4875,2.5008,746040000
2017-04-06,2.506,2.5313,2.4603,2.519,634443600
2017-04-07,2.5255,2.5433,2.493,2.5083,425212000
2017-04-10,2.509,2.5158,2.44,2.4443,755156400
2017-04-11,2.4138,2.4725,2.4087,2.453,617295600
2017-04-12,2.453,2.4675,2.4275,2.4328,413634400
2017-04-13,2.4083,2.4303,2.3872,2.3872,506226000
2017-04-17,2.4003,2.481,2.395,2.4808,496577200
2017-04-18,2.4663,2.4885,2.44,2.4823,369628000
2017-04-19,2.5,2.5245,2.4853,2.492,380632240
2017-04-20,2.5068,2.5362,2.4853,2.5315,403748800
2017-04-21,2.521,2.5448,2.509,2.542,341578200
2017-04-24,2.574,2.587,2.5528,2.5738,371474040
2017-04-25,2.5885,2.6333,2.5668,2.6185,388094520
2017-04-26,2.6323,2.6348,2.5985,2.6005,326575080
2017-04-27,2.608,2.6495,2.5898,2.641,319371840
2017-04-28,2.634,2.641,2.6018,2.6075,347432200
2017-05-01,2.6185,2.6713,2.6113,2.666,306800400
2017-05-02,2.6387,2.6399,2.564,2.587,624564000
2017-05-03,2.58,2.616,2.565,2.6063,336044520
2017-05-04,2.6125,2.6238,2.5883,2.5962,209569880
2017-05-05,2.5845,2.6038,2.5688,2.5965,227820360
2017-05-08,2.6085,2.61,2.5578,2.5693,364509960
2017-05-09,2.575,2.6233,2.5665,2.5735,746988000
2017-05-10,2.8573,3.0455,2.8505,3.0323,2125258800
2017-05-11,3.0013,3.2608,2.9977,3.1625,1935210000
2017-05-12,3.1658,3.24,3.1445,3.1973,961710000
2017-05-15,3.239,3.3603,3.2345,3.3578,1083581600
2017-05-16,3.4095,3.436,3.3341,3.4203,1118888800
2017-05-17,3.3525,3.3715,3.1888,3.193,1268239200
2017-05-18,3.2375,3.3358,3.1763,3.3268,1153264400
2017-05-19,3.4256,3.4555,3.3805,3.4,1011706800
2017-05-22,3.4443,3.487,3.4333,3.4725,835341200
2017-05-23,3.4925,3.4947,3.3928,3.4258,680527600
2017-05-24,3.524,3.5267,3.452,3.4642,816618800
2017-05-25,3.5,3.5008,3.411,3.4565,607364800
2017-05-26,3.4483,3.632,3.4278,3.546,777984800
2017-05-30,3.5925,3.6573,3.5763,3.6218,987585600
2017-05-31,3.6673,3.675,3.5513,3.6088,883767200
2017-06-01,3.6248,3.6258,3.563,3.609,500362800
2017-06-02,3.606,3.6325,3.585,3.591,486954800
2017-06-05,3.5745,3.7133,3.5627,3.7003,815980800
2017-06-06,3.6955,3.7423,3.67,3.6835,757306000
2017-06-07,3.7083,3.747,3.6925,3.728,606603600
2017-06-08,3.8365,4,3.7948,3.9985,1150445200
2017-06-09,4.1185,4.2125,3.5688,3.74,3688131600
2017-06-12,3.647,3.7925,3.5528,3.7493,1690752000
2017-06-13,3.86,3.8693,3.6413,3.785,1669565200
2017-06-14,3.788,3.8515,3.7125,3.793,1180596400
2017-06-15,3.674,3.84,3.6625,3.8093,959752800
2017-06-16,3.819,3.8675,3.756,3.7905,920794000
2017-06-19,3.8353,3.9383,3.8315,3.933,773330000
2017-06-20,3.9758,4.0435,3.923,3.9273,1093952800
2017-06-21,3.9553,3.9905,3.8925,3.9868,680172000
2017-06-22,3.995,4.0085,3.935,3.9593,468352400
2017-06-23,3.967,3.983,3.8305,3.8458,1086852400
2017-06-26,3.879,3.915,3.7083,3.8038,1063088400
2017-06-27,3.786,3.7948,3.6587,3.6645,997923200
2017-06-28,3.733,3.7985,3.6438,3.7938,993159200
2017-06-29,3.765,3.768,3.602,3.667,1060790400
2017-06-30,3.6845,3.6983,3.5875,3.614,729376800
2017-07-03,3.6263,3.6413,3.4645,3.4833,709072800
2017-07-05,3.5475,3.6055,3.5282,3.5763,818977600
2017-07-06,3.5468,3.6345,3.494,3.587,744865600
2017-07-07,3.6445,3.6875,3.6212,3.669,651173200
2017-07-10,3.7435,3.85,3.7171,3.8425,955203600
2017-07-11,3.8462,3.9047,3.8038,3.897,756666400
2017-07-12,3.9575,4.075,3.914,4.0628,1139252000
2017-07-13,4.075,4.1575,3.9688,4.0157,1367380400
2017-07-14,4.0323,4.1253,4.0252,4.1238,940298400
2017-07-17,4.1583,4.1875,4.0438,4.1063,925540400
2017-07-18,4.0445,4.1638,4.0325,4.149,775474800
2017-07-19,4.1583,4.185,4.1153,4.1275,684421600
2017-07-20,4.1483,4.1878,4.0978,4.1875,696166000
2017-07-21,4.1667,4.2325,4.1523,4.2025,638212800
2017-07-24,4.2097,4.2195,4.143,4.1538,648303600
2017-07-25,4.1305,4.1483,4.0895,4.1338,493171600
2017-07-26,4.192,4.2482,4.1463,4.1815,635716800
2017-07-27,4.2068,4.2185,3.939,4.0435,762868800
2017-07-28,4.0073,4.1345,3.982,4.1098,512818800
2017-07-31,4.1235,4.16,4.0155,4.0628,558067600
2017-08-01,4.0531,4.114,4.025,4.1123,429118400
2017-08-02,4.1437,4.1478,4.0318,4.1098,465636400
2017-08-03,4.1093,4.1658,4.092,4.162,439770800
2017-08-04,4.185,4.2518,4.162,4.1803,588218400
2017-08-07,4.2097,4.3093,4.2,4.3087,714261200
2017-08-08,4.3472,4.364,4.2178,4.2575,751742000
2017-08-09,4.2108,4.3053,4.1917,4.3028,527282400
2017-08-10,4.304,4.3165,4.1083,4.1185,1262090400
2017-08-11,3.9285,3.975,3.8228,3.899,1495234800
2017-08-14,3.9917,4.2138,3.98,4.21,1275318400
2017-08-15,4.2153,4.2417,4.1398,4.1745,763153200
2017-08-16,4.1898,4.2135,4.096,4.1288,595094000
2017-08-17,4.1203,4.1375,4.0345,4.0368,521602000
2017-08-18,4.0918,4.109,3.991,4.0375,600218000
2017-08-21,4.0623,4.0737,3.9343,3.9788,622507200
2017-08-22,4.0123,4.0698,3.9928,4.0638,449238400
2017-08-23,4.03,4.1563,4.0213,4.145,578455600
2017-08-24,4.1775,4.182,4.103,4.1298,468862000
2017-08-25,4.1543,4.1645,4.0888,4.0953,356393560
2017-08-28,4.1145,4.1275,4.0583,4.1243,385285280
2017-08-29,4.0648,4.1395,4.0565,4.1175,322970400
2017-08-30,4.1375,4.1532,4.1068,4.142,382661560
2017-08-31,4.1625,4.24,4.155,4.236,611851200
2017-09-01,4.2488,4.2975,4.24,4.2615,445173200
2017-09-05,4.2095,4.2146,4.0891,4.1478,695721200
2017-09-06,4.181,4.195,4.11,4.1452,395845360
2017-09-07,4.1623,4.1972,4.1238,4.1645,352447480
2017-09-08,4.1528,4.1678,4.0678,4.0922,496604000
2017-09-11,4.1385,4.2358,4.133,4.225,566496400
2017-09-12,4.25,4.25,4.1742,4.2403,410541600
2017-09-13,4.2148,4.2885,4.182,4.2593,580151600
2017-09-14,4.2198,4.314,4.195,4.235,511613200
2017-09-15,4.3215,4.5028,4.3163,4.5028,1358162000
2017-09-18,4.6285,4.78,4.6215,4.6888,1675567600
2017-09-19,4.6377,4.7462,4.6154,4.6837,871582000
2017-09-20,4.6875,4.7355,4.6053,4.646,690225200
2017-09-21,4.541,4.5675,4.4403,4.519,1074519600
2017-09-22,4.5075,4.5578,4.465,4.475,490400000
2017-09-25,4.4438,4.445,4.254,4.275,872800400
2017-09-26,4.4112,4.467,4.2588,4.299,1112039200
2017-09-27,4.3905,4.4068,4.3188,4.3933,710247600
2017-09-28,4.4005,4.4045,4.344,4.392,434497600
2017-09-29,4.477,4.4932,4.4313,4.4693,617886400
2017-10-02,4.52,4.5495,4.425,4.475,502680400
2017-10-03,4.4813,4.5145,4.4395,4.4843,389268040
2017-10-04,4.4905,4.5443,4.4535,4.5217,427230000
2017-10-05,4.5465,4.55,4.489,4.5193,436433200
2017-10-06,4.4913,4.546,4.475,4.5325,318029240
2017-10-09,4.5698,4.6682,4.5507,4.6347,560982400
2017-10-10,4.7858,4.8238,4.6815,4.7233,972713600
2017-10-11,4.74,4.775,4.6935,4.7735,528302000
2017-10-12,4.777,4.8273,4.7483,4.7758,524979600
2017-10-13,4.8388,4.875,4.7913,4.8648,627334000
2017-10-16,4.895,4.9512,4.831,4.9483,574099200
2017-10-17,4.9273,4.9725,4.9088,4.9438,465173200
2017-10-18,4.9528,4.9535,4.833,4.9395,566326400
2017-10-19,4.861,4.95,4.8113,4.945,567063600
2017-10-20,4.9623,4.9898,4.9135,4.9225,450200400
2017-10-23,4.9445,4.9713,4.895,4.9155,427634800
2017-10-24,4.9248,4.9688,4.8985,4.967,403790000
2017-10-25,4.927,4.9805,4.7793,4.8415,827138800
2017-10-26,4.8695,4.904,4.8453,4.8923,320483720
2017-10-27,4.945,5.0468,4.9188,5.0465,571349200
2017-10-30,5.0465,5.1522,5.0305,5.096,503296400
2017-10-31,5.1283,5.1973,5.1225,5.1703,410306400
2017-11-01,5.2338,5.2493,5.115,5.18,498600400
2017-11-02,5.15,5.1953,5.0913,5.1485,341299040
2017-11-03,5.18,5.2172,5.1335,5.2172,352464280
2017-11-06,5.18,5.2495,5.1675,5.2408,389195640
2017-11-07,5.2638,5.3225,5.2514,5.3008,426748400
2017-11-08,5.2963,5.3,5.181,5.229,521287600
2017-11-09,5.1318,5.1583,5.0093,5.133,950681200
2017-11-10,5.327,5.4668,5.2908,5.4035,1251824800
2017-11-13,5.4035,5.4292,5.3003,5.3158,581084400
2017-11-14,5.325,5.37,5.2808,5.3545,527898400
2017-11-15,5.2988,5.3,5.195,5.2495,500521200
2017-11-16,5.3245,5.355,5.2813,5.2903,439412800
2017-11-17,5.348,5.3838,5.2688,5.284,514540400
2017-11-20,5.2998,5.3643,5.2625,5.352,394888760
2017-11-21,5.3923,5.413,5.36,5.4013,398213240
2017-11-22,5.425,5.425,5.3403,5.3733,356378440
2017-11-24,5.3898,5.425,5.365,5.424,180752000
2017-11-27,5.4328,5.434,5.3503,5.3535,422309200
2017-11-28,5.3588,5.3682,5.206,5.2678,511811600
2017-11-29,5.2503,5.2531,4.7808,4.9105,1394702800
2017-11-30,4.98,5.067,4.9163,5.0178,822706400
2017-12-01,4.9828,5.0033,4.8118,4.942,810054000
2017-12-04,5.0013,5.0075,4.6125,4.6665,1238404000
2017-12-05,4.56,4.8175,4.5145,4.6935,980487200
2017-12-06,4.6425,4.7535,4.621,4.7315,463839200
2017-12-07,4.799,4.84,4.753,4.7998,535755600
2017-12-08,4.8503,4.8695,4.7788,4.7873,461277200
2017-12-11,4.8015,4.8695,4.7855,4.8665,370746680
2017-12-12,4.8225,4.846,4.7473,4.771,453590400
2017-12-13,4.8125,4.8138,4.647,4.6545,552925600
2017-12-14,4.648,4.7335,4.615,4.6618,436903600
2017-12-15,4.7063,4.8095,4.6405,4.789,668722400
2017-12-18,4.83,4.9505,4.8,4.9475,475582800
2017-12-19,4.938,4.9432,4.874,4.9028,371318040
2017-12-20,4.9425,4.9518,4.8638,4.92,288516400
2017-12-21,4.9235,4.9488,4.8888,4.8972,300408000
2017-12-22,4.86,4.8913,4.7813,4.8818,465805600
2017-12-26,4.8258,4.9438,4.7955,4.936,354360360
2017-12-27,4.9225,4.9993,4.9078,4.9292,328834760
2017-12-28,4.9533,4.9845,4.9288,4.935,239918560
2017-12-29,4.9615,4.9615,4.8375,4.8375,279084080
2018-01-02,4.8945,4.9875,4.8625,4.9838,348606240
2018-01-03,5.1025,5.3425,5.0938,5.3118,909991200
2018-01-04,5.394,5.4513,5.3173,5.3398,582055600
2018-01-05,5.3548,5.4228,5.277,5.385,577080000
2018-01-08,5.51,5.625,5.4645,5.55,870543600
2018-01-09,5.5555,5.5955,5.466,5.5485,496250000
2018-01-10,5.455,5.5955,5.4,5.592,578704400
2018-01-11,5.625,5.6568,5.5803,5.602,397997280
2018-01-12,5.59,5.6248,5.5335,5.5745,359369560
2018-01-16,5.6013,5.6878,5.4173,5.5028,689998000
2018-01-17,5.5175,5.628,5.4225,5.618,537172800
2018-01-18,5.5985,5.666,5.567,5.611,407370800
2018-01-19,5.7023,5.7773,5.675,5.7528,589673200
2018-01-22,5.7608,5.844,5.7025,5.8422,549363600
2018-01-23,5.8963,5.9958,5.8775,5.9728,471858400
2018-01-24,5.976,6.0123,5.8388,5.895,579881600
2018-01-25,5.95,5.9938,5.8938,5.9088,408777600
2018-01-26,5.953,6.0835,5.94,6.0833,514973200
2018-01-29,6.0685,6.2028,6.0153,6.1713,454428400
2018-01-30,6.0278,6.1605,5.9603,6.068,569105600
2018-01-31,6.1443,6.2318,6.1113,6.145,476284000
2018-02-01,5.963,6.1725,5.9515,6.0125,515634000
2018-02-02,5.925,5.9493,5.7793,5.838,715603200
2018-02-05,5.675,5.8308,5.125,5.3425,1159056800
2018-02-06,5.11,5.6425,5.1,5.6395,1105827200
2018-02-07,5.7395,5.8743,5.6675,5.72,801190400
2018-02-08,5.847,5.8805,5.4378,5.438,1083742400
2018-02-09,5.9563,5.9722,5.438,5.802,1672675200
2018-02-12,5.8839,5.887,5.6258,5.7008,1090154400
2018-02-13,5.664,5.8625,5.6313,5.8158,624606400
2018-02-14,5.775,6.0648,5.7638,6.0355,742697600
2018-02-15,6.1196,6.2093,6.038,6.1625,697124400
2018-02-16,6.135,6.25,6.0868,6.096,637041600
2018-02-20,6.1188,6.2968,6.115,6.227,684706800
2018-02-21,6.2923,6.2992,6.034,6.0378,844258800
2018-02-22,6.0682,6.1408,5.9875,6.0538,533359600
2018-02-23,6.1143,6.1483,6.063,6.1483,413810400
2018-02-26,6.195,6.1995,6.1015,6.1645,467110000
2018-02-27,6.1375,6.2228,6.1283,6.1515,454387200
2018-02-28,6.1625,6.2025,6.0383,6.05,520740400
2018-03-01,6.0478,6.1023,5.7031,5.8053,1039240400
2018-03-02,5.6965,5.92,5.5463,5.9135,912355200
2018-03-05,5.8628,5.9313,5.738,5.8913,619560800
2018-03-06,5.9775,6.0735,5.934,6.054,625332000
2018-03-07,5.95,6.0987,5.9488,6.046,580688800
2018-03-08,6.0738,6.0738,5.9848,6.0295,413719200
2018-03-09,6.0775,6.1463,6.0613,6.1333,504826800
2018-03-12,6.175,6.325,6.1668,6.244,603751600
2018-03-13,6.2873,6.3625,6.151,6.1928,618155600
2018-03-14,6.2363,6.2638,6.1555,6.2185,504429200
2018-03-15,6.2323,6.3155,6.191,6.2335,401052800
2018-03-16,6.25,6.2813,6.212,6.262,398908400
2018-03-19,6.2045,6.2338,5.925,6.025,708196800
2018-03-20,6.028,6.2788,6.028,6.2395,553021200
2018-03-21,6.233,6.3,6.1833,6.214,437881600
2018-03-22,6.15,6.197,6.0085,6.0463,548585200
2018-03-23,6.06,6.0667,5.813,5.8243,734842800
2018-03-26,5.95,6.1133,5.8975,6.112,610198400
2018-03-27,6.1938,6.25,5.4961,5.638,1404797600
2018-03-28,5.6033,5.7348,5.425,5.5338,944154000
2018-03-29,5.6026,5.8875,5.5175,5.7898,912398400
2018-04-02,5.7185,5.8663,5.4375,5.5263,917894000
2018-04-03,5.695,5.7588,5.5338,5.6338,665658800
2018-04-04,5.3753,5.6665,5.35,5.656,787701600
2018-04-05,5.715,5.7283,5.4623,5.5345,696111600
2018-04-06,5.4307,5.54,5.3268,5.3563,662185600
2018-04-09,5.42,5.5493,5.365,5.3853,497429200
2018-04-10,5.618,5.725,5.5602,5.6978,762287600
2018-04-11,5.6828,5.7244,5.623,5.656,459072800
2018-04-12,5.75,5.883,5.7054,5.865,591184000
2018-04-13,5.9292,5.9378,5.7388,5.7875,502307200
2018-04-16,5.7943,5.821,5.692,5.7873,349789400
2018-04-17,5.84,5.96,5.7838,5.9385,445952400
2018-04-18,5.8875,5.9813,5.8193,5.9093,390362120
2018-04-19,5.7936,5.8275,5.67,5.726,470520800
2018-04-20,5.7172,5.8025,5.6863,5.7178,383596680
2018-04-23,5.7358,5.7875,5.5708,5.597,412544400
2018-04-24,5.623,5.72,5.464,5.53,413033200
2018-04-25,5.5,5.5394,5.2575,5.4165,584937600
2018-04-26,5.58,5.6388,5.5133,5.6305,371928520
2018-04-27,5.7375,5.7575,5.6155,5.6583,400201200
2018-04-30,5.6748,5.725,5.603,5.6225,327382080
2018-05-01,5.6143,5.6813,5.555,5.6785,252120280
2018-05-02,5.675,5.72,5.6313,5.6578,267552080
2018-05-03,5.69,5.8513,5.6443,5.8248,440990000
2018-05-04,5.7958,5.9797,5.7782,5.9765,399261840
2018-05-07,6.0824,6.2748,6.0723,6.217,686239200
2018-05-08,6.2172,6.2628,6.1678,6.26,503458800
2018-05-09,6.2803,6.3968,6.2528,6.3945,593166000
2018-05-10,6.448,6.5125,6.43,6.5033,955839200
2018-05-11,6.3195,6.4948,6.2635,6.3633,1212743600
2018-05-14,6.4017,6.4623,6.36,6.384,522313600
2018-05-15,6.3198,6.3225,6.0375,6.139,961097200
2018-05-16,6.1,6.213,6.0628,6.1502,551934000
2018-05-17,6.1521,6.2875,6.1358,6.1928,518860400
2018-05-18,6.2453,6.3093,6.1435,6.1485,482614000
2018-05-21,6.247,6.2508,6.0123,6.106,637669600
2018-05-22,6.1195,6.145,6.0063,6.0675,517826400
2018-05-23,6.007,6.1898,6.0063,6.1885,441956800
2018-05-24,6.1848,6.235,6.131,6.1923,435648400
2018-05-25,6.205,6.2485,6.169,6.232,291732640
2018-05-29,6.2138,6.2835,6.1675,6.2148,351707080
2018-05-30,6.2488,6.3335,6.2238,6.3248,389699080
2018-05-31,6.2925,6.38,6.2818,6.3048,493357600
2018-06-01,6.35,6.4468,6.3413,6.4405,420930400
2018-06-04,6.475,6.6435,6.4425,6.6213,640728400
2018-06-05,6.6245,6.6647,6.5793,6.6268,390974760
2018-06-06,6.5358,6.632,6.5192,6.6288,371143520
2018-06-07,6.625,6.637,6.4813,6.5725,368979200
2018-06-08,6.499,6.6,6.48,6.557,360224000
2018-06-11,6.5442,6.5862,6.5025,6.5155,264379480
2018-06-12,6.5423,6.5768,6.4915,6.5645,317914840
2018-06-13,6.566,6.6418,6.5508,6.56,333666200
2018-06-14,6.6055,6.73,6.5905,6.6728,429142400
2018-06-15,6.615,6.687,6.5837,6.6315,431550000
2018-06-18,6.587,6.645,6.5595,6.6273,355540800
2018-06-19,6.523,6.591,6.3755,6.5043,594052800
2018-06-20,6.5458,6.6113,6.507,6.5578,369280240
2018-06-21,6.59,6.6085,6.42,6.4278,358657480
2018-06-22,6.4488,6.4623,6.2583,6.2737,433515200
2018-06-25,6.1663,6.17,5.8885,5.978,665027600
2018-06-26,6.0925,6.1413,5.9978,6.0498,478085600
2018-06-27,6.0938,6.1608,5.8875,5.893,453088000
2018-06-28,5.883,6.0335,5.8753,6.0215,337510320
2018-06-29,6.0873,6.1,5.9213,5.9225,391658480
2018-07-02,5.8523,6.0598,5.8316,6.056,353591600
2018-07-03,6.091,6.097,5.9125,5.921,222733000
2018-07-05,5.9768,6.0733,5.9375,6.0682,302411160
2018-07-06,6.0435,6.1916,6.022,6.1833,296096360
2018-07-09,6.2582,6.268,6.1518,6.2313,302933440
2018-07-10,6.2438,6.3535,6.203,6.3313,357048320
2018-07-11,6.2375,6.2725,6.1775,6.1883,366532360
2018-07-12,6.234,6.3293,6.224,6.2808,345102840
2018-07-13,6.2995,6.2995,6.1905,6.233,246845720
2018-07-16,6.205,6.2585,6.1925,6.205,195798560
2018-07-17,6.1553,6.3575,6.1295,6.3422,360988040
2018-07-18,6.3347,6.3487,6.241,6.2925,277068400
2018-07-19,6.2735,6.3347,6.2583,6.3008,233745640
2018-07-20,6.2983,6.3375,6.2613,6.2722,222282640
2018-07-23,6.2455,6.2473,6.082,6.2353,300709560
2018-07-24,6.2838,6.3712,6.2,6.2178,354344280
2018-07-25,6.2273,6.3095,6.1688,6.2968,316893080
2018-07-26,6.2765,6.4082,6.2595,6.371,323130200
2018-07-27,6.408,6.415,6.246,6.3005,295194440
2018-07-30,6.3148,6.3208,6.068,6.1033,339541880
2018-07-31,6.0928,6.197,6.0535,6.1215,282751680
2018-08-01,6.1532,6.209,6.0972,6.1618,281357240
2018-08-02,6.0898,6.2695,6.0303,6.2655,268673720
2018-08-03,6.2903,6.3265,6.2733,6.3025,214083840
2018-08-06,6.2898,6.3543,6.2426,6.3508,207218240
2018-08-07,6.4,6.4425,6.373,6.4238,257782040
2018-08-08,6.425,6.506,6.3898,6.4605,261589680
2018-08-09,6.4785,6.4813,6.4037,6.4115,202156160
2018-08-10,6.3288,6.4025,6.3175,6.3697,255463280
2018-08-13,6.3785,6.525,6.3768,6.403,373639560
2018-08-14,6.5095,6.55,6.4255,6.5358,458238400
2018-08-15,6.5568,6.591,6.3975,6.477,589018800
2018-08-16,6.5475,6.55,6.3753,6.436,771376400
2018-08-17,6.3235,6.3243,6.0933,6.1205,1141377600
2018-08-20,6.0795,6.33,5.968,6.196,853098400
2018-08-21,6.2125,6.3375,6.1925,6.333,668346800
2018-08-22,6.3,6.5755,6.2965,6.5705,747114800
2018-08-23,6.5315,6.737,6.5175,6.671,719315200
2018-08-24,6.6795,6.8203,6.675,6.8055,530982000
2018-08-27,6.8355,6.9725,6.8036,6.8975,504232000
2018-08-28,6.8915,6.9145,6.7382,6.8595,474635200
2018-08-29,6.848,6.9875,6.827,6.9623,418914000
2018-08-30,6.9308,7.0429,6.908,6.9453,345464720
2018-08-31,6.925,7.03,6.915,7.017,306094840
2018-09-04,7.0038,7.1305,6.975,7.0925,391460120
2018-09-05,7.0748,7.1105,6.8788,6.9605,392839640
2018-09-06,6.944,6.9465,6.7848,6.818,322503480
2018-09-07,6.725,6.9233,6.6798,6.7965,295212800
2018-09-10,6.8193,6.8983,6.775,6.8683,219992400
2018-09-11,6.8215,6.91,6.8005,6.82,242773760
2018-09-12,6.7797,6.7995,6.548,6.705,418591600
2018-09-13,6.7715,6.875,6.754,6.7835,304825840
2018-09-14,6.8748,6.9775,6.8375,6.9108,385745640
2018-09-17,6.885,6.9345,6.8287,6.8483,204583360
2018-09-18,6.8522,6.956,6.7688,6.7755,299206000
2018-09-19,6.7568,6.8175,6.7063,6.7995,223477280
2018-09-20,6.6763,6.719,6.6025,6.657,429932000
2018-09-21,6.669,6.715,6.5528,6.5862,432433600
2018-09-24,6.555,6.646,6.467,6.6425,293553840
2018-09-25,6.7093,6.7355,6.6228,6.7103,279284200
2018-09-26,6.7153,6.756,6.657,6.673,268137600
2018-09-27,6.7085,6.73,6.6532,6.685,214229360
2018-09-28,6.8183,7.0479,6.79,7.0255,708377600
2018-10-01,7.104,7.3015,7.065,7.234,617984800
2018-10-02,7.2063,7.319,7.1395,7.162,383142800
2018-10-03,7.233,7.2405,7.0633,7.1683,320290560
2018-10-04,7.1318,7.1563,6.9045,6.9823,390620240
2018-10-05,6.9573,7.02,6.6885,6.7465,425938800
2018-10-08,6.6625,6.779,6.502,6.6442,407880000
2018-10-09,6.6235,6.719,6.57,6.6385,273296440
2018-10-10,6.5315,6.5778,6.14,6.1423,678831600
2018-10-11,6.0542,6.189,5.8565,5.8783,722552400
2018-10-12,6.1377,6.2385,5.9913,6.1635,604842400
2018-10-15,6.15,6.15,5.8835,5.8845,448469600
2018-10-16,5.9983,6.157,5.9485,6.1458,407229600
2018-10-17,6.2085,6.247,6.027,6.0765,329028120
2018-10-18,6.1465,6.1852,5.9273,5.9883,522657600
2018-10-19,6.044,6.0638,5.6925,5.7293,612928400
2018-10-22,5.782,5.883,5.6768,5.7805,368224480
2018-10-23,5.5108,5.6048,5.4178,5.5265,623486000
2018-10-24,5.4878,5.5347,4.9713,4.9853,876650800
2018-10-25,4.8868,5.2438,4.842,5.196,948296800
2018-10-26,4.9578,5.1211,4.828,4.9573,664386400
2018-10-29,5.0998,5.1033,4.4002,4.6405,756426800
2018-10-30,4.6638,5.085,4.6405,5.075,804383200
2018-10-31,5.2413,5.3148,5.1003,5.2708,740618800
2018-11-01,5.3075,5.4623,5.1798,5.4528,561972400
2018-11-02,5.4432,5.55,5.2553,5.373,444566000
2018-11-05,5.3598,5.3833,5.132,5.2943,378904600
2018-11-06,5.2862,5.3712,5.2391,5.2765,298161440
2018-11-07,5.3438,5.4352,5.2795,5.3448,482196800
2018-11-08,5.285,5.2858,5.0958,5.1498,510309200
2018-11-09,5.06,5.233,5.026,5.1418,411964000
2018-11-12,5.0495,5.0718,4.7165,4.7385,614868000
2018-11-13,4.8373,5.1053,4.8309,4.9828,641403200
2018-11-14,5.1575,5.172,4.8208,4.9298,523933200
2018-11-15,4.9238,5.1325,4.8875,5.0598,742249200
2018-11-16,4.083,4.2665,4.0403,4.1108,1961628800
2018-11-19,4.0447,4.0455,3.6158,3.6175,1692718400
2018-11-20,3.3515,3.8565,3.3328,3.727,1689650400
2018-11-21,3.8655,3.8825,3.5903,3.6178,1024592000
2018-11-23,3.5828,3.7398,3.5697,3.625,411968400
2018-11-26,3.7472,3.8368,3.664,3.8263,812612000
2018-11-27,3.8,3.9253,3.7638,3.8432,733957200
2018-11-28,3.962,4.007,3.8281,4.0018,801822800
2018-11-29,4,4.0375,3.9035,3.934,544599600
2018-11-30,3.9438,4.0965,3.893,4.0858,727762800
2018-12-03,4.315,4.367,4.1835,4.251,889212800
2018-12-04,4.206,4.211,3.9125,3.9278,809523600
2018-12-06,3.786,3.9623,3.7703,3.9573,685843200
2018-12-07,3.9615,3.9718,3.6404,3.6903,680880400
2018-12-10,3.645,3.8215,3.6413,3.7965,615193600
2018-12-11,3.889,3.8972,3.625,3.7048,669636400
2018-12-12,3.7105,3.8195,3.6205,3.7225,653276000
2018-12-13,3.7698,3.8345,3.686,3.7222,470752400
2018-12-14,3.6803,3.7648,3.6375,3.6612,471333600
2018-12-17,3.631,3.7038,3.531,3.5895,649458400
2018-12-18,3.6338,3.7583,3.6063,3.6735,562392800
2018-12-19,3.6395,3.6936,3.4108,3.4627,743577600
2018-12-20,3.4543,3.545,3.3172,3.3775,748392400
2018-12-21,3.4042,3.4375,3.2115,3.2393,862610000
2018-12-24,3.1623,3.2495,3.1125,3.177,463839200
2018-12-26,3.2235,3.3285,3.1115,3.3275,693765200
2018-12-27,3.2748,3.3095,3.1295,3.2792,636201200
2018-12-28,3.3,3.4347,3.2578,3.3413,627854800
2018-12-31,3.385,3.4178,3.3065,3.3375,464421600
2019-01-02,3.266,3.462,3.2513,3.4055,499251600
2019-01-03,3.3447,3.379,3.1923,3.1997,694202000
2019-01-04,3.2735,3.4432,3.2425,3.4047,584818000
2019-01-07,3.4625,3.6222,3.4108,3.585,704975200
2019-01-08,3.6673,3.6695,3.4225,3.4958,782858400
2019-01-09,3.5475,3.6123,3.4965,3.5645,614864800
2019-01-10,3.545,3.6395,3.484,3.6307,522263200
2019-01-11,3.6083,3.7438,3.5803,3.7208,874064400
2019-01-14,3.668,3.7865,3.6443,3.761,728811600
2019-01-15,3.794,3.8338,3.7283,3.7468,616048000
2019-01-16,3.7743,3.8075,3.7154,3.721,468988400
2019-01-17,3.6877,3.8333,3.6603,3.793,491685600
2019-01-18,3.8432,3.9495,3.7913,3.9233,650003600
2019-01-22,3.8928,3.9045,3.6888,3.7193,660230000
2019-01-23,3.775,3.8645,3.7008,3.7323,587553600
2019-01-24,3.8175,3.9638,3.8127,3.946,703780800
2019-01-25,3.886,4.022,3.7825,4.0038,1153882000
2019-01-28,3.4138,3.541,3.275,3.4503,2509201600
2019-01-29,3.4038,3.4525,3.2752,3.29,1131961600
2019-01-30,3.3667,3.4493,3.2865,3.4347,968438800
2019-01-31,3.4315,3.6298,3.4096,3.5938,840365600
2019-02-01,3.6125,3.6698,3.5645,3.6182,623660000
2019-02-04,3.6343,3.767,3.612,3.7295,527104800
2019-02-05,3.7415,3.7858,3.7075,3.7487,541231600
2019-02-06,3.7822,3.89,3.7767,3.825,701740800
2019-02-07,3.7782,3.7805,3.6423,3.6855,635802000
2019-02-08,3.6178,3.715,3.6033,3.7043,460099600
2019-02-11,3.6597,3.7145,3.6125,3.6612,493203200
2019-02-12,3.7,3.795,3.6855,3.7792,588768000
2019-02-13,3.809,3.8958,3.7953,3.822,602596400
2019-02-14,3.821,3.8916,3.7775,3.8633,779676400
2019-02-15,4.0737,4.0968,3.9105,3.9335,1515186800
2019-02-19,3.9228,3.9972,3.9035,3.916,550796400
2019-02-20,3.9455,4.0315,3.9343,3.9638,529127600
2019-02-21,3.9765,4.0013,3.8795,3.8943,435746400
2019-02-22,3.9465,3.9987,3.9328,3.9798,400436800
2019-02-25,4.064,4.132,3.9585,3.9672,649702800
2019-02-26,3.9625,4.019,3.8938,3.9275,487596800
2019-02-27,3.913,3.9398,3.8278,3.8853,499740800
2019-02-28,3.875,3.8975,3.834,3.8565,323930960
2019-03-01,3.9068,3.9537,3.848,3.9112,344491600
2019-03-04,3.95,3.973,3.8625,3.9195,409050000
2019-03-05,3.9038,3.9514,3.849,3.913,362023000
2019-03-06,3.904,3.9125,3.7985,3.8013,372919880
2019-03-07,3.7775,3.7873,3.685,3.7315,445632000
2019-03-08,3.6415,3.7767,3.62,3.766,408304400
2019-03-11,3.7898,4.0515,3.7423,4.0285,851726800
2019-03-12,4.0565,4.1098,3.9798,4.063,576456400
2019-03-13,4.1008,4.245,4.0933,4.2155,761446400
2019-03-14,4.2248,4.2367,4.1313,4.139,518512400
2019-03-15,4.1825,4.2883,4.179,4.2453,660200800
2019-03-18,4.277,4.3312,4.1964,4.2237,483638000
2019-03-19,4.319,4.4375,4.302,4.3928,849578400
2019-03-20,4.422,4.4758,4.325,4.36,716504400
2019-03-21,4.3833,4.625,4.3783,4.5985,821669600
2019-03-22,4.571,4.62,4.4235,4.4375,746024800
2019-03-25,4.3965,4.4612,4.2778,4.3445,523344000
2019-03-26,4.4872,4.5438,4.3649,4.4218,699764800
2019-03-27,4.4475,4.4943,4.3425,4.4125,473328800
2019-03-28,4.4388,4.4975,4.3778,4.4313,450775600
2019-03-29,4.4985,4.5135,4.4478,4.489,456280800
2019-04-01,4.5815,4.5875,4.5094,4.557,480444000
2019-04-02,4.5812,4.6197,4.538,4.575,439288400
2019-04-03,4.625,4.775,4.62,4.7155,783255600
2019-04-04,4.7,4.7493,4.6433,4.7065,452506800
2019-04-05,4.75,4.7913,4.7133,4.7737,480972000
2019-04-08,4.743,4.82,4.7188,4.7947,423474400
2019-04-09,4.761,4.7722,4.689,4.7315,436346800
2019-04-10,4.7307,4.8285,4.7263,4.8025,440293200
2019-04-11,4.805,4.8368,4.7388,4.7885,373866600
2019-04-12,4.8275,4.8315,4.7415,4.7503,471254800
2019-04-15,4.7425,4.7475,4.5775,4.6175,439496000
2019-04-16,4.657,4.7243,4.6241,4.7053,394251280
2019-04-17,4.7405,4.7615,4.6597,4.6822,315738000
2019-04-18,4.689,4.7233,4.6295,4.6575,351344520
2019-04-22,4.6338,4.7275,4.602,4.7118,279323440
2019-04-23,4.725,4.7983,4.7153,4.7668,331115600
2019-04-24,4.7773,4.8203,4.716,4.7793,309274440
2019-04-25,4.7388,4.7612,4.5925,4.6727,491298800
2019-04-26,4.5178,4.5222,4.3325,4.4523,868412400
2019-04-29,4.4603,4.5112,4.3875,4.4833,391022760
2019-04-30,4.4508,4.5507,4.4315,4.525,361609600
2019-05-01,4.5778,4.6203,4.5115,4.5118,354281240
2019-05-02,4.5215,4.6218,4.4779,4.5797,394685400
2019-05-03,4.5883,4.5983,4.5133,4.5752,336823480
2019-05-06,4.3875,4.5085,4.35,4.4962,422178000
2019-05-07,4.4475,4.4475,4.2793,4.3278,555218400
2019-05-08,4.3,4.4288,4.288,4.348,419166000
2019-05-09,4.2785,4.2883,4.135,4.2548,660246400
2019-05-10,4.2237,4.2898,4.1,4.2205,569498000
2019-05-13,4.0875,4.1108,3.9453,3.9612,656912800
2019-05-14,4.0013,4.0865,3.9623,4.051,524878800
2019-05-15,3.995,4.0263,3.9352,3.9895,502320000
2019-05-16,3.984,4.0476,3.9413,4.0048,781088000
2019-05-17,3.9625,4.0928,3.8735,3.9133,1022068000
2019-05-20,3.8138,3.8693,3.7688,3.7938,572065200
2019-05-21,3.855,3.8925,3.816,3.8765,361849880
2019-05-22,3.8375,3.8638,3.794,3.805,325869600
2019-05-23,3.7423,3.7423,3.6228,3.683,591844400
2019-05-24,3.702,3.7375,3.622,3.6288,357585280
2019-05-28,3.6465,3.6795,3.5813,3.5833,428354000
2019-05-29,3.5353,3.5705,3.4735,3.5085,559801600
2019-05-30,3.5078,3.5437,3.4392,3.4778,394299600
2019-05-31,3.4285,3.4612,3.3847,3.3865,389719680
2019-06-03,3.3978,3.4368,3.315,3.3445,478643200
2019-06-04,3.409,3.5803,3.3867,3.575,641835600
2019-06-05,3.6493,3.6547,3.4955,3.532,511615600
2019-06-06,3.5362,3.6193,3.5337,3.5945,408138400
2019-06-07,3.6005,3.672,3.5813,3.6375,348857520
2019-06-10,3.694,3.7797,3.694,3.7108,402780800
2019-06-11,3.771,3.809,3.729,3.7688,383870040
2019-06-12,3.725,3.7313,3.6398,3.655,358891920
2019-06-13,3.6773,3.725,3.6595,3.7065,308081080
2019-06-14,3.6128,3.6373,3.5709,3.616,394426240
2019-06-17,3.6143,3.663,3.5913,3.6258,276041480
2019-06-18,3.6875,3.8778,3.6765,3.822,581918000
2019-06-19,3.8575,3.8689,3.8018,3.828,331643960
2019-06-20,3.9193,3.9333,3.8379,3.8525,350167280
2019-06-21,3.8375,3.887,3.7875,3.794,434426800
2019-06-24,3.8155,3.8462,3.768,3.8165,282948720
2019-06-25,3.8215,3.897,3.7843,3.787,311866440
2019-06-26,3.9153,4.043,3.9023,3.9815,584073200
2019-06-27,4.0678,4.1,4.0315,4.0808,445441600
2019-06-28,4.125,4.1343,4.0587,4.1057,397666360
2019-07-01,4.3143,4.3487,4.1165,4.1543,711533200
2019-07-02,4.1375,4.1587,4.0425,4.0557,400227600
2019-07-03,4.0793,4.085,4.0085,4.0688,246634240
2019-07-05,4.01,4.0145,3.942,4.0057,396553880
2019-07-08,3.9458,3.9648,3.9,3.9303,329786760
2019-07-09,3.8878,3.961,3.875,3.9328,342860480
2019-07-10,3.9765,4.0592,3.9625,4.0015,452076000
2019-07-11,4.075,4.198,4.0375,4.157,682558400
2019-07-12,4.185,4.2618,4.185,4.1903,506392800
2019-07-15,4.2115,4.2276,4.1532,4.1818,289839720
2019-07-16,4.1667,4.2043,4.1211,4.177,341443920
2019-07-17,4.1788,4.2498,4.1494,4.2428,348204280
2019-07-18,4.2531,4.3178,4.1963,4.2545,443178800
2019-07-19,4.293,4.2995,4.205,4.211,344895800
2019-07-22,4.2325,4.296,4.225,4.283,315939920
2019-07-23,4.3225,4.3935,4.3068,4.3915,428176400
2019-07-24,4.435,4.4722,4.3585,4.4665,366237480
2019-07-25,4.4248,4.4375,4.311,4.3345,392698120
2019-07-26,4.3617,4.4238,4.3617,4.3768,274159880
2019-07-29,4.3695,4.3867,4.2818,4.3705,248161960
2019-07-30,4.3237,4.3985,4.3093,4.3862,197770440
2019-07-31,4.3545,4.3554,4.1755,4.218,359415640
2019-08-01,4.2285,4.3195,4.0705,4.123,421212400
2019-08-02,4.0297,4.0995,3.982,4.0297,428349200
2019-08-05,3.845,3.8462,3.7225,3.7698,589157600
2019-08-06,3.845,3.8908,3.7608,3.8087,361270680
2019-08-07,3.7475,3.8593,3.73,3.8472,372561800
2019-08-08,3.9053,3.9578,3.8475,3.9565,309298880
2019-08-09,3.9153,3.9188,3.8038,3.8545,341816720
2019-08-12,3.802,3.8545,3.7643,3.7862,279200480
2019-08-13,3.7847,3.9475,3.7455,3.9013,360512440
2019-08-14,3.8126,3.8238,3.7078,3.7517,419881200
2019-08-15,3.7708,3.7908,3.6849,3.7193,554462000
2019-08-16,3.9838,4.0385,3.922,3.989,1015385200
2019-08-19,4.103,4.2855,4.0868,4.2695,816322400
2019-08-20,4.264,4.2645,4.1755,4.1968,463521600
2019-08-21,4.2633,4.3362,4.2415,4.2808,427910800
2019-08-22,4.2905,4.3333,4.2476,4.287,303756720
2019-08-23,4.21,4.2648,4.041,4.061,569497200
2019-08-26,4.1403,4.1645,4.0978,4.1362,318594160
2019-08-27,4.1748,4.1775,4.0155,4.045,291549560
2019-08-28,4.0145,4.0835,3.975,4.0305,255828120
2019-08-29,4.1225,4.2075,4.119,4.175,358373040
2019-08-30,4.2215,4.2715,4.1695,4.1878,290908480
2019-09-03,4.1145,4.1478,4.0813,4.1042,296510800
2019-09-04,4.1653,4.2265,4.1653,4.219,228120360
2019-09-05,4.3216,4.4998,4.32,4.4935,696485200
2019-09-06,4.47,4.5273,4.428,4.4663,376976760
2019-09-09,4.4975,4.5995,4.496,4.5125,417525200
2019-09-10,4.4795,4.6063,4.4698,4.5795,352812200
2019-09-11,4.5943,4.6568,4.565,4.6083,361511280
2019-09-12,4.655,4.71,4.5987,4.6068,327841000
2019-09-13,4.5398,4.577,4.5045,4.5485,324591480
2019-09-16,4.473,4.54,4.4625,4.5053,231831840
2019-09-17,4.512,4.5309,4.4653,4.5267,228473120
2019-09-18,4.5198,4.5355,4.4125,4.4995,264037680
2019-09-19,4.5055,4.524,4.4128,4.4235,256342760
2019-09-20,4.4225,4.4463,4.307,4.3173,357251800
2019-09-23,4.3175,4.4167,4.3138,4.371,255825880
2019-09-24,4.4025,4.4322,4.2775,4.3133,321241800
2019-09-25,4.3128,4.4755,4.2678,4.4558,313106880
2019-09-26,4.446,4.4547,4.3823,4.4335,237825920
2019-09-27,4.3915,4.4425,4.233,4.294,365958960
2019-09-30,4.32,4.362,4.2885,4.3518,193199080
2019-10-01,4.375,4.525,4.3453,4.35,367566000
2019-10-02,4.328,4.34,4.2533,4.326,295661760
2019-10-03,4.3305,4.539,4.3,4.5328,462730800
2019-10-04,4.535,4.5788,4.4695,4.5492,267960200
2019-10-07,4.6145,4.7085,4.6057,4.6083,488313600
2019-10-08,4.516,4.516,4.4125,4.4307,449342800
2019-10-09,4.508,4.5675,4.479,4.5178,307883280
2019-10-10,4.5155,4.627,4.5103,4.5758,327515560
2019-10-11,4.6603,4.7335,4.6413,4.6498,450866800
2019-10-14,4.641,4.6843,4.6096,4.6633,210335760
2019-10-15,4.754,4.9823,4.74,4.9093,667985200
2019-10-16,4.875,4.9805,4.8438,4.8553,432753200
2019-10-17,4.9,4.9454,4.8025,4.8573,264316960
2019-10-18,4.8578,4.8905,4.6875,4.7623,307624200
2019-10-21,4.824,4.9138,4.805,4.9002,266967240
2019-10-22,4.9575,5.0633,4.8825,4.8903,337369120
2019-10-23,4.8078,4.8915,4.7758,4.8773,285770000
2019-10-24,4.9188,4.9553,4.8845,4.9215,239037320
2019-10-25,5.0025,5.1345,4.9947,5.1135,423091600
2019-10-28,5.1575,5.2225,5.1279,5.1698,330791640
2019-10-29,5.1558,5.1623,5.0535,5.073,211236800
2019-10-30,5.1,5.1058,5.0065,5.075,205961520
2019-10-31,5.054,5.075,4.9453,5.0255,209732600
2019-11-01,4.99,5.0972,4.9648,5.0648,283638240
2019-11-04,5.1463,5.275,5.123,5.2625,376716200
2019-11-05,5.2623,5.2885,5.192,5.2403,300868480
2019-11-06,5.216,5.2417,5.1028,5.1908,269013400
2019-11-07,5.2777,5.2925,5.1635,5.2085,280339920
2019-11-08,5.1915,5.2263,5.1538,5.1945,189407480
2019-11-11,5.1938,5.2278,5.107,5.2045,243789440
2019-11-12,5.243,5.2965,5.2078,5.2403,283838840
2019-11-13,5.2088,5.2365,5.1475,5.2142,302364960
2019-11-14,5.2233,5.247,5.1629,5.2447,527006800
2019-11-15,5.2425,5.2945,5.0159,5.1048,1054216400
2019-11-18,5.0972,5.3338,5.0943,5.307,575318400
2019-11-19,5.2758,5.2995,5.1413,5.1998,415380400
2019-11-20,5.1768,5.3638,5.1641,5.2795,473017600
2019-11-21,5.275,5.331,5.2328,5.2545,288389200
2019-11-22,5.2773,5.3241,5.2485,5.2722,224098800
2019-11-25,5.401,5.5353,5.388,5.5303,507347600
2019-11-26,5.5125,5.5172,5.4185,5.425,385680920
2019-11-27,5.4668,5.5013,5.4295,5.456,216428720
2019-11-29,5.425,5.4535,5.3945,5.4185,141556960
2019-12-02,5.4115,5.425,5.216,5.2313,373869680
2019-12-03,5.0468,5.1955,5.0093,5.1915,474146000
2019-12-04,5.2755,5.298,5.2068,5.2355,273618360
2019-12-05,5.2575,5.2733,5.1877,5.2185,185137760
2019-12-06,5.288,5.3373,5.278,5.3042,232418280
2019-12-09,5.2813,5.3593,5.2725,5.3042,215132800
2019-12-10,5.3345,5.4015,5.2815,5.3495,256689120
2019-12-11,5.36,5.439,5.3575,5.4335,234009880
2019-12-12,5.4045,5.62,5.3955,5.6018,406083200
2019-12-13,5.6048,5.7245,5.5455,5.5998,454967200
2019-12-16,5.6475,5.7016,5.6193,5.6288,321307360
2019-12-17,5.6475,5.73,5.638,5.7073,323263920
2019-12-18,5.7423,5.7985,5.7338,5.7378,344278760
2019-12-19,5.7725,5.9,5.7675,5.8865,453106800
2019-12-20,5.9533,6.0098,5.9339,5.9843,603384400
2019-12-23,6.013,6.0453,5.9597,5.9705,355392600
2019-12-24,5.955,5.9828,5.9205,5.9655,138863880
2019-12-26,5.969,6.008,5.95,5.9798,183218040
2019-12-27,5.995,6.0085,5.8953,5.9218,254810040
2019-12-30,5.8998,5.905,5.7765,5.808,258247120
2019-12-31,5.7725,5.8919,5.7533,5.8825,231211320
2020-01-02,5.9688,5.9977,5.918,5.9977,237678760
2020-01-03,5.8775,5.9458,5.8525,5.9017,205772320
2020-01-06,5.808,5.9318,5.7818,5.9265,262912480
2020-01-07,5.955,6.0443,5.9097,5.9983,319205760
2020-01-08,5.994,6.051,5.9537,6.0095,277240680
2020-01-09,6.0963,6.1482,6.0214,6.0755,255442120
2020-01-10,6.1833,6.2138,6.0938,6.108,316462400
2020-01-13,6.1915,6.3247,6.1688,6.2995,320338040
2020-01-14,6.2565,6.282,6.1688,6.182,359579320
2020-01-15,6.1948,6.2172,6.1133,6.1393,263105440
2020-01-16,6.193,6.2293,6.1694,6.2233,284191640
2020-01-17,6.2425,6.25,6.1843,6.232,253790560
2020-01-21,6.1951,6.2323,6.1643,6.1985,217917000
2020-01-22,6.244,6.3398,6.225,6.2513,239238680
2020-01-23,6.293,6.33,6.2038,6.3215,244514440
2020-01-24,6.4375,6.4875,6.2075,6.262,373513560
2020-01-27,5.956,6.0563,5.8057,6.005,470534000
2020-01-28,6.0713,6.2318,6.0179,6.1993,310976040
2020-01-29,6.1848,6.221,6.0985,6.1385,259451160
2020-01-30,6.0403,6.1588,5.985,6.1453,290503600
2020-01-31,6.0993,6.1113,5.8688,5.9108,370419720
2020-02-03,5.8925,6.0278,5.8863,6.0083,255928200
2020-02-04,6.1508,6.1975,6.1005,6.1783,271543560
2020-02-05,6.2998,6.31,6.1852,6.269,208220080
2020-02-06,6.3035,6.3563,6.222,6.3561,218282040
2020-02-07,6.316,6.3383,6.2643,6.2898,189752120
2020-02-10,6.3125,6.575,6.3075,6.5743,529607600
2020-02-11,6.683,6.8125,6.6208,6.6973,638556800
2020-02-12,6.7503,6.82,6.7112,6.8135,374644720
2020-02-13,6.7553,6.837,6.7278,6.7695,528015200
2020-02-14,7.1815,7.3743,7.15,7.2448,1041923600
2020-02-18,7.1411,7.4328,7.1215,7.4143,621881200
2020-02-19,7.5373,7.8853,7.5371,7.8675,694331200
2020-02-20,7.8191,7.908,7.4088,7.7175,810050400
2020-02-21,7.6048,7.63,7.2665,7.3518,769293200
2020-02-24,6.7548,7.0468,6.7,6.832,856914800
2020-02-25,6.9076,6.9698,6.449,6.5513,1055497600
2020-02-26,6.5515,6.8863,6.55,6.6913,749661600
2020-02-27,6.3725,6.675,6.2222,6.315,906414800
2020-02-28,6.0614,6.8115,6.0448,6.7518,1134675200
2020-03-02,6.9225,6.9398,6.525,6.9108,890745600
2020-03-03,6.9667,7.0267,6.5615,6.6472,652793200
2020-03-04,6.755,7.1223,6.68,7.1128,597407200
2020-03-05,6.9125,7.08,6.7875,6.8323,540327600
2020-03-06,6.652,6.7097,6.45,6.651,515412400
2020-03-09,5.9975,6.485,5.9545,6.136,614158400
2020-03-10,6.4135,6.527,6.1498,6.527,580648800
2020-03-11,6.3864,6.415,6.0643,6.1618,502067600
2020-03-12,5.6365,5.903,5.395,5.4078,816541600
2020-03-13,5.7625,6.0255,5.4903,6.021,634837600
2020-03-16,5.3102,5.6525,4.85,4.91,726972000
2020-03-17,5.0228,5.5215,4.775,5.4318,833632000
2020-03-18,5.0024,5.2485,4.517,5.0705,874266400
2020-03-19,5.049,5.4183,4.8347,5.3243,765514000
2020-03-20,5.475,5.758,5.1283,5.1438,804634000
2020-03-23,5.1428,5.412,4.963,5.3173,643874800
2020-03-24,5.725,6.3165,5.7013,6.2295,1101644000
2020-03-25,6.345,6.5455,6.0915,6.1405,793430800
2020-03-26,6.3485,6.5555,6.25,6.431,697587600
2020-03-27,6.25,6.5779,6.217,6.3182,638829600
2020-03-30,6.384,6.649,6.3398,6.6397,602250000
2020-03-31,6.68,6.885,6.4438,6.59,949960400
2020-04-01,6.3913,6.5382,6.032,6.0768,656913200
2020-04-02,6.106,6.4,6.0578,6.3868,675764400
2020-04-03,6.349,6.3908,5.9597,6.0978,663214000
2020-04-06,6.381,6.747,6.3233,6.71,727882400
2020-04-07,6.9325,6.9563,6.4325,6.4757,784522000
2020-04-08,6.5853,6.6988,6.515,6.6738,542444400
2020-04-09,6.8,6.823,6.5105,6.5738,526248000
2020-04-13,6.5138,6.755,6.425,6.7463,398407280
2020-04-14,6.875,7.133,6.8472,7.0987,530946800
2020-04-15,6.93,7.1042,6.8845,7.021,366148840
2020-04-16,7.177,7.475,7.1638,7.3675,745620400
2020-04-17,7.45,7.4715,7.1735,7.308,539122000
2020-04-20,7.181,7.3375,7.1318,7.1763,449388400
2020-04-21,7.0578,7.1193,6.6778,6.7378,735160000
2020-04-22,6.9308,7.1968,6.885,7.1537,484729200
2020-04-23,7.196,7.3284,7.075,7.1003,424159600
2020-04-24,7.09,7.2418,7.015,7.2397,352645480
2020-04-27,7.3748,7.5875,7.35,7.427,479388000
2020-04-28,7.575,7.605,7.2785,7.284,442904000
2020-04-29,7.4192,7.5145,7.3438,7.4615,379161880
2020-04-30,7.4073,7.4615,7.293,7.307,375917720
2020-05-01,7.1088,7.2225,7.0211,7.0695,342097800
2020-05-04,7.022,7.296,7.022,7.2821,317555200
2020-05-05,7.3868,7.5068,7.2823,7.3435,368895640
2020-05-06,7.4233,7.55,7.3853,7.4448,323465560
2020-05-07,7.5845,7.6853,7.5331,7.6218,373730520
2020-05-08,7.6938,7.8188,7.6597,7.8125,339907120
2020-05-11,7.8075,8.1125,7.7787,8.0655,469060000
2020-05-12,8.1235,8.1725,7.7927,7.8025,493059200
2020-05-13,7.9175,8.0785,7.5948,7.78,625850000
2020-05-14,7.8416,8.036,7.6875,8.0305,602312400
2020-05-15,7.8897,8.5005,7.874,8.4908,987661600
2020-05-18,8.7605,8.9165,8.6805,8.7502,776403600
2020-05-19,8.7903,9.0875,8.7628,8.8055,717322000
2020-05-20,8.991,9.043,8.8887,8.97,587536400
2020-05-21,9.0515,9.0524,8.7375,8.7752,761069600
2020-05-22,8.8253,9.093,8.7133,9.0263,1038765200
2020-05-26,9.1568,9.1817,8.672,8.7178,770779200
2020-05-27,8.625,8.6327,7.9968,8.5252,1175892400
2020-05-28,8.4123,8.7605,8.3793,8.487,736128000
2020-05-29,8.5545,8.8755,8.485,8.8755,745919600
2020-06-01,8.8332,8.8407,8.6895,8.8063,390511000
2020-06-02,8.7963,8.8373,8.658,8.8253,391320560
2020-06-03,8.8223,8.8662,8.7,8.7695,365438880
2020-06-04,8.728,8.9433,8.6775,8.7665,424278400
2020-06-05,8.7945,8.997,8.708,8.92,481746000
2020-06-08,8.8773,8.8896,8.6858,8.805,387737240
2020-06-09,8.8,9.1097,8.7513,9.046,468488800
2020-06-10,9.1677,9.5,9.1535,9.3668,632181600
2020-06-11,9.15,9.2613,8.786,8.7963,583650400
2020-06-12,9.1625,9.1873,8.7033,8.9325,570908000
2020-06-15,8.8153,9.1823,8.7438,9.1738,400002000
2020-06-16,9.225,9.2668,8.8388,9.0685,535715200
2020-06-17,9.1138,9.299,9.0702,9.236,408305600
2020-06-18,9.227,9.2825,9.1145,9.218,254409520
2020-06-19,9.2425,9.445,9.2273,9.2613,524160400
2020-06-22,9.3,9.5313,9.2733,9.5267,398466480
2020-06-23,9.551,9.6425,9.4075,9.45,375107400
2020-06-24,9.4763,9.5564,9.1445,9.2355,449370800
2020-06-25,9.3558,9.505,9.1823,9.49,376072000
2020-06-26,9.5,9.5,9.125,9.155,592085600
2020-06-29,9.1698,9.2045,8.9,9.2,342248120
2020-06-30,9.314,9.5263,9.2665,9.4978,367892000
2020-07-01,9.5207,9.5757,9.413,9.53,326646800
2020-07-02,9.639,9.7375,9.5783,9.6123,364054080
2020-07-06,9.7418,9.9088,9.7125,9.8392,315893720
2020-07-07,9.9463,10.07,9.8507,9.8718,357799720
2020-07-08,9.9938,10.225,9.9655,10.216,365480520
2020-07-09,10.3803,10.57,10.2335,10.509,494547200
2020-07-10,10.5888,10.6553,10.3788,10.4793,497674800
2020-07-13,10.595,10.7922,10.025,10.0523,457074800
2020-07-14,10.075,10.4028,9.7855,10.377,542674400
2020-07-15,10.4143,10.433,10.0558,10.2273,403984800
2020-07-16,10.015,10.2067,9.8955,10.1348,344964720
2020-07-17,10.2255,10.2485,10.0878,10.2015,266284640
2020-07-20,10.2743,10.5313,10.1568,10.5108,284850840
2020-07-21,10.513,10.5599,10.2868,10.3285,277666840
2020-07-22,10.3675,10.6025,10.2916,10.4388,367290840
2020-07-23,10.45,10.547,10.0313,10.1298,411661200
2020-07-24,9.875,10.3648,9.777,10.1945,473292000
2020-07-27,10.2323,10.4418,10.2178,10.4215,292130200
2020-07-28,10.3743,10.382,10.2093,10.2155,271636040
2020-07-29,10.3908,10.5162,10.347,10.4655,284507680
2020-07-30,10.375,10.623,10.2953,10.614,308880160
2020-07-31,10.5633,10.7665,10.433,10.6148,386286000
2020-08-03,10.7325,11.0988,10.7153,11.0103,413018400
2020-08-04,11.05,11.2278,10.906,11.2278,310335600
2020-08-05,11.244,11.3717,11.1663,11.2868,250499720
2020-08-06,11.3498,11.358,11.1788,11.3355,244315680
2020-08-07,11.3125,11.5048,11.0375,11.1995,342515960
2020-08-10,11.3343,11.4083,10.8565,11.165,427796000
2020-08-11,11.0738,11.1368,10.7958,10.85,354510520
2020-08-12,10.9908,11.467,10.9583,11.4403,464942800
2020-08-13,11.546,11.7218,11.3558,11.443,374459560
2020-08-14,11.53,11.7048,11.4405,11.564,366436160
2020-08-17,11.8513,12.4098,11.8172,12.337,621300800
2020-08-18,12.45,12.496,12.0863,12.2608,503446400
2020-08-19,12.2965,12.315,12.098,12.1385,622622400
2020-08-20,11.975,12.375,11.8788,12.141,921386400
2020-08-21,12.2018,12.8087,12.1952,12.6835,999869600
2020-08-24,12.8838,12.9125,12.5075,12.7203,490564400
2020-08-25,12.6308,12.7613,12.5738,12.75,289076800
2020-08-26,12.7992,12.8685,12.6778,12.773,321242920
2020-08-27,12.7815,12.85,12.5664,12.6283,317602920
2020-08-28,12.6749,13.148,12.6425,13.1478,537158400
2020-08-31,13.1828,13.575,13.0378,13.3745,500841200
2020-09-01,13.48,13.9938,13.4365,13.821,512474000
2020-09-02,14.7037,14.7267,13.9,14.3465,874012800
2020-09-03,13.8286,13.8845,12.8788,13.0155,945126000
2020-09-04,12.7838,13.175,11.7048,12.6225,1463682800
2020-09-08,11.7345,12.55,11.7043,11.913,795729600
2020-09-09,12.4,12.8093,12.2318,12.715,736198400
2020-09-10,12.9893,13.0653,12.167,12.3118,698684400
2020-09-11,12.4855,12.6525,11.8958,12.1645,636926800
2020-09-14,13.081,13.315,12.6311,12.8723,1201744800
2020-09-15,13.28,13.2988,12.8278,12.991,727556400
2020-09-16,12.9573,13.0928,12.5138,12.5145,557599600
2020-09-17,12.1322,12.5898,12.0348,12.4635,792511600
2020-09-18,12.5938,12.6325,11.9888,12.1893,698462000
2020-09-21,11.925,12.5225,11.9045,12.5173,721042400
2020-09-22,12.575,12.648,12.1556,12.6378,646452000
2020-09-23,12.5755,12.727,12.0793,12.1238,647012400
2020-09-24,12.0723,12.5695,12.014,12.348,731240400
2020-09-25,12.4475,12.8835,12.2458,12.8738,588016400
2020-09-28,13.0403,13.0518,12.75,13.035,573809200
2020-09-29,12.9375,13.4428,12.9333,13.2258,623004800
2020-09-30,13.1575,13.6225,13.1503,13.5305,689184000
2020-10-01,13.758,13.7627,13.4608,13.6145,525002400
2020-10-02,13.225,13.5195,13.051,13.0623,552496000
2020-10-05,13.236,13.6443,13.2228,13.6425,479818400
2020-10-06,13.83,14.142,13.665,13.7365,784420000
2020-10-07,13.9998,14.1193,13.8635,13.964,418085200
2020-10-08,14.075,14.0845,13.758,13.8387,378900880
2020-10-09,13.767,13.8243,13.6608,13.7628,346890920
2020-10-12,13.9895,14.347,13.9125,14.226,434744000
2020-10-13,14.2965,14.3485,14.0186,14.2482,344603120
2020-10-14,14.2905,14.3428,13.96,14.0953,276647120
2020-10-15,13.8107,14.0058,13.7678,13.97,267225120
2020-10-16,14.0368,14.1215,13.7925,13.8115,242639600
2020-10-19,13.9029,13.9835,13.4068,13.4978,298068560
2020-10-20,13.5835,13.7998,13.507,13.6455,229212040
2020-10-21,13.625,13.7915,13.4775,13.5248,219597320
2020-10-22,13.5225,13.6118,13.2318,13.361,290479440
2020-10-23,13.45,13.5933,13.2913,13.5903,233484280
2020-10-26,13.427,13.6928,13.0385,13.1412,336894320
2020-10-27,13.306,13.442,13.1915,13.3968,250519680
2020-10-28,13.198,13.26,12.609,12.627,376518080
2020-10-29,12.8385,13.1928,12.75,13.024,320081840
2020-10-30,12.85,12.9364,12.3,12.534,417396000
2020-11-02,12.6578,12.8367,12.395,12.5808,299652640
2020-11-03,12.7085,13.105,12.6028,13.0195,272901080
2020-11-04,13.3893,13.8275,13.3369,13.7943,410229200
2020-11-05,14.1625,14.339,13.991,14.16,319028320
2020-11-06,14.1098,14.5887,13.895,14.562,383349280
2020-11-09,14.5525,14.6915,13.6107,13.6308,582978000
2020-11-10,13.6065,13.6065,12.6283,12.77,644067200
2020-11-11,13.0538,13.4349,12.9483,13.418,404743600
2020-11-12,13.4789,13.766,13.316,13.4568,366635000
2020-11-13,13.6273,13.6687,13.0593,13.297,346762320
2020-11-16,13.1725,13.6495,13.156,13.5153,413774800
2020-11-17,13.5525,13.5963,13.3039,13.4223,312027960
2020-11-18,13.4653,13.6058,13.185,13.4288,510925200
2020-11-19,13.2128,13.4875,13.1,13.4403,565934400
2020-11-20,13.454,13.4945,13.065,13.0878,341089800
2020-11-23,13.1711,13.3825,13.0155,13.14,361354200
2020-11-24,13.1425,13.162,12.885,12.9577,346499960
2020-11-25,13.0325,13.2694,13.02,13.2348,259916400
2020-11-27,13.375,13.4075,13.1705,13.2613,167275200
2020-11-30,13.265,13.4125,12.9724,13.4015,286952000
2020-12-01,13.4923,13.5288,13.2283,13.39,297571280
2020-12-02,13.3505,13.6734,13.2343,13.5445,283361200
2020-12-03,13.5875,13.66,13.329,13.396,199520640
2020-12-04,13.4485,13.56,13.3887,13.5583,202243400
2020-12-07,13.6013,13.7313,13.5,13.6068,223243240
2020-12-08,13.585,13.5988,13.2815,13.35,271920880
2020-12-09,13.3005,13.414,12.8682,12.9308,401301200
2020-12-10,12.869,13.0687,12.8494,12.9723,207764720
2020-12-11,12.9673,13.02,12.823,13.0132,209265640
2020-12-14,13.0879,13.3888,13.0775,13.3088,270157880
2020-12-15,13.4398,13.464,13.1868,13.3605,193485920
2020-12-16,13.4225,13.4373,13.2125,13.2425,223114680
2020-12-17,13.3668,13.3795,13.1785,13.3413,231383880
2020-12-18,13.379,13.405,13.0705,13.272,342064640
2020-12-21,13.0748,13.37,12.9675,13.3323,302332160
2020-12-22,13.3193,13.3372,13.0539,13.2783,186314880
2020-12-23,13.256,13.275,13.005,13.0093,179142760
2020-12-24,13.0373,13.1325,12.9387,12.9938,97883520
2020-12-28,13.0625,13.0625,12.7632,12.9,212565640
2020-12-29,12.925,13.0725,12.8423,12.9433,170372160
2020-12-30,12.9903,13.2137,12.8968,13.1458,225397160
2020-12-31,13.1365,13.1511,12.915,13.055,192424400
2021-01-04,13.1043,13.6525,12.9625,13.1135,560642000
2021-01-05,13.0998,13.4435,13.087,13.4048,322759920
2021-01-06,13.2225,13.245,12.586,12.6145,580423200
2021-01-07,12.9675,13.3778,12.8865,13.344,461481600
2021-01-08,13.3625,13.421,13.042,13.2768,292528600
2021-01-11,13.4188,13.961,13.3625,13.6215,519028800
2021-01-12,13.7525,13.7545,13.345,13.4848,291477720
2021-01-13,13.49,13.625,13.385,13.5318,210028440
2021-01-14,13.575,13.5998,13.1805,13.2003,283120280
2021-01-15,13.228,13.3253,12.8485,12.8595,277781280
2021-01-19,13.0162,13.094,12.844,13.0253,226186880
2021-01-20,13.1118,13.4305,13.0568,13.3658,258570880
2021-01-21,13.4186,13.9994,13.253,13.8675,338339600
2021-01-22,13.7401,13.8417,13.6273,13.7125,246818560
2021-01-25,13.7818,13.8285,13.2365,13.6533,251111160
2021-01-26,13.5804,13.6448,13.3875,13.4353,163980400
2021-01-27,13.23,13.2327,12.7938,12.9178,371272840
2021-01-28,12.9963,13.3398,12.9605,13.051,228315960
2021-01-29,13.075,13.3348,12.9115,12.9898,271552040
2021-02-01,13.0534,13.2708,12.9028,13.237,217204320
2021-02-02,13.3988,13.572,13.2855,13.5568,220438280
2021-02-03,13.636,13.9318,13.5165,13.5305,245409280
2021-02-04,13.531,13.6735,13.3379,13.6643,201338480
2021-02-05,13.725,13.7373,13.5458,13.591,169153640
2021-02-08,13.7272,14.4738,13.7272,14.4387,434622800
2021-02-09,14.3406,14.5833,14.2225,14.2632,287560120
2021-02-10,14.4633,14.905,14.3414,14.7643,485352400
2021-02-11,14.9803,15.2723,14.925,15.2508,450827600
2021-02-12,15.05,15.2911,14.775,14.9613,374757480
2021-02-16,15.0643,15.3725,14.95,15.3303,321959520
2021-02-17,15.171,15.2235,14.78,14.906,275698680
2021-02-18,14.729,14.8732,14.575,14.829,234080800
2021-02-19,15.0245,15.177,14.8467,14.9265,271724120
2021-02-22,14.7748,15.1333,14.325,14.3558,325885560
2021-02-23,14.0753,14.2388,13.3895,14.142,391779320
2021-02-24,14.1228,14.5068,13.756,14.499,448319200
2021-02-25,14.0454,14.3748,13.2163,13.3075,824436000
2021-02-26,13.7525,13.8545,13.361,13.7145,500930400
2021-03-01,13.875,13.925,13.5532,13.8417,353183000
2021-03-02,13.9,13.9205,13.396,13.4063,264114120
2021-03-03,13.4263,13.4515,12.7988,12.8048,377590280
2021-03-04,12.8008,12.975,12.0838,12.3703,573345200
2021-03-05,12.55,12.55,11.6793,12.4615,542838800
2021-03-08,12.45,12.4713,11.5665,11.5933,543111600
2021-03-09,12.1303,12.6168,12.0593,12.5203,521825600
2021-03-10,12.8405,12.98,12.4575,12.4683,384376560
2021-03-11,12.95,13.0463,12.7345,12.9935,299914280
2021-03-12,12.6483,12.8888,12.59,12.856,243963960
2021-03-15,12.8648,13.2068,12.7671,13.1913,222520440
2021-03-16,13.3565,13.5125,13.1168,13.2913,272129600
2021-03-17,13.0398,13.4533,12.9895,13.3413,243864200
2021-03-18,13.1365,13.184,12.717,12.7225,294188080
2021-03-19,12.75,12.9215,12.6125,12.8458,299206960
2021-03-22,12.9128,13.3945,12.9068,13.1863,297803080
2021-03-23,13.2542,13.3445,13.0213,13.0708,222046080
2021-03-24,13.1512,13.1591,12.6368,12.643,245838520
2021-03-25,12.4995,12.7148,12.272,12.5353,295144560
2021-03-26,12.5545,12.8563,12.3735,12.8393,363968960
2021-03-29,12.8203,13.0625,12.7,12.9483,273519880
2021-03-30,12.842,12.9753,12.705,12.8718,200202480
2021-03-31,13.0155,13.4705,12.9825,13.3483,314777520
2021-04-01,13.5723,13.87,13.5113,13.8118,308274600
2021-04-05,13.8675,14.014,13.733,13.9875,255671400
2021-04-06,13.9997,14.0541,13.7736,13.8615,191745960
2021-04-07,13.8808,14.2435,13.7115,14.1435,251284360
2021-04-08,14.2528,14.4715,14.2489,14.317,244414920
2021-04-09,14.214,14.408,14.175,14.4,195170880
2021-04-12,14.2898,15.3525,14.1393,15.209,869322000
2021-04-13,15.2315,15.7,15.1258,15.6795,676212000
2021-04-14,15.625,15.7205,15.2275,15.277,385501920
2021-04-15,15.6625,16.2142,15.6315,16.1373,598480800
2021-04-16,16.0531,16.1657,15.8653,15.9125,335207560
2021-04-19,15.5365,15.8075,15.233,15.3618,404418000
2021-04-20,15.3233,15.497,14.963,15.1713,334133040
2021-04-21,15.1188,15.3625,15.1023,15.3605,216777040
2021-04-22,15.375,15.4386,14.7835,14.8503,277786280
2021-04-23,14.9344,15.3349,14.9003,15.2653,227772200
2021-04-26,15.1851,15.479,15.125,15.478,197797080
2021-04-27,15.5785,15.6705,15.3545,15.3818,164573000
2021-04-28,15.3645,15.5322,15.2155,15.2768,209416200
2021-04-29,15.4,15.4365,15.0715,15.3248,173196480
2021-04-30,15.1745,15.365,14.997,15.0095,201910080
2021-05-03,15.125,15.2468,14.7875,14.8368,203911840
2021-05-04,14.6373,14.6375,14.0103,14.3513,405324800
2021-05-05,14.709,14.8135,14.3875,14.4585,292023040
2021-05-06,14.4952,14.5713,14.2181,14.523,193380920
2021-05-07,14.8083,14.9708,14.6717,14.8123,229327320
2021-05-10,14.7873,14.806,14.25,14.2658,268903800
2021-05-11,13.825,14.3548,13.75,14.3063,285585360
2021-05-12,14.0095,14.2602,13.7093,13.7585,303409320
2021-05-13,14.0338,14.0808,13.459,13.6653,285727480
2021-05-14,13.89,14.3281,13.7485,14.243,258615000
2021-05-17,14.157,14.1693,13.8535,14.1655,216488840
2021-05-18,14.267,14.4042,14.004,14.0158,186254240
2021-05-19,13.5665,14.0795,13.5433,14.0658,343999360
2021-05-20,14.3025,14.6838,14.2705,14.6125,321591920
2021-05-21,15.1638,15.222,14.8694,14.9918,672992000
2021-05-24,15.2125,15.745,15.176,15.612,554816400
2021-05-25,15.766,15.8185,15.4825,15.6478,435406800
2021-05-26,15.7343,15.7938,15.5863,15.7,370438640
2021-05-27,15.6998,15.75,15.46,15.488,581475200
2021-05-28,15.501,16.2775,15.501,16.2445,644535600
2021-06-01,16.27,16.3881,15.9033,16.2645,472803200
2021-06-02,16.2523,16.9189,16.2355,16.7783,594167600
2021-06-03,16.7007,17.259,16.583,16.9698,580006800
2021-06-04,17.1125,17.661,17.0955,17.5783,617120400
2021-06-07,17.5711,17.8125,17.1928,17.619,575754800
2021-06-08,17.5273,17.6216,17.251,17.457,323846760
2021-06-09,17.5158,17.575,17.2558,17.3583,381657480
2021-06-10,17.35,17.492,17.176,17.425,287770440
2021-06-11,17.4795,17.9392,17.4438,17.8253,416307600
2021-06-14,17.906,18.0395,17.6628,18.0188,321374280
2021-06-15,17.915,18.0162,17.728,17.7885,243030440
2021-06-16,17.7907,17.9547,17.5844,17.8103,307122600
2021-06-17,17.7746,18.835,17.7563,18.6573,809654800
2021-06-18,18.784,19.375,18.584,18.6387,968854400
2021-06-21,18.4353,18.5365,17.8226,18.4273,672382000
2021-06-22,18.4715,18.9638,18.3859,18.8868,580145600
2021-06-23,19.0077,19.1528,18.9078,19.0573,332357040
2021-06-24,19.2278,19.42,19.0882,19.2055,320922400
2021-06-25,19.2805,19.3455,18.8944,19.031,278365920
2021-06-28,19.3613,20.0787,19.319,19.985,495436400
2021-06-29,19.8825,20.0988,19.6569,20.0268,367633840
2021-06-30,19.9991,20.1625,19.8638,20.0025,326566160
2021-07-01,20.125,20.456,20.019,20.212,480134800
2021-07-02,20.4401,20.5053,20.2878,20.487,343396680
2021-07-06,20.7375,20.842,20.3503,20.6985,446707600
2021-07-07,20.8535,20.875,20.3321,20.3718,418427200
2021-07-08,19.8565,20.133,19.7007,19.9028,503299600
2021-07-09,19.9625,20.0801,19.7542,20.0503,296622680
2021-07-12,20.24,20.5328,20.1878,20.5125,321984760
2021-07-13,20.4005,20.4613,20.114,20.25,290706320
2021-07-14,20.3577,20.4178,19.7528,19.8415,380099200
2021-07-15,19.8118,19.847,18.8585,18.9662,550564400
2021-07-16,19.0305,19.1571,18.073,18.161,688222800
2021-07-19,17.9153,19.042,17.8655,18.7798,749058800
2021-07-20,18.73,18.838,18.164,18.612,434686500
2021-07-21,18.882,19.527,18.742,19.41,371017400
2021-07-22,19.642,19.887,19.276,19.594,323826000
2021-07-23,19.6564,19.7,19.25,19.558,195672000
2021-07-26,19.311,19.442,18.914,19.294,203943200
2021-07-27,19.265,19.622,18.741,19.208,248862600
2021-07-28,19.3192,19.646,18.995,19.503,202191200
2021-07-29,19.519,19.853,19.328,19.662,190780900
2021-07-30,19.418,19.63,19.263,19.499,183497500
2021-08-02,19.7,19.961,19.361,19.75,217444000
2021-08-03,19.74,20.222,19.22,19.815,301810700
2021-08-04,19.99,20.318,19.828,20.274,231309400
2021-08-05,20.5,20.733,20.342,20.637,211435400
2021-08-06,20.524,20.57,20.21,20.366,178496600
2021-08-09,20.446,20.508,20.143,20.295,146443100
2021-08-10,20.322,20.43,19.8345,19.936,179237800
2021-08-11,20.043,20.049,19.43,19.699,185924800
2021-08-12,19.87,20.029,19.62,19.905,151861600
2021-08-13,19.905,20.2138,19.851,20.188,183062900
2021-08-16,20.135,20.287,19.453,19.95,211152800
2021-08-17,19.685,19.77,19.267,19.458,204584900
2021-08-18,19.5,19.6337,19,19.04,285913500
2021-08-19,19.494,20.495,18.762,19.798,766554800
2021-08-20,19.991,20.8651,19.933,20.816,675741300
2021-08-23,20.971,21.997,20.95,21.958,575806600
2021-08-24,21.753,21.959,21.535,21.793,297298900
2021-08-25,21.737,22.47,21.722,22.213,347701000
2021-08-26,22.2,22.34,21.79,22.068,237940400
2021-08-27,22.184,22.722,22.167,22.636,304722200
2021-08-30,22.83,23.043,22.551,22.688,262579900
2021-08-31,22.695,22.695,22.12,22.385,259849700
2021-09-01,22.485,22.697,22.3565,22.441,201767000
2021-09-02,22.518,22.593,22.2945,22.396,188109600
2021-09-03,22.325,22.986,22.2,22.843,280832000
2021-09-07,22.833,22.899,22.5224,22.662,198107200
2021-09-08,22.513,22.61,21.977,22.339,254434200
2021-09-09,22.312,22.538,22.131,22.177,196856000
2021-09-10,22.3483,22.626,22.27,22.478,248375700
2021-09-13,22.684,22.964,21.858,22.152,297499900
2021-09-14,22.275,22.41,22.086,22.242,199754600
2021-09-15,22.309,22.367,21.966,22.341,166538000
2021-09-16,22.1835,22.277,21.927,22.242,156033400
2021-09-17,22.3,22.321,21.83,21.9,294502800
2021-09-20,21.146,21.433,20.662,21.113,349440500
2021-09-21,21.4165,21.425,20.95,21.246,204688100
2021-09-22,21.3655,21.96,21.196,21.941,268725600
2021-09-23,22.14,22.5345,21.89,22.482,248554900
2021-09-24,22.07,22.149,21.861,22.081,217655500
2021-09-27,21.7104,21.799,21.325,21.66,245215100
2021-09-28,21.2135,21.419,20.651,20.699,343069000
2021-09-29,20.9395,21.017,20.467,20.517,218393600
2021-09-30,20.7684,21.066,20.688,20.716,221009100
2021-10-01,20.75,20.859,20.203,20.742,240978000
2021-10-04,20.504,20.5418,19.555,19.732,345635000
2021-10-05,19.95,20.648,19.854,20.451,279281700
2021-10-06,20.12,20.72,20.08,20.7,297201800
2021-10-07,21.092,21.322,20.972,21.075,256918900
2021-10-08,21.101,21.206,20.775,20.831,151257900
2021-10-11,20.575,21.063,20.511,20.695,163387500
2021-10-12,20.8275,21.057,20.528,20.671,162133500
2021-10-13,20.918,20.99,20.713,20.939,180651900
2021-10-14,21.288,21.755,21.122,21.746,243588800
2021-10-15,21.81,21.931,21.662,21.862,226994000
2021-10-18,21.749,22.291,21.644,22.222,189493600
2021-10-19,22.276,22.379,22.037,22.29,161473300
2021-10-20,22.3045,22.433,21.982,22.103,146275900
2021-10-21,22.097,22.711,22.083,22.692,187590300
2021-10-22,22.823,23.13,22.561,22.726,249383800
2021-10-25,22.973,23.355,22.77,23.166,230234800
2021-10-26,23.989,25.259,23.924,24.717,485898300
2021-10-27,24.474,25.09,24.282,24.451,245989900
2021-10-28,24.878,24.95,24.523,24.941,234204300
2021-10-29,25.0005,25.709,25,25.567,292502800
2021-11-01,25.649,25.894,25.227,25.827,265739800
2021-11-02,25.822,26.678,25.8,26.401,294112400
2021-11-03,26.67,26.784,26.235,26.598,239910300
2021-11-04,27.229,31.365,27.118,29.801,1153631000
2021-11-05,30.187,31.4,29.41,29.752,851260200
2021-11-08,30.149,31.1,29.907,30.804,503100900
2021-11-09,32.282,32.31,29.964,30.657,646746200
2021-11-10,29.356,30.85,28.778,29.459,636205700
2021-11-11,30.468,30.59,29.777,30.39,332172100
2021-11-12,30.01,30.68,29.63,30.39,413054300
2021-11-15,30.552,30.644,29.247,30.025,384909000
2021-11-16,29.759,30.39,29.7059,30.203,264483700
2021-11-17,30.418,30.509,28.8,29.261,428508000
2021-11-18,32.367,32.76,31.321,31.675,781710800
2021-11-19,32.243,33.088,31.905,32.985,533866700
2021-11-22,33.517,34.647,31.9,31.956,754335200
2021-11-23,31.535,32.36,30.88,31.746,532162700
2021-11-24,31.461,32.855,30.928,32.674,435162300
2021-11-26,32.6,32.71,31.35,31.503,283068900
2021-11-29,32.366,33.412,32.036,33.376,454964000
2021-11-30,33.169,33.353,31.864,32.676,622066500
2021-12-01,33.2195,33.2893,31.38,31.435,485802000
2021-12-02,31.214,32.478,31.025,32.126,472890300
2021-12-03,32,32.129,30.13,30.693,544325100
2021-12-06,29.88,30.241,28.038,30.037,658938500
2021-12-07,30.957,32.449,30.651,32.427,593053500
2021-12-08,31.999,32.29,31.421,31.826,475551500
2021-12-09,31.734,32.205,30.428,30.49,488507200
2021-12-10,31.15,31.305,29.861,30.198,488825100
2021-12-13,30.249,30.294,28.116,28.161,598343700
2021-12-14,27.699,28.678,27.25,28.337,667035400
2021-12-15,28.4,30.5,27.838,30.459,698296900
2021-12-16,31.152,31.16,28.093,28.387,707366000
2021-12-17,27.985,28.922,27.76,27.801,716622400
2021-12-20,27.305,28.144,27.145,27.719,461846800
2021-12-21,28.374,29.12,27.401,29.075,524384900
2021-12-22,28.891,29.555,28.449,29.4,395184400
2021-12-23,29.755,30.059,29.431,29.64,343021700
2021-12-27,29.66,31.0865,29.64,30.945,403685900
2021-12-28,31.312,31.33,30.0118,30.322,420591200
2021-12-29,30.2725,30.548,29.366,30.001,343139300
2021-12-30,29.827,30.457,29.54,29.586,308864200
2021-12-31,29.674,30.03,29.3306,29.411,266529900
2022-01-03,29.815,30.711,29.785,30.121,392402900
2022-01-04,30.277,30.468,28.349,29.29,527154400
2022-01-05,28.949,29.416,27.533,27.604,498063900
2022-01-06,27.64,28.438,27.065,28.178,454186400
2022-01-07,28.141,28.422,27.057,27.247,409938500
2022-01-10,26.581,27.469,25.6438,27.4,594681000
2022-01-11,27.3225,28.065,26.839,27.817,404089300
2022-01-12,28.0665,28.595,27.608,27.999,383413500
2022-01-13,28.379,28.48,26.498,26.575,538868100
2022-01-14,26.3,27.1969,26.21,26.942,395832400
2022-01-18,26.26,26.638,25.77,25.903,425306200
2022-01-19,26.079,26.5432,25.052,25.067,488314500
2022-01-20,25.304,25.579,24.078,24.15,435180700
2022-01-21,23.507,24.823,23.263,23.374,718957800
2022-01-24,22.33,23.38,20.888,23.372,915810600
2022-01-25,22.546,22.943,22,22.324,664616400
2022-01-26,23.24,24.057,22.3,22.772,755958700
2022-01-27,23.568,23.995,21.675,21.944,573352700
2022-01-28,22.0122,22.858,21.296,22.84,543774300
2022-01-31,23.182,24.509,23.052,24.486,564679700
2022-02-01,25.104,25.145,23.89,24.638,518925200
2022-02-02,25.794,25.817,24.553,25.242,543419400
2022-02-03,24.458,25.077,23.78,23.948,410177800
2022-02-04,23.972,24.635,23.632,24.319,354828500
2022-02-07,24.372,25.182,24.202,24.728,376867500
2022-02-08,24.359,25.23,23.98,25.108,410358600
2022-02-09,25.622,26.725,25.353,26.705,524281700
2022-02-10,25.995,26.925,25.6,25.824,513199700
2022-02-11,25.916,26.152,23.773,23.949,605472000
2022-02-14,23.934,24.875,23.755,24.267,440424400
2022-02-15,24.949,26.545,24.784,26.495,701752800
2022-02-16,26.259,26.582,25.552,26.511,732676300
2022-02-17,25.63,25.785,24.165,24.507,810595100
2022-02-18,24.6675,24.986,23.1,23.642,761254900
2022-02-22,23.035,24.064,23,23.39,633422400
2022-02-23,23.802,24.155,22.301,22.387,566510800
2022-02-24,21.015,23.8,20.89,23.748,735800600
2022-02-25,23.721,24.217,23.381,24.157,528865500
2022-02-28,23.992,24.665,23.707,24.385,477318600
2022-03-01,24.291,24.377,23.132,23.477,412056000
2022-03-02,23.756,24.409,23.415,24.22,389641900
2022-03-03,24.2615,24.326,23.469,23.714,365095000
2022-03-04,23.384,23.68,22.482,22.936,432010700
2022-03-07,22.817,23.033,21.33,21.352,450820900
2022-03-08,21.309,22.373,20.65,21.514,557467200
2022-03-09,22.387,23.22,22.247,23.014,492742000
2022-03-10,22.531,22.788,21.882,22.658,428065700
2022-03-11,23.022,23.145,22.046,22.1,367208600
2022-03-14,21.869,22.262,21.159,21.33,385354200
2022-03-15,21.518,23.038,21.322,22.973,491995700
2022-03-16,23.5,24.597,23.172,24.496,671421700
2022-03-17,24.12,24.842,23.906,24.766,471941200
2022-03-18,24.799,26.569,24.624,26.453,730718600
2022-03-21,26.507,27.152,25.967,26.734,591727100
2022-03-22,26.727,27.238,26.072,26.524,547007100
2022-03-23,26.126,26.6115,25.575,25.634,502119900
2022-03-24,26.166,28.32,25.907,28.15,877379100
2022-03-25,27.886,28.358,27.271,27.692,579016200
2022-03-28,27.7555,28.25,27.206,28.219,425493900
2022-03-29,28.6945,28.946,27.98,28.656,488984400
2022-03-30,28.304,28.4955,27.503,27.69,463487100
2022-03-31,27.782,28.248,27.27,27.286,523440200
2022-04-01,27.375,27.496,26.267,26.712,517235100
2022-04-04,26.728,27.558,26.613,27.36,397707800
2022-04-05,27.254,27.319,25.82,25.931,436614700
2022-04-06,24.934,25.3,24.003,24.407,703832600
2022-04-07,24.441,24.722,23.478,24.208,557992400
2022-04-08,23.917,23.923,23.062,23.119,524780600
2022-04-11,22.214,22.3199,21.66,21.917,575206800
2022-04-12,22.537,22.725,21.282,21.504,662258100
2022-04-13,21.728,22.5,21.455,22.203,516943400
2022-04-14,22.505,22.777,21.163,21.258,569096900
2022-04-18,21.2,22.088,21.079,21.783,525700600
2022-04-19,21.72,22.373,21.314,22.198,512780600
2022-04-20,22.5171,22.6704,21.2,21.482,468974400
2022-04-21,21.7092,22.392,20,20.183,656209400
2022-04-22,20.303,20.486,19.5,19.515,624713400
2022-04-25,19.202,19.945,19.096,19.902,641565600
2022-04-26,19.718,19.788,18.67,18.788,653142500
2022-04-27,18.598,19.167,18.29,18.415,499460200
2022-04-28,18.967,20.037,18.4896,19.782,570326700
2022-04-29,19.402,20.1285,18.517,18.547,500434900
2022-05-02,18.5405,19.574,18.391,19.533,572048700
2022-05-03,19.4,19.825,19.133,19.602,475750800
2022-05-04,19.923,20.4,18.751,20.334,648854600
2022-05-05,19.867,19.925,18.5,18.844,626331400
2022-05-06,18.736,19.512,17.99,18.675,633296700
2022-05-09,18.034,18.255,16.827,16.95,644454500
2022-05-10,17.689,18.198,17.025,17.595,761474300
2022-05-11,17.347,17.753,16.568,16.63,670167000
2022-05-12,16.2191,16.788,15.567,16.175,708728400
2022-05-13,16.788,17.9284,16.5925,17.706,670436500
2022-05-16,17.509,17.788,17.106,17.264,521446000
2022-05-17,18.074,18.371,17.634,18.177,585829700
2022-05-18,17.705,18.118,16.864,16.938,545161100
2022-05-19,16.937,17.687,16.7341,17.124,621309600
2022-05-20,17.332,17.41,15.755,16.694,739105300
2022-05-23,16.274,16.915,16.179,16.898,639888700
2022-05-24,16.51,16.597,15.78,16.154,588550000
2022-05-25,16.02,17.111,16,16.975,781131900
2022-05-26,16.036,18.092,16.022,17.851,996574500
2022-05-27,18.186,18.881,18.1,18.811,738379400
2022-05-31,18.98,19.2,18.35,18.672,664099500
2022-06-01,18.724,19.0532,18.122,18.32,544513900
2022-06-02,18.292,19.619,18.198,19.592,648655800
2022-06-03,19.0815,19.3323,18.5216,18.72,598778700
2022-06-06,19.139,19.337,18.5642,18.786,422406200
2022-06-07,18.472,19,18.188,18.926,388914100
2022-06-08,18.799,19.18,18.535,18.648,363252500
2022-06-09,18.481,18.933,18.041,18.048,395573800
2022-06-10,17.6,17.697,16.869,16.974,465649700
2022-06-13,16,16.312,15.606,15.647,604153400
2022-06-14,15.731,16.066,15.412,15.836,469679500
2022-06-15,16.095,16.868,15.926,16.527,563935700
2022-06-16,15.86,15.9423,15.401,15.601,545748700
2022-06-17,15.648,15.995,15.328,15.88,630334000
2022-06-21,16.4745,17.008,16.407,16.566,483088900
2022-06-22,16.226,16.662,16.18,16.36,437997400
2022-06-23,16.5185,16.585,15.853,16.225,463679600
2022-06-24,16.5,17.14,16.31,17.126,472152800
2022-06-27,17.312,17.33,16.6255,16.869,427967900
2022-06-28,16.9,17.202,15.945,15.982,461859400
2022-06-29,15.814,15.82,15.17,15.542,482352300
2022-06-30,15.361,15.567,14.862,15.159,686070000
2022-07-01,14.899,15.0629,14.392,14.523,577610100
2022-07-05,14.175,14.971,14.055,14.964,652207600
2022-07-06,15.01,15.319,14.789,15.13,529065900
2022-07-07,15.4555,15.945,15.389,15.858,492902800
2022-07-08,15.43,16.037,15.389,15.838,467971800
2022-07-11,15.526,15.527,15.038,15.152,438388700
2022-07-12,15.268,15.431,14.877,15.082,458483100
2022-07-13,14.59,15.375,14.465,15.164,521918300
2022-07-14,15.108,15.473,14.728,15.372,456234800
2022-07-15,15.659,15.782,15.445,15.762,385935500
2022-07-18,16.302,16.897,16.002,16.101,670517500
2022-07-19,16.486,17.11,16.172,16.992,702366100
2022-07-20,16.947,17.9325,16.801,17.807,760537800
2022-07-21,17.885,18.144,17.5446,18.05,557049300
2022-07-22,17.893,17.967,17.1365,17.319,536670900
2022-07-25,17.019,17.124,16.649,17.024,480747500
2022-07-26,16.889,16.919,16.478,16.533,397864900
2022-07-27,17.032,17.936,16.913,17.79,569776200
2022-07-28,17.975,18.14,17.44,17.984,474646300
2022-07-29,17.813,18.244,17.692,18.163,435460400
2022-08-01,18.182,18.846,17.99,18.441,476469000
2022-08-02,18.122,18.9375,18.092,18.526,489526900
2022-08-03,18.184,18.968,18.137,18.893,418145600
2022-08-04,18.849,19.274,18.76,19.215,409652300
2022-08-05,18.81,19.2289,18.666,18.989,386068300
2022-08-08,17.502,18.239,17.242,17.793,983783200
2022-08-09,17.252,17.4472,16.724,17.086,668262700
2022-08-10,17.698,18.118,17.317,18.097,597422500
2022-08-11,18.131,18.707,17.876,17.942,509326600
2022-08-12,18.16,18.718,17.953,18.709,478094200
2022-08-15,18.701,19.164,18.613,19.032,457665600
2022-08-16,18.9195,19.142,18.501,18.879,451239600
2022-08-17,18.523,18.688,18.145,18.335,446799100
2022-08-18,18.301,18.865,18.183,18.773,415446600
2022-08-19,18.406,18.52,17.77,17.849,441588300
2022-08-22,17.49,17.558,16.966,17.034,409592700
2022-08-23,16.9885,17.465,16.97,17.181,369985800
2022-08-24,17.012,17.406,16.895,17.222,522660700
2022-08-25,16.844,17.947,16.833,17.913,770691300
2022-08-26,17.857,17.924,16.237,16.26,769127400
2022-08-29,16.02,16.338,15.767,15.801,496131900
2022-08-30,15.96,16.039,15.182,15.468,530180700
2022-08-31,15.384,15.54,14.9585,15.094,573709900
2022-09-01,14.209,14.38,13.2702,13.937,1178865000
2022-09-02,14.1,14.171,13.591,13.647,743157500
2022-09-06,13.731,13.779,13.351,13.465,535751200
2022-09-07,13.563,13.838,13.346,13.714,512657500
2022-09-08,13.459,14.008,13.369,13.99,624873100
2022-09-09,14.157,14.474,14.126,14.387,487128400
2022-09-12,14.369,14.547,14.198,14.505,484159200
2022-09-13,13.802,13.922,13.099,13.131,714955600
2022-09-14,13.254,13.29,12.913,13.128,588506500
2022-09-15,13.0152,13.233,12.79,12.929,523625200
2022-09-16,12.7415,13.212,12.617,13.198,670751400
2022-09-19,13.012,13.463,13.01,13.382,569685300
2022-09-20,13.2145,13.4828,13.057,13.176,524817800
2022-09-21,13.213,14.031,13.11,13.261,807679400
2022-09-22,13.07,13.149,12.428,12.561,759162200
2022-09-23,12.42,12.611,12.257,12.516,663309300
2022-09-26,12.491,12.659,12.214,12.228,547342700
2022-09-27,12.507,12.736,12.258,12.413,553854100
2022-09-28,12.41,12.823,12.3539,12.736,542413900
2022-09-29,12.448,12.5,11.946,12.22,532763100
2022-09-30,12.087,12.633,12.075,12.139,565638400
2022-10-03,12.347,12.678,12.105,12.512,547478500
2022-10-04,12.879,13.22,12.879,13.167,584181700
2022-10-05,12.9107,13.321,12.621,13.209,507130700
2022-10-06,13.22,13.656,13.103,13.13,644156900
2022-10-07,12.505,12.67,12.022,12.076,672478200
2022-10-10,12.037,12.1243,11.4081,11.67,698699300
2022-10-11,11.561,11.846,11.283,11.586,667481600
2022-10-12,11.579,11.735,11.345,11.5,492590200
2022-10-13,10.971,12.078,10.813,11.96,850103000
2022-10-14,12.057,12.111,11.204,11.227,713432000
2022-10-17,11.518,11.948,11.517,11.888,580774200
2022-10-18,12.344,12.492,11.618,11.967,659362100
2022-10-19,11.879,12.35,11.834,12.051,523130600
2022-10-20,12.113,12.769,12.105,12.194,652397600
2022-10-21,12.0982,12.498,11.887,12.466,609494400
2022-10-24,12.508,12.71,12.064,12.599,517457400
2022-10-25,12.6935,13.3,12.664,13.261,505482300
2022-10-26,12.869,13.388,12.708,12.896,535533300
2022-10-27,13.63,13.838,13.122,13.176,583113100
2022-10-28,13.104,13.85,13.061,13.834,521039900
2022-10-31,13.778,13.838,13.297,13.497,486341000
2022-11-01,13.811,13.925,13.519,13.543,432816900
2022-11-02,13.85,14.21,13.2112,13.219,672627800
2022-11-03,13.043,13.781,12.956,13.421,500064900
2022-11-04,13.986,14.229,13.697,14.156,612575900
2022-11-07,14.228,14.412,13.954,14.301,410061000
2022-11-08,14.801,14.891,14.216,14.602,595292000
2022-11-09,14.1615,14.211,13.759,13.776,454413700
2022-11-10,14.8,15.773,14.547,15.75,700819300
2022-11-11,15.8075,16.389,15.482,16.327,655487500
2022-11-14,16.218,16.54,15.922,16.295,527852500
2022-11-15,16.7215,16.998,16.382,16.666,545875500
2022-11-16,16.1615,16.362,15.873,15.91,649546800
2022-11-17,15.715,16.266,15.535,15.677,710893600
2022-11-18,15.966,16.002,15.12,15.409,492071700
2022-11-21,15.147,15.477,15.08,15.317,404739300
2022-11-22,15.328,16.0576,15.1216,16.038,472866100
2022-11-23,16.098,16.527,16.048,16.519,427240900
2022-11-25,16.318,16.487,16.172,16.27,167934300
2022-11-28,16.026,16.357,15.725,15.827,304152000
2022-11-29,15.827,15.932,15.52,15.639,298384500
2022-11-30,15.697,16.93,15.597,16.923,565298200
2022-12-01,16.999,17.265,16.635,17.135,470976600
2022-12-02,16.659,16.9326,16.445,16.876,371388600
2022-12-05,16.679,16.995,16.472,16.61,352255200
2022-12-06,16.53,16.573,15.819,15.987,352694300
2022-12-07,15.772,16.186,15.667,16.12,372387600
2022-12-08,16.273,17.179,15.959,17.169,515455500
2022-12-09,17.16,17.583,16.975,17.001,465338200
2022-12-12,17.037,17.538,16.797,17.535,457327800
2022-12-13,18.531,18.79,17.711,18.072,656588800
2022-12-14,17.987,18.252,17.42,17.674,496888100
2022-12-15,17.146,17.32,16.7,16.952,478542100
2022-12-16,16.8642,17.041,16.41,16.571,478231900
2022-12-19,16.572,16.609,16.145,16.254,354038800
2022-12-20,16.064,16.31,15.852,16.085,403259800
2022-12-21,16.114,16.627,16.102,16.501,325025400
2022-12-22,16.0935,16.138,14.882,15.339,565045300
2022-12-23,15.196,15.339,14.883,15.206,349325600
2022-12-27,15.074,15.1,14.056,14.121,464902300
2022-12-28,13.927,14.262,13.884,14.036,351066500
2022-12-29,14.402,14.683,14.227,14.603,354923200
2022-12-30,14.334,14.629,14.233,14.614,310489800
2023-01-03,14.851,14.996,14.096,14.315,401276600
2023-01-04,14.567,14.853,14.241,14.749,431323600
2023-01-05,14.491,14.564,14.148,14.265,389168100
2023-01-06,14.474,15.01,14.034,14.859,405043600
2023-01-09,15.284,16.056,15.141,15.628,504230600
2023-01-10,15.507,15.962,15.472,15.909,384101300
2023-01-11,15.8395,16.028,15.563,16.001,353284900
2023-01-12,16.1,16.637,15.492,16.511,551409100
2023-01-13,16.278,16.922,16.165,16.899,447287100
2023-01-17,16.899,17.728,16.899,17.702,511102200
2023-01-18,17.667,17.873,17.282,17.377,439623600
2023-01-19,17.036,17.197,16.731,16.765,452931600
2023-01-20,17.011,17.856,16.825,17.839,564967100
2023-01-23,18.064,19.245,17.8175,19.193,655162600
2023-01-24,18.827,19.495,18.82,19.265,496204100
2023-01-25,18.9125,19.37,18.58,19.323,449537100
2023-01-26,19.701,20.166,19.278,19.802,489535400
2023-01-27,19.462,20.628,19.405,20.365,542142000
2023-01-30,19.95,20.14,19.15,19.162,488611200
2023-01-31,19.1695,19.687,18.95,19.537,498016600
2023-02-01,19.691,21.192,19.611,20.943,660477000
2023-02-02,21,21.949,20.7,21.709,564275800
2023-02-03,21,21.745,20.789,21.1,429366000
2023-02-06,20.806,21.57,20.786,21.089,452197100
2023-02-07,21.382,22.259,21.15,22.173,664149600
2023-02-08,22.387,22.878,22.008,22.205,559651200
2023-02-09,22.606,23.02,22.12,22.337,523875800
2023-02-10,21.69,22.0776,20.811,21.265,550736800
2023-02-13,21.538,22.048,20.962,21.788,474918600
2023-02-14,21.578,23.0488,21.366,22.971,675473500
2023-02-15,22.549,22.855,22.106,22.764,421188300
2023-02-16,22.133,22.55,21.9268,22.002,412026300
2023-02-17,21.631,21.74,20.975,21.388,465887600
2023-02-21,21,21.4938,20.618,20.655,410014600
2023-02-22,20.707,21.104,20.421,20.754,513184300
2023-02-23,23.44,23.888,23.025,23.664,1117995000
2023-02-24,23.225,23.474,22.947,23.286,589715900
2023-02-27,23.67,23.8799,23.454,23.501,452993700
2023-02-28,23.372,23.825,23.206,23.216,455962800
2023-03-01,23.192,23.2556,22.508,22.698,460025600
2023-03-02,22.488,23.3804,22.432,23.314,390074700
2023-03-03,23.32,23.9,23.13,23.89,412393300
2023-03-06,23.891,24.248,23.487,23.554,437429200
2023-03-07,23.6,24.125,23.241,23.288,515153900
2023-03-08,23.487,24.2,23.4235,24.181,513573400
2023-03-09,24.175,24.454,23.3828,23.436,501257000
2023-03-10,23.409,23.627,22.726,22.965,474865700
2023-03-13,22.752,23.298,22.297,22.966,421890300
2023-03-14,23.496,24.219,23.46,24.063,474910100
2023-03-15,23.761,24.286,23.36,24.228,524485700
2023-03-16,24.027,25.588,23.894,25.541,584946300
2023-03-17,25.982,26.399,25.668,25.725,848546600
2023-03-20,25.615,26.024,25.1298,25.9,432747200
2023-03-21,26.18,26.392,25.381,26.199,547407800
2023-03-22,26.425,27.589,26.237,26.468,797295100
2023-03-23,27.1155,27.499,26.69,27.191,564888800
2023-03-24,27.031,27.167,26.355,26.779,455414100
2023-03-27,26.837,27,26.365,26.531,361025700
2023-03-28,26.447,26.513,25.85,26.41,356103800
2023-03-29,26.825,27.078,26.597,26.984,393693900
2023-03-30,27.229,27.499,27.102,27.383,364515700
2023-03-31,27.14,27.8343,27.105,27.777,433932800
2023-04-03,27.509,28,27.336,27.965,398715600
2023-04-04,27.966,28,27.307,27.453,368591500
2023-04-05,26.829,26.998,26.395,26.881,515014700
2023-04-06,26.584,27.08,26.427,27.037,397654300
2023-04-10,26.823,27.621,26.669,27.579,395278600
2023-04-11,27.7235,27.79,27.126,27.169,314378200
2023-04-12,27.37,27.468,26.4475,26.495,446259000
2023-04-13,26.734,26.8869,26.329,26.463,353615300
2023-04-14,26.504,26.883,26.22,26.758,395660100
2023-04-17,26.5655,27.006,26.4332,27.002,321471300
2023-04-18,27.5335,28.11,27.357,27.667,604811500
2023-04-19,27.361,28,27.232,27.931,358660400
2023-04-20,27.671,28.03,27,27.104,427713300
2023-04-21,26.952,27.183,26.722,27.119,345102800
2023-04-24,27.013,27.366,26.671,27.042,339281900
2023-04-25,27.078,27.247,26.225,26.241,378527200
2023-04-26,27.002,27.33,26.7051,26.956,406336800
2023-04-27,27.363,27.495,26.625,27.226,377161200
2023-04-28,27.225,27.758,27.0715,27.749,292216100
2023-05-01,27.84,29.0584,27.78,28.91,570328500
2023-05-02,28.68,28.836,28.083,28.21,402729600
2023-05-03,27.84,28.367,27.472,27.802,383387400
2023-05-04,27.651,27.859,27.24,27.562,321850400
2023-05-05,27.8255,28.755,27.731,28.68,361494100
2023-05-08,28.522,29.22,28.35,29.151,344978900
2023-05-09,28.899,28.973,28.45,28.571,314869500
2023-05-10,29.005,29.113,28.4613,28.885,369350000
2023-05-11,28.896,28.95,28.246,28.578,322149000
2023-05-12,28.529,28.78,28.046,28.34,274222300
2023-05-15,28.5085,28.969,28.152,28.953,293925900
2023-05-16,28.841,29.87,28.832,29.213,449404900
2023-05-17,29.584,30.199,29.43,30.178,432535400
2023-05-18,30.41,31.828,30.32,31.678,748725000
2023-05-19,31.536,31.58,30.916,31.264,473907700
2023-05-22,30.901,31.52,30.68,31.176,371999700
2023-05-23,31,31.288,30.631,30.688,356253300
2023-05-24,30.21,30.607,29.806,30.538,721418500
2023-05-25,38.523,39.48,36.635,37.98,1543911000
2023-05-26,37.89,39.17,37.55,38.946,714396800
2023-05-30,40.595,41.938,39.949,40.111,923401100
2023-05-31,39.488,40.295,37.822,37.834,1002580000
2023-06-01,38.489,40.05,38.34,39.77,635873000
2023-06-02,40.097,40.5,39.058,39.327,482731200
2023-06-05,38.909,39.565,38.707,39.171,396093800
2023-06-06,38.83,39.16,38.148,38.654,388729100
2023-06-07,38.915,39.499,37.356,37.475,511997900
2023-06-08,37.724,38.864,37.505,38.51,417772400
2023-06-09,39.037,39.711,38.567,38.77,427717500
2023-06-12,39.2,39.53,38.618,39.482,389673400
2023-06-13,40.186,41.101,39.74,41.022,613208200
2023-06-14,40.824,43,40.552,42.997,740465000
2023-06-15,42.602,43.289,42.147,42.653,568622000
2023-06-16,43.45,43.721,42.6605,42.692,655709400
2023-06-20,42.998,43.99,42.674,43.808,451153100
2023-06-21,43.501,43.615,42.08,43.045,551602900
2023-06-22,42.253,43.4255,42.234,43.025,417737400
2023-06-23,42.464,42.809,42.015,42.209,358139800
2023-06-26,42.461,42.764,40.1,40.632,594321900
2023-06-27,40.799,41.94,40.448,41.876,462174700
2023-06-28,40.66,41.845,40.518,41.117,582639300
2023-06-29,41.558,41.6,40.6,40.822,380514300
2023-06-30,41.68,42.55,41.501,42.302,501147800
2023-07-03,42.517,42.898,42.202,42.413,197754100
2023-07-05,42.135,43.177,42.085,42.317,323617600
2023-07-06,41.844,42.179,41.346,42.103,304138800
2023-07-07,42.322,43.214,42.18,42.503,355881500
2023-07-10,42.657,42.811,41.649,42.18,353908100
2023-07-11,42.481,42.758,42.067,42.405,298244100
2023-07-12,43.033,43.935,42.7773,43.902,481277000
2023-07-13,44.518,46.155,44.492,45.977,478203700
2023-07-14,46.5828,48.088,45.06,45.469,772075300
2023-07-17,46.289,46.496,45.2624,46.461,510488200
2023-07-18,46.701,47.896,45.734,47.494,570190400
2023-07-19,47.464,47.818,46.742,47.077,427501800
2023-07-20,46.507,47.087,45.062,45.52,537864500
2023-07-21,45.788,45.866,44.1,44.309,963768600
2023-07-24,44.731,45.109,44.04,44.612,383099700
2023-07-25,44.941,46.1825,44.923,45.679,348080900
2023-07-26,46.021,46.053,44.63,45.452,364237300
2023-07-27,46.519,47.395,45.75,45.9,455975500
2023-07-28,46.668,47.027,46.381,46.75,331194200
2023-07-31,46.754,47.13,46.506,46.729,251055300
2023-08-01,46.4595,46.9,46.027,46.507,239276000
2023-08-02,45.831,45.84,43.387,44.269,530141600
2023-08-03,43.8,45.118,43.8,44.515,325076600
2023-08-04,44.985,45.642,44.393,44.68,362666200
2023-08-07,45.111,45.54,44.5635,45.4165,322153500
2023-08-08,44.853,45.242,44.056,44.664,353843400
2023-08-09,44.274,44.312,42.134,42.554,586449100
2023-08-10,42.16,43.574,41.835,42.388,492705300
2023-08-11,41.751,42.018,40.639,40.855,533085300
2023-08-14,40.486,43.8,40.311,43.753,690285800
2023-08-15,44.56,45.268,43.71,43.94,676511500
2023-08-16,44.52,44.675,43.406,43.486,527450700
2023-08-17,43.97,44.062,43.001,43.3435,452394800
2023-08-18,42.635,43.578,41.66,43.299,583767900
2023-08-21,44.494,47.065,44.222,46.967,692573400
2023-08-22,48.135,48.187,45.3331,45.668,757206900
2023-08-23,45.866,47.2,45.208,47.116,779046100
2023-08-24,50.216,50.266,47.159,47.163,1156044000
2023-08-25,47.012,47.805,45.024,46.018,925340500
2023-08-28,46.482,46.98,44.888,46.835,685192200
2023-08-29,46.666,49.081,46.391,48.784,701397000
2023-08-30,49.044,49.927,48.425,49.264,735206000
2023-08-31,49.38,49.744,48.958,49.355,528569800
2023-09-01,49.762,49.8,48.1416,48.509,463830300
2023-09-05,48.223,48.8508,47.86,48.548,382652600
2023-09-06,48.441,48.549,46.58,47.061,468669600
2023-09-07,45.525,46.344,45.152,46.241,433329900
2023-09-08,45.942,46.606,45.271,45.572,473899900
2023-09-11,46.148,46.163,44.312,45.178,473965600
2023-09-12,44.738,45.673,44.531,44.87,349256300
2023-09-13,44.6,45.93,44.503,45.485,398355400
2023-09-14,45.95,45.987,45.131,45.581,370097200
2023-09-15,45.341,45.599,43.808,43.9,506830500
2023-09-18,42.748,44.242,42,43.966,500270800
2023-09-19,43.833,43.966,43.002,43.52,373064200
2023-09-20,43.6,43.903,42.223,42.239,367107700
2023-09-21,41.583,42.1,40.98,41.017,450736000
2023-09-22,41.572,42.115,41.231,41.61,479236300
2023-09-25,41.591,42.536,41.177,42.222,419091000
2023-09-26,42.001,42.82,41.655,41.911,402282100
2023-09-27,42.33,42.872,41.629,42.468,444935200
2023-09-28,42.46,43.4463,42.115,43.089,424662800
2023-09-29,43.827,44.144,43.3069,43.499,397829900
2023-10-02,44.03,45.175,43.861,44.782,433298200
2023-10-03,44.808,45.13,43.246,43.517,470849500
2023-10-04,43.742,44.143,43.292,44.041,361820900
2023-10-05,44.05,44.9,43.888,44.688,393483100
2023-10-06,44.193,45.789,44.026,45.762,434436000
2023-10-09,44.842,45.605,44.368,45.273,409674700
2023-10-10,45.31,46.259,45.088,45.798,368582100
2023-10-11,46.196,46.859,46.05,46.806,378136900
2023-10-12,46.777,47.609,46.33,46.945,481325000
2023-10-13,46.96,47.116,45.28,45.461,475426000
2023-10-16,45.063,46.225,44.912,46.095,375099200
2023-10-17,44,44.754,42.48,43.938,812332700
2023-10-18,42.591,43.219,41.825,42.196,627294300
2023-10-19,42.811,43.297,41.882,42.101,501233100
2023-10-20,41.89,42.47,41.078,41.387,477266100
2023-10-23,41.229,43.248,40.945,42.975,478530500
2023-10-24,43.077,43.697,42.691,43.663,401463400
2023-10-25,43.398,43.65,41.555,41.779,398379200
2023-10-26,41.853,42.2555,39.8802,40.326,541001300
2023-10-27,41.13,41.206,40.015,40.5,416784400
2023-10-30,41.087,41.766,40.481,41.161,388028100
2023-10-31,40.45,40.879,39.23,40.78,517968700
2023-11-01,40.884,42.381,40.869,42.325,437592900
2023-11-02,43.328,43.884,42.894,43.506,409171900
2023-11-03,44.02,45.309,43.723,45.005,424609600
2023-11-06,45.2845,45.935,44.899,45.751,400733400
2023-11-07,45.719,46.218,45.1575,45.955,343165500
2023-11-08,46.1,46.867,45.968,46.574,346718900
2023-11-09,47.467,48.23,46.75,46.95,540496000
2023-11-10,47.5,48.472,47.283,48.335,422441600
2023-11-13,48.32,49.116,48.099,48.62,384135700
2023-11-14,49.68,49.834,49.04,49.656,416953900
2023-11-15,49.935,49.96,48.2,48.888,475497400
2023-11-16,48.679,49.5247,48.33,49.48,339756200
2023-11-17,49.524,49.717,49.007,49.298,325896900
2023-11-20,49.312,50.548,49.181,50.409,416142600
2023-11-21,50.126,50.517,49.222,49.944,565746900
2023-11-22,49.852,50.3349,47.69,48.716,900642300
2023-11-24,48.47,48.921,47.745,47.776,294644600
2023-11-27,47.8,48.53,47.652,48.242,395661900
2023-11-28,48.236,48.3229,47.473,47.821,401490900
2023-11-29,48.379,48.762,47.86,48.14,382004700
2023-11-30,48.024,48.11,46.422,46.77,526246600
2023-12-01,46.525,47.2,46.187,46.765,369317000
2023-12-04,46.077,46.077,45.01,45.51,437543400
2023-12-05,45.466,46.6,45.271,46.566,371717600
2023-12-06,47.2145,47.387,45.412,45.503,380589600
2023-12-07,45.7,46.629,45.604,46.596,350822600
2023-12-08,46.595,47.7409,46.55,47.506,359223700
2023-12-11,47.491,47.531,45.83,46.627,509728100
2023-12-12,46.046,47.666,46.046,47.657,372386900
2023-12-13,47.629,48.594,47.608,48.088,447791900
2023-12-14,48.39,48.67,47.422,48.35,391231700
2023-12-15,48.194,49.404,48.12,48.89,479947600
2023-12-18,49.4,50.433,49.15,50.077,412587200
2023-12-19,49.424,49.7,48.895,49.604,464444500
2023-12-20,49.655,49.999,48.098,48.111,397894400
2023-12-21,48.811,49.095,48.419,48.99,300425400
2023-12-22,49.195,49.383,48.467,48.83,252506800
2023-12-26,48.968,49.6,48.96,49.279,244199500
2023-12-27,49.511,49.68,49.085,49.417,233648000
2023-12-28,49.643,49.884,49.412,49.522,246587500
2023-12-29,49.813,49.997,48.751,49.522,389293300
2024-01-02,49.244,49.295,47.595,48.168,411254200
2024-01-03,47.485,48.1841,47.32,47.569,320896200
2024-01-04,47.767,48.5,47.508,47.998,306534900
2024-01-05,48.462,49.547,48.306,49.097,415039300
2024-01-08,49.512,52.275,49.479,52.253,642509900
2024-01-09,52.401,54.325,51.69,53.14,773100100
2024-01-10,53.616,54.6,53.489,54.35,533795800
2024-01-11,54.999,55.346,53.56,54.822,596758800
2024-01-12,54.62,54.97,54.3301,54.71,352993600
2024-01-16,55.018,56.835,54.9,56.382,449579700
2024-01-17,56.347,56.4707,54.74,56.053,474394400
2024-01-18,57.26,57.6,56.107,57.107,491650400
2024-01-19,57.989,59.5,57.225,59.491,543501500
2024-01-22,60.049,60.331,59.07,59.654,452954600
2024-01-23,59.57,59.91,58.585,59.873,294654500
2024-01-24,60.304,62.849,59.938,61.362,560270800
2024-01-25,62.35,62.719,60.85,61.617,482776800
2024-01-26,60.96,61.783,60.573,61.031,390308600
2024-01-29,61.232,62.489,60.907,62.465,348733000
2024-01-30,62.9,63.493,62.26,62.774,410735300
2024-01-31,61.44,62.269,60.7,61.527,453794900
2024-02-01,62.1,63.191,61.65,63.027,369145800
2024-02-02,63.974,66.6,63.69,66.16,476577700
2024-02-05,68.225,69.497,67.205,69.332,680078000
2024-02-06,69.63,69.754,66.3,68.223,683111400
2024-02-07,68.319,70.22,67.6,70.099,495574600
2024-02-08,70.074,70.794,69.455,69.641,414422100
2024-02-09,70.533,72.185,70.212,72.133,436636900
2024-02-12,72.6,74.611,71.25,72.248,613710200
2024-02-13,70.4,73.45,69.62,72.128,602580200
2024-02-14,73.202,74.236,71.938,73.9,504917400
2024-02-15,73.869,73.975,72.4,72.658,420121800
2024-02-16,74.1,74.402,72.501,72.613,495326600
2024-02-20,71.947,71.956,67.734,69.452,704833100
2024-02-21,68.006,68.888,66.248,67.472,690298100
2024-02-22,75.025,78.575,74.22,78.538,865099700
2024-02-23,80.79,82.394,77.57,78.817,829388400
2024-02-26,79.7,80.646,78.505,79.092,503972700
2024-02-27,79.381,79.48,77.162,78.701,391705200
2024-02-28,77.62,78.933,77.125,77.663,393110400
2024-02-29,79.094,79.99,78.35,79.112,507289000
2024-03-01,80,82.3,79.435,82.279,479135100
2024-03-04,84.13,87.695,83.719,85.237,615616500
2024-03-05,85.27,86.097,83.417,85.964,520639300
2024-03-06,88.022,89.724,87.03,88.7,582520300
2024-03-07,90.158,92.767,89.602,92.669,608119200
2024-03-08,95.1379,97.4,86.506,87.528,1142269000
2024-03-11,86.429,88.797,84.166,85.774,678364100
2024-03-12,88.049,91.96,86.1501,91.913,668075200
2024-03-13,91.055,91.504,88.435,90.888,635712900
2024-03-14,89.577,90.646,86.6,87.944,602318200
2024-03-15,86.93,89.546,86.257,87.8365,642086200
2024-03-18,90.388,92.405,87.085,88.455,668975900
2024-03-19,86.7,90.544,85.01,89.398,672171300
2024-03-20,89.797,90.41,88.223,90.372,479062800
2024-03-21,92.3,92.648,90.405,91.435,480372300
2024-03-22,91.141,94.778,90.834,94.289,586719400
2024-03-25,93.941,96.766,93.51,95.002,552136100
2024-03-26,95.851,96.375,92.502,92.561,513647600
2024-03-27,93.112,93.24,89.123,90.25,586067200
2024-03-28,90,91.3,89.193,90.356,435212300
2024-04-01,90.299,92.225,89.204,90.363,452441500
2024-04-02,88.448,90.094,87.62,89.452,433063600
2024-04-03,88.484,90.374,88.4,88.964,370066600
2024-04-04,90.406,90.634,85.88,85.905,434964900
2024-04-05,86.866,88.481,85.926,88.008,399678500
2024-04-08,88.7,88.83,86.732,87.133,283220000
2024-04-09,87.442,87.635,83.022,85.354,503547400
2024-04-10,83.926,87.4,83.709,87.039,431928500
2024-04-11,87.42,90.739,86.926,90.616,431637300
2024-04-12,89.699,90.175,87.53,88.186,426804800
2024-04-15,89.098,90.613,85.929,86.001,443077000
2024-04-16,86.4325,88.118,86.0639,87.415,370453000
2024-04-17,88.34,88.775,83.95,84.035,495399500
2024-04-18,84.97,86.19,82.402,84.671,447260300
2024-04-19,83.15,84.324,75.606,76.2,875198000
2024-04-22,78.104,80.073,76.4,79.518,596340500
2024-04-23,80.769,82.769,80.264,82.423,438559400
2024-04-24,83.95,84.082,79.183,79.677,512207500
2024-04-25,78.868,83.323,78.223,82.632,424640700
2024-04-26,83.818,88.3309,83.387,87.735,551010800
2024-04-29,87.595,87.992,85.266,87.757,388970800
2024-04-30,87.24,88.819,86.3,86.402,363708700
2024-05-01,85.077,86,81.2546,83.041,559863200
2024-05-02,84.449,86.237,83.2,85.817,377897500
2024-05-03,87.789,89.281,87.04,88.789,398340700
2024-05-06,89.39,92.22,89.055,92.14,376202600
2024-05-07,91.098,91.781,89.011,90.554,437341600
2024-05-08,89.4825,91.194,89.42,90.412,325721000
2024-05-09,90.529,91.072,88.231,88.747,378012700
2024-05-10,90.3045,91.401,89.227,89.878,335325400
2024-05-13,90.478,90.998,88.529,90.399,289680200
2024-05-14,89.599,91.651,88.934,91.356,296507100
2024-05-15,92.472,94.862,91.599,94.63,417735500
2024-05-16,94.91,95.819,94.103,94.359,323951800
2024-05-17,94.369,94.74,91.806,92.479,359691000
2024-05-20,93.75,95.2,93.44,94.78,318764500
2024-05-21,93.599,95.4,93.18,95.386,328946500
2024-05-22,95.459,96.02,93.249,94.95,548648000
2024-05-23,102.028,106.32,101.52,103.799,835065300
2024-05-24,104.449,106.475,103,106.469,429493700
2024-05-28,110.244,114.939,109.883,113.901,652727900
2024-05-29,113.05,115.492,110.901,114.825,557441900
2024-05-30,114.65,115.8191,109.663,110.5,487350300
2024-05-31,112.52,112.717,106.94,109.633,613262500
2024-06-03,113.621,115,112.003,115,438391800
2024-06-04,115.716,116.6,114.045,116.437,403324000
2024-06-05,118.371,122.4495,117.468,122.44,528401800
2024-06-06,124.048,125.587,118.32,120.998,664696200
2024-06-07,119.77,121.6917,118.022,120.888,412385800
2024-06-10,120.37,123.1,117.01,121.79,314162700
2024-06-11,121.77,122.87,118.74,120.91,222551200
2024-06-12,123.06,126.88,122.57,125.2,299595000
2024-06-13,129.39,129.8,127.16,129.61,260704500
2024-06-14,129.96,132.84,128.32,131.88,309320400
2024-06-17,132.99,133.73,129.58,130.98,288504400
2024-06-18,131.14,136.33,130.69,135.58,294335100
2024-06-20,139.8,140.76,129.52,130.78,517768400
2024-06-21,127.12,130.63,124.3,126.57,655484700
2024-06-24,123.24,124.46,118.04,118.11,476060900
2024-06-25,121.2,126.5,119.32,126.09,425787500
2024-06-26,126.13,128.12,122.6,126.4,362975900
2024-06-27,124.1,126.41,122.92,123.99,252571700
2024-06-28,124.58,127.71,122.75,123.54,315516700
2024-07-01,123.47,124.84,118.83,124.3,284885500
2024-07-02,121.13,123.41,121.03,122.67,218374000
2024-07-03,121.66,128.28,121.36,128.28,215749000
2024-07-05,127.38,128.85,125.68,125.83,214176700
2024-07-08,127.49,130.77,127.04,128.2,237677300
2024-07-09,130.35,133.82,128.65,131.38,287020800
2024-07-10,134.03,135.1,132.42,134.91,248978600
2024-07-11,135.75,136.15,127.05,127.4,374782700
2024-07-12,128.26,131.92,127.22,129.24,252680500
2024-07-15,130.56,131.39,127.18,128.44,208326200
2024-07-16,128.44,129.04,124.58,126.36,214769500
2024-07-17,121.35,121.85,116.72,117.99,390086200
2024-07-18,121.85,122.4,116.56,121.09,320979500
2024-07-19,120.35,121.6,117.37,117.93,217223800
2024-07-22,120.35,124.07,119.86,123.54,258068900
2024-07-23,122.78,124.69,122.1,122.59,173911000
2024-07-24,119.17,119.95,113.44,114.25,327776900
2024-07-25,113.04,116.63,106.3,112.28,460067000
2024-07-26,116.19,116.2,111.58,113.06,293399100
2024-07-29,113.69,116.28,111.3,111.59,248152100
2024-07-30,111.52,111.99,102.54,103.73,486833300
2024-07-31,112.9,118.34,110.88,117.02,473174200
2024-08-01,117.53,120.16,106.8104,109.21,523462300
2024-08-02,103.76,108.72,101.37,107.27,482027500
2024-08-05,92.06,103.41,90.69,100.45,552842400
2024-08-06,103.84,107.71,100.55,104.25,409012100
2024-08-07,107.81,108.8,98.69,98.91,411440400
2024-08-08,102,105.5,97.52,104.97,391910000
2024-08-09,105.64,106.6,103.43,104.75,290844200
2024-08-12,106.32,111.07,106.26,109.02,325559900
2024-08-13,112.44,116.23,111.58,116.14,312646700
2024-08-14,118.53,118.6,114.07,118.08,339246400
2024-08-15,118.76,123.24,117.47,122.86,318086700
2024-08-16,121.94,125,121.18,124.58,302589900
2024-08-19,124.28,130,123.42,130,318333600
2024-08-20,128.4,129.88,125.89,127.25,300087400
2024-08-21,127.315,129.35,126.66,128.5,257883600
2024-08-22,130.02,130.75,123.1,123.74,376189100
2024-08-23,125.86,129.6,125.22,129.37,323230300
2024-08-26,129.57,131.26,124.37,126.46,331964700
2024-08-27,125.05,129.2,123.88,128.3,303134600
2024-08-28,128.12,128.33,122.64,125.61,448101100
2024-08-29,121.355,124.43,116.71,117.59,453023300
2024-08-30,119.53,121.75,117.22,119.37,333751600
2024-09-03,116.01,116.21,107.29,108,477155100
2024-09-04,105.41,113.27,104.12,106.21,372470300
2024-09-05,104.985,109.65,104.76,107.21,306850700
2024-09-06,108.04,108.15,100.95,102.83,413638100
2024-09-09,104.88,106.55,103.69,106.47,273912000
2024-09-10,107.81,109.4,104.95,108.1,268283700
2024-09-11,109.39,117.19,107.42,116.91,441422400
2024-09-12,116.84,120.79,115.38,119.14,367100500
2024-09-13,119.08,119.955,117.6,119.1,238358300
2024-09-16,116.79,118.18,114.36,116.78,248772300
2024-09-17,118.17,118.8,114.83,115.59,231925900
2024-09-18,115.89,117.7,113.22,113.37,310318900
2024-09-19,117.35,119.66,117.25,117.87,293506400
2024-09-20,117.06,118.6181,115.3901,116,382462400
2024-09-23,116.55,116.99,114.86,116.26,206228500
2024-09-24,116.515,121.8,115.38,120.87,354966800
2024-09-25,122.02,124.94,121.61,123.51,284692900
2024-09-26,126.8,127.665,121.8,124.04,302582900
2024-09-27,123.97,124.03,119.26,121.4,271009200
2024-09-30,118.31,121.5,118.15,121.44,227053700
2024-10-01,121.765,122.4351,115.79,117,302094500
2024-10-02,116.44,119.38,115.14,118.85,221845900
2024-10-03,120.92,124.36,120.3401,122.85,277118000
2024-10-04,124.94,125.04,121.83,124.92,244465600
2024-10-07,124.99,130.64,124.95,127.72,346250200
2024-10-08,130.26,133.48,129.42,132.89,285722500
2024-10-09,134.11,134.52,131.38,132.65,246191600
2024-10-10,131.91,135,131,134.81,242311300
2024-10-11,134.01,135.78,133.66,134.8,170209500
2024-10-14,136.47,139.6,136.3,138.07,232347700
2024-10-15,137.87,138.57,128.74,131.6,377831000
2024-10-16,133.98,136.62,131.58,135.72,264879700
2024-10-17,139.34,140.89,136.87,136.93,306435900
2024-10-18,138.665,138.9,137.28,138,176090200
2024-10-21,138.13,143.71,138,143.71,264554500
2024-10-22,142.91,144.42,141.78,143.59,226311600
2024-10-23,142.03,142.43,137.46,139.56,285930000
2024-10-24,140.82,141.35,138.46,140.41,172354900
2024-10-25,140.93,144.13,140.8,141.54,205122100
2024-10-28,143,143.14,140.05,140.52,173586700
2024-10-29,140.285,142.2598,138.9,141.25,157593600
2024-10-30,139.54,140.33,136.81,139.335,179418100
2024-10-31,137.6,137.61,132.1106,132.76,270039600
2024-11-01,134.7,137.31,134.57,135.4,207127800
2024-11-04,137.21,138.96,135.57,136.05,187528200
2024-11-05,137.45,140.3701,137.33,139.91,160537400
2024-11-06,142.96,146.49,141.96,145.61,242043900
2024-11-07,146.39,148.93,146.17,148.88,207323300
2024-11-08,148.77,149.77,146.26,147.63,175665800
2024-11-11,148.68,148.85,143.57,145.26,182325600
2024-11-12,146.78,149.65,146.01,148.29,198634700
2024-11-13,149.07,149.33,145.9,146.27,191903300
2024-11-14,147.64,149,145.55,146.76,194463300
2024-11-15,144.87,145.24,140.08,141.98,250132900
2024-11-18,139.5,141.55,137.15,140.15,221866000
2024-11-19,141.32,147.13,140.99,147.01,227834900
2024-11-20,147.41,147.56,142.73,145.89,309871700
2024-11-21,149.35,152.89,140.7,146.67,400946600
2024-11-22,145.93,147.16,141.1,141.95,236406200
2024-11-25,141.99,142.05,135.82,136.02,344941900
2024-11-26,137.7,139.3,135.67,136.92,190287700
2024-11-27,135.01,137.22,131.8,135.34,226370900
2024-11-29,136.78,139.35,136.05,138.25,141863200
2024-12-02,138.83,140.45,137.825,138.63,171682800
2024-12-03,138.26,140.54,137.95,140.26,164414000
2024-12-04,141.995,145.79,140.29,145.14,231224300
2024-12-05,145.11,146.54,143.95,145.06,172621200
2024-12-06,144.6,145.7,141.31,142.44,188505600
2024-12-09,138.97,139.95,137.13,138.81,189308600
2024-12-10,139.01,141.82,133.79,135.07,210020900
2024-12-11,137.36,140.17,135.21,139.31,184905200
2024-12-12,137.08,138.44,135.8,137.34,159211400
2024-12-13,138.94,139.6,132.54,134.25,231514900
2024-12-16,134.18,134.4,130.42,132,237951100
2024-12-17,129.09,131.59,126.86,130.39,259410300
2024-12-18,133.86,136.7,128.28,128.91,277444500
2024-12-19,131.76,134.03,129.55,130.68,209719200
2024-12-20,129.81,135.28,128.22,134.7,306528600
2024-12-23,136.28,139.79,135.1201,139.67,176053500
2024-12-24,140,141.9,138.65,140.22,105157000
2024-12-26,139.7,140.85,137.73,139.93,116519100
2024-12-27,138.55,139.02,134.71,137.01,170582600
2024-12-30,134.83,140.27,134.02,137.49,167734700
2024-12-31,138.03,138.07,133.83,134.29,155659200
2025-01-02,136,138.88,134.63,138.31,198247200
2025-01-03,140.01,144.9,139.73,144.47,229322500
2025-01-06,148.59,152.156,147.8201,149.43,265377400
2025-01-07,153.03,153.13,140.01,140.14,351782200
2025-01-08,142.58,143.95,137.56,140.11,227349900
2025-01-10,137.45,139.92,134.22,135.91,207602500
2025-01-13,129.99,133.49,129.51,133.23,204808900
2025-01-14,136.05,136.38,130.05,131.76,195590500
2025-01-15,133.65,136.45,131.29,136.24,185217300
2025-01-16,138.64,138.75,133.49,133.57,209235600
2025-01-17,136.69,138.5,135.4649,137.71,201188800
2025-01-21,139.16,141.83,137.09,140.83,197749000
2025-01-22,144.66,147.79,143.67,147.07,237651400
2025-01-23,145.05,147.23,143.72,147.22,155915500
2025-01-24,148.37,148.97,141.88,142.62,234657600
2025-01-27,124.8,128.4,116.7,118.42,818830900
2025-01-28,121.81,129,116.25,128.99,579666400
2025-01-29,126.5,126.89,120.05,123.7,467120600
2025-01-30,123.1,125,118.1,124.65,392925500
2025-01-31,123.78,127.85,119.19,120.07,390372900
2025-02-03,114.75,118.57,113.01,116.66,371235700
2025-02-04,116.96,121.2,116.7,118.65,256550000
2025-02-05,121.76,125,120.76,124.83,263110600
2025-02-06,127.42,128.77,125.21,128.68,251483600
2025-02-07,129.22,130.37,125,129.84,228186300
2025-02-10,130.09,135,129.96,133.57,216989100
2025-02-11,132.58,134.48,131.02,132.8,178902400
2025-02-12,130.02,132.24,129.08,131.14,160278600
2025-02-13,131.555,136.5,131.17,135.29,197430000
2025-02-14,136.48,139.25,135.5,138.85,195479600
2025-02-18,141.27,143.44,137.925,139.4,219176600
2025-02-19,139.51,141.36,137.22,139.23,167536000
2025-02-20,140.03,140.66,136.7901,140.11,143903600
2025-02-21,140.04,141.46,134.03,134.43,228217600
2025-02-24,136.56,138.59,130.08,130.28,251381100
2025-02-25,129.98,130.2,124.44,126.63,271428700
2025-02-26,129.985,133.73,128.49,131.28,322553800
2025-02-27,135,135.01,120.01,120.15,443175800
2025-02-28,118.02,125.09,116.4,124.92,389091100
2025-03-03,123.51,123.7,112.28,114.06,411381400
2025-03-04,110.645,119.31,110.11,115.99,398163300
2025-03-05,117.58,118.2781,114.51,117.3,284337900
2025-03-06,113.53,115.35,110.22,110.57,321181900
2025-03-07,111.25,113.48,107.56,112.69,341755500
2025-03-10,109.9,111.85,105.46,106.98,366487400
2025-03-11,106.99,112.236,104.77,108.76,354865700
2025-03-12,114.12,116.76,112.88,115.74,323857500
2025-03-13,117.03,117.76,113.79,115.58,299033100
2025-03-14,118.61,121.88,118.15,121.67,277593500
2025-03-17,122.74,122.89,118.03,119.53,255501500
2025-03-18,118,119.02,114.54,115.43,299686900
2025-03-19,117.27,120.445,115.68,117.52,273426200
2025-03-20,116.55,120.2,116.47,118.53,248829700
2025-03-21,116.94,117.99,115.42,117.7,266498500
2025-03-24,119.88,122.22,119.34,121.41,228452500
2025-03-25,120.545,121.29,118.92,120.69,167447200
2025-03-26,118.73,118.84,112.71,113.76,296431700
2025-03-27,111.35,114.45,110.66,111.43,236902100
2025-03-28,111.485,112.87,109.0701,109.67,229872500
2025-03-31,105.13,110.955,103.65,108.38,299212700
2025-04-01,108.515,110.2,106.47,110.15,222614000
2025-04-02,107.29,111.98,106.79,110.42,220601200
2025-04-03,103.51,105.63,101.6,101.8,338769400
2025-04-04,98.91,100.13,92.11,94.31,532273800
2025-04-07,87.46,101.75,86.62,97.64,611041300
2025-04-08,103.805,105.85,94.46,96.3,476243400
2025-04-09,98.89,115.1,97.5301,114.33,612918300
2025-04-10,109.37,110.86,99.15,107.57,437812400
2025-04-11,108.5,111.5499,107.48,110.93,313417300
2025-04-14,114.11,114.29,109.07,110.71,264705000
2025-04-15,110.97,113.615,110.5,112.2,228966900
2025-04-16,104.55,106.79,100.45,104.49,397016900
2025-04-17,104.45,104.47,100.05,101.49,292517500
2025-04-21,98.77,99.44,95.04,96.91,288501100
2025-04-22,98.78,99.811,97.28,98.89,241004800
2025-04-23,104.52,104.8,102.02,102.71,247526000
2025-04-24,103.475,106.54,103.11,106.43,220815000
2025-04-25,106.85,111.92,105.73,111.01,251064700
2025-04-28,109.69,110.3699,106.02,108.73,207708500
2025-04-29,107.67,110.1999,107.44,109.02,170444300
2025-04-30,104.47,108.92,104.08,108.92,235044600
2025-05-01,113.08,114.94,111.3,111.61,236121500
2025-05-02,114.18,115.4,113.37,114.5,190194800
2025-05-05,112.905,114.665,112.66,113.82,133163200
2025-05-06,111.48,114.74,110.822,113.54,158525600
2025-05-07,113.045,117.68,112.2818,117.06,207827800
2025-05-08,118.25,118.68,115.85,117.37,198428100
2025-05-09,117.35,118.23,115.21,116.65,132972200
2025-05-12,121.97,123,120.28,123,225023300
2025-05-13,124.98,131.2189,124.47,129.93,330430100
2025-05-14,133.195,135.435,131.68,135.34,281180800
2025-05-15,134.295,136.3,132.66,134.83,226632600
2025-05-16,136.22,136.35,133.46,135.4,226542500
2025-05-19,132.39,135.87,132.39,135.57,193154600
2025-05-20,134.29,134.58,132.62,134.38,161514200
2025-05-21,133.06,137.4,130.59,131.8,270608700
2025-05-22,132.23,134.25,131.55,132.83,187344000
2025-05-23,130,132.68,129.16,131.29,198821300
2025-05-27,134.15,135.66,133.31,135.5,192953600
2025-05-28,136.025,137.25,134.79,134.81,304021100
2025-05-29,142.245,143.49,137.91,139.19,370615200
2025-05-30,138.715,139.62,132.92,135.13,333170900
2025-06-02,135.49,138.12,135.4,137.38,197663100
2025-06-03,138.78,142,137.95,141.22,225578800
2025-06-04,142.19,142.39,139.545,141.92,167120800
2025-06-05,142.17,144,138.83,139.99,232410800
2025-06-06,142.51,143.27,141.51,141.72,153986200
2025-06-09,143.19,145,141.94,142.63,185114500
2025-06-10,142.69,144.29,141.525,143.96,155881900
2025-06-11,144.61,144.99,141.87,142.83,167694000
2025-06-12,141.97,145,141.85,145,162365000
2025-06-13,142.48,143.58,140.855,141.97,180820600
2025-06-16,143.345,146.175,143.2001,144.69,183133700
2025-06-17,144.49,145.22,143.78,144.12,139108000
2025-06-18,144.005,145.65,143.12,145.48,161494100
2025-06-20,145.45,146.2,142.65,143.85,242956200
2025-06-23,142.5,144.78,142.03,144.17,154308900
2025-06-24,145.56,147.96,145.5,147.9,187566100
2025-06-25,149.27,154.45,149.26,154.31,269146500
2025-06-26,155.975,156.715,154,155.02,198145700
2025-06-27,156.04,158.71,155.255,157.75,263234500
2025-06-30,158.4,158.66,155.96,157.99,194580300
2025-07-01,156.29,157.2,151.49,153.3,213143600
2025-07-02,152.98,157.6,152.97,157.25,171224100
2025-07-03,158.37,160.98,157.77,159.34,143716100
2025-07-07,158.2,159.31,157.342,158.24,140139000
2025-07-08,159.33,160.22,158.39,160,138133000
2025-07-09,161.22,164.42,161.16,162.88,183656400
2025-07-10,164.32,164.5,161.61,164.1,167704100
2025-07-11,163.715,167.89,163.47,164.92,193633300
2025-07-14,165.37,165.49,162.02,164.07,136975800
2025-07-15,171.19,172.4,169.195,170.7,230627400
2025-07-16,171.06,171.75,168.9,171.37,158831500
2025-07-17,172.02,174.16,170.83,173,160841100
2025-07-18,173.64,174.25,171.26,172.41,146456400
2025-07-21,172.75,173.38,171,171.38,123126100
2025-07-22,171.34,171.39,164.58,167.03,193114300
2025-07-23,169.53,171.26,167.97,170.78,154082200
2025-07-24,172.44,173.83,171.3,173.74,128984600
2025-07-25,173.61,174.72,172.96,173.5,122316800
2025-07-28,174.02,177,173.97,176.75,140023500
2025-07-29,177.96,179.38,175.02,175.51,154077500
2025-07-30,176.51,179.89,176.04,179.27,174312200
2025-07-31,182.9,183.3,175.93,177.87,221685400
2025-08-01,174.09,176.54,170.89,173.72,204529000
2025-08-04,175.16,180.2,174.52,180,148174600
2025-08-05,179.62,180.26,175.9,178.26,156407600
2025-08-06,176.325,179.9,176.25,179.42,137192300
2025-08-07,181.57,183.88,178.795,180.77,151878400
2025-08-08,181.55,183.3,180.4,182.7,123396700
2025-08-11,182.05,183.84,180.25,182.06,138323200
2025-08-12,182.96,184.48,179.46,183.16,145729200
2025-08-13,182.615,183.97,179.35,181.59,179871700
2025-08-14,179.75,183.02,179.46,182.02,129554000
2025-08-15,181.88,181.9,178.0417,180.45,156602200
2025-08-18,180.6,182.9375,180.59,182.01,132008000
2025-08-19,182.43,182.5,175.49,175.64,185229200
2025-08-20,175.165,176,168.801,175.4,215142700
2025-08-21,174.85,176.9,173.81,174.98,140040900
2025-08-22,172.61,178.59,171.2,177.99,172789400
2025-08-25,178.35,181.91,176.57,179.81,163012800
2025-08-26,180.055,182.39,178.81,181.77,168688200
2025-08-27,181.98,182.49,179.1,181.6,235518900
2025-08-28,180.82,184.47,176.41,180.17,281787800
2025-08-29,178.11,178.15,173.145,174.18,243257900
2025-09-02,170,172.379,167.22,170.78,231164900
2025-09-03,171.06,172.41,168.875,170.62,164424900
2025-09-04,170.57,171.86,169.41,171.66,141670100
2025-09-05,168.03,169.03,164.07,167.02,224441400
2025-09-08,167.55,170.96,167.35,168.31,163769100
2025-09-09,169.09,170.98,166.7401,170.76,157548400
2025-09-10,176.64,179.29,175.47,177.33,226852000
2025-09-11,179.68,180.28,176.48,177.17,151159300
2025-09-12,177.77,178.595,176.45,177.82,124911000
2025-09-15,175.67,178.85,174.51,177.75,147061600
2025-09-16,177,177.5,174.38,174.88,140737800
2025-09-17,172.64,173.2,168.41,170.29,211843800
2025-09-18,173.98,177.1,172.96,176.24,191763300
2025-09-19,175.77,178.08,175.18,176.67,237182100
2025-09-22,175.3,184.55,174.7053,183.61,269637000
2025-09-23,181.97,182.42,176.21,178.43,192559600
2025-09-24,179.77,179.78,175.4,176.97,143564100
2025-09-25,174.48,180.26,173.125,177.69,191586700
2025-09-26,178.17,179.77,174.93,178.19,148573700
2025-09-29,180.425,184,180.32,181.85,193063500
2025-09-30,182.08,187.35,181.48,186.58,236981000
2025-10-01,185.24,188.14,183.9,187.24,173844900
2025-10-02,189.6,191.05,188.06,188.89,136805800
2025-10-03,189.19,190.36,185.38,187.62,137596900
2025-10-06,185.5,187.23,183.33,185.54,157678100
2025-10-07,186.23,189.06,184,185.04,140088000
2025-10-08,186.57,189.6,186.54,189.11,130168900
2025-10-09,192.225,195.3,191.06,192.57,182997200
2025-10-10,193.505,195.62,182.05,183.16,268774400
2025-10-13,187.965,190.1099,185.96,188.32,153482800
2025-10-14,184.77,184.8,179.7,180.03,205641400
2025-10-15,184.8,184.87,177.29,179.83,214450500
2025-10-16,182.23,183.28,179.77,181.81,179723300
2025-10-17,180.18,184.1,179.75,183.22,173135200
2025-10-20,183.13,185.2,181.73,182.64,128544700
2025-10-21,182.785,182.785,179.8,181.16,124240200
2025-10-22,181.14,183.44,176.76,180.28,162249600
2025-10-23,180.42,183.03,179.7901,182.16,111363700
2025-10-24,183.835,187.47,183.5,186.26,131296700
2025-10-27,189.99,192,188.4318,191.49,153452700
2025-10-28,193.05,203.15,191.91,201.03,297986200
2025-10-29,207.98,212.1899,204.775,207.04,308829600
2025-10-30,205.15,206.16,201.41,202.89,178864400
2025-10-31,206.45,207.97,202.07,202.49,179802200
2025-11-03,208.08,211.335,205.56,206.88,180267300
2025-11-04,203,203.9699,197.93,198.69,188919300
2025-11-05,198.77,202.92,194.65,195.21,171350300
2025-11-06,196.42,197.62,186.38,188.08,223029800
2025-11-07,184.9,188.32,178.91,188.15,264942300
2025-11-10,195.11,199.94,193.79,199.05,198897100
2025-11-11,195.155,195.42,191.3,193.16,176483300
2025-11-12,195.72,195.89,191.13,193.8,154935300
2025-11-13,191.05,191.44,183.85,186.86,207423100
2025-11-14,182.86,191.01,180.58,190.17,186591900
2025-11-17,185.965,189,184.32,186.6,173628900
2025-11-18,183.375,184.8,179.65,181.36,213598900
2025-11-19,184.79,187.855,182.8301,186.52,247246400
2025-11-20,195.95,196,179.85,180.64,343504800
2025-11-21,181.235,184.56,172.93,178.88,346926200
2025-11-24,179.49,183.5,176.48,182.55,256618300
2025-11-25,174.91,178.16,169.55,177.82,320600300
2025-11-26,181.63,182.91,178.24,180.26,183852000
2025-11-28,179.01,179.29,176.5,177,121332800
2025-12-01,174.76,180.3,173.68,179.92,188131000
2025-12-02,181.76,185.66,180,181.46,182632200
2025-12-03,181.08,182.45,179.1101,179.59,165138000
2025-12-04,181.62,184.515,179.96,183.38,167364900
2025-12-05,183.89,184.66,180.91,182.41,143971100
2025-12-08,182.64,188,182.4,185.55,204378100
2025-12-09,185.56,185.7167,183.32,184.97,144719700
2025-12-10,184.965,185.48,182.035,183.78,162785400
2025-12-11,180.275,181.32,176.62,180.93,182136600
2025-12-12,181.11,182.82,174.62,175.02,204274900
2025-12-15,177.936,178.415,175.03,176.29,164775600
2025-12-16,176.26,178.49,174.9,177.72,148588100
2025-12-17,176.1,176.13,170.31,170.94,222775500
2025-12-18,174.53,176.15,171.82,174.14,176096000
2025-12-19,176.665,181.45,176.34,180.99,324925900
2025-12-22,183.92,184.16,182.35,183.69,129064400
2025-12-23,182.97,189.33,182.9,189.21,174873600
2025-12-24,187.94,188.91,186.59,188.61,65528550
2025-12-26,189.92,192.69,188,190.53,139740300
2025-12-29,187.71,188.755,185.91,188.22,120006100
2025-12-30,188.24,188.99,186.93,187.54,97687270
2025-12-31,189.57,190.56,186.49,186.5,120100500
2026-01-02,189.835,192.9299,188.26,188.85,148240500
2026-01-05,191.76,193.63,186.15,188.12,183529700
2026-01-06,190.52,192.174,186.82,187.24,176862600
2026-01-07,188.57,191.37,186.56,189.11,153543200
2026-01-08,189.11,189.55,183.71,185.04,172457000
2026-01-09,185.08,186.34,183.6701,184.86,131327500
2026-01-12,183.22,187.12,183.02,184.94,137968500
2026-01-13,184.995,188.1099,183.4,185.81,160128900
2026-01-14,184.32,184.46,180.8,183.14,159586100
2026-01-15,186.5,189.7,186.33,187.05,206188600
2026-01-16,189.075,190.44,186.08,186.23,187967200
2026-01-20,181.9,182.3786,177.61,178.07,223345300
2026-01-21,179.05,185.379,178.4,183.32,200381000
2026-01-22,184.75,186.17,183.93,184.84,139636600
2026-01-23,187.5,189.6,186.8233,187.67,142748100
2026-01-26,187.16,189.12,185.99,186.47,124799600
2026-01-27,187.24,190,185.7,188.52,143711600
2026-01-28,191.27,192.35,189.84,191.52,148552700
2026-01-29,191.34,193.48,186.06,192.51,171764400
2026-01-30,191.21,194.49,189.47,191.13,179489500
2026-02-02,187.2,190.3,184.88,185.61,165794100
2026-02-03,186.24,186.27,176.23,180.34,204019600
2026-02-04,179.46,179.58,171.91,174.19,207014100
2026-02-05,174.925,176.815,171.03,171.88,206312900
2026-02-06,176.69,187,174.6,185.41,231346200
2026-02-09,184.26,193.66,183.95,190.04,196387400
2026-02-10,191.38,192.48,188.12,188.54,136764800
2026-02-11,192.45,193.26,188.77,190.05,144192700
2026-02-12,193.03,193.61,186.51,186.94,189932500
2026-02-13,187.475,187.5,181.59,182.81,161888000
2026-02-17,181.75,187.15,179.18,184.97,162276900
2026-02-18,188.75,190.37,186.76,187.98,164749100
2026-02-19,187.055,188.43,185.66,187.9,126554500
2026-02-20,186.57,190.33,185.9378,189.82,178422300
2026-02-23,191.4,193.95,189.575,191.55,171584800
2026-02-24,191.49,193.77,187.4,192.85,175123600
2026-02-25,194.45,197.6299,193.79,195.56,250637100
2026-02-26,194.27,194.29,184.315,184.89,360807900
2026-02-27,181.25,182.59,176.38,177.19,311636500
2026-03-02,175.01,183.46,174.64,182.48,209095300
2026-03-03,178.49,180.9,176.92,180.05,178099400
2026-03-04,180.44,184.7,180.06,183.04,177731200
2026-03-05,181.17,184.06,177.88,183.34,198779700
2026-03-06,179.84,182.7561,176.8201,177.82,189021900
2026-03-09,176.83,182.91,175.56,182.65,177213600
2026-03-10,182.4,186.44,182.01,184.77,179118500
2026-03-11,185.91,187.62,184.45,186.03,145280400
2026-03-12,184.05,184.94,181.75,183.14,155762700
2026-03-13,184.92,186.09,179.94,180.25,160988400
2026-03-16,182.97,188.88,181.41,183.22,217307400
2026-03-17,185.06,185.4,181.6804,181.93,182497800
2026-03-18,182.48,183.38,180.33,180.4,156683100
2026-03-19,178.01,179.98,175.785,178.56,170968500
2026-03-20,178,178.26,171.72,172.7,241323500
2026-03-23,177.255,178.37,174.76,175.64,182836300
2026-03-24,174.83,176.22,173.98,175.2,147667800
2026-03-25,177.1,181.22,176.85,178.68,162602100
2026-03-26,176.07,176.51,171.14,171.24,186152200
2026-03-27,170,170.97,167.01,167.52,196212700
2026-03-30,168.78,169.45,164.27,165.17,185627000
2026-03-31,166.97,174.62,166.96,174.4,226181300
2026-04-01,176,177.37,174.75,175.75,168132000
2026-04-02,172.18,177.49,171.37,177.39,143143200
2026-04-06,177.155,177.79,175.76,177.64,107564300
2026-04-07,175.725,178.23,173.66,178.1,132534900
2026-04-08,184.5,185.26,180.3,182.08,147732700
2026-04-09,181.84,184.08,180.62,183.91,116428500
2026-04-10,184.31,190,184.3,188.63,160459500
2026-04-13,186.03,189.66,185.74,189.31,133648200
2026-04-14,190.84,196.51,190.77,196.51,161307000
2026-04-15,196.54,200.4,195.74,198.87,185338400
2026-04-16,197.43,199.85,195.81,198.35,134012900
2026-04-17,199.9,201.7,199.27,201.68,160324400
2026-04-20,199.98,202.17,197.8397,202.06,119381400
2026-04-21,202.13,202.75,199,199.88,107945300
2026-04-22,200.99,202.5,199,202.5,107501000
2026-04-23,202.46,203.829,197.2206,199.64,113561800
2026-04-24,199.96,210.95,199.81,208.27,214134400
2026-04-27,209.645,216.825,207.38,216.61,187172400
2026-04-28,209.49,214.73,208.2,213.17,180275400
2026-04-29,212.7,212.72,207.5758,209.25,123711800
2026-04-30,209.93,210.3,198.7,199.57,225239200
2026-05-01,201.28,203,197.12,198.45,128647000
2026-05-04,199.5,201.73,194.74,198.48,125368100
2026-05-05,199.3,200.24,196.03,196.5,113406600
2026-05-06,199.89,208.265,198.61,207.83,188362800
2026-05-07,208.34,214.2,206.5,211.5,168307900
2026-05-08,213.03,217.8,212.89,215.2,136421400
2026-05-11,214.035,222.3,213.89,219.44,160685800
2026-05-12,218.545,223.75,214.92,220.78,159176600
2026-05-13,224.93,227.84,221.5653,225.83,150405400
2026-05-14,229.85,236.54,229.3,235.74,180782900
2026-05-15,229.76,231.5,224.24,225.32,180977600
2026-05-18,229.87,230,218.37,222.32,146280900
2026-05-19,219.62,224.48,217.91,220.61,140948200
2026-05-20,223.18,226.13,220.495,223.47,184201600
2026-05-21,222.29,227.3999,217.93,219.51,203381800
2026-05-22,220.904,221.01,214.8,215.33,169275700
2026-05-26,216.54,218.18,212,214.86,187202600
2026-05-27,214.12,214.15,208.78,212.6,167601200
2026-05-28,211.275,215.5191,211.22,214.25,143996000
2026-05-29,214.575,217.8599,211.13,211.14,289410600
2026-06-01,215.73,224.87,215.7,224.36,212850700
2026-06-02,227.18,232.28,221.35,222.82,193362900
2026-06-03,221.72,222.82,214.51,214.75,160907000
2026-06-04,213.905,221.6,210.97,218.66,169022200
2026-06-05,214.53,214.87,204.33,205.1,219655500
2026-06-08,210.18,210.47,206,208.64,138372800
2026-06-09,210.615,211.4,199.34,208.19,180962500
2026-06-10,204.43,207.22,199.92,200.42,161746600
2026-06-11,201.49,205.66,199.54,204.87,158643200
2026-06-12,204.86,207.07,203.4385,205.19,112345300
2026-06-15,208.92,212.7107,208.34,212.45,149936700
2026-06-16,211.18,211.49,207.29,207.41,125694100
2026-06-17,208.53,209.21,203.08,204.65,128363500
2026-06-18,207.33,211.39,206.5,210.69,241272000
2026-06-22,211.44,213.99,207.72,208.65,122041400
2026-06-23,202.17,203.77,200,200.04,153496200
2026-06-24,200.12,201.67,196.58,199,151810700
2026-06-25,200.08,200.8,192.13,195.74,150205600
2026-06-26,193.12,195.55,191.22,192.53,179304100
2026-06-29,193.85,196.18,189.8,194.97,148835700
2026-06-30,197.24,200.63,195.11,200.09,166476700
2026-07-01,196.2,199.85,193.45,197.58,146147600
2026-07-02,197.14,200.055,192.35,194.83,142385500
2026-07-06,194.42,197.55,193.99,195.55,108999000
2026-07-07,192.37,198.41,191.14,196.93,124154600
2026-07-08,195.18,205.16,195.06,204.12,147419100
2026-07-09,204.46,204.585,198.96,202.78,132037400
2026-07-10,202,211,201.92,210.96,148421000
2026-07-13,208.54,210.57,203,203.53,121411000
2026-07-14,208.2,212.55,203.8,211.8,124379600
2026-07-15,211.96,213.81,206.04,212.5,124797200
2026-07-16,210.17,211.08,205.845,207.4,122986100
2026-07-17,202.64,206.645,197.97,202.81,144281900
2026-07-20,205.87,207.74,202.28,203.28,88701540
2026-07-21,207.54,208.65,204.01,207.29,108685600
2026-07-22,205.805,214.39,204.95,212.06,137645600
2026-07-23,209.455,210.8687,205.96,208.76,110505300
2026-07-24,207.45,211.9099,204.81,206.84,114836800
2026-07-27,208.2,208.75,195.44,196.51,154353700
2026-07-28,195,198.7,192.74,197.01,134111500
2026-07-29,195.845,197.074,190.01,190.01,147680800
2026-07-30,193.45,197.25,191.52,195.04,129010200
2026-07-31,198.441,202,194.95,200.75,139961200
2026-08-03,197.69,208.74,196.85,206.64,128406900
2026-08-04,211.3,213.06,209.05,211.94,134922000
2026-08-05,216.86,222.22,216.4,219.22,158187400
2026-08-06,221.53,223.63,217,218.99,113940600
2026-08-07,221.54,224.76,220.66,223.96,105669400
2026-08-10,223.4,224.1379,216.77,217.55,115846600
2026-08-11,222.17,222.2,216.2,217.5,101273100
2026-08-12,221.04,225.1,220.2,224.09,108783600
2026-08-13,225.055,227.23,223.71,225.3,98867230
2026-08-14,226.765,227.49,224.5,225.16,75680870
2026-08-17,225.98,227.92,224.86,225.01,93678690
2026-08-18,220.45,221.64,218.6902,219.74,103128200
2026-08-19,221.67,222.87,216.76,217.56,96797310
2026-08-20,218.36,219.86,215.66,216.85,92457040
2026-08-21,218.42,218.74,214.5,214.72,98869300
