date,open,high,low,close,volume
2016-08-16,15.0327,15.146,14.894,14.9073,33766708
2016-08-17,14.9553,14.9887,14.8533,14.8827,26796107
2016-08-18,14.9213,15.044,14.8193,14.9007,25489487
2016-08-19,14.9027,15.0113,14.8353,15,24879228
2016-08-22,14.9447,15.0073,14.8453,14.862,30925365
2016-08-23,14.9547,15.2327,14.8533,14.9893,71216139
2016-08-24,15.1367,15.1433,14.8147,14.8413,38504186
2016-08-25,14.874,14.92,14.718,14.7307,26403167
2016-08-26,14.8093,14.857,14.588,14.666,33571288
2016-08-29,14.6767,14.6933,14.3333,14.3467,48920691
2016-08-30,14.4073,14.4073,14.0347,14.0893,47463306
2016-08-31,14.0287,14.1733,13.91,14.134,49122785
2016-09-01,13.934,14.0733,13.3667,13.3847,118986601
2016-09-02,13.4887,13.5467,13.08,13.1853,89552265
2016-09-06,13.268,13.55,13.2667,13.522,65792862
2016-09-07,13.7,13.7665,13.3807,13.4473,54568743
2016-09-08,13.3033,13.326,13.0907,13.1573,50584370
2016-09-09,13.2727,13.328,12.9133,12.9647,56305982
2016-09-12,13,13.4246,12.94,13.22,55710707
2016-09-13,13.1373,13.2327,12.8967,13.07,53747073
2016-09-14,13.05,13.195,12.9904,13.094,33842128
2016-09-15,13.0993,13.5013,13.0933,13.3613,46244107
2016-09-16,13.3613,13.7133,13.2667,13.6933,46563967
2016-09-19,13.8,13.962,13.6667,13.756,34474753
2016-09-20,13.79,13.85,13.594,13.6427,36128322
2016-09-21,13.758,13.8,13.4373,13.6813,39469255
2016-09-22,13.76,13.8187,13.5333,13.762,35723982
2016-09-23,13.7327,14.012,13.7113,13.83,43561853
2016-09-26,13.7667,14.0667,13.7667,13.9327,35900577
2016-09-27,13.9767,13.9988,13.6406,13.7207,50518580
2016-09-28,13.834,13.8833,13.684,13.7513,31189844
2016-09-29,13.7067,13.822,13.372,13.38,40710580
2016-09-30,13.4807,13.6653,13.3033,13.602,38725931
2016-10-03,14.1533,14.3779,13.8833,14.2467,89840085
2016-10-04,14.2067,14.2213,13.9213,14.094,53069268
2016-10-05,14.1493,14.21,13.8747,13.8973,28086826
2016-10-06,13.4973,13.614,13.3473,13.4,70469020
2016-10-07,13.4,13.4213,13.0533,13.1073,52342174
2016-10-10,13.4233,13.6093,13.3107,13.3967,49670075
2016-10-11,13.4567,13.48,13.2207,13.34,34901293
2016-10-12,13.3967,13.592,13.3613,13.434,29536470
2016-10-13,13.3667,13.393,13.1367,13.3493,37427081
2016-10-14,13.3773,13.4287,13.0867,13.1007,63982033
2016-10-17,13.1367,13.226,12.8,12.9307,67774931
2016-10-18,13.066,13.298,12.884,13.2733,85140647
2016-10-19,13.316,13.7773,13.204,13.5707,104492723
2016-10-20,13.4747,13.5333,13.1367,13.2733,76041112
2016-10-21,13.24,13.438,13.1607,13.3393,44053598
2016-10-24,13.4,13.5964,13.35,13.5173,41210139
2016-10-25,13.5267,13.646,13.4133,13.4893,36631752
2016-10-26,13.4,13.546,13.34,13.4827,80203355
2016-10-27,14.0893,14.2467,13.4433,13.6007,196064752
2016-10-28,13.6,13.688,13.322,13.3313,64101808
2016-10-31,13.4993,13.4993,13.054,13.182,70369765
2016-11-01,13.2027,13.2333,12.5403,12.7193,105355057
2016-11-02,12.67,12.8463,12.5003,12.5347,63633718
2016-11-03,12.6,12.7647,12.4693,12.4947,39668230
2016-11-04,12.6,12.8973,12.3973,12.704,77158686
2016-11-07,12.906,12.9527,12.67,12.8807,57865201
2016-11-08,12.9193,13.166,12.7507,12.996,48793881
2016-11-09,12.4583,12.8,12.2633,12.6707,122496644
2016-11-10,12.7367,12.774,12.028,12.3567,101194299
2016-11-11,12.2827,12.592,12.2,12.5707,59806335
2016-11-14,12.5333,12.55,11.8793,12.0967,98218646
2016-11-15,12.1853,12.4287,12.1367,12.2513,58496116
2016-11-16,12.1767,12.3153,12.0807,12.262,51489994
2016-11-17,12.2327,12.6327,12.1407,12.5773,73214498
2016-11-18,12.71,12.8667,12.3333,12.3347,78097056
2016-11-21,12.336,12.5927,12.294,12.3013,65338047
2016-11-22,12.3893,12.7647,12.2473,12.7447,84018528
2016-11-23,12.7073,13.0429,12.6,12.876,73354238
2016-11-25,12.9093,13.1492,12.9093,13.11,35491452
2016-11-28,13.032,13.29,12.97,13.0747,67816196
2016-11-29,13.0373,13.1153,12.6333,12.638,66529647
2016-11-30,12.7333,12.7927,12.5,12.6267,53173338
2016-12-01,12.55,12.5687,12.0667,12.1253,76786537
2016-12-02,12.192,12.3253,12,12.098,60602985
2016-12-05,12.1673,12.5927,12.1673,12.4533,61042169
2016-12-06,12.368,12.4387,12.1788,12.39,50840450
2016-12-07,12.41,12.8933,12.3333,12.8767,81856024
2016-12-08,12.8033,12.8333,12.636,12.8193,47905236
2016-12-09,12.7247,12.9224,12.7207,12.812,40814035
2016-12-12,12.8533,12.9613,12.736,12.8287,36546402
2016-12-13,12.8787,13.4187,12.8667,13.21,102289779
2016-12-14,13.2493,13.5333,13.1173,13.246,62209679
2016-12-15,13.2273,13.3827,13.1593,13.172,48279771
2016-12-16,13.2053,13.506,13.1733,13.4993,56931632
2016-12-19,13.4993,13.63,13.3227,13.5153,52304029
2016-12-20,13.5367,13.9333,13.5,13.9193,70264000
2016-12-21,13.8967,14.1487,13.8273,13.8467,78092106
2016-12-22,13.8813,13.9993,13.7667,13.8967,46626382
2016-12-23,13.8667,14.23,13.8473,14.2227,70023910
2016-12-27,14.3253,14.8167,14.2947,14.6353,88699981
2016-12-28,14.7687,14.92,14.48,14.6493,56678132
2016-12-29,14.5707,14.6133,14.2748,14.312,60646260
2016-12-30,14.42,14.5,14.112,14.246,69619285
2017-01-03,14.324,14.6887,14.064,14.466,88522366
2017-01-04,14.3167,15.2,14.2873,15.1327,168068316
2017-01-05,15.0947,15.1653,14.7967,15.1167,88633861
2017-01-06,15.1287,15.354,15.03,15.2673,82862254
2017-01-09,15.2647,15.4613,15.2,15.4187,59590710
2017-01-10,15.4667,15.4667,15.126,15.3247,54884688
2017-01-11,15.2713,15.332,15.112,15.3153,54748623
2017-01-12,15.2707,15.38,15.0387,15.306,56813177
2017-01-13,15.3333,15.8567,15.306,15.85,91284104
2017-01-17,15.78,15.9973,15.6247,15.7053,69220930
2017-01-18,15.7767,15.9807,15.7053,15.8907,56509052
2017-01-19,16.4833,16.5787,16.05,16.2507,115758602
2017-01-20,16.364,16.4,16.2007,16.3153,62995769
2017-01-23,16.39,16.726,16.3667,16.5947,93931408
2017-01-24,16.6667,16.9867,16.6433,16.974,74372123
2017-01-25,17.154,17.2307,16.7867,16.9647,77179476
2017-01-26,16.9527,17.0493,16.7167,16.834,47155731
2017-01-27,16.7587,16.8667,16.568,16.8633,47426586
2017-01-30,16.8353,17.0193,16.4733,16.7087,56979542
2017-01-31,16.616,17.0593,16.5133,16.7953,61680164
2017-02-01,16.87,16.88,16.6033,16.616,59296545
2017-02-02,16.556,16.828,16.514,16.77,37481966
2017-02-03,16.794,16.8119,16.6453,16.7553,32778434
2017-02-06,16.7333,17.188,16.7087,17.1847,53363973
2017-02-07,17.2127,17.3333,17.0947,17.1653,63660913
2017-02-08,17.1567,17.5573,17.08,17.472,58686391
2017-02-09,17.75,18.0787,17.7433,17.9467,117188941
2017-02-10,17.986,18.0633,17.7407,17.9487,54275013
2017-02-13,18.0493,18.7193,18.034,18.7067,105346027
2017-02-14,18.602,19.1593,18.574,18.732,110121695
2017-02-15,18.6667,18.816,18.4293,18.6507,74158148
2017-02-16,18.5067,18.6667,17.9,17.93,105957847
2017-02-17,17.72,18.1927,17.61,18.1487,93771988
2017-02-21,18.3633,18.76,18.2673,18.4927,84713583
2017-02-22,18.6873,18.8967,18.1733,18.234,128067101
2017-02-23,17.6,17.644,17.0373,17.066,223156238
2017-02-24,16.844,17.2167,16.68,17.1333,122502974
2017-02-27,16.5447,16.5573,16.134,16.4153,171752314
2017-02-28,16.2793,16.7333,16.26,16.666,91108304
2017-03-01,16.9453,16.99,16.6073,16.668,72074409
2017-03-02,16.6473,16.8853,16.5513,16.6987,50186240
2017-03-03,16.716,16.7933,16.6,16.7713,43882193
2017-03-06,16.5273,16.78,16.5007,16.7473,50303990
2017-03-07,16.7947,16.926,16.5547,16.5727,51788779
2017-03-08,16.4667,16.6713,16.3547,16.458,55901162
2017-03-09,16.5087,16.5773,16.2,16.3267,58147381
2017-03-10,16.414,16.4333,16.2,16.246,45941752
2017-03-13,16.3213,16.4567,16.1854,16.4113,45169177
2017-03-14,16.4073,17.208,16.4013,17.2,113725728
2017-03-15,17.1333,17.4,16.9513,17.0487,78500436
2017-03-16,17.4933,17.7167,17.2707,17.47,106907647
2017-03-17,17.6,17.6887,17.4133,17.4333,97365221
2017-03-20,17.3733,17.6367,17.2547,17.4613,54024213
2017-03-21,17.522,17.6533,16.6827,16.712,103523273
2017-03-22,16.7707,17.0047,16.7007,17.0007,60850995
2017-03-23,17.026,17.1781,16.8867,16.9853,49647635
2017-03-24,17.0467,17.5927,17.0007,17.544,84564978
2017-03-27,17.3733,18.038,17.3167,18.0147,93320368
2017-03-28,18.468,18.712,18.3333,18.4967,119679915
2017-03-29,18.556,18.64,18.3693,18.492,55087862
2017-03-30,18.536,18.8,18.4807,18.528,62121524
2017-03-31,18.582,18.6453,18.4213,18.5533,49405445
2017-04-03,19.1267,19.9333,18.972,19.9013,207972646
2017-04-04,19.7927,20.3207,19.6353,20.2467,151623374
2017-04-05,20.136,20.3253,19.6133,19.6667,117878416
2017-04-06,19.792,20.1293,19.6067,19.9133,82765924
2017-04-07,19.8333,20.1793,19.81,20.1693,68499446
2017-04-10,20.61,20.9153,20.5807,20.826,114804288
2017-04-11,20.892,20.898,20.3667,20.5807,85770752
2017-04-12,20.4227,20.5632,19.7547,19.7893,90654675
2017-04-13,19.78,20.4927,19.6867,20.2667,139135160
2017-04-17,20.18,20.2667,19.912,20.096,61920974
2017-04-18,19.98,20.056,19.86,20.0167,45513352
2017-04-19,20.164,20.4413,20.1407,20.368,58367146
2017-04-20,20.434,20.61,20.0153,20.1673,92189369
2017-04-21,20.1333,20.4267,20.028,20.3733,67529336
2017-04-24,20.6147,20.7033,20.4014,20.5353,76166527
2017-04-25,20.5333,20.932,20.3907,20.9193,101012379
2017-04-26,20.8247,20.9667,20.6,20.678,70246930
2017-04-27,20.7793,20.8727,20.5,20.5753,51939919
2017-04-28,20.6553,20.9867,20.5333,20.938,67449851
2017-05-01,20.992,21.8167,20.9873,21.522,132298254
2017-05-02,21.6,21.844,21.104,21.2593,79748225
2017-05-03,21.178,21.4353,20.6967,20.7347,103188833
2017-05-04,20.4957,20.518,19.384,19.6973,212039744
2017-05-05,19.8667,20.57,19.7867,20.5567,121761674
2017-05-08,20.7267,20.9193,20.388,20.4793,105043552
2017-05-09,20.6253,21.466,20.6067,21.4173,144950538
2017-05-10,21.4373,21.7,21.208,21.6813,86017817
2017-05-11,21.56,21.7333,21.3067,21.54,71207544
2017-05-12,21.6987,21.8,21.4353,21.654,61779164
2017-05-15,21.2253,21.3467,20.8353,21.0587,114102753
2017-05-16,21.1727,21.3373,21.0093,21.134,62115959
2017-05-17,20.9593,20.9753,20.3667,20.4073,100434805
2017-05-18,20.4667,20.9293,20.354,20.8707,84137253
2017-05-19,21.0333,21.1,20.68,20.722,69818665
2017-05-22,20.8533,20.958,20.4533,20.69,64864543
2017-05-23,20.6973,20.7153,20.232,20.2573,64713973
2017-05-24,20.434,20.7333,20.36,20.6813,75527842
2017-05-25,20.7347,21.1313,20.5207,21.122,75006442
2017-05-26,21.152,21.6993,21.0873,21.676,116895077
2017-05-30,21.7333,22.4187,21.7173,22.34,116572982
2017-05-31,22.5127,22.8593,22.344,22.734,149063265
2017-06-01,22.9333,22.992,22.486,22.6913,114026403
2017-06-02,22.6513,22.8587,22.3953,22.6567,83759238
2017-06-05,22.5667,23.2293,22.2807,23.1547,101537559
2017-06-06,22.98,23.9662,22.6647,23.5233,165478717
2017-06-07,23.756,24.0333,23.676,23.9767,140230310
2017-06-08,24.25,24.7933,24.0147,24.6667,135430087
2017-06-09,24.9613,25.1247,23.6533,23.8213,258750771
2017-06-12,23.866,24.3,23.3747,23.934,157617821
2017-06-13,24.508,25.0667,24.4407,25.0633,176600462
2017-06-14,25.4057,25.6167,25.0873,25.3773,191677104
2017-06-15,24.8333,25.0307,24.4327,25.0227,156189672
2017-06-16,25.1983,25.2007,24.6733,24.76,95211702
2017-06-19,25,25.1133,24.52,24.6533,96501462
2017-06-20,25.1113,25.2587,24.6487,24.816,111286594
2017-06-21,24.9567,25.1327,24.5347,25.0933,73751513
2017-06-22,25.1993,25.6667,24.9047,25.5073,112656034
2017-06-23,25.4967,25.7993,25.2897,25.5633,96377652
2017-06-26,25.7793,25.7967,24.8733,25.166,98952761
2017-06-27,25.0933,25.0933,24.1347,24.158,104662358
2017-06-28,24.4453,24.7827,24.168,24.7493,94354798
2017-06-29,24.7073,24.7333,23.6067,24.05,123036883
2017-06-30,24.2473,24.4512,23.9746,24.1073,87345646
2017-07-03,24.6827,24.7567,23.4333,23.508,94580968
2017-07-05,23.1467,23.1493,21.7553,21.806,254974373
2017-07-06,21.1507,21.386,20.42,20.5887,288870456
2017-07-07,20.9,21.1333,20.492,20.8813,211949144
2017-07-10,20.86,21.196,20.2087,21.07,206404247
2017-07-11,21.0667,21.8187,20.9533,21.8147,172901314
2017-07-12,22.0267,22.2067,21.6333,21.968,154758523
2017-07-13,22.0073,22.1067,21.3313,21.5607,128734661
2017-07-14,21.546,21.8947,21.4147,21.852,84118818
2017-07-17,21.7027,21.8067,20.8967,21.3047,147412516
2017-07-18,21.1667,21.942,21.044,21.8827,95410602
2017-07-19,21.882,22.11,21.548,21.684,95188212
2017-07-20,21.7933,22.0147,21.6133,21.9947,77137701
2017-07-21,21.964,22.0838,21.72,21.8933,73075583
2017-07-24,22.016,22.8933,22.0007,22.8347,128974316
2017-07-25,23,23.04,22.2767,22.64,104668928
2017-07-26,22.6907,23.0333,22.5413,22.9233,72142674
2017-07-27,23.0667,23.1667,21.7527,22.2973,124288123
2017-07-28,22.4593,22.64,22.1673,22.338,73048328
2017-07-31,22.3667,22.766,21.4027,21.5647,127881746
2017-08-01,21.5333,21.63,21.0753,21.3047,124274893
2017-08-02,21.2627,21.808,20.748,21.726,179135160
2017-08-03,23.022,23.3333,22.8767,23.1393,202863949
2017-08-04,23.1333,23.818,22.8867,23.794,138499356
2017-08-07,23.8233,23.9653,23.5167,23.678,94639918
2017-08-08,23.8353,24.572,23.8267,24.348,111477514
2017-08-09,24.0667,24.6667,23.93,24.2353,103217678
2017-08-10,24.1067,24.4434,23.644,23.6933,105945757
2017-08-11,23.798,24.084,23.5747,23.858,65363397
2017-08-14,24.3087,24.5107,24.1733,24.2533,67619501
2017-08-15,24.3467,24.366,23.958,24.1553,46268992
2017-08-16,24.2,24.4333,24.168,24.194,51092569
2017-08-17,24.0807,24.22,23.4393,23.4613,75162337
2017-08-18,23.5273,23.6,23.0533,23.164,80862035
2017-08-21,23.0547,23.0547,22.1233,22.524,97347701
2017-08-22,22.742,22.816,22.4915,22.7567,64713988
2017-08-23,22.5993,23.566,22.5536,23.518,74129168
2017-08-24,23.5013,23.7773,23.316,23.5287,68573576
2017-08-25,23.616,23.7127,23.1533,23.2033,52127764
2017-08-28,23.152,23.1567,22.648,23.044,56193572
2017-08-29,22.632,23.27,22.5833,23.1573,61039514
2017-08-30,23.3113,23.5647,23.1333,23.5453,51062449
2017-08-31,23.57,23.896,23.5213,23.7267,60949920
2017-09-01,23.7413,23.8393,23.5794,23.6933,45728227
2017-09-05,23.5867,23.6993,23.0593,23.306,57546001
2017-09-06,23.3,23.3986,22.7707,22.9687,61229984
2017-09-07,23.0653,23.4987,22.8967,23.374,63525643
2017-09-08,23.266,23.3187,22.82,22.8933,48919971
2017-09-11,23.4233,24.2473,23.3333,24.246,114764943
2017-09-12,24.2993,24.584,24.0267,24.1833,89493015
2017-09-13,24.2547,24.538,23.9727,24.4153,62567744
2017-09-14,24.2887,25.1973,24.1753,25.176,107553891
2017-09-15,24.9673,25.3333,24.8467,25.3207,81108364
2017-09-18,25.35,25.974,25.1787,25.6667,107666541
2017-09-19,25.3333,25.4927,24.9047,25.0067,96528072
2017-09-20,24.8667,25.2166,24.738,24.9273,73649333
2017-09-21,24.9933,25.122,24.3007,24.432,69163045
2017-09-22,24.4327,24.66,23.392,23.406,122143364
2017-09-25,23.5433,23.8313,22.8587,22.9993,113807313
2017-09-26,23.3953,23.416,22.7267,23.0167,107244681
2017-09-27,23.3267,23.4326,22.7,22.7313,90410580
2017-09-28,22.6587,22.85,22.36,22.64,79646645
2017-09-29,22.7907,22.9787,22.5734,22.74,76485727
2017-10-02,22.8347,22.9133,22.3673,22.7687,78413166
2017-10-03,22.3933,23.2367,22.0853,23.2093,151838174
2017-10-04,23.4167,23.908,23.3067,23.6673,122219864
2017-10-05,23.7333,23.829,23.4233,23.6887,62518664
2017-10-06,23.54,24.0066,23.4833,23.792,64092958
2017-10-09,23.31,23.45,22.8447,22.8627,111921859
2017-10-10,23.12,23.7087,23.0354,23.706,104583893
2017-10-11,23.5927,23.84,23.41,23.64,67420961
2017-10-12,23.53,23.9853,23.5093,23.712,61103249
2017-10-13,23.7987,23.8993,23.5787,23.7047,53082078
2017-10-16,23.584,23.632,23.144,23.3733,80596310
2017-10-17,23.394,23.748,23.338,23.7167,49354325
2017-10-18,23.7313,24.2,23.6087,23.9767,74040323
2017-10-19,23.704,23.8098,23.2133,23.454,75835687
2017-10-20,23.5127,23.6367,22.956,23.0067,73884818
2017-10-23,23.3253,23.33,22.4167,22.468,86093927
2017-10-24,22.5867,22.8533,22.4107,22.4893,67285346
2017-10-25,22.4467,22.5,21.5707,21.7227,128754221
2017-10-26,21.852,22.0153,21.5467,21.7447,75151267
2017-10-27,21.3167,21.6393,21.1107,21.3913,104525423
2017-10-30,21.2787,21.5853,21.15,21.3387,63714253
2017-10-31,21.3487,22.13,21.3453,22.102,84750888
2017-11-01,22.15,22.1739,21.3507,21.4053,123637243
2017-11-02,20.0087,20.5793,19.5087,19.9507,296569052
2017-11-03,19.9667,20.4167,19.6753,20.406,133288928
2017-11-06,20.4667,20.5,19.934,20.1853,97210286
2017-11-07,20.068,20.4333,20.002,20.4033,79272620
2017-11-08,20.3667,20.4593,20.0867,20.2927,70880290
2017-11-09,20.1667,20.2973,19.7533,20.1993,81602554
2017-11-10,20.1667,20.5573,20.1233,20.1993,69316165
2017-11-13,20.0087,21.12,19.9407,21.0267,113478573
2017-11-14,21,21.09,20.46,20.58,84928518
2017-11-15,20.4007,20.8327,20.1,20.7533,89277480
2017-11-16,20.9327,21.2093,20.7533,20.8333,86916092
2017-11-17,21.7113,21.778,20.8767,21.0033,205812347
2017-11-20,20.9193,21.0333,20.3167,20.5827,123627253
2017-11-21,20.724,21.2153,20.5807,21.1873,108845661
2017-11-22,21.118,21.1613,20.7893,20.84,73699208
2017-11-24,20.9193,21.094,20.7333,21.0367,48660951
2017-11-27,20.8833,21.156,20.634,21.1207,68066651
2017-11-28,21.0907,21.3333,20.928,21.17,74125508
2017-11-29,21.1533,21.2,20.082,20.5027,131361879
2017-11-30,20.5707,20.7133,20.3027,20.59,65181477
2017-12-01,20.3627,20.688,20.3367,20.4353,64291198
2017-12-04,20.4333,20.551,20.0407,20.3467,87513361
2017-12-05,20.1333,20.5333,20.0667,20.2467,69655585
2017-12-06,20.0067,20.8927,20,20.884,107767101
2017-12-07,20.8,21.2423,20.7367,20.7493,71693814
2017-12-08,20.9733,21.132,20.7507,21.0087,51991294
2017-12-11,20.9753,21.934,20.9167,21.9273,118891291
2017-12-12,22.03,22.7627,22.002,22.7353,130733485
2017-12-13,22.7287,22.948,22.4333,22.602,93265468
2017-12-14,22.734,23.1627,22.46,22.526,86880317
2017-12-15,22.8027,22.9267,22.384,22.8967,103818638
2017-12-18,22.9933,23.1153,22.5053,22.5913,81998149
2017-12-19,22.684,22.7662,22.02,22.0733,102312969
2017-12-20,22.1793,22.2067,21.6693,21.932,88610626
2017-12-21,21.9727,22.2493,21.814,22.1107,65549877
2017-12-22,21.9673,22.0614,21.6547,21.68,63113998
2017-12-26,21.5887,21.596,21.1053,21.1527,65530452
2017-12-27,21.0667,21.1787,20.7167,20.776,70576225
2017-12-28,20.7833,21.0547,20.636,21.024,64601158
2017-12-29,21.0787,21.094,20.6667,20.7567,56542532
2018-01-02,20.8,21.474,20.7333,21.3687,65184192
2018-01-03,21.4,21.6833,21.0367,21.15,66577767
2018-01-04,20.858,21.2367,20.3787,20.9747,149168820
2018-01-05,21.108,21.1493,20.8,21.1053,68830886
2018-01-08,21.0667,22.468,21.0333,22.4273,147489076
2018-01-09,22.344,22.5867,21.827,22.246,107017821
2018-01-10,22.1467,22.4667,22,22.32,64545763
2018-01-11,22.3493,22.9873,22.2173,22.53,99612895
2018-01-12,22.5753,22.694,22.2447,22.4147,72337599
2018-01-16,22.5027,23,22.32,22.6707,96438462
2018-01-17,22.698,23.2667,22.65,23.144,106388257
2018-01-18,23.0447,23.4867,22.916,22.9713,85194392
2018-01-19,23,23.3727,22.84,23.3347,73067678
2018-01-22,23.2933,23.8553,23.28,23.4373,92996609
2018-01-23,24,24.0333,23.4,23.5193,81714289
2018-01-24,23.6387,23.65,22.9013,23.0593,79160750
2018-01-25,23.218,23.28,22.4267,22.5093,100878070
2018-01-26,22.7667,22.9333,22.3807,22.8567,68031821
2018-01-29,22.6567,23.39,22.552,23.302,71073084
2018-01-30,23.0093,23.218,22.8113,23.0547,70660225
2018-01-31,23.1673,23.746,23.0127,23.6207,92990549
2018-02-01,23.4,23.9773,23.242,23.2833,62811569
2018-02-02,23.2293,23.4633,22.7007,22.9167,55442327
2018-02-05,22.5313,22.9647,22.2,22.2087,66617457
2018-02-06,21.6807,22.4147,21.5667,22.2647,76200442
2018-02-07,22.5993,23.0667,22.3773,23,100945180
2018-02-08,22.8873,23.2413,20.9733,21.0153,154446223
2018-02-09,21.3287,21.399,19.6507,20.6947,193866353
2018-02-12,21.0753,21.2053,20.4167,21.0487,93367138
2018-02-13,21.0013,21.6127,20.834,21.5773,68319431
2018-02-14,21.3893,21.7447,21.2347,21.4873,59221125
2018-02-15,21.6333,22.2747,21.4933,22.271,88647301
2018-02-16,22.1667,22.8747,22.1093,22.366,84602718
2018-02-20,22.298,22.7227,22.1,22.318,60089400
2018-02-21,22.402,22.6462,22.2113,22.22,48108726
2018-02-22,22.3687,23.1627,22.3167,23.078,104428148
2018-02-23,23.1887,23.666,23.14,23.47,87212611
2018-02-26,23.5667,23.9333,23.4903,23.828,65017467
2018-02-27,23.75,23.9993,23.334,23.3993,71775294
2018-02-28,23.5047,23.6827,22.8147,22.8707,90990615
2018-03-01,23.0007,23.2447,22.0047,22.062,103088228
2018-03-02,21.7987,22.348,21.5313,22.3413,76331797
2018-03-05,22.1593,22.5167,21.9529,22.2233,57310501
2018-03-06,22.25,22.4247,21.802,21.88,63547213
2018-03-07,21.696,22.1667,21.4493,22.1533,75029062
2018-03-08,22.1907,22.22,21.7516,21.94,52715479
2018-03-09,21.6067,21.8993,21.4913,21.8113,82541644
2018-03-12,21.9073,23.1473,21.7667,23.034,123793723
2018-03-13,22.9947,23.008,22.4176,22.7893,89409495
2018-03-14,22.4507,22.654,21.5953,21.7753,119282220
2018-03-15,21.9587,22.19,21.4067,21.7067,98318471
2018-03-16,21.7307,21.8267,21.2713,21.4233,91700429
2018-03-19,21.1,21.3833,20.6447,20.904,112018294
2018-03-20,20.9913,21.0833,20.584,20.7033,71415429
2018-03-21,20.6833,21.496,20.6793,21.102,89313660
2018-03-22,20.926,21.2547,20.5453,20.6067,73873883
2018-03-23,20.75,20.774,20.03,20.1027,99599350
2018-03-26,20.4893,20.506,19.424,20.2787,125473992
2018-03-27,20.2667,20.2847,18.4787,18.612,206805797
2018-03-28,17.6387,17.912,16.8067,17.1853,314434043
2018-03-29,17.0993,18.064,16.5473,17.742,225216487
2018-04-02,17.084,17.3555,16.306,16.832,241399229
2018-04-03,17.988,18.2233,16.966,17.8353,282444609
2018-04-04,16.852,19.2247,16.8,19.1293,298202551
2018-04-05,19.2893,20.4173,19.2133,20.3813,285387757
2018-04-06,20.0667,20.6187,19.7,19.9533,202747849
2018-04-09,20.0247,20.6333,19.2807,19.3107,153621073
2018-04-10,19.9313,20.4733,19.5787,20.3133,165255067
2018-04-11,20.0493,20.5987,19.9773,20.062,112053004
2018-04-12,20.1547,20.2633,19.5787,19.6053,113932818
2018-04-13,20.24,20.2633,19.732,20.0227,109788320
2018-04-16,19.9333,19.9773,19.2673,19.414,94342408
2018-04-17,19.258,19.478,18.834,19.1793,103967228
2018-04-18,19.4053,20.016,19.2107,19.5567,97973396
2018-04-19,19.4053,20.0673,19.2367,20.0053,91256954
2018-04-20,19.678,19.9987,19.3167,19.3493,84339408
2018-04-23,19.4193,19.4413,18.822,18.8913,73211108
2018-04-24,19,19.1393,18.564,18.8973,85173587
2018-04-25,18.9,19.0107,18.4833,18.7127,60006285
2018-04-26,18.5833,19.0527,18.4333,19.032,65221587
2018-04-27,19.0247,19.6313,18.922,19.605,65202777
2018-04-30,19.574,19.9153,19.5,19.5933,63360988
2018-05-01,19.5673,20.0547,19.548,19.9947,69224155
2018-05-02,19.9047,20.4567,19.8523,20.0767,125192577
2018-05-03,18.586,19.2027,18.3487,18.9633,260086220
2018-05-04,18.8667,19.7907,18.6347,19.606,128482526
2018-05-07,19.8333,20.3973,19.678,20.1847,130096285
2018-05-08,20.053,20.5167,19.9333,20.1313,88911661
2018-05-09,20.0273,20.4673,20.0033,20.4567,85683782
2018-05-10,20.5,20.866,20.2741,20.3347,84641523
2018-05-11,20.5133,20.592,19.9387,20.0707,69979780
2018-05-14,20.2213,20.3293,19.4413,19.4647,108982461
2018-05-15,19.0007,19.1307,18.7,18.9453,142646224
2018-05-16,18.922,19.254,18.7707,19.0987,85044617
2018-05-17,19.06,19.2792,18.9313,18.9693,66273837
2018-05-18,18.9767,18.9767,18.2667,18.4547,108655431
2018-05-21,18.7553,19.4327,18.7533,18.966,137517591
2018-05-22,19.1841,19.2,18.2281,18.334,134077448
2018-05-23,18.5173,18.6607,18.2667,18.6047,89583510
2018-05-24,18.56,18.7407,18.326,18.5233,62561804
2018-05-25,18.5083,18.6427,18.374,18.59,58089286
2018-05-29,18.5673,19.1,18.41,18.9173,84857253
2018-05-30,18.886,19.667,18.7733,19.448,112103794
2018-05-31,19.1473,19.358,18.862,18.982,88692331
2018-06-01,19.0573,19.4633,18.9226,19.4547,81269719
2018-06-04,19.6227,19.9333,19.5699,19.7827,71906769
2018-06-05,19.8467,19.8533,19.116,19.4087,88168051
2018-06-06,20.0333,21.478,19.832,21.3,281135859
2018-06-07,21.0767,22,20.9053,21.0727,215041542
2018-06-08,21.2667,21.632,21.1433,21.1773,122882564
2018-06-11,21.5007,22.3107,21.5,22.14,197490651
2018-06-12,22.98,23.6647,22.5333,22.8513,333846283
2018-06-13,23.1137,23.1467,22.6533,22.9853,141021934
2018-06-14,23.1753,23.9167,23.1067,23.848,164417168
2018-06-15,23.5893,24.3113,23.4167,23.878,162413319
2018-06-18,23.6933,24.9153,23.6333,24.722,180381660
2018-06-19,24.344,24.6667,23.0833,23.5033,191022504
2018-06-20,23.8693,24.292,23.4667,24.148,125553957
2018-06-21,24.1333,24.4143,23.0847,23.1673,119247630
2018-06-22,23.436,23.4833,22.1333,22.242,153806473
2018-06-25,22.008,22.5647,21.8333,22.2007,103876283
2018-06-26,22.4036,22.9033,21.7199,22.8,111521179
2018-06-27,23,23.386,22.6333,22.9667,124707193
2018-06-28,23.244,23.8013,23.074,23.3287,125822517
2018-06-29,23.5553,23.5907,22.8273,22.8633,97138496
2018-07-02,24.0047,24.3187,21.99,22.338,280990510
2018-07-03,22.1167,22.166,20.646,20.724,184239508
2018-07-05,20.9173,20.9593,19.748,20.6107,261863419
2018-07-06,20.3303,20.8047,20.1333,20.5933,132902904
2018-07-09,20.7993,21.2347,20.5333,21.234,113693058
2018-07-10,21.6373,21.8452,21.28,21.498,141563284
2018-07-11,21.0533,21.4627,21.0047,21.264,73178888
2018-07-12,21.4287,21.5487,20.8513,21.114,85677722
2018-07-13,21.0387,21.3057,20.6167,21.258,88001596
2018-07-16,20.7807,21.0107,20.4167,20.6733,117006751
2018-07-17,20.5873,21.6493,20.5667,21.5127,104816678
2018-07-18,21.6667,21.7,21.0833,21.59,84151233
2018-07-19,21.0887,21.5693,20.934,21.3487,88606696
2018-07-20,21.4153,21.5493,20.7806,20.9053,77397426
2018-07-23,20.1227,20.3667,19.524,20.2133,164622218
2018-07-24,20.2947,20.5145,19.503,19.8287,143792718
2018-07-25,19.7827,20.6413,19.6335,20.5827,105470677
2018-07-26,20.3233,20.7133,20.2428,20.4433,69293470
2018-07-27,20.4833,20.5129,19.6894,19.812,85420307
2018-07-30,19.7267,19.74,19.0753,19.3447,101993664
2018-07-31,19.4833,19.888,19.2713,19.876,75826372
2018-08-01,19.866,20.2,19.5333,20.056,131521419
2018-08-02,21.896,23.3327,21.544,23.3027,347387226
2018-08-03,23.1873,23.6667,22.8353,23.2113,204699498
2018-08-06,23.0307,23.6653,22.788,22.7993,128051426
2018-08-07,22.9227,25.8307,22.61,25.3047,458945771
2018-08-08,24.606,25.5093,24.4747,24.6893,368031116
2018-08-09,24.37,24.4673,23.0487,23.4967,254276873
2018-08-10,23.6,24,23.0667,23.6993,172957564
2018-08-13,24.0753,24.2127,23.268,23.7607,156673722
2018-08-14,23.8967,23.9466,23.14,23.176,104227613
2018-08-15,22.7937,22.966,22.1427,22.5793,136095427
2018-08-16,22.6607,22.8187,22.2547,22.3633,90680835
2018-08-17,21.5667,21.7847,20.2353,20.3667,283438058
2018-08-20,19.4469,20.5667,19.2133,20.5627,260706320
2018-08-21,20.7073,21.6527,20.6,21.46,197216451
2018-08-22,21.3913,21.592,20.978,21.4427,89037750
2018-08-23,21.276,21.8213,21.2067,21.34,77080236
2018-08-24,21.38,21.59,21.2933,21.5213,53890983
2018-08-27,21.2,21.4957,20.5873,21.2847,195939652
2018-08-28,21.2273,21.2587,20.746,20.7907,114591738
2018-08-29,20.6847,20.79,20.246,20.334,111158014
2018-08-30,20.1507,20.3067,19.848,20.21,108159321
2018-08-31,20.1333,20.3539,19.9067,20.1107,80505680
2018-09-04,19.796,19.8793,19.2,19.2633,124568503
2018-09-05,19.0033,19.1187,18.4787,18.716,115610072
2018-09-06,18.9867,19.4113,18.592,18.73,112091284
2018-09-07,17.34,17.89,16.817,17.5493,336634482
2018-09-10,18.2173,19.0687,18.0667,19.0333,213483643
2018-09-11,18.6313,18.8,18.2367,18.6293,137415846
2018-09-12,18.7627,19.5,18.5764,19.3693,150032175
2018-09-13,19.2013,19.6667,19.012,19.2973,94999168
2018-09-14,19.2507,19.8217,19.1013,19.68,101364729
2018-09-17,19.336,20.058,19.2087,19.656,102993069
2018-09-18,19.7793,20.176,18.3667,18.9973,247414076
2018-09-19,18.7007,20,18.7,19.9347,123965233
2018-09-20,20.2373,20.3987,19.5553,19.8887,109987100
2018-09-21,19.8467,20.0387,19.6913,19.94,75577417
2018-09-24,19.8987,20.2,19.572,19.9787,72515724
2018-09-25,20,20.3067,19.7667,20.066,67084271
2018-09-26,20.1273,20.926,20.074,20.6387,117537886
2018-09-27,20.86,20.9973,20.4607,20.5013,110066345
2018-09-28,18.0173,18.5333,17.3703,17.6513,503959098
2018-10-01,20.3847,20.7627,20.07,20.7133,325712987
2018-10-02,20.93,21.1227,19.9433,20.068,175495262
2018-10-03,20.222,20.3067,19.438,19.6533,119734020
2018-10-04,19.5967,19.6,18.5113,18.7887,144583203
2018-10-05,18.31,18.3253,17.3333,17.4633,268510516
2018-10-08,17.6347,17.8507,16.6,16.704,200567600
2018-10-09,17.0167,17.7847,16.8867,17.52,180566610
2018-10-10,17.6407,17.7007,16.518,17.1253,191723304
2018-10-11,17.1687,17.4833,16.602,16.8153,121922699
2018-10-12,17.4,17.466,16.8007,17.252,107838801
2018-10-15,17.2707,17.552,16.9691,17.306,92835344
2018-10-16,17.7133,18.4917,17.4827,18.4393,142516729
2018-10-17,18.8267,18.8467,17.7202,18.1187,129554170
2018-10-18,17.9527,18.0667,17.5333,17.594,81028024
2018-10-19,17.826,17.9773,16.9,17.3333,140171390
2018-10-22,17.3787,17.4573,16.8393,17.3967,83922783
2018-10-23,17.5913,19.862,17.4733,19.6093,284343008
2018-10-24,20.07,20.296,19.0487,19.2333,290256605
2018-10-25,21.148,21.4,20.0673,20.9907,311574894
2018-10-26,20.55,22.66,20.4433,22.06,410703095
2018-10-29,22.498,23.144,21.7667,22.3233,216827142
2018-10-30,21.8927,22.5267,21.484,21.9933,136636732
2018-10-31,22.1693,22.8,21.94,22.488,114012543
2018-11-01,22.5507,23.1893,22.315,22.952,119714130
2018-11-02,22.916,23.28,22.7273,23.094,116998742
2018-11-05,22.7,22.9303,22.0093,22.76,117312616
2018-11-06,22.6047,23.2533,22.406,22.7373,101278899
2018-11-07,22.8893,23.412,22.72,23.2107,110500535
2018-11-08,23.2333,23.8384,23.2293,23.4267,106202992
2018-11-09,23.2667,23.6,23.0153,23.3673,76401802
2018-11-12,23.2247,23.3187,22.0227,22.0853,103754423
2018-11-13,22.2107,22.98,22.1467,22.582,81341299
2018-11-14,22.8467,23.1407,22.4767,22.9333,75481207
2018-11-15,22.822,23.2387,22.6027,23.2293,69001915
2018-11-16,23.0127,23.7133,23.008,23.6207,107916816
2018-11-19,23.756,24.45,23.5253,23.5647,145478312
2018-11-20,22.7833,23.32,22.2367,23.166,119868735
2018-11-21,23.4667,23.54,22.4933,22.546,70160800
2018-11-23,22.2897,22.5,21.7033,21.722,63039598
2018-11-26,21.6667,23.0813,21.6667,23.0667,119596725
2018-11-27,22.67,23.1307,22.3667,22.928,95205012
2018-11-28,23.066,23.2187,22.814,23.1913,61710539
2018-11-29,23.1333,23.1667,22.6367,22.7447,46140367
2018-11-30,22.7887,23.44,22.551,23.3653,84316518
2018-12-03,24,24.4,23.4667,23.8993,124437583
2018-12-04,23.7367,24.5787,23.4667,23.98,126453132
2018-12-06,23.734,24.492,23.384,24.204,117430276
2018-12-07,24.6,25.2993,23.8433,23.8643,172265164
2018-12-10,24,24.3987,23.5413,24.3433,98630066
2018-12-11,24.6607,24.8113,24.0153,24.4507,94477033
2018-12-12,24.628,24.794,24.344,24.44,75295837
2018-12-13,24.6767,25.1627,24.45,25.1193,110222465
2018-12-14,25,25.1913,24.2887,24.3807,94914328
2018-12-17,24.1333,24.38,22.9253,23.228,114972423
2018-12-18,23.3693,23.4367,22.246,22.4687,106273252
2018-12-19,22.5067,23.134,21.9827,22.198,123845548
2018-12-20,21.8036,22.0193,20.7913,21.0253,135740767
2018-12-21,21.16,21.5647,20.8293,21.318,119958225
2018-12-24,20.9,20.9667,19.6797,19.6927,83398653
2018-12-26,20,21.798,19.606,21.7393,122146469
2018-12-27,21.3227,21.4781,20.1,21.0753,128510711
2018-12-28,21.54,22.416,21.2273,22.258,148781581
2018-12-31,22.5193,22.614,21.684,22.1867,94414423
2019-01-02,20.4067,21.0087,19.92,20.6747,174168963
2019-01-03,20.4667,20.6267,19.8253,20.024,104228603
2019-01-04,20.4,21.2,20.182,21.1793,110741270
2019-01-07,21.448,22.4493,21.1834,22.3307,113135013
2019-01-08,22.7973,22.934,21.8013,22.3567,104916353
2019-01-09,22.3667,22.9002,22.098,22.5687,81399229
2019-01-10,22.2933,23.026,22.1193,22.998,90744270
2019-01-11,22.806,23.2273,22.5847,23.1507,75526132
2019-01-14,22.8253,22.8333,22.2667,22.2933,78490311
2019-01-15,22.3333,23.2533,22.3,22.962,90718305
2019-01-16,22.9853,23.4667,22.9,23.07,70158370
2019-01-17,23.0807,23.4333,22.9433,23.154,54917403
2019-01-18,21.5333,21.8087,19.982,20.1507,361188719
2019-01-22,20.3213,20.5333,19.7,19.928,180781860
2019-01-23,19.5,19.6333,18.7793,19.1727,187696106
2019-01-24,18.8687,19.5787,18.6189,19.434,119863605
2019-01-25,19.626,19.9013,19.3033,19.8027,106541662
2019-01-28,19.5273,19.8307,19.1833,19.7587,96142107
2019-01-29,19.6847,19.9038,19.4533,19.8307,69043960
2019-01-30,20.03,20.6,19.8993,20.5847,158910521
2019-01-31,20.0667,20.7709,19.6,20.468,188177756
2019-02-01,20.3613,21.0733,20.2333,20.814,108954216
2019-02-04,20.8653,21.02,20.1253,20.8593,110161085
2019-02-05,20.8327,21.496,20.8166,21.4233,101021034
2019-02-06,21.306,21.616,21.0416,21.148,75470482
2019-02-07,20.8867,20.98,20.2,20.5007,97677401
2019-02-08,20.4553,20.4963,19.9,20.3867,87526126
2019-02-11,20.7733,21.24,20.7,20.856,106710127
2019-02-12,21.08,21.2127,20.6413,20.7873,82281244
2019-02-13,20.8233,20.85,20.3713,20.5447,76955932
2019-02-14,20.2253,20.4513,20.0667,20.2513,77863266
2019-02-15,20.3,20.5333,20.26,20.5253,58437196
2019-02-19,20.4373,20.7696,20.3647,20.376,61807769
2019-02-20,20.294,20.42,19.9333,20.1707,106994482
2019-02-21,20.1207,20.216,19.3667,19.4153,133212383
2019-02-22,19.6327,19.7667,19.4733,19.6473,85970657
2019-02-25,19.8607,20.1936,19.8,19.918,93205468
2019-02-26,19.4813,20.134,19.2513,19.8573,128574071
2019-02-27,20.1187,21.0863,20.0367,20.9827,167161416
2019-02-28,21.2613,21.3333,20.7207,21.3253,144993288
2019-03-01,20.4627,20.4753,19.46,19.6527,342731079
2019-03-04,19.8747,19.9333,18.852,19.024,256033222
2019-03-05,18.8,18.9333,18.0067,18.436,280946860
2019-03-06,18.432,18.7671,18.2927,18.416,154790473
2019-03-07,18.5893,18.98,18.2833,18.4393,141160384
2019-03-08,18.4607,19.0393,18.3927,18.9427,132086514
2019-03-11,18.9013,19.4187,18.7,19.3947,110584415
2019-03-12,19.0993,19.2047,18.7373,18.8907,112320499
2019-03-13,18.9267,19.466,18.8467,19.264,102267759
2019-03-14,19.4967,19.6927,19.2193,19.3307,105722017
2019-03-15,18.9007,18.915,18.2933,18.362,221360289
2019-03-18,18.4,18.5367,17.82,17.966,153974323
2019-03-19,17.8333,18.22,17.564,17.8313,176614862
2019-03-20,17.9793,18.3313,17.7533,18.24,103229588
2019-03-21,18.1733,18.43,17.8967,18.268,88963831
2019-03-22,18.172,18.1867,17.6,17.6353,130829185
2019-03-25,17.314,17.5453,16.964,17.3613,153076123
2019-03-26,17.6293,18.0173,17.6287,17.8513,110127965
2019-03-27,17.9167,18.358,17.8789,18.322,131285694
2019-03-28,18.4773,18.6887,18.34,18.5747,101473764
2019-03-29,18.58,18.6773,18.3,18.6573,89705280
2019-04-01,18.8413,19.28,18.7521,19.2787,121396949
2019-04-02,19.22,19.296,18.9253,19.0587,81407719
2019-04-03,19.1547,19.7447,19.1447,19.454,118749691
2019-04-04,17.4593,18.08,17.3727,17.852,355202372
2019-04-05,17.9907,18.4067,17.7407,18.3307,195341002
2019-04-08,18.5127,18.744,18.0293,18.2133,155468922
2019-04-09,18.11,18.3333,17.974,18.154,88398661
2019-04-10,18.4493,18.5587,18.1928,18.404,105675457
2019-04-11,17.8867,18.0333,17.7067,17.8947,146719337
2019-04-12,18.0147,18.13,17.7887,17.8467,101030739
2019-04-15,17.9087,17.9253,17.242,17.7587,150487275
2019-04-16,17.7167,18.3333,17.648,18.224,108997506
2019-04-17,18.3167,18.3193,17.9023,18.082,76770127
2019-04-18,18.082,18.3227,17.9833,18.2173,87922126
2019-04-22,17.9333,17.9787,17.4987,17.5167,181525259
2019-04-23,17.3433,17.7067,17.05,17.5933,163640168
2019-04-24,17.59,17.688,17.2,17.244,144855843
2019-04-25,17,17.2667,16.4047,16.5087,327350536
2019-04-26,16.4333,16.4453,15.4087,15.676,332267234
2019-04-29,15.724,16.2653,15.478,16.098,250299175
2019-04-30,16.1373,16.2807,15.8,15.9127,141704404
2019-05-01,15.9233,16,15.4333,15.6007,160565170
2019-05-02,16.368,16.4753,15.848,16.2733,272389964
2019-05-03,16.2573,17.1073,16.2327,17.002,355601372
2019-05-06,16.668,17.2233,16.5667,17.0227,162509019
2019-05-07,17.12,17.1473,16.34,16.4707,151971074
2019-05-08,16.4627,16.7066,16.28,16.3227,92646554
2019-05-09,16.1333,16.2453,15.7962,16.132,100670680
2019-05-10,15.9833,16.1327,15.7347,15.968,105124987
2019-05-13,15.4673,15.498,14.9667,15.134,162521919
2019-05-14,15.2867,15.6333,15.2,15.4873,108786126
2019-05-15,15.288,15.496,15.0167,15.4633,109439585
2019-05-16,15.2993,15.4,15.1,15.222,112249039
2019-05-17,14.7973,14.816,13.928,14.0687,266799917
2019-05-20,13.52,13.7333,13.0167,13.6907,307892846
2019-05-21,13.184,13.8267,13.0693,13.672,270058365
2019-05-22,13.2733,13.596,12.7853,12.8487,280277710
2019-05-23,12.956,13.2977,12.4147,13.0327,398206901
2019-05-24,13.322,13.332,12.5834,12.7087,212048444
2019-05-28,12.7467,13,12.5233,12.58,154693423
2019-05-29,12.4733,12.826,12.336,12.6573,179529510
2019-05-30,12.5833,12.817,12.468,12.548,118897066
2019-05-31,12.34,12.6614,12.2733,12.344,156100872
2019-06-03,12.3673,12.4453,11.7995,11.9313,195966052
2019-06-04,12.0733,12.932,11.974,12.9067,207112696
2019-06-05,13.2453,13.4186,12.7899,13.106,202661299
2019-06-06,13.6293,14.0667,13.4533,13.73,303632098
2019-06-07,13.6667,14.0563,13.5666,13.6333,240052830
2019-06-10,14.0167,14.4627,13.934,14.192,158775521
2019-06-11,14.6096,14.7267,14.2333,14.4733,174803013
2019-06-12,14.8633,14.892,13.9333,13.9507,227962986
2019-06-13,14.0253,14.3267,13.834,14.2607,122523839
2019-06-14,14.0833,14.4433,14.0267,14.328,111500974
2019-06-17,14.3653,15.1333,14.2847,15.002,184751908
2019-06-18,15.248,15.6493,14.8373,14.9827,190736755
2019-06-19,15.0073,15.1847,14.7373,15.0953,98626976
2019-06-20,14.8667,15.1267,14.4233,14.6413,177951811
2019-06-21,14.4147,14.812,14.3667,14.7907,123031108
2019-06-24,14.8827,15.0573,14.7347,14.9093,86261522
2019-06-25,14.9593,15.0227,14.6327,14.6507,92731019
2019-06-26,14.6873,15.1487,14.54,14.618,127608056
2019-06-27,14.63,14.86,14.49,14.856,95095602
2019-06-28,14.7327,15.0113,14.72,14.8973,102770709
2019-07-01,15.3473,15.54,15.0853,15.1447,123569398
2019-07-02,15.2593,15.2767,14.8147,14.97,138885336
2019-07-03,15.9593,16.1047,15.634,15.66,213017143
2019-07-05,15.638,15.6967,15.3867,15.54,105986017
2019-07-08,15.416,15.4833,15.244,15.356,88208086
2019-07-09,15.2647,15.4,15.152,15.3373,92862479
2019-07-10,15.61,15.9293,15.5427,15.928,137185971
2019-07-11,15.876,16.1,15.72,15.9067,112716394
2019-07-12,15.9833,16.3587,15.9807,16.3387,138007746
2019-07-15,16.5333,16.9613,16.324,16.9,165001267
2019-07-16,16.62,16.902,16.5288,16.8253,122234774
2019-07-17,17.0447,17.2207,16.89,16.9907,146470832
2019-07-18,17.0033,17.05,16.7923,16.9027,71467209
2019-07-19,17.046,17.3307,16.9747,17.212,105726097
2019-07-22,17.25,17.477,16.9461,17.0453,102694044
2019-07-23,17.114,17.3653,16.9667,17.3447,75346777
2019-07-24,17.278,17.738,17.2107,17.6587,166092517
2019-07-25,15.5667,15.6333,15.0367,15.2547,336273582
2019-07-26,15.128,15.3507,14.8167,15.2027,150415425
2019-07-29,15.1393,15.7293,15.0688,15.718,139099895
2019-07-30,15.5267,16.224,15.4787,16.1507,121635149
2019-07-31,16.2,16.4453,15.7767,16.1073,137673051
2019-08-01,16.1767,16.3007,15.4513,15.59,123892678
2019-08-02,15.4233,15.7513,15.282,15.6227,92047169
2019-08-05,15.3067,15.4245,15.0517,15.2213,105424132
2019-08-06,15.4587,15.5,15.05,15.3833,83462958
2019-08-07,15.1,15.5713,15.0533,15.5613,71647464
2019-08-08,15.63,15.9867,15.51,15.8867,79115195
2019-08-09,15.7369,15.9307,15.5873,15.6673,58473631
2019-08-12,15.5327,15.718,15.25,15.2673,69959020
2019-08-13,15.254,15.7333,15.17,15.6667,73034933
2019-08-14,15.414,15.4333,14.446,14.6413,143438793
2019-08-15,14.724,14.7707,14.1033,14.376,123479218
2019-08-16,14.444,14.816,14.4013,14.6627,78110601
2019-08-19,14.9473,15.1887,14.78,15.122,79676180
2019-08-20,15.1747,15.2727,14.9693,15.0573,62557874
2019-08-21,14.8007,14.8813,14.5067,14.722,116996102
2019-08-22,14.8533,15.0267,14.548,14.81,98474411
2019-08-23,14.6647,14.7447,14.0667,14.0933,128395496
2019-08-26,14.24,14.3347,14.1027,14.3333,75816172
2019-08-27,14.3827,14.5867,14.1353,14.272,81310864
2019-08-28,14.246,14.4833,14.154,14.3727,48579351
2019-08-29,14.6,14.8933,14.5333,14.7807,77746521
2019-08-30,15.2767,15.496,14.9475,15.0407,139916555
2019-09-03,14.9387,15.2633,14.8773,15.0007,80408150
2019-09-04,15.126,15.2307,14.6137,14.712,86530397
2019-09-05,14.8333,15.32,14.7233,15.3053,111049774
2019-09-06,15.1467,15.3093,15.0113,15.1633,62840549
2019-09-09,15.3333,15.584,15.282,15.4527,72039999
2019-09-10,15.3867,15.7027,15.2627,15.7027,73255673
2019-09-11,15.8253,16.5449,15.7333,16.4733,150641625
2019-09-12,16.5133,16.9,16.2933,16.3913,128718086
2019-09-13,16.464,16.5633,16.3243,16.3467,79697135
2019-09-16,16.4,16.4953,16.078,16.1873,70921405
2019-09-17,16.1647,16.3733,16.0247,16.3193,59203605
2019-09-18,16.3333,16.5446,16.158,16.2327,63421513
2019-09-19,16.4,16.5293,16.3227,16.44,73246988
2019-09-20,16.4327,16.4631,15.8773,16.0413,97593911
2019-09-23,16,16.3453,15.948,16.082,65874417
2019-09-24,16.1013,16.1327,14.8407,14.8807,194116553
2019-09-25,14.9707,15.2653,14.5573,15.2467,141664219
2019-09-26,15.3773,16.2207,15.16,16.1707,181181759
2019-09-27,16.1467,16.5807,15.9153,16.142,166847617
2019-09-30,16.2,16.2653,15.7407,16.058,89192370
2019-10-01,16.1,16.3967,15.942,16.3127,92944304
2019-10-02,16.2193,16.31,15.962,16.2087,93848173
2019-10-03,15.4573,15.632,14.952,15.5353,227066286
2019-10-04,15.4407,15.652,15.2047,15.4287,120317640
2019-10-07,15.32,15.904,15.2367,15.848,121304294
2019-10-08,15.7247,16.2627,15.6333,16.0033,130535005
2019-10-09,16.088,16.4863,16.0433,16.302,104025443
2019-10-10,16.352,16.6187,16.1053,16.316,94701208
2019-10-11,16.4767,16.7387,16.454,16.526,127322321
2019-10-14,16.5267,17.2367,16.4753,17.1307,153402823
2019-10-15,17.18,17.3333,16.9413,17.1927,97191791
2019-10-16,17.1593,17.4733,17.128,17.3167,100564495
2019-10-17,17.5,17.652,17.3447,17.4647,71685609
2019-10-18,17.38,17.52,17.0067,17.13,86304947
2019-10-21,17.222,17.3,16.6787,16.9,76621477
2019-10-22,16.9547,17.222,16.7233,17.0387,69376390
2019-10-23,16.9667,17.076,16.7567,16.9787,168242616
2019-10-24,19.8913,20.3287,19.28,19.9787,447288226
2019-10-25,19.848,22,19.7407,21.8753,450091125
2019-10-28,21.836,22.7227,21.5067,21.8473,283054208
2019-10-29,21.3327,21.62,20.9833,21.0813,190263955
2019-10-30,20.8667,21.2527,20.6647,21.0007,144627078
2019-10-31,20.8733,21.2667,20.8667,20.9947,76004302
2019-11-01,21.088,21.0987,20.6533,20.8873,95758887
2019-11-04,20.9867,21.4627,20.6173,21.1647,131805534
2019-11-05,21.308,21.5673,21.0745,21.148,104151203
2019-11-06,21.2,21.7813,20.9667,21.772,119113920
2019-11-07,21.9427,22.7667,21.868,22.3693,217010141
2019-11-08,22.3,22.4973,22.1667,22.476,91113269
2019-11-11,22.93,23.2793,22.8,23.006,149905260
2019-11-12,23.1267,23.358,22.936,23.3287,110390690
2019-11-13,23.6667,23.7553,23.012,23.074,127017881
2019-11-14,23.074,23.5893,22.8607,23.29,97075496
2019-11-15,23.376,23.52,23.224,23.478,72188409
2019-11-18,23.5278,23.5433,23.0733,23.3327,66127542
2019-11-19,23.45,23.9993,23.1867,23.968,116041112
2019-11-20,24,24.08,23.3047,23.4813,101009424
2019-11-21,23.634,24.056,23.6003,23.6553,91650149
2019-11-22,22.6773,22.7333,22,22.2027,253059473
2019-11-25,22.9547,22.9713,22.2973,22.4227,185186457
2019-11-26,22.3513,22.3667,21.8067,21.928,119343525
2019-11-27,22.0747,22.262,21.9047,22.086,83451843
2019-11-29,22.074,22.084,21.8333,21.996,36984417
2019-12-02,21.96,22.4255,21.9125,22.3247,91229744
2019-12-03,22.1747,22.5273,22.1457,22.4133,99202090
2019-12-04,22.5167,22.524,22.19,22.202,83043783
2019-12-05,22.1887,22.2949,21.8167,22.0247,56054612
2019-12-06,22.3333,22.5907,22.318,22.3927,114283998
2019-12-09,22.4393,22.9633,22.3387,22.6353,135603187
2019-12-10,22.664,23.382,22.6207,23.256,132599199
2019-12-11,23.4584,23.8127,23.406,23.5133,103787378
2019-12-12,23.6613,24.1827,23.5487,23.9787,116643107
2019-12-13,24.07,24.3473,23.6427,23.8927,98614166
2019-12-16,24.17,25.574,24.1667,25.4333,273313963
2019-12-17,25.266,25.7,25.06,25.266,127556561
2019-12-18,25.3753,26.348,25.372,26.21,212045744
2019-12-19,26.488,27.1233,26.4333,26.936,271804514
2019-12-20,27.3527,27.5333,26.679,27.0393,221778039
2019-12-23,27.452,28.134,27.3333,27.948,199992200
2019-12-24,27.8907,28.3647,27.5125,28.35,120820740
2019-12-26,28.5273,28.8987,28.4233,28.7293,159724270
2019-12-27,29,29.0207,28.4073,28.692,149352330
2019-12-30,28.586,28.6,27.2839,27.6467,189018955
2019-12-31,27,28.086,26.8053,27.8887,154386823
2020-01-02,28.3,28.7131,28.114,28.684,143375718
2020-01-03,29.3667,30.2667,29.128,29.534,266920367
2020-01-06,29.3647,30.104,29.3333,30.1027,152362424
2020-01-07,30.76,31.442,30.2237,31.2707,273136963
2020-01-08,31.58,33.2327,31.2153,32.8093,467990616
2020-01-09,33.14,33.2533,31.5247,32.0893,426947637
2020-01-10,32.1193,32.3293,31.58,31.8767,194652353
2020-01-13,32.9,35.042,32.8,34.9907,399518050
2020-01-14,36.2837,36.494,34.9934,35.8614,435920482
2020-01-15,35.3174,35.856,34.4524,34.5667,260532320
2020-01-16,32.9167,34.2974,32.8113,34.2327,326049587
2020-01-17,33.8407,34.378,33.544,34.0334,204435948
2020-01-21,35.35,36.572,35.2274,36.48,267051916
2020-01-22,38.126,39.6334,37.2734,37.9707,470535215
2020-01-23,37.6167,38.8,37.0402,38.1467,294765453
2020-01-24,38.042,38.2574,36.9507,37.6547,215303892
2020-01-27,36.1327,37.6294,35.952,37.2014,204120948
2020-01-28,37.8994,38.454,37.2054,37.7934,176827262
2020-01-29,38.3794,39.32,37.8287,38.7327,273249913
2020-01-30,42.1614,43.392,41.2,42.7207,435084982
2020-01-31,42.6667,43.5334,42.168,43.3714,235788932
2020-02-03,44.9127,52.4094,44.9014,52,708502146
2020-02-04,58.864,64.5994,55.592,59.1374,914080943
2020-02-05,54.884,56.3987,46.9407,48.98,726357237
2020-02-06,46.6614,53.0554,45.8,49.9307,598210951
2020-02-07,48.7034,51.3167,48.6667,49.8714,255952672
2020-02-10,53.3334,54.666,50.16,51.4187,370337215
2020-02-11,51.2527,52.2338,50.5334,51.6254,175461962
2020-02-12,51.858,52.65,50.8914,51.1527,180336960
2020-02-13,49.456,54.5334,49,53.6,394340053
2020-02-14,52.4814,54.198,52.3667,53.3354,235405532
2020-02-18,56.1067,57.3334,55.4907,57.2267,250475425
2020-02-19,61.5667,62.9854,60.068,61.1614,381344209
2020-02-20,60.7967,60.8,57.3294,59.9607,264523218
2020-02-21,60.4654,60.8707,58.6967,60.0667,215091642
2020-02-24,55.9334,57.5667,54.8134,55.586,227882286
2020-02-25,56.6,57.1067,52.4667,53.3274,259357070
2020-02-26,52.1667,54.2207,51.7407,51.92,212307494
2020-02-27,48.6667,49.318,44.6,45.2667,364157218
2020-02-28,41.98,46.0347,40.768,44.5327,368462366
2020-03-02,47.4174,49.5794,45.778,49.5747,302924699
2020-03-03,53.6667,53.7987,47.7407,49.7007,386759807
2020-03-04,50.9307,51.1014,48.3157,49.9667,225734587
2020-03-05,48.2514,49.7167,47.8714,48.3027,162789819
2020-03-06,46.0003,47.1334,45.618,46.8987,189943705
2020-03-09,40.3594,44.1999,40.3334,40.5334,256105972
2020-03-10,43.962,44.5334,40.5334,43.022,233916483
2020-03-11,42.68,43.572,40.8667,42.282,201203749
2020-03-12,38.726,39.6334,36.4167,37.37,283635608
2020-03-13,39.6667,40.5047,33.4667,36.4414,339603580
2020-03-16,31.3,32.9913,29.478,29.6713,307341746
2020-03-17,29.334,31.4567,26.4,28.68,359918520
2020-03-18,25.9333,26.9907,23.3673,24.0813,356792222
2020-03-19,24.9798,30.1333,23.8973,28.5093,452931674
2020-03-20,29.2133,31.8,28.386,28.502,424282288
2020-03-23,28.9067,29.4667,27.3667,28.9527,246818127
2020-03-24,31.82,34.246,31.6,33.6667,343427378
2020-03-25,36.35,37.1334,34.074,35.95,318341091
2020-03-26,36.4927,37.3334,34.15,35.2107,261331069
2020-03-27,33.6667,35.0534,32.9353,34.2907,215661042
2020-03-30,34.0174,34.4432,32.7487,33.4754,179970960
2020-03-31,33.4167,36.1974,33.1333,34.9334,266572217
2020-04-01,33.6,34.2637,31.6733,32.104,200297600
2020-04-02,32.0687,32.9507,29.76,30.298,297876301
2020-04-03,33.9667,34.366,31.226,32.0007,338431031
2020-04-06,34.08,34.7334,33.1973,34.416,223527488
2020-04-07,36.3334,37.6667,35.4894,36.3634,268796566
2020-04-08,36.9467,37.1472,35.5554,36.5894,189840205
2020-04-09,37.4727,38.3455,37.1407,38.2,204749898
2020-04-13,39.344,43.4667,38.702,43.3967,337131131
2020-04-14,46.598,49.4587,46.162,47.326,458647421
2020-04-15,49.4667,50.2087,47.3334,48.6554,353654823
2020-04-16,47.796,50.63,47.1144,49.6807,309867745
2020-04-17,51.4854,51.6634,49.844,50.2594,196923352
2020-04-20,48.8467,51.038,47.4807,49.7574,221195439
2020-04-21,48.6747,50.222,44.9194,45.7814,303136198
2020-04-22,46.932,48.9334,45.914,48.8074,213372343
2020-04-23,48.5067,48.9334,46.8754,47.042,198550401
2020-04-24,47.3874,48.7154,46.5454,48.3434,198564051
2020-04-27,49.174,53.2994,49,53.25,310221445
2020-04-28,53.0427,53.6667,50.446,51.2747,228329286
2020-04-29,52.678,53.5467,52.2107,53.3674,243239578
2020-04-30,57.0127,57.988,50.9,52.1254,427077536
2020-05-01,50.3334,51.518,45.536,46.7547,487976906
2020-05-04,46.7334,50.8,46.5334,50.746,288556206
2020-05-05,52.6527,53.2614,50.812,51.214,254874773
2020-05-06,51.7667,52.6534,50.7407,52.172,166848367
2020-05-07,51.814,53.0934,51.49,52.0027,172915264
2020-05-08,52.918,54.9334,52.4674,54.628,241951229
2020-05-11,52.7007,54.9334,52.3334,54.086,247793876
2020-05-12,55.1334,56.2194,53.8667,53.9607,238603531
2020-05-13,54.722,55.0667,50.8867,52.7307,285982207
2020-05-14,52,53.5574,50.9334,53.5554,205232747
2020-05-15,52.69,53.6699,52.4368,53.278,157776371
2020-05-18,55.1854,55.648,53.592,54.242,175471412
2020-05-19,54.3447,54.8047,53.7387,53.8674,144547758
2020-05-20,54.7,55.0667,54.12,54.3707,109639010
2020-05-21,54.4,55.5,53.0667,55.1734,183818608
2020-05-22,54.8116,55.452,54.1334,54.4587,149812050
2020-05-26,55.6334,55.64,54.3804,54.5914,121345979
2020-05-27,54.724,55.1807,52.3334,54.682,173242863
2020-05-28,54.234,54.9834,53.446,53.7207,109136555
2020-05-29,53.9167,55.6667,53.614,55.6667,177187261
2020-06-01,57.2,59.9334,56.94,59.8734,226279387
2020-06-02,59.6467,60.5774,58.0667,58.7707,203483898
2020-06-03,59.208,59.8627,58.6734,58.864,119241975
2020-06-04,59.3254,59.7167,57.2294,57.6254,133315628
2020-06-05,58.5227,59.1014,57.7467,59.044,117178696
2020-06-08,61.2667,63.3334,60.6107,63.328,212620844
2020-06-09,62.6674,63.6294,61.5954,62.7114,170822165
2020-06-10,66.1254,68.4987,65.5,68.3367,278451011
2020-06-11,66.0134,67.9307,64.8,64.856,238747081
2020-06-12,65.3334,65.8654,60.84,62.352,251450424
2020-06-15,61.186,66.5894,60.5667,66.06,235457582
2020-06-16,67.4567,67.5254,64.1594,65.4754,210766095
2020-06-17,65.8474,67,65.5048,66.1194,148361926
2020-06-18,66.8667,67.9467,66.2981,66.9307,146278967
2020-06-19,67.5187,67.7314,66.0894,66.7267,130196170
2020-06-22,66.6634,67.2587,66.0014,66.288,95435202
2020-06-23,66.592,67.4667,66.2674,66.7854,95479017
2020-06-24,66.274,66.7257,63.5428,64.0567,164393768
2020-06-25,63.618,65.732,62.4767,65.732,138818166
2020-06-26,66.3187,66.3334,63.658,63.9827,132823554
2020-06-29,64.6007,67.3334,63.2347,67.29,135395992
2020-06-30,67.1,72.5127,66.9154,71.9874,253777373
2020-07-01,72.2,75.6887,72.0334,74.642,199903400
2020-07-02,81.432,81.8667,79.04,80.5774,258751671
2020-07-06,85.1127,91.8527,84.403,91.4387,308547746
2020-07-07,93.6674,95.3,89.114,92.6574,322344739
2020-07-08,93.6667,94.484,87.4227,91.0587,244669528
2020-07-09,93.1327,93.904,90.0854,92.952,175763912
2020-07-10,93.0667,103.2611,91.7341,102.9767,350063075
2020-07-13,110.6001,119.6661,98.0741,99.804,584780108
2020-07-14,103.7334,106.0001,95.4,101.1201,351271924
2020-07-15,102.8667,103.3334,97.1334,103.0674,245517327
2020-07-16,98.4774,102.1141,97.7334,100.0427,214511743
2020-07-17,100.8967,102.5007,99.3334,100.0561,139949510
2020-07-20,101.2674,110.0001,99.2,109.5334,256820422
2020-07-21,109.3287,111.6667,103.8667,104.5574,242359079
2020-07-22,106.6001,108.4281,104.1334,106.1554,212416094
2020-07-23,111.9301,112.6001,98.718,100.8714,364927318
2020-07-24,94.4007,97.6667,91.1027,94.4667,290949155
2020-07-27,95.6667,103.1961,94.2001,102.6401,240729930
2020-07-28,100.2667,104.3134,98.2947,98.4327,237130381
2020-07-29,100.0667,102.3207,99.1334,99.9407,141403324
2020-07-30,99.2,100.8827,98.0667,99.166,114315528
2020-07-31,101.0001,101.1367,94.732,95.384,183704308
2020-08-03,96.6134,100.6541,96.2923,99,132140124
2020-08-04,99.6674,101.8274,97.4667,99.1334,126224787
2020-08-05,99.5327,99.9893,97.8874,99.0014,74670188
2020-08-06,99.3887,101.1541,98.484,99.3054,89884650
2020-08-07,99.9692,99.9834,94.334,96.8474,133446233
2020-08-10,96.5334,97.1667,92.3894,94.5714,112833904
2020-08-11,93.0667,94.6667,91,91.626,129387445
2020-08-12,98,105.6667,95.6667,103.6507,328482286
2020-08-13,107.4001,110.0787,104.4841,108.0667,306379497
2020-08-14,110.9994,111.2534,108.4427,110.0474,188664056
2020-08-17,111.8001,123.0574,111.5221,122.3761,303634648
2020-08-18,126.5994,128.2601,123.0074,125.8061,247117226
2020-08-19,124.3334,127.4001,122.7474,125.2354,183079858
2020-08-20,124.0454,134.7994,123.8041,133.4554,309176845
2020-08-21,136.3174,139.6994,135.0034,136.6654,322343239
2020-08-24,141.7517,141.9334,128.5014,134.2801,300954150
2020-08-25,131.6594,135.1967,131.2001,134.8894,159883270
2020-08-26,137.3334,144.4001,136.9087,143.5447,213590593
2020-08-27,145.3641,153.0401,142.8334,149.2501,355395422
2020-08-28,153.0081,154.5661,145.7681,147.5601,301217549
2020-08-31,148.2033,166.7133,146.7033,166.1067,355123236
2020-09-01,167.38,167.4966,156.8367,158.35,270358287
2020-09-02,159.6633,159.68,135.0402,149.1233,288528419
2020-09-03,135.7433,143.9333,134,135.6667,262788296
2020-09-04,134.27,142.6667,124.0067,139.44,330965733
2020-09-08,118.6667,122.9133,109.96,110.07,346397135
2020-09-09,118.8667,123,113.8367,122.0933,238397334
2020-09-10,128.7367,132.9967,120.1867,123.78,254791855
2020-09-11,127.3133,127.5,120.1667,124.24,182152398
2020-09-14,126.9833,140,124.4333,139.8733,249061855
2020-09-15,145.52,153.98,143.5667,149.92,291894719
2020-09-16,146.6233,152.5967,145.1033,147.2533,217640302
2020-09-17,138.5333,145.93,136,141.1433,230337503
2020-09-18,149.3133,150.3333,142.9333,147.3833,259220486
2020-09-21,151.0433,151.8933,135.69,149.7967,328430433
2020-09-22,143.2,145.92,139.2,141.41,238742424
2020-09-23,135.0533,137.3833,125.2934,126.7867,285222569
2020-09-24,121.2667,133.1667,117.1,129.2633,289683209
2020-09-25,131.1567,136.2441,130.4333,135.78,201625400
2020-09-28,141.54,142.6933,138.5167,140.4,149158695
2020-09-29,138.6667,142.8333,137.2,139.69,151024215
2020-09-30,140.44,144.6433,140.1567,143.0033,144436724
2020-10-01,146.92,149.6267,144.8067,149.3867,152224365
2020-10-02,140.4633,146.3767,138.3333,138.3633,214290111
2020-10-05,141.1167,144.5467,139.7767,141.8933,134168383
2020-10-06,141.2633,142.9266,135.35,137.9933,147438795
2020-10-07,139.9567,143.3,137.9483,141.7667,129383143
2020-10-08,146.1467,146.3333,141.7667,141.9733,121263372
2020-10-09,143.3767,144.8633,142.1534,144.6667,86776989
2020-10-12,147.3333,149.58,146.1933,147.4333,116373402
2020-10-13,147.7833,149.63,145.5333,148.8833,103391020
2020-10-14,149.9267,155.3,149.1167,153.7667,144136184
2020-10-15,150.1033,152.19,147.5,149.6267,107017061
2020-10-16,151.48,151.9833,146.2833,146.5567,98327650
2020-10-19,148.7467,149,142.9567,143.61,108863531
2020-10-20,143.9167,143.9167,139.6834,140.6467,94968879
2020-10-21,140.9,144.3167,140.4167,140.88,97111390
2020-10-22,147.3067,148.41,141.5033,141.93,119979582
2020-10-23,140.6133,140.962,135.7934,140.21,101150950
2020-10-26,137.21,141.92,136.6667,140.0933,84717488
2020-10-27,141.2533,143.5,140.0333,141.56,68059537
2020-10-28,138.8267,139.5333,135.3333,135.34,76354238
2020-10-29,136.6533,139.3533,135.4867,136.9433,67965937
2020-10-30,135.6318,135.8638,126.37,129.3467,127762933
2020-11-02,131.3333,135.66,130.7667,133.5033,87063369
2020-11-03,136.5767,142.59,135.5633,141.3,103055170
2020-11-04,143.54,145.1333,139.0333,140.3267,96429190
2020-11-05,142.7667,146.6667,141.3334,146.03,85243569
2020-11-06,145.3667,145.5233,141.4267,143.3167,65118037
2020-11-09,146.5,150.8333,140.3333,140.42,104499100
2020-11-10,140.03,140.03,132.01,136.7867,90852669
2020-11-11,138.8167,139.565,136.86,139.0433,52073165
2020-11-12,138.35,141,136.5067,137.2533,59821506
2020-11-13,136.95,137.5106,133.8867,136.1667,59491056
2020-11-16,136.31,137.4833,134.6956,136.03,80515928
2020-11-17,153.39,154,144.3367,147.2033,183564858
2020-11-18,149.45,165.3333,147.8334,162.2133,234132083
2020-11-19,164,169.537,162.5233,166.4233,187426069
2020-11-20,165.9967,167.5,163.02,163.2033,98735770
2020-11-23,167.8333,175.3333,167.2633,173.95,150780915
2020-11-24,180.1333,186.6633,175.4,185.1266,160945486
2020-11-25,183.3533,191.3333,181.79,191.3333,146790495
2020-11-27,193.72,199.5933,192.8166,195.2533,112683251
2020-11-30,200.7366,202.6,184.8366,189.2,189009169
2020-12-01,199.1966,199.2833,190.6833,194.92,121148502
2020-12-02,185.48,190.5133,180.4033,189.6066,143326964
2020-12-03,196.6733,199.6566,194.1433,197.7933,127656013
2020-12-04,197.0033,199.68,195.1666,199.68,88203939
2020-12-07,201.6399,216.2618,201.0166,213.92,168929147
2020-12-08,208.5016,217.0933,206.1666,216.6266,192795109
2020-12-09,217.8966,218.1066,196,201.4933,213873591
2020-12-10,191.4566,209.25,188.78,209.0233,201249470
2020-12-11,205.0033,208,198.9333,203.33,139424924
2020-12-14,206.3333,214.2499,203.4,213.2766,156121966
2020-12-15,214.4266,215.6333,207.9333,211.0833,135670694
2020-12-16,209.41,210.8333,201.6666,207.59,126287443
2020-12-17,209.3966,219.6066,206.5,218.6333,168810437
2020-12-18,222.9666,231.6666,209.5133,231.6666,666378667
2020-12-21,222.08,222.8333,215.3566,216.62,174135797
2020-12-22,216,216.6266,204.7433,213.4466,155584936
2020-12-23,210.7333,217.1666,207.5233,215.3266,99518920
2020-12-24,214.33,222.03,213.6666,220.59,68596717
2020-12-28,224.8366,227.1333,220.2666,221.23,96835690
2020-12-29,220.3333,223.3,218.3333,221.9966,68732437
2020-12-30,224,232.2,222.7867,231.5933,128538073
2020-12-31,233.33,239.5733,230.3733,235.2233,148949805
2021-01-04,239.82,248.1633,239.0631,243.2566,145914585
2021-01-05,241.22,246.9466,239.7333,245.0366,96735520
2021-01-06,252.83,258,249.7,251.9933,134099923
2021-01-07,259.21,272.33,258.4,272.0133,154496865
2021-01-08,285.3333,294.83,279.4633,293.34,225166613
2021-01-11,283.1333,284.81,267.874,270.3966,178662468
2021-01-12,277,289.3333,275.78,283.1466,138812174
2021-01-13,284.2533,286.8233,277.3333,284.8033,99937510
2021-01-14,281.13,287.6666,279.5833,281.6666,93798999
2021-01-15,284,286.6333,273.0333,275.3866,116332812
2021-01-19,279.2666,283.3333,277.6666,281.5166,76100948
2021-01-20,286.2466,286.5,279.0933,283.4833,76997648
2021-01-21,285,285.2399,280.4733,281.6633,61794396
2021-01-22,278.1033,282.6666,276.2066,282.2133,60199506
2021-01-25,285,300.1333,279.6067,293.6,123520212
2021-01-26,297.1266,298.6333,290.5333,294.3633,69394807
2021-01-27,290.1166,297.1666,286.22,288.0533,82001888
2021-01-28,273.3333,282.6666,267,278.4766,79134158
2021-01-29,276.6666,280.8033,260.0333,264.51,104972260
2021-02-01,271.43,280.6666,265.1867,279.9366,76174178
2021-02-02,281.56,293.5,280.7335,290.93,73038637
2021-02-03,292.34,292.6933,284.3548,284.8966,55030536
2021-02-04,285,285.5,277.8066,283.33,47437985
2021-02-05,281.6666,288.2566,279.6566,284.0766,55699926
2021-02-08,289.89,292.59,284.9166,287.8066,60485166
2021-02-09,285.04,286.6,280.5833,283.1533,45472955
2021-02-10,281.2116,281.6066,266.6733,268.2733,108648281
2021-02-11,270.8133,276.6266,267.2416,270.5533,64868256
2021-02-12,267.0866,272.4433,261.7768,272.04,71304937
2021-02-16,272.6666,273.6666,264.1466,265.4066,59406966
2021-02-17,259.6966,266.6133,254.0033,266.05,78236708
2021-02-18,260.3,264.8966,258.7566,262.46,53871185
2021-02-19,265,265.5966,259.1233,260.4333,56874786
2021-02-22,254.2133,256.1666,236.7333,238.1666,111809171
2021-02-23,220.71,237.8699,206.3333,232.9466,199820660
2021-02-24,237.2833,248.3333,231.39,247.34,110300861
2021-02-25,242.05,245.7355,223.5266,227.4066,117071592
2021-02-26,233.3333,235.5666,219.8366,225.1666,123267522
2021-03-01,230.0366,290.6666,228.35,239.4766,81408728
2021-03-02,239.4266,240.37,228.3333,228.8133,71196487
2021-03-03,229.33,233.5666,217.235,217.7333,90623889
2021-03-04,218.6,291.3133,200,207.1466,197758610
2021-03-05,208.6866,209.2806,179.83,199.3166,268189407
2021-03-08,200.1833,206.7083,186.2633,187.6666,155360896
2021-03-09,202.7266,226.03,198.4033,224.5266,202570010
2021-03-10,233.4333,239.2833,218.3533,222.6866,181817028
2021-03-11,233.1333,234.1666,225.7266,233.2,108761681
2021-03-12,223.3333,231.6266,222.0464,231.2433,100751530
2021-03-15,231.3633,237.7266,228.0133,235.98,88270449
2021-03-16,234.45,235.9733,223.6666,225.6266,96587020
2021-03-17,218.9566,234.5766,217.0033,233.9366,121117362
2021-03-18,228.0966,229.7433,217.3333,217.72,100107070
2021-03-19,215.5333,219.0766,208.2067,218.29,128681953
2021-03-22,228.1966,233.2066,222.9166,223.3333,118536672
2021-03-23,225.2566,225.9333,219.17,220.72,91475619
2021-03-24,222.6366,222.6733,210.0366,210.09,101385520
2021-03-25,204.3333,215.1666,203.1666,213.4633,117674562
2021-03-26,213.9566,214.6066,199.9633,206.2366,101558500
2021-03-29,205.2133,205.4933,198.6733,203.7633,85910979
2021-03-30,200.5833,212.5533,197.0033,211.8733,118297092
2021-03-31,215.54,224,213.7033,222.6433,100011880
2021-04-01,229.4566,230.8067,219.8066,220.5833,105895151
2021-04-05,235.9033,236.0533,228.2333,230.35,125528323
2021-04-06,230.1,232.1833,227.1233,230.54,84815528
2021-04-07,229,230.46,222.6133,223.6566,78928298
2021-04-08,225.7933,229.8499,223.8816,227.9333,71772997
2021-04-09,225.9233,226.99,223.1433,225.6733,64311276
2021-04-12,228.5666,234.9333,227.3633,233.9933,87407019
2021-04-13,237.5666,254.3333,236.8866,254.1066,133958443
2021-04-14,256.9,260.2633,242.6766,244.0766,147052305
2021-04-15,247.7,247.8966,240.4366,246.2833,83546708
2021-04-16,242.8833,249.8033,241.5333,246.5933,83938598
2021-04-19,239.8666,241.8,230.6,238.21,119058702
2021-04-20,239.14,245.75,236.895,239.6633,106827131
2021-04-21,234.9233,248.28,232.6666,248.04,93646539
2021-04-22,247.1666,251.2566,239.3466,239.8966,106770791
2021-04-23,239.9333,245.7866,238.4866,243.1333,85241679
2021-04-26,247,249.7666,244.2017,246.0666,93115509
2021-04-27,239.32,241.3333,234.45,234.9133,88311009
2021-04-28,232.1366,236.1666,231.2,231.4666,66813157
2021-04-29,233.17,234.0833,222.8334,225.6666,86536359
2021-04-30,222.53,238.49,222.0466,236.48,122276172
2021-05-03,234.6,235.3333,226.8333,228.3,81129428
2021-05-04,226.3133,227.8154,219.2336,224.5333,89217969
2021-05-05,227.02,228.4318,222.4466,223.6466,65705677
2021-05-06,226.92,227.0066,216.6666,221.18,83353868
2021-05-07,221.9333,230,220.0733,224.1233,70407517
2021-05-10,221.6333,221.6833,209.2033,209.68,94177269
2021-05-11,199.7466,209.0333,198.5333,205.7333,139511714
2021-05-12,200.83,206.8033,195.5883,196.63,101470960
2021-05-13,200.515,202.1533,186.55,190.5633,132554773
2021-05-14,194.47,197.6233,190.1533,196.58,100112590
2021-05-17,191.851,196.5766,187.0666,192.2766,96743410
2021-05-18,189.3333,198.75,187.7933,192.6233,110491721
2021-05-19,184.1833,188.7366,182.3266,187.82,118735212
2021-05-20,191.6666,196.2833,190.3566,195.5933,92463369
2021-05-21,198.7033,198.8933,193.3333,193.6266,78091808
2021-05-24,193.8666,204.8266,191.2166,202.1466,103674280
2021-05-25,202.4366,204.6633,198.57,201.5633,84017798
2021-05-26,202.52,208.7233,200.5,206.3766,85917939
2021-05-27,206.7466,210.3766,205.4033,210.2833,79111778
2021-05-28,209.5,211.8633,207.46,208.4066,68211127
2021-06-01,209.2666,211.2666,206.85,207.9666,54254675
2021-06-02,206.71,207.7866,199.7133,201.7066,69908347
2021-06-03,200.6,201.5166,190.4066,190.9466,90335679
2021-06-04,193.2366,200.2033,192.4,199.6833,72110707
2021-06-07,197.275,203.3333,194.2933,201.71,67631047
2021-06-08,207.67,207.6966,198.5,201.1966,78160238
2021-06-09,200.7233,203.93,199.21,199.5933,49753715
2021-06-10,201.2933,205.53,200.1666,203.3733,71758837
2021-06-11,203.41,204.1866,200.5066,203.2966,48615905
2021-06-14,204.0766,208.4966,203.06,205.8966,61271946
2021-06-15,205.5633,205.5966,199.41,199.7866,53292455
2021-06-16,199.1783,202.8333,197.8333,201.6233,66432397
2021-06-17,200.6293,207.1566,200.4466,205.5333,68104057
2021-06-18,204.4566,209.45,203.9333,207.77,73682737
2021-06-21,208.16,210.4633,202.96,206.9433,74438227
2021-06-22,206.0833,209.5231,205.1666,207.9033,57476676
2021-06-23,210.6666,219.068,210.0133,218.8566,93297699
2021-06-24,224.9966,232.54,222.5366,226.6066,137947184
2021-06-25,229.86,231.27,222.9,223.9566,97490140
2021-06-28,223.88,231.5666,223.44,229.5733,64884486
2021-06-29,228.2166,229.1699,225.2966,226.92,52143935
2021-06-30,226.59,230.9366,226.0466,226.5666,56774586
2021-07-01,227.9733,229.33,224.2666,225.9733,55903566
2021-07-02,226.3266,233.3333,224.42,226.3,81292118
2021-07-06,227.2371,228,217.1334,219.86,69853357
2021-07-07,221.4233,221.9,212.7733,214.8833,56375886
2021-07-08,209.4566,218.1433,206.82,217.6033,68319967
2021-07-09,217.7283,219.6366,214.8966,218.9833,54421655
2021-07-12,220.7333,229.08,220.7203,228.5666,77781128
2021-07-13,228.7733,231.0933,222.0986,222.8466,62898276
2021-07-14,223.5833,226.2033,217.6133,217.7933,64923576
2021-07-15,219.4633,222.0466,212.6266,216.8666,60628716
2021-07-16,218.2266,218.8999,214.0666,214.74,49112915
2021-07-19,209.9633,215.7333,207.0966,215.4066,63891276
2021-07-20,217.33,220.7972,213.5003,220.1666,46461395
2021-07-21,219.87,221.6199,216.7633,218.43,41860024
2021-07-22,218.8142,220.7233,214.8667,216.42,45317195
2021-07-23,215.4533,216.2666,212.4333,214.46,43814824
2021-07-26,216.99,222.7333,215.7033,219.2066,76009688
2021-07-27,221.1333,222.1666,209.08,214.9266,98439880
2021-07-28,215.665,218.3233,213.1333,215.66,48019805
2021-07-29,216.5966,227.8966,216.2666,225.7833,91183929
2021-07-30,223.9193,232.51,223,229.0666,88969239
2021-08-02,233.3333,242.3133,232.8,236.5566,100847320
2021-08-03,239.6666,240.8833,233.67,236.58,64860756
2021-08-04,237,241.6333,236.31,236.9733,51007955
2021-08-05,238.6666,240.3166,237.1366,238.21,38758924
2021-08-06,237.3,238.7766,232.5433,233.0333,46869155
2021-08-09,236.7233,239.6766,235.0433,237.92,44146054
2021-08-10,237.9966,238.8633,233.96,236.6633,40296934
2021-08-11,237.57,238.3933,234.7366,235.94,29401677
2021-08-12,235.4466,240.9333,233.1333,240.75,53045075
2021-08-13,241.2366,243.3,238.1133,239.0566,50194415
2021-08-16,235.0233,236.5,225.4666,228.7233,69309907
2021-08-17,224.22,224.86,216.28,221.9033,71163847
2021-08-18,223.2493,231.9233,223.1166,229.6633,61048146
2021-08-19,226.07,228.85,222.53,224.49,42940474
2021-08-20,227.6166,230.7099,224.5666,226.7533,44525614
2021-08-23,228.4806,237.3766,226.9168,235.4333,60794586
2021-08-24,236.8933,238.4066,234.2133,236.1633,39249214
2021-08-25,235.6766,238.99,234.6666,237.0666,37936684
2021-08-26,236.1033,238.4666,232.54,233.72,39642874
2021-08-27,235,238.3333,234.0333,237.3066,41501284
2021-08-30,238.2383,243.6666,237.5766,243.6366,55812666
2021-08-31,244.3333,246.7966,242.1466,245.24,62566326
2021-09-01,244.6933,247.33,243.7567,244.6966,39613024
2021-09-02,244.8333,246.99,243.5133,244.13,38390224
2021-09-03,244.083,244.6666,241.4,244.5233,45813155
2021-09-07,246.6666,253.4,246.42,250.9733,60119496
2021-09-08,253.86,254.8166,246.9244,251.29,56379126
2021-09-09,251.1366,254.0333,250.5433,251.62,42233194
2021-09-10,253.2,254.2033,244.84,245.4233,45552515
2021-09-13,246.738,248.26,236.2833,247.6666,68857447
2021-09-14,247.5233,251.49,245.4666,248.1633,55574646
2021-09-15,248.3333,252.2866,246.12,251.9433,46073075
2021-09-16,250.9433,252.97,249.2033,252.33,41770174
2021-09-17,252.3833,253.68,250,253.1633,84612548
2021-09-20,244.8525,247.3333,239.5416,243.39,74272957
2021-09-21,244.93,248.2466,243.48,246.46,48992165
2021-09-22,247.8421,251.2233,246.3733,250.6466,45378815
2021-09-23,251.6666,252.7333,249.3066,251.2133,35842594
2021-09-24,248.63,258.2666,248.1866,258.13,64119066
2021-09-27,257.7066,266.3333,256.4366,263.7866,84211988
2021-09-28,262.4,265.2133,255.3933,259.1866,76144268
2021-09-29,259.9333,264.5,256.8933,260.4366,62828646
2021-09-30,260.3333,263.0435,258.3333,258.4933,53867885
2021-10-01,259.4666,260.26,254.53,258.4066,51094235
2021-10-04,265.5,268.9899,258.7066,260.51,91450029
2021-10-05,261.5986,265.77,258.0666,260.1966,55297896
2021-10-06,258.7333,262.22,257.74,260.9166,43898314
2021-10-07,261.82,268.3333,261.1266,264.5366,57587346
2021-10-08,265.4033,265.46,260.3033,261.83,50215805
2021-10-11,262.55,267.08,261.8333,263.98,42600964
2021-10-12,266.9766,270.7733,265.5233,268.5733,66060127
2021-10-13,270.1566,271.8033,268.5933,270.36,42360244
2021-10-14,271.83,273.4166,271.1167,272.7733,36741514
2021-10-15,274.5793,281.07,274.1166,281.01,56773716
2021-10-18,283.93,291.7533,283.8233,290.0366,72621727
2021-10-19,292.51,292.65,287.5033,288.09,52143395
2021-10-20,288.45,289.83,285.7933,288.6,42096154
2021-10-21,285.3333,300,285.1682,298,94444359
2021-10-22,298.5,303.3333,296.9866,303.2266,68642527
2021-10-25,316.8433,348.34,314.7333,341.62,188556319
2021-10-26,341.5633,364.98,333.8133,339.4766,187244929
2021-10-27,346.5533,356.96,343.5933,345.9533,115579392
2021-10-28,356.1016,360.3333,351.4,359.0133,81639518
2021-10-29,360.62,371.7366,357.735,371.3333,89755269
2021-11-01,381.6666,403.25,372.8866,402.8633,168146177
2021-11-02,386.4516,402.8633,382,390.6666,128213413
2021-11-03,392.4433,405.13,384.2066,404.62,103885570
2021-11-04,411.47,414.4966,405.6666,409.97,76192238
2021-11-05,409.3333,413.29,402.6666,407.3633,64886436
2021-11-08,383.2616,399,377.6666,387.6466,100337170
2021-11-09,391.2,391.5,337.1733,341.1666,177317538
2021-11-10,336.8033,359.3666,329.1033,355.9833,128408173
2021-11-11,367.59,368.3233,351.56,354.5033,67189717
2021-11-12,349.1666,351.5,339.7333,344.4733,76719458
2021-11-15,339.21,343.9933,326.2,337.7966,104326960
2021-11-16,334.4366,352.3999,334.06,351.5766,79627088
2021-11-17,354.5033,373.2133,351.8333,363.0033,94336119
2021-11-18,368.85,370.6666,358.34,365.46,62696796
2021-11-19,366.29,379.5733,364.2333,379.02,64926786
2021-11-22,387.4433,400.65,377.4766,385.6233,99217540
2021-11-23,389.17,393.4999,354.2333,369.6766,108515111
2021-11-24,360.13,377.59,354,372,67680727
2021-11-26,366.49,369.5942,360.3333,360.64,35042674
2021-11-29,366.9966,380.89,366.73,378.9966,58393416
2021-11-30,381.4566,389.3333,372.6666,381.5866,81276128
2021-12-01,386.8983,390.9466,363.5866,365,68804107
2021-12-02,366.3533,371,352.2166,361.5333,73114867
2021-12-03,361.5966,363.5251,333.4033,338.3233,92322009
2021-12-06,333.8366,340.5466,316.8333,336.3366,81663128
2021-12-07,348.0666,352.5579,342.27,350.5833,56084586
2021-12-08,350.9033,357.46,344.3333,356.32,41906374
2021-12-09,353.5466,354.1633,334.12,334.6,59438496
2021-12-10,336.25,340.3265,327.51,339.01,59664366
2021-12-13,333.6966,335,317.14,322.1366,78595508
2021-12-14,315,322.1366,310,319.5033,70806277
2021-12-15,317.7366,326.2499,309.4167,325.33,75169238
2021-12-16,331.5,331.66,307.2833,308.9733,82771448
2021-12-17,304.9233,320.2199,303.0133,310.8566,100880260
2021-12-20,303.5666,307.2294,297.7966,299.98,56480016
2021-12-21,305.6233,313.1666,295.3733,312.8433,71517937
2021-12-22,321.8866,338.5533,319.0166,336.29,93634089
2021-12-23,335.6,357.6589,332.52,355.6666,92713299
2021-12-27,357.89,372.3333,356.905,364.6466,71145817
2021-12-28,369.83,372.9999,359.4733,362.8233,60323916
2021-12-29,366.2133,368,354.7133,362.0633,56154066
2021-12-30,353.7766,365.1833,351.05,356.78,47040935
2021-12-31,357.8148,360.6666,351.53,352.26,40733644
2022-01-03,382.5833,400.3566,378.68,399.9266,104686060
2022-01-04,396.5166,402.6666,374.35,383.1966,100248280
2022-01-05,382.2166,390.1133,360.3367,362.7066,80119808
2022-01-06,359,362.6666,340.1666,354.9,90336489
2022-01-07,360.1233,360.3099,336.6666,342.32,84164768
2022-01-10,333.3333,353.0333,326.6666,352.7066,91814889
2022-01-11,351.2233,358.6166,346.2733,354.8,66063217
2022-01-12,359.6166,371.6133,357.53,368.74,83739038
2022-01-13,369.6883,371.8666,342.1797,343.8533,97209790
2022-01-14,339.96,350.6666,337.7929,349.87,72924427
2022-01-18,342.2016,356.9299,338.6866,343.5033,66989407
2022-01-19,347.235,351.5566,331.6666,331.8833,75442508
2022-01-20,336.5766,347.22,331.3333,332.09,70488757
2022-01-21,332.1133,334.85,313.5,314.6333,103416040
2022-01-24,301.5866,311.171,283.8233,310,152375145
2022-01-25,304.7333,317.0866,301.07,306.1333,86595909
2022-01-26,317.4766,329.23,302,312.47,104867290
2022-01-27,311.12,311.7966,276.3333,276.3666,147109575
2022-01-28,277.1866,285.8333,264.0033,282.1166,134788963
2022-01-31,290.9033,312.6633,287.35,312.24,104436100
2022-02-01,311.7366,314.5666,301.6666,310.4166,73138357
2022-02-02,309.3933,310.5,296.47,301.8866,66793057
2022-02-03,294,312.3333,293.5066,297.0466,78855578
2022-02-04,299.0733,312.1666,293.7233,307.7733,73625467
2022-02-07,307.93,315.9233,300.9029,302.4466,60994476
2022-02-08,301.8433,308.7633,298.2666,307.3333,50729015
2022-02-09,311.6666,315.4233,306.6666,310.6666,52259555
2022-02-10,302.79,314.6033,298.9,301.5166,66126847
2022-02-11,303.21,305.32,283.5666,286.6666,79645868
2022-02-14,287.19,299.6266,284.3833,291.92,67756417
2022-02-15,300,307.6666,297.7924,307.4766,57649536
2022-02-16,304.6833,308.8099,300.4033,307.7966,51294395
2022-02-17,304.42,306.1666,291.3666,292.1166,55178436
2022-02-18,295.3333,295.6233,279.2033,285.66,68501857
2022-02-22,278.0433,285.5779,267.0333,273.8433,83288198
2022-02-23,276.81,278.4332,253.52,254.68,95257030
2022-02-24,233.4633,267.4933,233.3333,266.9233,135322304
2022-02-25,269.7433,273.1666,260.8001,269.9566,76067768
2022-02-28,271.67,292.2866,271.5691,290.1433,99006880
2022-03-01,289.8933,296.6266,284.5933,288.1233,74766877
2022-03-02,290.71,295.4933,281.424,293.2966,74643457
2022-03-03,292.9233,295.4796,277.5333,279.7633,61623516
2022-03-04,283.0333,285.2166,275.0536,279.43,67179877
2022-03-07,285.4333,288.7133,268.19,268.1933,72494167
2022-03-08,265.1766,283.33,260.7233,274.8,80399108
2022-03-09,279.8266,286.8533,277.3366,286.3233,59183976
2022-03-10,283.8166,284.8166,270.12,279.4333,58648656
2022-03-11,280.0656,281.2673,264.59,265.1166,67037167
2022-03-14,260.2033,266.9,252.0133,255.4566,71152267
2022-03-15,258.4233,268.5233,252.19,267.2966,66841147
2022-03-16,269.6666,280.6666,267.42,280.0766,84028838
2022-03-17,276.9966,291.6666,275.2392,290.5333,66582967
2022-03-18,291.4966,302.6166,289.13,301.7966,100414210
2022-03-21,304.9933,314.2833,302.3633,307.0533,81981668
2022-03-22,310,332.62,307.25,331.3266,105868571
2022-03-23,326.6466,346.9,325.4666,333.0366,120676152
2022-03-24,336.5766,341.4966,329.6,337.9733,68920897
2022-03-25,336,340.5999,332.44,336.88,62031546
2022-03-28,355.0333,365.9599,351.2,363.9466,102506080
2022-03-29,369.33,371.59,357.7033,366.5233,73614817
2022-03-30,363.7233,371.3166,361.3333,364.6633,59865006
2022-03-31,364.8566,367.7133,358.8803,359.2,48992765
2022-04-01,360.3833,364.9166,355.5466,361.53,54263225
2022-04-04,363.1266,383.3033,357.51,381.8166,82177718
2022-04-05,378.7666,384.29,362.4333,363.7533,80075018
2022-04-06,357.8233,359.6666,342.5666,348.5866,89348559
2022-04-07,350.7966,358.8633,340.5133,352.42,79447058
2022-04-08,347.7366,349.48,340.8116,341.83,55013706
2022-04-11,326.8,336.156,324.88,325.31,59357226
2022-04-12,332.5466,340.3973,325.5333,328.9833,65976097
2022-04-13,327.025,342.08,324.3656,340.79,55121226
2022-04-14,333.0966,337.5699,327.3966,328.3333,58422426
2022-04-18,329.6766,338.3066,324.47,334.7633,51715235
2022-04-19,335.02,344.98,331.775,342.7166,49847825
2022-04-20,343.3333,344.6666,325.0833,325.7333,70711327
2022-04-21,358.2433,364.0733,332.1383,336.26,105416351
2022-04-22,338.3033,344.95,331.3333,335.0166,69696577
2022-04-25,326.3233,336.2066,325.1,332.6733,68341357
2022-04-26,331.81,333.3333,291.6666,292.14,136133684
2022-04-27,299.5266,306,292.4533,293.8366,76956398
2022-04-28,299.9933,300,273.9,292.5033,124948542
2022-04-29,300.75,311.4666,290,290.2533,88133019
2022-05-02,286.9233,302.1199,282.6766,300.98,75781388
2022-05-03,301.06,308.0266,296.1966,303.0833,63709596
2022-05-04,301.3133,318.5,295.0933,317.54,81643718
2022-05-05,313.07,315.2,285.9,291.0933,92519199
2022-05-06,295.6666,296,281.035,288.55,72903127
2022-05-09,278.8166,281.8766,260.3833,262.37,90810219
2022-05-10,273.1033,275.12,258.0833,266.68,84401648
2022-05-11,265,269.9233,242.4,244.6666,97224460
2022-05-12,233.6666,253.22,226.6666,242.6666,140312864
2022-05-13,257.8266,262.4499,250.5216,256.53,92150739
2022-05-16,255.72,256.5866,239.6961,241.4566,86098539
2022-05-17,249.12,254.8266,242.95,253.87,80236118
2022-05-18,248.1733,253.5,233.6033,236.6033,87811809
2022-05-19,235.6666,244.6666,231.37,236.4733,90296679
2022-05-20,237.9966,240.5273,211,221.3,144973334
2022-05-23,218.34,226.6517,212.6866,224.9666,88903659
2022-05-24,217.8433,217.9733,206.8566,209.3866,89092539
2022-05-25,207.95,223.1066,207.67,219.6,92139339
2022-05-26,220.4733,239.5566,217.8866,235.91,106003361
2022-05-27,241.0833,253.2666,240.177,253.21,89294979
2022-05-31,257.9466,259.6,244.7433,252.7533,101914390
2022-06-01,251.72,257.3266,243.64,246.79,77247968
2022-06-02,244.1566,264.21,242.0666,258.3333,93473139
2022-06-03,243.225,247.7966,233.4178,234.5166,112393751
2022-06-06,244.3533,244.8666,234.35,238.28,84204518
2022-06-07,234,239.9966,230.0933,238.8866,72808597
2022-06-08,240.0866,249.9633,239.1766,241.8666,76210628
2022-06-09,249.34,255.5466,239.3266,239.7066,96491320
2022-06-10,235.1566,239.5,227.9133,232.23,98090920
2022-06-13,223.1666,226.6333,214.6833,215.7366,102767260
2022-06-14,218.2866,226.33,211.7366,220.89,97988800
2022-06-15,220.9166,235.6633,218.15,233,119131962
2022-06-16,222.7366,225.1666,208.6933,213.1,107390711
2022-06-17,213.4333,220.9694,213.1966,216.76,92641779
2022-06-21,224.6033,243.5773,224.3333,237.0366,122792982
2022-06-22,234.5033,246.8333,233.8266,236.0866,101527270
2022-06-23,237.905,239.3166,228.6366,235.07,104202700
2022-06-24,237.4683,246.0666,236.0866,245.7066,95770720
2022-06-27,249.3666,252.07,242.5655,244.92,89178309
2022-06-28,244.4833,249.97,232.3433,232.6633,90666519
2022-06-29,230.5,231.1733,222.2733,228.49,82897268
2022-06-30,224.51,229.4566,218.8633,224.4733,94600449
2022-07-01,227,230.23,222.12,227.2633,74460457
2022-07-05,223,233.1466,216.1667,233.0666,84779108
2022-07-06,230.78,234.5633,227.1866,231.7333,71853637
2022-07-07,233.92,245.3616,232.21,244.5433,81930698
2022-07-08,242.3333,254.9799,241.1614,250.7633,101854090
2022-07-11,252.1033,253.0633,233.6266,234.3433,99509230
2022-07-12,236.8466,239.7733,228.3683,233.07,87930969
2022-07-13,225.5,242.0599,225.0333,237.04,97954510
2022-07-14,234.8966,238.6533,229.3333,238.3133,78557498
2022-07-15,240,243.6233,236.89,240.0666,69683017
2022-07-18,244.9366,250.5166,239.6033,240.5466,82537448
2022-07-19,245,247.14,236.9766,245.53,80890118
2022-07-20,246.7833,250.6633,243.483,247.5,88864089
2022-07-21,255.1066,273.2666,254.8666,271.7066,142032194
2022-07-22,276.22,280.7866,270.7133,272.2433,103472860
2022-07-25,272.2166,274.1466,267.4,268.4333,64073526
2022-07-26,266.5133,267.3099,256.2633,258.86,66820777
2022-07-27,263.81,275.9256,261.79,274.82,88110009
2022-07-28,280.0666,283.3,272.8,280.9,84723008
2022-07-29,280.7,298.32,279.1,297.15,95312890
2022-08-01,301.275,311.8782,295,297.2766,117042912
2022-08-02,294.0033,307.8333,292.6666,300.5866,95577490
2022-08-03,305,309.55,301.15,307.3966,80091128
2022-08-04,311,313.6066,305,308.6333,72256327
2022-08-05,302.67,304.6066,285.5446,288.17,113172911
2022-08-08,295,305.2,289.0854,290.4233,99365290
2022-08-09,290.2933,292.3966,279.3533,283.3333,86244699
2022-08-10,297.0666,297.51,283.37,294.3566,94918869
2022-08-11,296.5133,298.2366,285.8333,286.63,70155067
2022-08-12,289.415,300.16,285.0333,300.03,79657298
2022-08-15,301.7866,313.1333,301.23,309.32,89359179
2022-08-16,311.6666,314.6666,302.8833,306.5633,88136319
2022-08-17,303.3966,309.6566,300.0333,303.9966,68765977
2022-08-18,306,306.5,301.8533,302.87,47500535
2022-08-19,299,300.36,292.5,296.6666,61395396
2022-08-22,291.9133,292.4,286.2966,289.9133,55843356
2022-08-23,291.4533,298.8266,287.9233,296.4533,63985056
2022-08-24,297.5633,303.6466,296.5,297.0966,57259716
2022-08-25,302.36,302.96,291.6,296.07,53230010
2022-08-26,297.43,302,287.47,288.09,57163950
2022-08-29,282.83,287.74,280.7,284.82,41864740
2022-08-30,287.865,288.48,272.65,277.7,50541760
2022-08-31,280.62,281.25,271.81,275.61,52107340
2022-09-01,272.575,277.58,266.15,277.16,54287020
2022-09-02,281.065,282.35,269.08,270.21,50890090
2022-09-06,272.675,275.99,265.74,274.42,55859980
2022-09-07,273.1,283.84,272.27,283.7,50028920
2022-09-08,281.3,289.5,279.76,289.26,53713120
2022-09-09,291.67,299.85,291.245,299.68,54470850
2022-09-12,300.72,305.49,300.4,304.42,48674600
2022-09-13,292.9,297.3999,290.4,292.13,68229620
2022-09-14,292.24,306,291.64,302.61,72628650
2022-09-15,301.825,309.12,300.7247,303.75,64795520
2022-09-16,299.605,303.71,295.6005,303.35,87087790
2022-09-19,300.09,309.84,297.8,309.07,60231160
2022-09-20,306.91,313.33,305.58,308.73,61642780
2022-09-21,308.29,313.8,300.63,300.8,62555660
2022-09-22,299.86,301.29,285.82,288.59,70545410
2022-09-23,283.09,284.5,272.82,275.33,63748360
2022-09-26,271.83,284.09,270.31,276.01,58076910
2022-09-27,283.84,288.67,277.51,282.94,61925190
2022-09-28,283.08,289,277.57,287.81,54664810
2022-09-29,282.76,283.65,265.78,268.21,77620640
2022-09-30,266.145,275.57,262.47,265.25,67726600
2022-10-03,254.5,255.16,241.01,242.4,98363540
2022-10-04,250.52,257.5,242.01,249.44,109578500
2022-10-05,245.01,246.6697,233.27,240.81,86982670
2022-10-06,239.44,244.58,235.35,238.13,69298440
2022-10-07,233.935,234.5715,222.02,223.07,83916800
2022-10-10,223.93,226.99,218.3582,222.96,67925020
2022-10-11,220.945,225.75,215,216.5,77013200
2022-10-12,215.33,219.2999,211.51,217.24,66860700
2022-10-13,208.3,222.99,206.22,221.72,91483050
2022-10-14,224.01,226.26,204.16,204.99,94124510
2022-10-17,210.04,221.86,209.45,219.35,79428810
2022-10-18,229.5,229.82,217.25,220.19,75891910
2022-10-19,219.8,222.93,217.78,222.04,66571480
2022-10-20,208.28,215.55,202,207.28,117798100
2022-10-21,206.415,214.66,203.8,214.44,75713750
2022-10-24,205.82,213.5,198.5863,211.25,100446800
2022-10-25,210.1,224.3498,210,222.415,96507870
2022-10-26,219.4,230.6,218.2,224.64,85327080
2022-10-27,229.77,233.81,222.85,225.09,61638820
2022-10-28,225.4,228.86,216.35,228.52,69152390
2022-10-31,226.19,229.85,221.94,227.54,61554340
2022-11-01,234.05,237.3951,227.28,227.82,62688820
2022-11-02,226.04,227.8699,214.82,214.98,63070290
2022-11-03,211.36,221.2,210.14,215.31,56538850
2022-11-04,222.6,223.8,203.08,207.47,98622210
2022-11-07,208.65,208.9,196.66,197.08,93916520
2022-11-08,194.02,195.2,186.75,191.3,128803400
2022-11-09,190.775,195.89,177.12,177.59,127062700
2022-11-10,189.9,191,180.03,190.72,132703000
2022-11-11,186,196.52,182.59,195.97,114403600
2022-11-14,192.77,195.73,186.34,190.95,92226650
2022-11-15,195.88,200.8237,192.06,194.42,91293790
2022-11-16,191.51,192.57,185.66,186.92,66567600
2022-11-17,183.96,186.16,180.9,183.17,64335970
2022-11-18,185.05,185.19,176.55,180.19,76048870
2022-11-21,175.85,176.77,167.54,167.87,92882710
2022-11-22,168.63,170.92,166.185,169.91,78452330
2022-11-23,173.57,183.62,172.5,183.2,109536700
2022-11-25,185.06,185.2,180.63,182.86,50672740
2022-11-28,179.96,188.5,179,182.92,93038150
2022-11-29,184.99,186.38,178.75,180.83,83357110
2022-11-30,182.43,194.76,180.6301,194.7,109186400
2022-12-01,197.08,198.92,191.8,194.7,80046210
2022-12-02,191.78,196.25,191.11,194.86,73645920
2022-12-05,189.44,191.27,180.55,182.45,93122670
2022-12-06,181.215,183.65,175.33,179.82,92150820
2022-12-07,175.03,179.38,172.218,174.04,84213280
2022-12-08,172.2,175.2,169.06,173.44,97624490
2022-12-09,173.84,182.5,173.36,179.05,104872300
2022-12-12,176.1,177.37,167.52,167.82,109794500
2022-12-13,174.87,175.05,156.91,160.95,175862700
2022-12-14,159.25,161.62,155.31,156.8,140682300
2022-12-15,153.44,160.9299,153.28,157.67,122334500
2022-12-16,159.635,160.99,150.04,150.23,139032200
2022-12-19,154,155.25,145.82,149.87,139390600
2022-12-20,146.05,148.47,137.66,137.8,159563300
2022-12-21,139.335,141.26,135.89,137.57,145417400
2022-12-22,136,136.63,122.26,125.35,210090300
2022-12-23,126.37,128.6173,121.02,123.15,166989700
2022-12-27,117.495,119.67,108.76,109.1,208643400
2022-12-28,110.35,116.27,108.24,112.71,221070500
2022-12-29,120.385,123.57,117.495,121.82,221923300
2022-12-30,119.95,124.48,119.75,123.18,157777300
2023-01-03,118.47,118.8,104.64,108.1,231402800
2023-01-04,109.11,114.59,107.52,113.64,180389000
2023-01-05,110.51,111.75,107.1601,110.34,157986300
2023-01-06,103,114.39,101.81,113.06,220911100
2023-01-09,118.96,123.52,117.11,119.77,190284000
2023-01-10,121.07,122.76,114.92,118.85,167642500
2023-01-11,122.09,125.95,120.51,123.22,183810800
2023-01-12,122.56,124.1311,117,123.56,169400900
2023-01-13,116.55,122.63,115.6,122.4,180714100
2023-01-17,125.695,131.7,125.02,131.49,186477000
2023-01-18,136.555,136.68,127.01,128.78,195680300
2023-01-19,127.26,129.99,124.3082,127.17,170291900
2023-01-20,128.68,133.51,127.3466,133.42,138858100
2023-01-23,135.87,145.3793,134.27,143.75,203119200
2023-01-24,143,146.5,141.1,143.89,158699100
2023-01-25,141.905,146.41,138.07,144.43,192734300
2023-01-26,159.965,161.42,154.76,160.27,234815100
2023-01-27,162.43,180.68,161.17,177.9,306590600
2023-01-30,178.05,179.77,166.5,166.66,230878800
2023-01-31,164.57,174.3,162.78,173.22,196813500
2023-02-01,173.89,183.805,169.93,181.41,213806300
2023-02-02,187.325,196.7501,182.61,188.27,217448300
2023-02-03,183.95,199,183.69,189.98,232662000
2023-02-06,193.01,198.17,189.92,194.76,186188100
2023-02-07,196.43,197.5,189.55,196.81,186010300
2023-02-08,196.1,203,194.31,201.29,180673600
2023-02-09,207.775,214,204.77,207.32,215431400
2023-02-10,202.225,206.2,192.89,196.89,204754100
2023-02-13,194.415,196.3,187.61,194.64,172475500
2023-02-14,191.94,209.82,189.44,209.25,216455700
2023-02-15,211.755,214.66,206.11,214.24,182108600
2023-02-16,210.78,217.65,201.84,202.04,229586500
2023-02-17,199.985,208.44,197.5,208.31,213738500
2023-02-21,204.99,209.71,197.22,197.37,180018600
2023-02-22,197.93,201.99,191.78,200.86,191828500
2023-02-23,203.91,205.14,196.33,202.07,146360000
2023-02-24,196.325,197.6695,192.8,196.88,142228100
2023-02-27,202.03,209.42,201.26,207.63,161028300
2023-02-28,210.59,211.23,203.75,205.71,153144900
2023-03-01,206.21,207.2,198.52,202.77,156852800
2023-03-02,186.74,193.7499,186.01,190.9,181979200
2023-03-03,194.795,200.48,192.88,197.79,154193300
2023-03-06,198.54,198.6,192.3,193.81,128100100
2023-03-07,191.38,194.2,186.1,187.71,148125800
2023-03-08,185.04,186.5,180,182,151897800
2023-03-09,180.25,185.18,172.5124,172.92,170023800
2023-03-10,175.13,178.29,168.44,173.44,191488900
2023-03-13,167.455,177.35,163.91,174.48,167790300
2023-03-14,177.31,183.8,177.1401,183.26,143717900
2023-03-15,180.8,182.34,176.03,180.45,145995600
2023-03-16,180.365,185.81,178.84,184.13,121374500
2023-03-17,184.515,186.2199,177.33,180.13,133197100
2023-03-20,178.08,186.44,176.35,183.25,129684400
2023-03-21,188.28,198,188.04,197.58,153391400
2023-03-22,199.3,200.66,190.95,191.15,150376400
2023-03-23,195.26,199.31,188.65,192.22,144193900
2023-03-24,191.65,192.36,187.15,190.41,116531600
2023-03-27,194.415,197.39,189.94,191.81,120851600
2023-03-28,192,192.35,185.43,189.19,98654640
2023-03-29,193.13,195.29,189.44,193.88,123660000
2023-03-30,195.58,197.33,194.42,195.28,110252200
2023-03-31,197.53,207.79,197.2,207.46,170222100
2023-04-03,199.91,202.6897,192.2,194.77,169545900
2023-04-04,197.32,198.7446,190.32,192.58,126463800
2023-04-05,190.515,190.68,183.76,185.52,133882500
2023-04-06,183.08,186.39,179.74,185.06,123857900
2023-04-10,179.94,185.1,176.11,184.51,142154600
2023-04-11,186.69,189.19,185.6475,186.79,115770900
2023-04-12,190.74,191.5846,180.31,180.54,150256300
2023-04-13,182.955,186.5,180.94,185.9,112933000
2023-04-14,183.95,186.28,182.01,185,96438660
2023-04-17,186.32,189.69,182.69,187.04,116662200
2023-04-18,187.15,187.69,183.5775,184.31,92067020
2023-04-19,179.1,183.5,177.65,180.59,125732700
2023-04-20,166.165,169.7,160.56,162.99,210970800
2023-04-21,164.8,166,161.3208,165.08,123539000
2023-04-24,164.65,165.65,158.61,162.55,140006600
2023-04-25,159.82,163.47,158.75,160.67,121999300
2023-04-26,160.29,160.67,153.14,153.75,153364100
2023-04-27,152.64,160.48,152.37,160.19,127015200
2023-04-28,160.9,165,157.32,164.31,122515800
2023-05-01,163.17,163.28,158.83,161.83,109015000
2023-05-02,161.88,165.49,158.93,160.31,128259700
2023-05-03,160.01,165,159.91,160.61,119728000
2023-05-04,162.71,162.95,159.65,161.2,95108490
2023-05-05,163.97,170.7899,163.51,170.06,107607300
2023-05-08,173.72,173.8,169.19,171.79,112249400
2023-05-09,168.95,169.82,166.56,169.15,88965040
2023-05-10,172.55,174.43,166.68,168.54,119840700
2023-05-11,168.7,173.57,166.79,172.08,103889900
2023-05-12,176.07,177.38,167.23,167.98,157849600
2023-05-15,167.655,169.76,164.5499,166.35,105592500
2023-05-16,165.65,169.5184,164.35,166.52,98288790
2023-05-17,168.41,174.5,167.185,173.86,125473600
2023-05-18,174.22,177.06,172.45,176.89,109520300
2023-05-19,177.17,181.95,176.31,180.14,136196700
2023-05-22,180.7,189.32,180.11,188.87,132001400
2023-05-23,186.2,192.96,185.26,185.77,156952100
2023-05-24,182.23,184.22,178.22,182.9,137605100
2023-05-25,186.54,186.78,180.58,184.47,96870720
2023-05-26,184.62,198.6,184.53,193.17,162061500
2023-05-30,200.1,204.48,197.53,201.16,128818700
2023-05-31,199.78,203.95,195.12,203.93,150711700
2023-06-01,202.59,209.8,199.37,207.52,148029900
2023-06-02,210.15,217.25,209.752,213.97,164398400
2023-06-05,217.8,221.29,214.52,217.61,151143100
2023-06-06,216.14,221.91,212.53,221.31,146911600
2023-06-07,228,230.8296,223.2,224.57,185710800
2023-06-08,224.22,235.23,223.01,234.86,164489700
2023-06-09,249.07,252.42,242.02,244.4,200242400
2023-06-12,247.94,250.97,244.59,249.83,150740500
2023-06-13,253.51,259.68,251.34,258.71,162384300
2023-06-14,260.17,261.57,250.5,256.79,170575500
2023-06-15,248.4,258.95,247.29,255.9,160171200
2023-06-16,258.92,263.6,257.2091,260.54,167915600
2023-06-20,261.5,274.75,261.12,274.45,165611200
2023-06-21,275.13,276.99,257.78,259.46,211797100
2023-06-22,250.77,265,248.25,264.61,166875900
2023-06-23,259.29,262.45,252.8,256.6,177460800
2023-06-26,250.065,258.37,240.7,241.05,179990600
2023-06-27,243.24,250.3899,240.85,250.21,164968200
2023-06-28,249.7,259.88,248.89,256.24,159770800
2023-06-29,258.03,260.74,253.61,257.5,131283400
2023-06-30,260.6,264.45,259.89,261.77,112620800
2023-07-03,276.49,284.25,275.11,279.82,118999000
2023-07-05,278.82,283.85,277.6,282.48,131530900
2023-07-06,278.09,279.97,272.88,276.54,120707400
2023-07-07,278.43,280.78,273.77,274.43,113879200
2023-07-10,276.47,277.52,265.1,269.61,119425400
2023-07-11,268.65,270.9,266.37,269.79,91972360
2023-07-12,276.325,276.52,271.46,271.99,95672140
2023-07-13,274.59,279.45,270.6,277.9,112681500
2023-07-14,277.01,285.3,276.31,281.38,120062400
2023-07-17,286.625,292.23,283.57,290.38,131569600
2023-07-18,290.15,295.26,286.01,293.34,112434700
2023-07-19,296.04,299.29,289.5201,291.26,142355400
2023-07-20,279.56,280.93,261.2,262.9,175158300
2023-07-21,268,268,255.8,260.02,161796100
2023-07-24,255.85,269.85,254.12,269.06,137005000
2023-07-25,272.38,272.9,265,265.28,112757300
2023-07-26,263.25,268.04,261.75,264.35,95856180
2023-07-27,268.31,269.13,255.3,255.71,103697300
2023-07-28,259.86,267.25,258.2312,266.44,111446000
2023-07-31,267.48,269.08,263.78,267.43,84582170
2023-08-01,266.26,266.47,260.25,261.07,83645720
2023-08-02,255.57,259.52,250.49,254.11,101752900
2023-08-03,252.04,260.49,252,259.32,97829550
2023-08-04,260.97,264.77,253.11,253.86,99539910
2023-08-07,251.45,253.6511,242.76,251.45,111097900
2023-08-08,247.45,250.92,245.01,249.7,96642180
2023-08-09,250.87,251.1,241.9,242.19,101596300
2023-08-10,245.4,251.8,243,245.34,109498600
2023-08-11,241.77,243.79,238.02,242.65,99038640
2023-08-14,235.7,240.66,233.75,239.76,98595330
2023-08-15,238.73,240.5,232.61,232.96,88197600
2023-08-16,228.02,233.97,225.38,225.6,112484500
2023-08-17,226.06,226.74,218.83,219.22,120718400
2023-08-18,214.12,217.58,212.36,215.49,136276600
2023-08-21,221.5512,232.1343,220.58,231.28,135702700
2023-08-22,240.25,240.82,229.55,233.19,130597900
2023-08-23,229.34,238.98,229.29,236.86,101077600
2023-08-24,238.66,238.92,228.1801,230.04,99777430
2023-08-25,231.31,239,230.35,238.59,106612200
2023-08-28,242.58,244.38,235.35,238.82,107673700
2023-08-29,238.58,257.48,237.77,257.18,134047600
2023-08-30,254.2,260.51,250.59,256.9,121988400
2023-08-31,255.98,261.18,255.05,258.08,108861700
2023-09-01,257.26,259.0794,242.01,245.01,132541600
2023-09-05,245,258,244.86,256.49,129469600
2023-09-06,255.135,255.39,245.06,251.92,116959800
2023-09-07,245.07,252.81,243.265,251.49,115312900
2023-09-08,251.22,256.52,246.67,248.5,118559600
2023-09-11,264.27,274.85,260.61,273.58,174667900
2023-09-12,270.76,278.39,266.6,267.48,135999900
2023-09-13,270.07,274.98,268.1,271.3,111673700
2023-09-14,271.32,276.7094,270.42,276.04,107709800
2023-09-15,277.55,278.98,271,274.39,133692300
2023-09-18,271.16,271.44,263.7601,265.28,101543300
2023-09-19,264.35,267.85,261.2,266.5,103704000
2023-09-20,267.04,273.93,262.4606,262.59,122514600
2023-09-21,257.85,260.86,254.21,255.7,119951500
2023-09-22,257.4,257.7888,244.48,244.88,127524100
2023-09-25,243.38,247.1,238.31,246.99,104636600
2023-09-26,242.98,249.55,241.6601,244.12,101993600
2023-09-27,244.262,245.33,234.58,240.5,136597200
2023-09-28,240.02,247.55,238.65,246.38,117058900
2023-09-29,250,254.77,246.35,250.22,128522700
2023-10-02,244.81,254.2799,242.62,251.6,123810400
2023-10-03,248.61,250.02,244.45,246.53,101985300
2023-10-04,248.14,261.86,247.6,261.16,129721600
2023-10-05,260,263.6,256.25,260.05,119159200
2023-10-06,253.98,261.65,250.65,260.53,118121800
2023-10-09,255.31,261.36,252.05,259.67,101377900
2023-10-10,257.75,268.94,257.65,263.62,122656000
2023-10-11,266.2,268.6,260.9,262.99,103706300
2023-10-12,262.92,265.41,256.6307,258.87,111508100
2023-10-13,258.9,259.6,250.22,251.12,102296800
2023-10-16,250.05,255.3999,248.48,253.92,88917180
2023-10-17,250.1,257.183,247.08,254.85,93562910
2023-10-18,252.7,254.63,242.08,242.68,125147800
2023-10-19,225.95,230.61,216.78,220.11,170772700
2023-10-20,217.01,218.8606,210.42,211.99,138010100
2023-10-23,210,216.98,202.51,212.08,150683400
2023-10-24,216.5,222.05,214.11,216.52,118231100
2023-10-25,215.88,220.1,212.2,212.42,107065100
2023-10-26,211.32,214.8,204.88,205.76,115112600
2023-10-27,210.6,212.41,205.77,207.3,94881170
2023-10-30,209.28,210.88,194.67,197.36,136448200
2023-10-31,196.12,202.8,194.07,200.84,118068300
2023-11-01,204.04,205.99,197.85,205.66,121661700
2023-11-02,212.97,219.2,211.45,218.51,125987600
2023-11-03,221.15,226.3701,218.4,219.96,119534800
2023-11-06,223.98,226.32,215,219.27,117335800
2023-11-07,219.98,223.12,215.72,222.18,116900100
2023-11-08,223.15,224.15,217.64,222.11,106584800
2023-11-09,219.75,220.8,206.68,209.98,142110500
2023-11-10,210.03,215.38,205.69,214.65,131310100
2023-11-13,215.6,225.4,211.6101,223.71,140447600
2023-11-14,235.03,238.135,230.72,237.41,149771600
2023-11-15,239.29,246.7,236.45,242.84,150354000
2023-11-16,239.49,240.88,230.96,233.59,136816800
2023-11-17,232,237.39,226.54,234.3,142766200
2023-11-20,234.04,237.1,231.02,235.6,116562400
2023-11-21,235.04,243.62,233.34,241.2,122288000
2023-11-22,242.04,244.01,231.4,234.21,118117100
2023-11-24,233.75,238.75,232.33,235.45,65125200
2023-11-27,236.89,238.33,232.1,236.08,112031800
2023-11-28,236.68,247,234.01,246.72,148549900
2023-11-29,249.21,252.75,242.76,244.14,135401300
2023-11-30,245.14,245.22,236.91,240.08,132353200
2023-12-01,233.14,240.19,231.9,238.83,121331700
2023-12-04,235.75,239.3733,233.2902,235.58,104099800
2023-12-05,233.87,246.66,233.7,238.72,137971100
2023-12-06,242.92,246.57,239.1709,239.37,126436200
2023-12-07,241.55,244.08,236.98,242.64,107142300
2023-12-08,240.27,245.27,239.2701,243.84,103126800
2023-12-11,242.74,243.441,237.45,239.74,97913890
2023-12-12,238.55,238.99,233.87,237.01,95328310
2023-12-13,234.19,240.3,228.2,239.29,146286300
2023-12-14,241.22,253.88,240.79,251.05,160829200
2023-12-15,251.21,254.13,248.3,253.5,135932800
2023-12-18,253.78,258.74,251.36,252.08,116416500
2023-12-19,253.48,258.3399,253.01,257.22,106737400
2023-12-20,256.41,259.84,247,247.14,125097000
2023-12-21,251.9,254.7999,248.55,254.5,109594200
2023-12-22,256.76,258.22,251.37,252.54,93370090
2023-12-26,254.49,257.97,252.91,256.61,86892380
2023-12-27,258.35,263.34,257.52,261.44,106494400
2023-12-28,263.66,265.13,252.71,253.18,113619900
2023-12-29,255.1,255.19,247.43,248.48,100891600
2024-01-02,250.08,251.25,244.41,248.42,104654200
2024-01-03,244.98,245.68,236.32,238.45,121082600
2024-01-04,239.25,242.7,237.73,237.93,102629300
2024-01-05,236.86,240.1196,234.9001,237.49,92488940
2024-01-08,236.14,241.25,235.3,240.45,85166580
2024-01-09,238.11,238.9646,232.04,234.96,96705660
2024-01-10,235.1,235.5,231.29,233.94,91628500
2024-01-11,230.57,230.93,225.37,227.22,105873600
2024-01-12,220.08,225.34,217.1501,218.89,123043800
2024-01-16,215.1,223.49,212.18,219.91,115355000
2024-01-17,214.86,215.67,212.01,215.55,103164400
2024-01-18,216.88,217.45,208.74,211.88,108595400
2024-01-19,209.99,213.19,207.56,212.19,102260300
2024-01-22,212.26,217.8,206.27,208.8,117952500
2024-01-23,211.3,215.65,207.7516,209.14,106605900
2024-01-24,211.88,212.73,206.77,207.83,123369900
2024-01-25,189.7,193,180.06,182.63,198076800
2024-01-26,185.5,186.78,182.1,183.25,107343200
2024-01-29,185.63,191.48,183.67,190.93,125013100
2024-01-30,195.33,196.3593,190.61,191.59,109982300
2024-01-31,186.995,193.97,185.8459,187.29,103221400
2024-02-01,188.5,189.88,184.28,188.86,91843280
2024-02-02,185.04,188.69,182,187.91,110612700
2024-02-05,184.26,184.68,175.01,181.06,134294400
2024-02-06,177.21,186.49,177.11,185.1,122676000
2024-02-07,188.18,189.79,182.68,187.58,111535200
2024-02-08,189,191.6171,185.58,189.56,83034040
2024-02-09,190.18,194.12,189.48,193.57,84476350
2024-02-12,192.11,194.73,187.28,188.13,95498600
2024-02-13,183.99,187.26,182.1087,184.02,86759480
2024-02-14,185.3,188.89,183.35,188.71,81202990
2024-02-15,189.16,200.88,188.8595,200.45,120831800
2024-02-16,202.06,203.17,197.4,199.95,111346700
2024-02-20,196.13,198.6,189.13,193.76,104545800
2024-02-21,193.36,199.44,191.95,194.77,103844000
2024-02-22,194,198.32,191.36,197.41,92739460
2024-02-23,195.31,197.57,191.5,191.97,78841920
2024-02-26,192.29,201.78,192,199.4,111747100
2024-02-27,204.04,205.6,198.26,199.73,108645400
2024-02-28,200.42,205.3,198.44,202.04,99806170
2024-02-29,204.18,205.28,198.4463,201.88,85906970
2024-03-01,200.52,204.52,198.5,202.64,82243120
2024-03-04,198.73,199.75,186.72,188.14,134334900
2024-03-05,183.05,184.59,177.57,180.74,119660800
2024-03-06,179.99,181.576,173.7,176.54,107920900
2024-03-07,174.35,180.04,173.7,178.65,102129000
2024-03-08,181.5,182.73,174.7,175.34,85544640
2024-03-11,175.445,182.87,174.8,177.77,85391530
2024-03-12,177.77,179.43,172.4101,177.54,87391680
2024-03-13,173.05,176.05,169.15,169.48,106524500
2024-03-14,167.77,171.17,160.51,162.5,126325700
2024-03-15,163.16,165.1845,160.76,163.57,97146830
2024-03-18,170.02,174.72,165.9,173.8,108214400
2024-03-19,172.36,172.82,167.42,171.32,77271430
2024-03-20,173,176.25,170.82,175.66,83846730
2024-03-21,176.39,178.18,171.8,172.82,73178010
2024-03-22,166.69,171.2,166.3,170.83,75580640
2024-03-25,168.76,175.24,168.73,172.63,74228620
2024-03-26,178.58,184.25,177.38,177.67,113186200
2024-03-27,181.41,181.91,176,179.83,81804040
2024-03-28,177.45,179.57,175.3,175.79,77654840
2024-04-01,176.17,176.75,170.21,175.22,81562130
2024-04-02,164.75,167.69,163.43,166.63,116650600
2024-04-03,164.02,168.82,163.28,168.38,82950140
2024-04-04,170.07,177.19,168.01,171.11,123162000
2024-04-05,169.08,170.86,160.51,164.9,143157600
2024-04-08,169.34,174.5,167.79,172.98,104423300
2024-04-09,172.91,179.22,171.92,176.88,103232700
2024-04-10,173.04,174.93,170.01,171.76,84532410
2024-04-11,172.55,175.88,168.51,174.6,94515990
2024-04-12,172.34,173.8099,170.3644,171.05,64722670
2024-04-15,170.24,170.69,161.38,161.48,100245300
2024-04-16,156.742,158.19,153.75,157.11,96999960
2024-04-17,157.64,158.33,153.78,155.45,82439720
2024-04-18,151.25,152.2,148.7,149.93,96098830
2024-04-19,148.97,150.94,146.22,147.05,87074500
2024-04-22,140.56,144.44,138.8025,142.05,107097600
2024-04-23,143.33,147.26,141.11,144.68,124545100
2024-04-24,162.84,167.97,157.51,162.13,181178000
2024-04-25,158.96,170.88,158.36,170.18,126427500
2024-04-26,168.85,172.12,166.37,168.29,109815700
2024-04-29,188.42,198.87,184.54,194.05,243869700
2024-04-30,186.98,190.95,182.8401,183.28,127031800
2024-05-01,182,185.86,179.01,179.99,92829720
2024-05-02,182.86,184.6,176.02,180.01,89148040
2024-05-03,182.1,184.78,178.42,181.19,75491540
2024-05-06,183.8,187.56,182.2,184.76,84390250
2024-05-07,182.4,183.26,177.4,177.81,75045850
2024-05-08,171.59,176.06,170.15,174.72,79969490
2024-05-09,175.01,175.62,171.37,171.97,65950290
2024-05-10,173.05,173.0599,167.75,168.47,72627180
2024-05-13,170,175.4,169,171.89,67018900
2024-05-14,174.496,179.49,174.07,177.55,86407420
2024-05-15,179.9,180,173.11,173.99,79662990
2024-05-16,174.1,175.79,171.43,174.84,59812220
2024-05-17,173.55,179.63,172.75,177.46,77445850
2024-05-20,177.56,177.754,173.52,174.95,61727430
2024-05-21,175.51,186.875,174.71,186.6,115266500
2024-05-22,182.85,183.8,178.12,180.11,88313480
2024-05-23,181.8,181.9,173.26,173.74,71975500
2024-05-24,174.835,180.08,173.73,179.24,65584480
2024-05-28,176.4,178.25,173.16,176.75,59736620
2024-05-29,174.19,178.15,173.93,176.19,54782650
2024-05-30,178.575,182.67,175.38,178.79,77784760
2024-05-31,178.5,180.32,173.82,178.08,67314600
2024-06-03,178.13,182.6389,174.49,176.29,68568920
2024-06-04,174.775,177.755,174,174.77,60056340
2024-06-05,175.35,176.15,172.13,175,57953760
2024-06-06,174.6,179.73,172.73,177.94,69887020
2024-06-07,176.13,179.35,175.58,177.48,56244930
2024-06-10,176.06,178.57,173.17,173.79,50869680
2024-06-11,173.92,174.75,167.41,170.66,64761930
2024-06-12,171.12,180.55,169.8,177.29,90389450
2024-06-13,188.39,191.08,181.23,182.47,118984100
2024-06-14,185.8,186,176.92,178.01,82038190
2024-06-17,177.92,188.81,177,187.44,109786100
2024-06-18,186.56,187.2,182.37,184.86,68982270
2024-06-20,184.68,185.21,179.66,181.57,55893140
2024-06-21,182.3,183.95,180.69,183.01,63029480
2024-06-24,184.97,188.8,182.55,182.58,61992070
2024-06-25,184.4,187.97,182.01,187.35,63678270
2024-06-26,186.54,197.755,186.36,196.37,95737070
2024-06-27,195.17,198.72,194.05,197.42,72746520
2024-06-28,199.55,203.2,195.26,197.88,95438070
2024-07-01,201.02,213.23,200.85,209.86,135691400
2024-07-02,218.89,231.3,218.06,231.26,205047900
2024-07-03,234.56,248.35,234.25,246.39,166561500
2024-07-05,249.81,252.37,242.4601,251.52,154501200
2024-07-08,247.71,259.439,244.57,252.94,157219600
2024-07-09,251,265.61,250.3,262.33,160742500
2024-07-10,262.8,267.59,257.86,263.26,128519400
2024-07-11,263.3,271,239.65,241.03,221707300
2024-07-12,235.8,251.84,233.0912,248.23,155955800
2024-07-15,255.97,265.6,251.73,252.64,146912900
2024-07-16,255.31,258.62,245.8001,256.56,126332500
2024-07-17,252.73,258.47,246.182,248.5,115584800
2024-07-18,251.09,257.14,247.2,249.23,110869000
2024-07-19,247.79,249.44,236.83,239.2,87403900
2024-07-22,244.21,253.21,243.75,251.51,101225400
2024-07-23,253.6,255.7594,245.63,246.38,111928200
2024-07-24,225.42,225.99,214.71,215.99,167942900
2024-07-25,216.8,226,216.231,220.25,100636500
2024-07-26,221.19,222.2799,215.33,219.8,94604150
2024-07-29,224.9,234.27,224.7,232.1,129201800
2024-07-30,232.25,232.41,220,222.62,100560300
2024-07-31,227.9,234.68,226.7875,232.07,67497010
2024-08-01,227.69,231.867,214.3328,216.86,83861900
2024-08-02,214.88,216.13,205.78,207.67,82880120
2024-08-05,185.22,203.8799,182,198.88,100308800
2024-08-06,200.75,202.9,192.67,200.64,73783940
2024-08-07,200.77,203.49,191.48,191.76,71159780
2024-08-08,195.7,200.7,192.04,198.84,65033870
2024-08-09,197.05,200.88,195.11,200,58648270
2024-08-12,199.02,199.26,194.67,197.49,64044900
2024-08-13,198.47,208.49,197.06,207.83,76247390
2024-08-14,207.39,208.44,198.75,201.38,70250010
2024-08-15,205.02,215.88,204.82,214.14,89848530
2024-08-16,211.15,219.8,210.8,216.12,88765120
2024-08-19,217.07,222.98,214.09,222.72,76435220
2024-08-20,224.88,228.22,219.56,221.1,74001180
2024-08-21,222.67,224.6594,218.86,223.27,70145960
2024-08-22,223.82,224.8,210.32,210.66,79514480
2024-08-23,214.455,221.48,214.21,220.32,81525210
2024-08-26,218.75,219.09,211.01,213.21,59301190
2024-08-27,213.25,215.66,206.94,209.21,62821390
2024-08-28,209.72,211.84,202.59,205.75,64116350
2024-08-29,209.8,214.89,205.97,206.28,62308820
2024-08-30,208.63,214.5701,207.03,214.11,63370610
2024-09-03,215.26,219.9043,209.64,210.6,76714220
2024-09-04,210.59,222.22,210.57,219.41,80651770
2024-09-05,223.49,235,222.25,230.17,119355000
2024-09-06,232.6,233.6,210.51,210.73,112177000
2024-09-09,216.2,219.87,213.67,216.27,67443520
2024-09-10,220.07,226.4,218.6377,226.17,78891140
2024-09-11,224.55,228.47,216.8003,228.13,83548630
2024-09-12,224.66,231.45,223.83,229.81,72020040
2024-09-13,228,232.67,226.32,230.29,59515110
2024-09-16,229.3,229.96,223.53,226.78,54323000
2024-09-17,229.45,234.57,226.5533,227.87,66761640
2024-09-18,230.09,235.68,226.88,227.2,78010200
2024-09-19,234,244.24,232.13,243.92,102694600
2024-09-20,241.52,243.99,235.92,238.25,99879070
2024-09-23,242.61,250,241.92,250,86927190
2024-09-24,254.08,257.19,249.0501,254.27,88491000
2024-09-25,252.54,257.05,252.28,257.02,65034320
2024-09-26,260.6,261.75,251.53,254.22,67142190
2024-09-27,257.375,260.6999,254.12,260.46,70988070
2024-09-30,259.04,264.86,255.77,261.63,80873380
2024-10-01,262.67,263.98,248.53,258.02,87397610
2024-10-02,247.55,251.1585,241.5,249.02,93983930
2024-10-03,244.48,249.79,237.81,240.66,80729240
2024-10-04,246.69,250.96,244.58,250.08,86726290
2024-10-07,249,249.83,240.7,240.83,68113270
2024-10-08,243.56,246.21,240.56,244.5,56303160
2024-10-09,243.82,247.43,239.51,241.05,66289530
2024-10-10,241.81,242.7899,232.34,238.77,83087060
2024-10-11,220.13,223.34,214.38,217.8,142628900
2024-10-14,220.13,221.91,213.74,219.16,86291920
2024-10-15,220.01,224.26,217.12,219.57,62988790
2024-10-16,221.4,222.8199,218.93,221.33,49632820
2024-10-17,221.59,222.08,217.9,220.89,50791780
2024-10-18,220.71,222.28,219.23,220.7,49611870
2024-10-21,218.9,220.48,215.726,218.85,47328990
2024-10-22,217.31,218.22,215.26,217.97,43268740
2024-10-23,217.125,218.72,212.11,213.65,80938890
2024-10-24,244.68,262.1199,242.65,260.48,204491900
2024-10-25,256.01,269.49,255.32,269.19,161611900
2024-10-28,270,273.536,262.24,262.51,107653600
2024-10-29,264.51,264.98,255.51,259.52,80521750
2024-10-30,258.035,263.35,255.8201,257.55,53993580
2024-10-31,257.99,259.75,249.25,249.85,66575290
2024-11-01,252.043,254,246.63,248.98,57544760
2024-11-04,244.56,248.9,238.88,242.84,68802350
2024-11-05,247.34,255.2799,246.2101,251.44,69282510
2024-11-06,284.67,289.59,275.62,288.53,165228700
2024-11-07,288.89,299.75,285.52,296.91,117309200
2024-11-08,299.14,328.71,297.66,321.22,204782800
2024-11-11,346.3,358.64,336,350,210521600
2024-11-12,342.74,345.84,323.31,328.49,155726000
2024-11-13,335.85,344.5999,322.5,330.24,125405600
2024-11-14,327.69,329.98,310.37,311.18,120726100
2024-11-15,310.57,324.6799,309.22,320.72,114440300
2024-11-18,340.73,348.5499,330.01,338.74,126547500
2024-11-19,335.76,347.3799,332.75,346,88852450
2024-11-20,345,346.5999,334.3,342.03,66340650
2024-11-21,343.81,347.9899,335.28,339.64,58011720
2024-11-22,341.085,361.53,337.7,352.56,89140720
2024-11-25,360.14,361.93,338.2,338.59,95890900
2024-11-26,341,346.96,335.66,338.23,62295860
2024-11-27,341.8,342.55,326.59,332.89,57896440
2024-11-29,336.08,345.45,334.6501,345.16,37167620
2024-12-02,352.38,360,351.1501,357.09,77986480
2024-12-03,351.8,355.69,348.2,351.42,58267200
2024-12-04,353,358.1,348.6,357.93,50810870
2024-12-05,359.87,375.43,359.5,369.49,81403570
2024-12-06,377.42,389.49,370.8,389.22,81455830
2024-12-09,397.61,404.8,378.01,389.79,96359170
2024-12-10,392.68,409.73,390.85,400.99,97563580
2024-12-11,409.7,424.88,402.38,424.77,104287600
2024-12-12,424.84,429.3,415,418.1,87752230
2024-12-13,420,436.3,415.71,436.23,89000160
2024-12-16,441.09,463.19,436.15,463.02,114083800
2024-12-17,475.9,483.99,457.5101,479.86,131223000
2024-12-18,466.495,488.5399,427.01,440.13,149340800
2024-12-19,451.88,456.36,420.02,436.17,118566100
2024-12-20,425.505,447.08,417.64,421.06,132216200
2024-12-23,431,434.51,415.4112,430.6,72698060
2024-12-24,435.9,462.78,435.14,462.28,59551750
2024-12-26,465.16,465.3299,451.02,454.13,76651210
2024-12-27,449.52,450,426.5,431.66,82666820
2024-12-30,419.4,427,415.75,417.41,64941010
2024-12-31,423.79,427.93,402.54,403.84,76825120
2025-01-02,390.1,392.7299,373.04,379.28,109710700
2025-01-03,381.48,411.8799,379.45,410.44,95423330
2025-01-06,423.2,426.43,401.7,411.05,85516530
2025-01-07,405.83,414.33,390,394.36,75699530
2025-01-08,392.95,402.4999,387.4,394.94,73038810
2025-01-10,391.4,399.28,377.29,394.74,62287330
2025-01-13,383.21,403.79,380.07,403.31,67580490
2025-01-14,414.34,422.64,394.54,396.36,84565020
2025-01-15,409.9,429.8,405.661,428.22,81375460
2025-01-16,423.49,424,409.13,413.82,68335150
2025-01-17,421.5,439.74,419.75,426.5,94991430
2025-01-21,432.64,433.2,406.31,424.07,87320890
2025-01-22,416.81,428,414.59,415.11,60963340
2025-01-23,416.06,420.73,408.95,412.38,50690590
2025-01-24,414.45,418.88,405.78,406.58,56427150
2025-01-27,394.8,406.69,389,397.15,58125510
2025-01-28,396.91,400.59,386.5,398.09,48910680
2025-01-29,395.21,398.5899,384.48,389.1,68033650
2025-01-30,410.78,412.5,384.41,400.28,98092880
2025-01-31,401.53,419.99,401.34,404.6,83568220
2025-02-03,386.68,389.17,374.36,383.68,93732120
2025-02-04,382.63,394,381.4,392.21,57072240
2025-02-05,387.51,388.39,375.53,378.17,57614720
2025-02-06,373.03,375.4,363.18,374.32,77918230
2025-02-07,370.19,380.5459,360.34,361.62,70298260
2025-02-10,356.21,362.7,350.51,350.73,77514900
2025-02-11,345.8,349.37,325.1,328.5,118543400
2025-02-12,329.94,346.4,329.12,336.51,105382700
2025-02-13,345,358.69,342.85,355.94,89441520
2025-02-14,360.62,362,347.5,355.84,68277280
2025-02-18,355.01,359.1,350.02,354.11,51631700
2025-02-19,354,367.34,353.67,360.56,67094370
2025-02-20,361.51,362.3,348,354.4,45965350
2025-02-21,353.44,354.98,334.42,337.8,74058650
2025-02-24,338.14,342.3973,324.7,330.53,76052320
2025-02-25,327.025,328.89,297.2512,302.8,134228800
2025-02-26,303.715,309,288.04,290.8,100118300
2025-02-27,291.16,297.23,280.88,281.95,101748200
2025-02-28,279.5,293.88,273.6,292.98,115697000
2025-03-03,300.34,303.94,277.3,284.65,115551400
2025-03-04,270.93,284.35,261.8401,272.04,126706600
2025-03-05,272.92,279.55,267.71,279.1,94042910
2025-03-06,272.06,272.65,260.02,263.45,98451570
2025-03-07,259.32,266.2499,250.73,262.67,102369600
2025-03-10,252.535,253.37,220,222.15,189076900
2025-03-11,225.305,237.0649,217.02,230.58,174896400
2025-03-12,247.22,251.84,241.1,248.09,142215700
2025-03-13,248.125,248.29,232.6,240.68,114813500
2025-03-14,247.31,251.58,240.73,249.98,100242300
2025-03-17,245.055,245.4,232.8,238.01,111900600
2025-03-18,228.155,230.1,222.28,225.31,111477600
2025-03-19,231.61,241.41,229.201,235.86,111993800
2025-03-20,233.345,238,230.0501,236.26,99028270
2025-03-21,234.985,249.52,234.55,248.71,132728700
2025-03-24,258.075,278.64,256.33,278.39,169079900
2025-03-25,283.6,288.2,271.28,288.14,150361500
2025-03-26,282.66,284.9,266.51,272.06,156254400
2025-03-27,272.48,291.85,271.8216,273.13,162572100
2025-03-28,275.575,276.1,260.57,263.55,123809400
2025-03-31,249.31,260.56,243.3601,259.16,134008900
2025-04-01,263.8,277.45,259.25,268.46,146486900
2025-04-02,254.6,284.99,251.27,282.76,212787800
2025-04-03,265.29,276.3,261.51,267.28,136174300
2025-04-04,255.38,261,236,239.43,181229400
2025-04-07,223.78,252,214.25,233.29,183453800
2025-04-08,245,250.44,217.8,221.86,171603500
2025-04-09,224.69,274.69,223.88,272.2,219433400
2025-04-10,260,262.49,239.33,252.4,181722600
2025-04-11,251.84,257.74,241.3629,252.31,128948100
2025-04-14,258.36,261.8,245.93,252.35,100135200
2025-04-15,249.91,258.75,247.54,254.11,79594320
2025-04-16,247.61,251.97,233.89,241.55,112378700
2025-04-17,243.47,244.34,237.6833,241.37,83404780
2025-04-21,230.26,232.21,222.79,227.5,97768010
2025-04-22,230.96,242.79,229.8501,237.97,120858500
2025-04-23,254.86,259.4499,244.43,250.74,150381900
2025-04-24,250.5,259.54,249.2,259.51,94464200
2025-04-25,261.69,286.85,259.63,284.95,167560700
2025-04-28,288.98,294.86,272.42,285.88,151731800
2025-04-29,285.5,293.32,279.4695,292.03,108906600
2025-04-30,279.9,284.45,270.78,282.16,128961100
2025-05-01,280.01,290.8688,279.81,280.52,99658970
2025-05-02,284.9,294.78,279.81,287.21,114454700
2025-05-05,284.57,284.849,274.4,280.26,94618880
2025-05-06,273.105,277.73,271.35,275.35,76715790
2025-05-07,276.88,277.92,271,276.22,71882410
2025-05-08,279.63,289.8,279.41,284.82,97539450
2025-05-09,290.21,307.04,290,298.26,132387800
2025-05-12,321.99,322.21,311.5,318.38,112826700
2025-05-13,320,337.5894,316.8,334.07,136992600
2025-05-14,342.5,350,337,347.68,136997300
2025-05-15,340.34,346.1393,334.7153,342.82,97882600
2025-05-16,346.24,351.62,342.33,349.98,95895670
2025-05-19,336.3,343,333.37,342.09,88869850
2025-05-20,347.87,354.9899,341.63,343.82,131715500
2025-05-21,344.43,347.35,332.2,334.62,102354800
2025-05-22,331.9,347.27,331.39,341.04,97113420
2025-05-23,337.92,343.18,333.21,339.34,84654820
2025-05-27,347.35,363.79,347.32,362.89,120146400
2025-05-28,364.84,365,355.91,356.9,91404310
2025-05-29,365.29,367.71,356,358.43,88545670
2025-05-30,355.52,363.68,345.29,346.46,123474900
2025-06-02,343.5,348.02,333.33,342.69,81873830
2025-06-03,346.595,355.4,343.04,344.27,99324540
2025-06-04,345.095,345.6,327.3308,332.05,98912080
2025-06-05,322.49,324.5499,273.21,284.7,292818700
2025-06-06,298.83,305.5,291.14,295.14,164747700
2025-06-09,285.955,309.83,281.85,308.58,140908900
2025-06-10,314.94,327.83,310.667,326.09,151256500
2025-06-11,334.395,335.5,322.5,326.43,122611400
2025-06-12,323.075,332.56,316.86,319.11,105127500
2025-06-13,313.97,332.99,313.3,325.31,128964300
2025-06-16,331.29,332.05,326.41,329.13,83925860
2025-06-17,326.09,327.26,314.74,316.35,88282670
2025-06-18,317.31,329.32,315.45,322.05,95137690
2025-06-20,327.95,332.36,317.78,322.16,108688000
2025-06-23,327.54,357.54,327.48,348.68,190716800
2025-06-24,356.17,356.26,340.44,340.47,114736200
2025-06-25,342.7,343,320.4,327.55,119845100
2025-06-26,324.61,331.05,323.61,325.78,80440910
2025-06-27,324.51,329.3393,317.495,323.63,89067050
2025-06-30,319.9,325.5799,316.6,317.66,76695080
2025-07-01,298.46,305.89,293.21,300.71,145085700
2025-07-02,312.63,316.832,303.82,315.65,119483700
2025-07-03,317.99,318.45,312.76,315.35,58042300
2025-07-07,291.37,296.15,288.7701,293.94,131177900
2025-07-08,297,304.0499,294.35,297.81,103246700
2025-07-09,297.55,300.15,293.55,295.88,75586770
2025-07-10,300.05,310.48,300,309.87,104365300
2025-07-11,307.89,314.09,305.65,313.51,79236440
2025-07-14,317.73,322.5986,312.67,316.9,78043430
2025-07-15,319.675,321.2,310.5,310.78,77556350
2025-07-16,312.8,323.5,312.62,321.67,97284790
2025-07-17,323.15,324.34,317.0601,319.41,73922870
2025-07-18,321.66,330.9,321.42,329.65,94254990
2025-07-21,334.4,338,326.88,328.49,75768800
2025-07-22,329.74,335.4098,321.55,332.11,77370370
2025-07-23,330.9,336.2,328.67,332.56,92553760
2025-07-24,310,310.15,300.41,305.3,156966000
2025-07-25,308.74,323.63,308.01,316.06,148227000
2025-07-28,318.45,330.49,315.69,325.59,112673800
2025-07-29,325.55,326.25,318.25,321.2,87358860
2025-07-30,322.18,324.4499,311.6164,319.04,83931940
2025-07-31,319.605,321.37,306.1,308.27,85270920
2025-08-01,306.205,309.31,297.82,302.63,89121450
2025-08-04,309.08,312.1186,303.0001,309.26,78683910
2025-08-05,308.95,312.4499,305.5,308.72,57961280
2025-08-06,307.89,320.47,306.9345,319.91,78523580
2025-08-07,319.79,322.4,316.16,322.27,66658670
2025-08-08,321.43,335.15,320.98,329.65,91200320
2025-08-11,335,346.64,334.15,339.03,105320200
2025-08-12,345,345.26,332.94,340.84,80690110
2025-08-13,341.5,348.98,338.2,339.38,67838890
2025-08-14,335.76,340.4699,330.4,335.58,75000660
2025-08-15,337.655,339.3,327.02,330.56,74319790
2025-08-18,329.62,336.27,329.59,335.16,56956550
2025-08-19,335.79,340.55,327.85,329.31,75956000
2025-08-20,329.22,331.37,314.6,323.9,77481770
2025-08-21,322.08,324.9,318.68,320.11,55744450
2025-08-22,321.66,340.25,319.69,340.01,94016350
2025-08-25,338.9,349.53,335.03,346.6,86670040
2025-08-26,344.93,351.9,343.72,351.67,76651550
2025-08-27,351.94,355.39,349.156,349.6,65519010
2025-08-28,350.91,353.55,340.26,345.98,67903220
2025-08-29,347.23,348.7499,331.7,333.87,81145660
2025-09-02,328.23,333.33,325.6,329.36,58391950
2025-09-03,335.2,343.33,328.51,334.09,88733290
2025-09-04,336.15,338.89,331.48,338.53,60711030
2025-09-05,348,355.87,344.6801,350.84,108989800
2025-09-08,354.64,358.44,344.84,346.4,75208290
2025-09-09,348.44,350.77,343.82,346.97,53815990
2025-09-10,350.55,356.33,346.07,347.79,72121680
2025-09-11,350.17,368.99,347.6,368.81,103756000
2025-09-12,370.94,396.6899,370.24,395.94,168156400
2025-09-15,423.13,425.7,402.43,410.04,163823700
2025-09-16,414.495,423.25,411.43,421.62,104285700
2025-09-17,415.75,428.3121,409.67,425.86,106133500
2025-09-18,428.865,432.2199,416.56,416.85,90454510
2025-09-19,421.82,429.47,421.72,426.07,93131030
2025-09-22,431.11,444.98,429.13,434.21,97108780
2025-09-23,439.88,440.97,423.72,425.85,83422690
2025-09-24,429.83,444.21,429.0301,442.79,93133570
2025-09-25,435.24,435.35,419.08,423.39,96746430
2025-09-26,428.3,440.47,421.02,440.4,101628200
2025-09-29,444.35,450.98,439.5,443.21,79491510
2025-09-30,441.52,445,433.12,444.72,74357960
2025-10-01,443.8,462.29,440.75,459.46,98122290
2025-10-02,470.54,470.75,435.57,436,137009000
2025-10-03,443.285,446.77,416.575,429.83,133188200
2025-10-06,440.75,453.55,436.69,453.25,85324880
2025-10-07,447.82,452.68,432.4501,433.09,102296100
2025-10-08,437.57,441.33,425.23,438.69,71192130
2025-10-09,431.81,436.35,426.18,435.54,69339930
2025-10-10,436.54,443.13,411.45,413.49,112107900
2025-10-13,423.53,436.89,419.7,435.9,79552790
2025-10-14,426.79,434.2,417.86,429.24,72669440
2025-10-15,434.9,440.51,426.3301,435.15,71558190
2025-10-16,434.73,439.35,421.3101,428.75,77189890
2025-10-17,425.5,441.4558,423.6,439.31,89331580
2025-10-20,443.865,449.8,440.61,447.43,63718970
2025-10-21,445.755,449.3,442.05,442.6,54412170
2025-10-22,443.45,445.539,429,438.97,84023460
2025-10-23,420,449.3999,413.9,448.98,126709800
2025-10-24,446.83,451.68,430.17,433.72,94727770
2025-10-27,439.98,460.16,438.69,452.42,105867500
2025-10-28,454.775,467,451.6,460.55,80185670
2025-10-29,462.5,465.7,452.65,461.51,67983540
2025-10-30,451.05,455.0607,439.61,440.1,72447940
2025-10-31,446.75,458,443.6855,456.56,83135790
2025-11-03,455.99,474.07,453.8,468.37,84595240
2025-11-04,454.46,460.22,443.6,444.26,87756640
2025-11-05,452.05,466.3299,440.71,462.07,85573020
2025-11-06,461.96,467.45,435.09,445.91,109622900
2025-11-07,437.92,439.36,421.88,429.52,103471500
2025-11-10,439.6,449.6715,433.36,445.23,76515910
2025-11-11,439.4,442.49,432.36,439.62,60533240
2025-11-12,442.15,442.329,426.56,430.6,58513520
2025-11-13,423.13,424.5,396.34,401.99,118948000
2025-11-14,386.3,412.19,382.78,404.35,105506700
2025-11-17,398.74,423.96,398.74,408.92,102214300
2025-11-18,405.38,408.9,393.71,401.25,80688640
2025-11-19,406.18,411.78,398.5,403.99,72047700
2025-11-20,414.63,428.94,394.74,395.23,113548800
2025-11-21,402.32,402.8,383.76,391.09,100460600
2025-11-24,402.17,421.72,401.09,417.78,96806370
2025-11-25,414.42,420.48,405.95,419.4,71915620
2025-11-26,423.95,426.94,416.89,426.58,63463000
2025-11-28,426.59,432.93,426.2,430.17,36252860
2025-12-01,425.32,433.6599,425.29,430.14,57463550
2025-12-02,430.81,436.8,422.12,429.24,69336630
2025-12-03,432.1,447.92,431.11,446.74,87482960
2025-12-04,449.94,454.63,445.39,454.53,71906490
2025-12-05,453.03,458.87,451.66,455,56427520
2025-12-08,447.445,449.7463,435.25,439.58,69165750
2025-12-09,437.54,452.39,435.7,445.17,62367440
2025-12-10,446.065,456.88,443.61,451.45,63257480
2025-12-11,448.945,449.2699,440.33,446.89,55979490
2025-12-12,448.09,463.01,441.67,458.96,95656750
2025-12-15,469.44,481.7694,467.66,475.31,114542200
2025-12-16,472.21,491.5,465.83,489.88,107608100
2025-12-17,488.22,495.2799,466.2,467.26,106490400
2025-12-18,478.16,490.86,473.12,483.37,95168450
2025-12-19,488.12,490.49,474.72,481.2,103305400
2025-12-22,489.88,498.83,485.33,488.73,86916070
2025-12-23,489.395,491.97,482.84,485.56,58223630
2025-12-24,488.48,490.9,476.8,485.4,41285430
2025-12-26,485.23,489.09,473.82,475.19,58780660
2025-12-29,469,469.4,459,459.64,66263030
2025-12-30,461.09,463.12,453.83,454.43,59238460
2025-12-31,456.1,456.55,449.3,449.72,49077960
2026-01-02,457.8,458.34,435.3,438.07,85535410
2026-01-05,447.99,457.5499,444.57,451.67,67940840
2026-01-06,446.38,448.25,428.78,432.96,89093760
2026-01-07,435.9,438.37,431.29,431.41,59828790
2026-01-08,427.89,436.89,424.365,435.8,57041090
2026-01-09,435.945,449.05,430.39,445.01,67331460
2026-01-12,441.225,454.3,438,448.96,61649630
2026-01-13,450.2,451.81,443.95,447.2,53719210
2026-01-14,442.81,443.91,434.22,439.2,57259500
2026-01-15,441.125,445.36,437.65,438.57,49465810
2026-01-16,439.5,447.25,435.2601,437.5,60220550
2026-01-20,429.36,430.725,417.44,419.25,63187340
2026-01-21,421.66,438.2,419.6201,431.44,68123990
2026-01-22,435.16,449.5,432.6293,449.36,71546730
2026-01-23,447.425,452.43,444.04,449.06,56771360
2026-01-26,445,445.04,434.28,435.2,49397420
2026-01-27,437.41,437.52,430.69,430.9,37733080
2026-01-28,431.91,438.26,430.1,431.46,54857400
2026-01-29,437.8,440.2299,414.62,416.56,81686130
2026-01-30,425.35,439.88,422.7,430.41,82626070
2026-02-02,421.29,427.15,414.5,421.81,58739460
2026-02-03,424.27,428.56,413.6901,421.96,56886550
2026-02-04,420.46,423.9,399.18,406.01,74606870
2026-02-05,397.015,402.1,387.5309,397.21,72819840
2026-02-06,400.87,414.55,397.751,411.11,62677140
2026-02-09,409.905,421.25,407.29,417.32,54484260
2026-02-10,418.08,427.25,417,425.21,64450230
2026-02-11,427.955,436.35,420.03,428.27,57361990
2026-02-12,430.3,436.23,414,417.07,61933360
2026-02-13,414.305,424.06,410.88,417.44,51434150
2026-02-17,412.36,413.72,400.51,410.63,59678790
2026-02-18,411.11,416.9,409.58,411.32,45921400
2026-02-19,407.25,415.2499,404.11,411.71,51019640
2026-02-20,408.3,414.7,405.5,411.82,57912230
2026-02-23,407.285,407.7,394.04,399.83,69680030
2026-02-24,399.5,410.82,397.64,409.38,58579480
2026-02-25,412.15,420.34,412.15,417.4,54809700
2026-02-26,414.42,416.81,403.66,408.58,53602500
2026-02-27,402.94,407.12,398.11,402.51,56890100
2026-03-02,390.6,404.54,388.25,403.32,55088340
2026-03-03,395.09,396.34,385.39,392.43,62617300
2026-03-04,397.845,408.33,394.58,405.94,68305510
2026-03-05,401.57,408.62,399.42,405.55,51925900
2026-03-06,398.09,402.35,394.21,396.73,64054560
2026-03-09,390.05,401.59,381.4,398.68,67018910
2026-03-10,402.22,406.59,398.19,399.235,59258740
2026-03-11,402.28,416.3799,402.15,407.82,62559930
2026-03-12,405.175,406.5,394.65,395.01,60973790
2026-03-13,399.165,400.2,389.95,391.2,58504090
2026-03-16,396.22,403.73,394.42,395.56,58068340
2026-03-17,395.69,400.12,393,399.27,46890470
2026-03-18,399,403.065,392.31,392.78,50853150
2026-03-19,387.27,387.27,378.73,380.3,67078260
2026-03-20,379.85,379.89,364.4601,367.96,78628600
2026-03-23,373.09,385.33,372.73,380.85,74606050
2026-03-24,376.56,387.48,376.31,383.03,60004910
2026-03-25,389.99,396.23,385.01,385.95,55157270
2026-03-26,381.6,384.44,371.87,372.11,55522880
2026-03-27,369.69,369.86,359.47,361.83,62065660
2026-03-30,365.86,367.29,352.14,355.28,67954410
2026-03-31,361.51,373.33,361,371.75,75534930
2026-04-01,378.63,383.14,374.08,381.26,58683750
2026-04-02,364.195,370.28,359.03,360.59,83031230
2026-04-06,362.59,367.72,346.64,352.82,77697640
2026-04-07,346.44,348.02,337.24,346.65,74515360
2026-04-08,363.79,364.5,339.67,343.25,78838620
2026-04-09,343.15,348.88,337.25,345.62,62164020
2026-04-10,346.285,350.36,342.74,348.95,51336030
2026-04-13,350.065,356.35,348.57,352.42,53617480
2026-04-14,357.67,367.63,354.77,364.2,59979610
2026-04-15,366.83,394.65,362.5,391.95,113810400
2026-04-16,393.81,394.06,381.8,388.9,63515140
2026-04-17,395.92,409.28,391.65,400.62,90640030
2026-04-20,402.58,406.8,388.33,392.5,64603870
2026-04-21,393,393.95,385.2201,386.42,50530610
2026-04-22,387.57,393.01,385.3,387.51,62362790
2026-04-23,375.28,386,368.39,373.72,93969510
2026-04-24,373.5,382.76,370.73,376.3,62893310
2026-04-27,372.09,380.78,364.02,378.67,66735820
2026-04-28,374.675,382.29,372.54,376.02,50864360
2026-04-29,375.4,376.4,370.04,372.8,45384840
2026-04-30,372.75,384.75,368.17,381.63,51076040
2026-05-01,382.485,397.8211,378.8,390.82,65338260
2026-05-04,390.23,394.64,384.8004,392.51,48765140
2026-05-05,395.185,402.12,389,389.37,47780630
2026-05-06,386.25,401.68,384.02,398.73,53465370
2026-05-07,407.48,415.83,402.12,411.79,64294220
2026-05-08,416.475,431.2,416.39,428.35,65049970
2026-05-11,422.16,449.16,416.8,445,78376130
2026-05-12,441.41,447.8,422.26,433.45,60569300
2026-05-13,436.665,453.4,430.21,445.27,68283230
2026-05-14,446.49,451.98,441.16,443.3,46070360
2026-05-15,433.98,434.66,422,422.24,52688740
2026-05-18,419.27,421.13,405.33,409.99,52474190
2026-05-19,403.16,405.63,393.63,404.11,46500550
2026-05-20,407.6,417.46,406.39,417.26,45294750
2026-05-21,422.175,426.95,412.9,417.85,42636850
2026-05-22,422.665,431.51,420.51,426.01,46104710
2026-05-26,430.26,435.2,426.12,433.59,45658900
2026-05-27,442.89,445.6,435.52,440.36,44656510
2026-05-28,437.615,443.96,436.3,442.1,32435000
2026-05-29,439.845,441.07,428.14,435.79,45176820
2026-06-01,427.49,429.6,415.43,415.88,44937850
2026-06-02,418.22,424.42,413.65,423.74,37596050
2026-06-03,418.7,433.6,416,423.7,44500730
2026-06-04,419.84,426.3499,417.16,418.45,35323260
2026-06-05,420.5,424.6799,388.59,391,63420180
2026-06-08,396.33,412.94,394.72,408.95,50328830
2026-06-09,411.03,418.5,384.24,396.68,59940230
2026-06-10,391.54,397.09,380.15,381.59,49695580
2026-06-11,388.28,399.54,380.66,399.15,45324350
2026-06-12,399.49,406.68,386.76,406.43,63652290
2026-06-15,412.37,416,407.1,411.15,45620510
2026-06-16,404.11,412.42,400.54,404.66,40255470
2026-06-17,401.53,405.94,393.76,396.38,43534300
2026-06-18,398.095,402.52,384.7,400.49,58384710
2026-06-22,394.85,414.75,394.4,405.05,47819490
2026-06-23,392.61,392.87,379.06,381.61,50420210
2026-06-24,380.08,384.58,373.05,375.53,37081420
2026-06-25,375.27,379.117,371.221,375.12,30259990
2026-06-26,370.15,387.8,368.6,379.71,53434140
2026-06-29,381.79,413.27,379.3,411.84,57645800
2026-06-30,406,424.54,406,420.6,43385620
2026-07-01,421.46,432.8599,418.0901,425.3,40127900
2026-07-02,428.01,432.35,389.3011,393.45,73915760
2026-07-06,397.5,420,390.5,419.77,54727860
2026-07-07,416.96,419.56,401.88,402.9,38149900
2026-07-08,399.375,399.63,390.51,394.06,33844910
2026-07-09,393.99,407.86,390.8631,406.55,37834990
2026-07-10,410.49,413.16,402.8101,407.76,33410000
2026-07-13,404.61,405.57,391.37,394.76,32809170
2026-07-14,399.05,402.22,394.76,396.18,23384990
2026-07-15,399.395,406.5895,390.66,394.46,31549810
2026-07-16,392.35,395.31,385.32,391.06,29269110
2026-07-17,381.78,385.6899,377.22,380.84,31394590
2026-07-20,386.045,386.61,369.425,369.57,33901520
2026-07-21,371.165,384.07,369.98,378.93,32735330
2026-07-22,375.53,380.17,372.9,374.01,30646120
2026-07-23,341,342.11,315.735,319.69,115606400
2026-07-24,320.72,322.96,306.51,313.03,62760010
2026-07-27,313.24,317,304.28,309.22,44919380
2026-07-28,305.925,311.16,300.69,307.44,39802420
2026-07-29,307.14,309.06,297.38,298.32,39478040
2026-07-30,302.7,310.87,301.33,308.85,38005390
2026-07-31,309.69,315.5,301.97,311.21,36630560
2026-08-03,310.96,324.65,310.425,322.08,38281360
2026-08-04,324,329.57,320.7901,327.35,33318300
2026-08-05,323.42,327.14,320.28,321.55,27820810
2026-08-06,317.05,323,315.5205,319.53,26033780
2026-08-07,322.34,333.73,321.2508,328.58,39492350
2026-08-10,326.595,332.05,326.15,330.88,25003810
2026-08-11,332.8,336.2,329.53,332.81,23345230
2026-08-12,335,335.5,323.64,327.51,28698880
2026-08-13,327.2,341.64,325.24,339.96,34708300
2026-08-14,342.33,351.26,335.3306,342.27,45437140
