date,open,high,low,close,volume
2016-08-16,34.565,34.79,34.355,34.68,20482260
2016-08-17,34.51,34.805,34.475,34.785,29421420
2016-08-18,34.905,35.5,34.87,35.5,48258280
2016-08-19,35.385,35.385,35.075,35.205,21575200
2016-08-22,34.9,34.965,34.64,34.8,28240320
2016-08-23,34.8,35.135,34.8,35.0446,24910200
2016-08-24,34.85,35.08,34.8125,34.905,32888700
2016-08-25,34.85,34.955,34.695,34.81,23722000
2016-08-26,34.87,35.14,34.525,34.69,29149940
2016-08-29,34.59,34.955,34.55,34.925,14786766
2016-08-30,35.005,35.14,34.6725,34.805,14241178
2016-08-31,34.61,34.66,34.065,34.255,26448120
2016-09-01,34.11,34.2375,33.885,34.155,33316900
2016-09-02,34.49,34.625,34.325,34.54,21588780
2016-09-06,34.63,35.0887,34.6,35.06,25556480
2016-09-07,35.22,35.335,35.065,35.26,30163920
2016-09-08,35.485,35.97,35.315,35.92,35941600
2016-09-09,35.585,35.695,34.85,34.85,43180460
2016-09-12,34.605,35.375,34.54,35.195,43888300
2016-09-13,34.81,34.825,34.09,34.19,49085980
2016-09-14,34.15,34.56,33.6985,33.785,52913660
2016-09-15,33.92,34.4525,33.865,34.205,34295200
2016-09-16,33.505,33.85,33.505,33.725,34186500
2016-09-19,34,34.0925,33.7,33.705,23563640
2016-09-20,33.665,33.895,33.435,33.46,28241560
2016-09-21,33.75,34.25,33.71,34.235,40475540
2016-09-22,34.605,34.73,34.2455,34.275,26606640
2016-09-23,34.11,34.42,33.625,33.82,46124640
2016-09-26,33.935,34.115,33.605,33.67,26477480
2016-09-27,33.335,33.535,33.07,33.445,38768740
2016-09-28,33.64,34.94,33.355,34.89,82155020
2016-09-29,34.865,35.225,34.515,34.83,53903500
2016-09-30,35.075,35.49,34.85,35.305,28671540
2016-10-03,35.365,35.42,34.985,35.28,26270880
2016-10-04,35.31,35.395,34.7775,34.92,23660460
2016-10-05,35.275,35.6175,35.24,35.455,25807220
2016-10-06,35.56,35.675,35.19,35.51,22333600
2016-10-07,35.515,35.665,35.2,35.305,23476400
2016-10-10,35.655,35.99,35.62,35.86,23046540
2016-10-11,35.735,35.795,35.255,35.45,27377260
2016-10-12,35.3,35.4225,35,35.3,20826420
2016-10-13,35.08,35.285,34.645,35.105,27068360
2016-10-14,35.285,35.4,34.875,34.9,22710780
2016-10-17,34.91,35.02,34.5391,34.73,14839784
2016-10-18,35.075,35.15,34.715,34.87,13855538
2016-10-19,35.14,35.635,35.105,35.365,28610180
2016-10-20,35.155,35.4725,34.96,35.325,24975360
2016-10-21,35.095,35.155,34.89,35.095,28138160
2016-10-24,35.095,35.215,34.605,34.99,21268360
2016-10-25,34.98,35.355,34.77,34.83,26364560
2016-10-26,34.52,35.0575,34.46,34.91,35522100
2016-10-27,35.06,35.11,34.7675,34.78,28368240
2016-10-28,34.72,35.215,34.465,34.685,37116760
2016-10-31,34.56,34.745,34.25,34.31,25902900
2016-11-01,34.565,34.685,33.9395,34.315,37616220
2016-11-02,33.99,34.11,33.5,33.935,45923340
2016-11-03,33.935,34.13,33.75,34.07,25494340
2016-11-04,33.9,34.23,33.68,33.885,35075920
2016-11-07,34.27,34.635,34.27,34.615,29433720
2016-11-08,34.445,34.855,34.395,34.66,22223880
2016-11-09,34.78,35.485,34.375,35.225,51923080
2016-11-10,35.2,35.64,35.08,35.375,41248060
2016-11-11,35.165,35.233,34.4451,34.73,35264580
2016-11-14,34.605,34.96,34.415,34.925,24934760
2016-11-15,35.23,35.93,35.2,35.91,38410220
2016-11-16,35.83,36.07,35.55,35.66,33189460
2016-11-17,35.96,36.195,35.332,35.42,20508580
2016-11-18,35.545,35.765,35.365,35.565,23896900
2016-11-21,36.065,36.45,36.065,36.41,33666520
2016-11-22,36.42,36.6,35.95,36.39,32015460
2016-11-23,36.215,36.6569,36.175,36.54,22919600
2016-11-25,36.385,36.465,36.18,36.36,17583566
2016-11-28,36.535,36.545,35.79,35.855,37547740
2016-11-29,35.31,35.63,35.035,35.415,36712940
2016-11-30,36.645,37.56,36.645,37.215,89702420
2016-12-01,37.905,38.03,37.275,37.305,54808040
2016-12-02,37.285,37.59,37.18,37.415,36647680
2016-12-05,37.755,38.0484,37.595,37.745,45000040
2016-12-06,37.515,37.825,37.2875,37.675,33914620
2016-12-07,37.59,38.0279,37.59,37.975,31989080
2016-12-08,38.075,38.23,37.78,38.18,29189740
2016-12-09,38.38,38.38,38.08,38.3,17938568
2016-12-12,39.15,39.225,38.32,38.48,32243020
2016-12-13,38.77,39.195,38.415,38.915,32015660
2016-12-14,38.73,38.885,38.0275,38.135,39644000
2016-12-15,37.975,38.3625,37.76,38.22,38022600
2016-12-16,38.29,38.29,38.06,38.255,33741800
2016-12-19,38.215,38.285,38.005,38.08,14216508
2016-12-20,38.275,38.325,37.89,37.995,17956168
2016-12-21,38.075,38.23,37.865,38.055,16199616
2016-12-22,38.08,38.31,38.005,38.21,21938580
2016-12-23,38.15,38.2525,38.09,38.175,12792464
2016-12-27,38.235,38.39,38.2,38.26,20003520
2016-12-28,38.345,38.36,37.815,37.845,16182498
2016-12-29,37.79,37.9,37.635,37.77,13392884
2016-12-30,37.735,37.945,37.54,37.66,17705116
2017-01-03,38.055,38.405,37.68,38.085,49240660
2017-01-04,38.115,38.185,37.88,38.005,22350860
2017-01-05,38.03,38.17,37.7287,37.91,22280920
2017-01-06,38.03,38.0725,37.6962,37.945,14820846
2017-01-09,37.695,37.73,37.34,37.395,21893500
2017-01-10,37.365,37.45,37.025,37.055,19315878
2017-01-11,37.185,37.525,37.03,37.455,25750540
2017-01-12,37.665,37.705,37.15,37.3,21780980
2017-01-13,37.25,37.33,37.095,37.19,19793902
2017-01-17,37.305,37.51,37.275,37.42,19535684
2017-01-18,37.215,37.435,37.17,37.335,17444914
2017-01-19,37.335,37.35,37.04,37.13,17987444
2017-01-20,37.37,37.495,37.145,37.27,18344516
2017-01-23,37.1,37.175,36.695,36.875,30392700
2017-01-24,37.02,37.44,36.95,37.28,23655920
2017-01-25,37.29,37.59,37.28,37.475,18796722
2017-01-26,37.595,37.655,37.4239,37.505,17286338
2017-01-27,37.275,37.315,37.005,37.115,19883234
2017-01-30,36.945,36.965,36.18,36.435,26553380
2017-01-31,36.455,36.51,36.065,36.45,28013220
2017-02-01,36.645,36.6925,35.955,36.18,36831620
2017-02-02,36.24,36.45,35.95,36.385,25757980
2017-02-03,36.53,36.89,36.315,36.7,23653160
2017-02-06,36.755,36.825,36.285,36.39,21025780
2017-02-07,36.23,36.4,35.685,35.875,28299400
2017-02-08,35.71,36.04,35.325,35.96,32291180
2017-02-09,36.175,36.475,36.175,36.365,18522254
2017-02-10,36.655,36.845,36.53,36.64,20810640
2017-02-13,36.565,36.725,36.495,36.71,15964876
2017-02-14,36.815,36.845,36.37,36.83,21543180
2017-02-15,36.72,36.88,36.565,36.685,17839980
2017-02-16,36.72,36.77,36.13,36.185,22732720
2017-02-17,36,36.105,35.87,35.985,23158540
2017-02-21,36.325,36.425,36.175,36.23,23587440
2017-02-22,36.06,36.1,35.6525,35.68,22701140
2017-02-23,36.08,36.14,35.605,35.83,34750860
2017-02-24,35.57,35.705,35.315,35.495,27985540
2017-02-27,35.53,35.955,35.47,35.8,47355400
2017-02-28,35.695,35.8575,35.59,35.69,28024300
2017-03-01,36.02,36.57,35.995,36.405,37966660
2017-03-02,36.225,36.405,36.045,36.06,21525000
2017-03-03,36.12,36.255,35.9125,35.995,22299080
2017-03-06,35.935,36.125,35.795,36.075,16734964
2017-03-07,36.205,36.215,35.71,35.755,22918660
2017-03-08,35.61,35.82,34.81,34.825,51112240
2017-03-09,34.65,35.075,34.445,35.055,55468480
2017-03-10,35.28,35.325,34.8,35.005,34954540
2017-03-13,34.97,35.18,34.89,35.01,26157280
2017-03-14,34.74,34.745,34.31,34.615,52747580
2017-03-15,34.91,35.465,34.74,35.385,46376200
2017-03-16,35.46,35.46,35.035,35.135,32214260
2017-03-17,35.07,35.145,34.9,34.9,28466120
2017-03-20,34.785,34.925,34.575,34.873,24433740
2017-03-21,35.015,35.04,34.475,34.605,33423300
2017-03-22,34.5,34.715,34.36,34.555,24822060
2017-03-23,34.455,34.71,34.38,34.415,23600880
2017-03-24,34.465,34.54,34.215,34.28,20882780
2017-03-27,33.955,34.215,33.93,34.12,22954500
2017-03-28,34.17,34.69,34.0916,34.605,55810660
2017-03-29,34.6,35.14,34.505,35.08,37148400
2017-03-30,35.3,35.385,34.98,35.07,31766260
2017-03-31,34.955,35.17,34.79,34.95,39574020
2017-04-03,35.005,35.03,34.54,34.89,26235040
2017-04-04,34.965,35.1725,34.63,35.145,25941740
2017-04-05,35.44,35.745,34.9825,35.035,45438400
2017-04-06,35.175,35.415,35.08,35.315,26248720
2017-04-07,35.335,35.43,35.1266,35.18,25121400
2017-04-10,35.375,35.605,35.3,35.445,21634540
2017-04-11,35.5,35.515,35.07,35.45,27775740
2017-04-12,35.485,35.7075,35.19,35.3,22906540
2017-04-13,35.27,35.295,34.575,34.655,35292420
2017-04-17,34.645,34.7653,34.56,34.73,16000168
2017-04-18,34.575,34.805,34.3325,34.405,29446640
2017-04-19,34.49,34.5549,33.81,33.9,36219560
2017-04-20,34,34.315,33.965,34.065,32468740
2017-04-21,33.92,34.065,33.725,33.895,26683600
2017-04-24,34.145,34.235,33.99,34.095,26651160
2017-04-25,34.18,34.465,34.075,34.385,31173360
2017-04-26,34.225,34.735,34.21,34.27,37365920
2017-04-27,34.005,34.04,33.5575,33.895,41084700
2017-04-28,34.185,34.245,33.8675,33.92,28850080
2017-05-01,33.91,34.0025,33.75,33.825,18838702
2017-05-02,33.895,34.005,33.515,33.655,31981300
2017-05-03,33.58,33.91,33.485,33.75,33821900
2017-05-04,33.515,33.555,32.915,33.13,67866000
2017-05-05,33.15,33.71,33.1325,33.655,37421260
2017-05-08,33.65,33.955,33.62,33.895,37877100
2017-05-09,33.965,33.965,33.5125,33.615,21433620
2017-05-10,33.81,34.22,33.78,34.06,36515800
2017-05-11,34.18,34.24,33.94,33.99,23937360
2017-05-12,33.965,34.03,33.775,33.875,21284280
2017-05-15,34.38,34.435,34.03,34.14,26198360
2017-05-16,34.3,34.3,33.85,33.97,23382640
2017-05-17,33.77,34.0598,33.62,33.635,30769580
2017-05-18,33.485,33.7925,33.36,33.625,28131960
2017-05-19,33.79,34.11,33.71,34.04,30265420
2017-05-22,34.22,34.24,33.845,33.965,20652780
2017-05-23,34.055,34.09,33.8672,34.045,18163776
2017-05-24,34.005,34.11,33.71,33.865,27153260
2017-05-25,33.78,34.115,33.13,33.25,46649800
2017-05-26,33.25,33.335,33.09,33.305,26378940
2017-05-30,33.13,33.13,32.845,32.86,29005260
2017-05-31,32.6,32.82,32.5475,32.72,31980040
2017-06-01,32.735,33.045,32.63,32.925,35938500
2017-06-02,32.775,32.785,32.405,32.545,33050700
2017-06-05,32.445,32.725,32.435,32.605,25102980
2017-06-06,32.585,33.045,32.51,32.99,29657360
2017-06-07,32.855,33.015,32.3,32.525,45822740
2017-06-08,32.37,32.67,32.36,32.43,39129640
2017-06-09,32.505,33.32,32.5,33.21,46350880
2017-06-12,33.505,33.7769,33.3725,33.445,45843180
2017-06-13,33.545,33.74,33.385,33.695,31606020
2017-06-14,33.605,33.605,32.83,33.085,60519580
2017-06-15,32.935,33.1,32.69,32.835,38514780
2017-06-16,32.805,33.165,32.595,33.15,47723480
2017-06-19,33.075,33.145,32.855,32.94,31313620
2017-06-20,32.56,32.61,32.155,32.52,32098980
2017-06-21,32.42,32.61,31.82,31.995,54577880
2017-06-22,32.01,32.25,31.845,31.975,30860180
2017-06-23,31.98,32.225,31.89,32.19,29063800
2017-06-26,32.29,32.35,31.99,32.12,27135740
2017-06-27,32.235,32.38,32.065,32.07,28432140
2017-06-28,32.11,32.44,32.09,32.245,33714920
2017-06-29,32.34,32.67,32.245,32.315,38043800
2017-06-30,32.55,32.61,32.25,32.46,39283980
2017-07-03,32.575,33.24,32.54,33.085,36805600
2017-07-05,32.92,32.95,32.2925,32.415,41935740
2017-07-06,32.47,32.565,31.985,32.055,41551100
2017-07-07,31.95,32.05,31.645,32.005,32072940
2017-07-10,31.96,32.185,31.89,32.11,28281800
2017-07-11,32.165,32.4,31.965,32.285,23784760
2017-07-12,32.605,32.685,32.235,32.375,29634280
2017-07-13,32.4,32.53,32.22,32.505,20082380
2017-07-14,32.525,32.76,32.495,32.7,20451960
2017-07-17,32.64,32.8825,32.61,32.66,24347060
2017-07-18,32.825,32.835,32.3675,32.505,29482920
2017-07-19,32.47,33.01,32.445,32.98,49585900
2017-07-20,33.165,33.2825,32.79,32.88,33866860
2017-07-21,32.77,32.925,32.51,32.555,26098820
2017-07-24,32.625,32.675,32.42,32.495,20846040
2017-07-25,32.885,33.14,32.81,32.905,30951080
2017-07-26,33.09,33.32,32.85,32.94,42397200
2017-07-27,32.95,33.29,32.8,33.275,31569040
2017-07-28,33.165,33.5627,33.11,33.235,29528020
2017-07-31,33.245,33.5,33.155,33.31,26916360
2017-08-01,33.33,33.495,33.16,33.305,25103580
2017-08-02,33.135,33.315,32.839,33.18,30232060
2017-08-03,33.125,33.18,32.57,32.715,30652000
2017-08-04,32.73,32.91,32.655,32.82,18731772
2017-08-07,32.68,32.74,32.47,32.57,22871080
2017-08-08,32.475,32.7799,32.4,32.495,20843340
2017-08-09,32.545,32.7275,32.405,32.525,20850080
2017-08-10,32.58,32.635,32.125,32.18,30493180
2017-08-11,32.08,32.26,31.94,31.97,31958020
2017-08-14,32.03,32.17,31.835,31.875,22811200
2017-08-15,31.925,31.925,31.57,31.755,25429320
2017-08-16,31.765,31.8525,31.385,31.45,33147760
2017-08-17,31.325,31.445,30.995,31.005,29588360
2017-08-18,30.925,31.37,30.905,31.16,37262060
2017-08-21,31.115,31.1275,30.9,31,20748760
2017-08-22,31.085,31.275,31.065,31.205,30339880
2017-08-23,31.14,31.5,31.11,31.34,23048720
2017-08-24,31.23,31.435,31.22,31.36,20776220
2017-08-25,31.42,31.625,31.41,31.5,16428514
2017-08-28,31.515,31.62,31.19,31.36,19908696
2017-08-29,31.21,31.36,31.09,31.32,17437934
2017-08-30,31.2,31.4281,31.1075,31.335,17277014
2017-08-31,31.47,31.565,31.365,31.485,20665940
2017-09-01,31.535,31.895,31.455,31.79,23163700
2017-09-05,31.92,32.12,31.74,31.965,36208340
2017-09-06,32.125,32.575,32.11,32.485,34101460
2017-09-07,32.5,32.625,32.33,32.545,17280582
2017-09-08,32.475,32.495,32.05,32.2,20525940
2017-09-11,32.325,32.55,32.25,32.505,27094900
2017-09-12,32.6,32.775,32.515,32.705,18793656
2017-09-13,32.775,33.135,32.74,33.115,31745300
2017-09-14,33.18,33.5,33.175,33.275,29043620
2017-09-15,32.91,32.92,32.7,32.92,24818860
2017-09-18,32.845,33.08,32.82,33.06,24964220
2017-09-19,33.13,33.2425,33.065,33.195,21008020
2017-09-20,33.29,33.51,33.2605,33.42,36529220
2017-09-21,33.375,33.5125,33.28,33.43,17608810
2017-09-22,33.4,33.695,33.365,33.6,29295380
2017-09-25,33.755,34.185,33.7225,34.085,29600700
2017-09-26,34,34.1325,33.905,34.07,21421020
2017-09-27,34.1,34.225,33.91,34.215,21810880
2017-09-28,34.29,34.45,34.15,34.245,23595340
2017-09-29,34.125,34.245,34.015,34.24,28554000
2017-10-02,33.875,34.24,33.745,34.23,24796480
2017-10-03,34.185,34.31,34.12,34.195,14475738
2017-10-04,34.195,34.295,34.05,34.17,20394420
2017-10-05,34.195,34.38,34.175,34.325,20323500
2017-10-06,34,34.1875,33.92,34.035,23904080
2017-10-09,34.075,34.2075,34.035,34.105,11527568
2017-10-10,34.345,34.465,34.1,34.135,15525726
2017-10-11,34.095,34.2325,33.955,34.215,20573640
2017-10-12,33.955,34.1325,33.9,34.09,20362200
2017-10-13,34.29,34.39,34.05,34.07,17785804
2017-10-16,34.175,34.3432,34.075,34.145,15333828
2017-10-17,34.135,34.2375,33.9805,34.165,16753072
2017-10-18,34.14,34.28,33.885,33.925,15412124
2017-10-19,33.69,33.96,33.675,33.82,15183758
2017-10-20,33.895,33.905,33.66,33.885,18846416
2017-10-23,33.91,34.02,33.68,33.71,17310626
2017-10-24,33.83,33.925,33.7025,33.775,19592452
2017-10-25,33.715,33.8125,33.435,33.54,27044500
2017-10-26,33.555,33.72,33.41,33.61,18724346
2017-10-27,33.435,33.85,33.17,33.67,32375180
2017-10-30,33.72,33.94,33.6551,33.845,23229020
2017-10-31,33.86,34.08,33.71,33.955,19295954
2017-11-01,34.16,34.4975,34.145,34.34,34023360
2017-11-02,34.34,34.435,34.0325,34.24,22655200
2017-11-03,34.225,34.475,34.19,34.34,22221760
2017-11-06,34.495,35.17,34.435,35.125,38171360
2017-11-07,35.185,35.2326,34.895,35.08,26816400
2017-11-08,34.995,35.085,34.715,34.91,28493240
2017-11-09,34.775,35.075,34.725,35.015,25976340
2017-11-10,34.955,34.985,34.565,34.83,21013120
2017-11-13,34.735,34.865,34.59,34.63,14979068
2017-11-14,34.5,34.5,34.03,34.07,33053960
2017-11-15,33.765,33.835,33.545,33.685,35380800
2017-11-16,33.58,33.7,33.455,33.55,25027520
2017-11-17,33.615,33.785,33.53,33.715,18344854
2017-11-20,33.675,33.705,33.4875,33.635,15570200
2017-11-21,33.765,33.9,33.64,33.71,16924728
2017-11-22,33.91,33.9775,33.825,33.845,18612932
2017-11-24,33.98,34.05,33.935,33.94,9981448
2017-11-27,33.795,33.835,33.5225,33.595,21191680
2017-11-28,33.63,33.905,33.59,33.855,24226640
2017-11-29,33.84,34.1025,33.77,34.04,27198680
2017-11-30,34.12,34.615,34.12,34.55,44604760
2017-12-01,34.795,35.08,34.47,34.84,42360960
2017-12-04,34.875,35.375,34.715,34.825,27150300
2017-12-05,34.825,34.95,34.635,34.675,21379520
2017-12-06,34.575,34.635,34.1755,34.225,24121720
2017-12-07,34.19,34.385,34.16,34.325,17280266
2017-12-08,34.5,34.655,33.3432,34.64,21393220
2017-12-11,34.705,35.0675,34.685,34.89,22633440
2017-12-12,35.025,35.065,34.7475,34.795,23516460
2017-12-13,34.795,34.875,34.6425,34.745,18431498
2017-12-14,34.615,34.865,34.605,34.62,23564500
2017-12-15,34.635,34.635,34.3125,34.36,20303820
2017-12-18,34.445,34.7975,34.435,34.625,19321370
2017-12-19,34.785,34.875,34.595,34.675,13528494
2017-12-20,34.79,35.225,34.685,35.165,24507860
2017-12-21,35.18,36.015,35.145,35.91,33597140
2017-12-22,35.95,36.13,35.8,35.985,21321640
2017-12-26,36.115,36.36,36.04,36.3,17211118
2017-12-27,36.305,36.32,36.107,36.18,21709800
2017-12-28,36.175,36.235,36.1125,36.235,15927970
2017-12-29,36.33,36.35,36.0701,36.13,14675556
2018-01-02,36.31,36.765,36.195,36.725,29780700
2018-01-03,36.8,37.37,36.76,37.275,38593720
2018-01-04,37.25,37.525,37.115,37.5,28610860
2018-01-05,37.45,37.515,37.175,37.485,28406520
2018-01-08,37.47,37.73,37.3676,37.71,19554984
2018-01-09,37.785,37.795,37.555,37.615,18468382
2018-01-10,37.725,37.75,37.54,37.57,21642140
2018-01-11,37.7,38.475,37.565,38.34,36172780
2018-01-12,38.35,38.81,38.35,38.71,39633880
2018-01-16,38.8,38.825,38.15,38.22,33229900
2018-01-17,38.33,38.72,38.08,38.555,28012760
2018-01-18,38.41,38.505,38.17,38.24,23029040
2018-01-19,38.155,38.205,37.94,38.19,25838240
2018-01-22,38.24,39.03,38.23,39.015,34023980
2018-01-23,39.09,39.13,38.7595,38.955,20366520
2018-01-24,39,39.195,38.715,38.85,25837060
2018-01-25,39.045,39.045,38.475,38.545,23186420
2018-01-26,38.63,38.82,38.55,38.755,15503742
2018-01-29,38.6,38.735,38.11,38.17,25292800
2018-01-30,37.85,37.955,37.3675,37.4,45492400
2018-01-31,37.5,37.5671,37.165,37.425,31528840
2018-02-01,37.475,37.835,37.2655,37.81,36009280
2018-02-02,37.115,37.205,36.03,36.23,61444320
2018-02-05,35.745,36.2,34.14,34.71,67376100
2018-02-06,34.115,35.2349,33.95,34.985,65316440
2018-02-07,35.095,35.5325,34.395,34.4,49200200
2018-02-08,34.435,34.575,33.3449,33.36,55527640
2018-02-09,33.755,33.79,32.225,33.335,70333720
2018-02-12,33.765,34.255,33.605,33.88,49912900
2018-02-13,33.705,33.885,33.505,33.74,24547580
2018-02-14,33.41,34.33,33.33,34.23,39483680
2018-02-15,34.3,34.325,33.595,34.145,32450860
2018-02-16,34,34.38,33.855,34.06,27581900
2018-02-20,34.13,34.38,33.72,33.875,35610220
2018-02-21,33.775,34.09,33.305,33.305,25055120
2018-02-22,33.545,34.165,33.459,33.67,30660220
2018-02-23,33.835,34.425,33.775,34.4,33188700
2018-02-26,34.575,34.675,34.4025,34.605,24307080
2018-02-27,34.675,34.95,34.15,34.155,26891440
2018-02-28,34.335,34.46,33.355,33.37,35210060
2018-03-01,33.335,33.8425,33.08,33.32,45946020
2018-03-02,33.09,33.595,32.825,33.475,29157560
2018-03-05,33.32,33.935,33.26,33.83,25663060
2018-03-06,34.04,34.1666,33.68,33.85,31350800
2018-03-07,33.485,33.84,33.28,33.595,24719980
2018-03-08,33.67,33.77,33.345,33.585,16021034
2018-03-09,33.845,34.255,33.815,34.225,22781580
2018-03-12,34.245,34.465,34.045,34.215,18967952
2018-03-13,34.32,34.475,33.83,33.97,21460260
2018-03-14,34.1,34.195,33.7,33.77,22695920
2018-03-15,33.895,34.04,33.34,33.595,24817020
2018-03-16,33.375,33.805,33.31,33.655,28684160
2018-03-19,33.55,33.595,32.945,33.135,29048260
2018-03-20,33.315,33.64,33.27,33.415,22517280
2018-03-21,33.615,34.51,33.51,34.29,32876600
2018-03-22,33.91,34.09,33.525,33.59,36963380
2018-03-23,33.76,34.15,33.31,33.385,38416400
2018-03-26,33.77,34.035,33.38,33.985,31906380
2018-03-27,34.13,34.27,33.47,33.665,27843700
2018-03-28,33.685,33.8,32.955,33.01,36453200
2018-03-29,33.155,33.8375,33.15,33.705,27993840
2018-04-02,33.575,33.635,32.4625,33.03,37985080
2018-04-03,33.155,33.765,32.84,33.735,28226140
2018-04-04,33.22,33.7631,32.99,33.69,24979100
2018-04-05,33.775,34.51,33.775,34.295,27053160
2018-04-06,34.08,34.245,33.23,33.675,37501760
2018-04-09,33.835,34.265,33.7,33.835,21436060
2018-04-10,34.37,35.2275,34.36,34.955,45239180
2018-04-11,34.9,35.4,34.855,35.32,42351900
2018-04-12,35.44,35.595,35.19,35.315,28620280
2018-04-13,35.505,35.85,35.4551,35.705,26656980
2018-04-16,35.785,36.2325,35.595,36.07,28039400
2018-04-17,36.165,36.375,35.96,36.21,31970360
2018-04-18,36.525,37.11,36.515,36.78,34618220
2018-04-19,36.81,37.1,36.6005,36.825,36300420
2018-04-20,36.75,36.7775,36.415,36.65,27363060
2018-04-23,36.535,36.88,36.335,36.875,29577560
2018-04-24,36.975,37.23,36.28,36.48,45557420
2018-04-25,36.365,36.82,36.135,36.77,26318240
2018-04-26,36.905,37.335,36.79,37.305,24430880
2018-04-27,36.925,37.095,36.765,36.91,21078500
2018-04-30,36.85,37.32,36.84,36.905,25925860
2018-05-01,36.72,36.745,36.215,36.68,27601620
2018-05-02,36.57,37.1205,36.52,36.83,26269280
2018-05-03,36.66,36.805,36.25,36.745,30658760
2018-05-04,36.645,37.055,36.495,36.925,27146920
2018-05-07,37.215,37.785,36.9,36.975,35984360
2018-05-08,36.99,37.285,36.32,37.265,57304320
2018-05-09,37.72,38.445,37.715,38.025,49483020
2018-05-10,38.175,38.4,38,38.31,27778380
2018-05-11,38.395,38.625,38.28,38.365,24021020
2018-05-14,38.485,38.805,38.485,38.63,20452240
2018-05-15,38.545,38.7,38.345,38.64,20963720
2018-05-16,38.585,38.8,38.39,38.775,23994000
2018-05-17,38.9,39.4125,38.88,39.36,32492720
2018-05-18,39.29,39.33,39.025,39.055,27052940
2018-05-21,39.275,39.455,39.0772,39.455,22567360
2018-05-22,39.45,39.7084,38.82,38.93,33164440
2018-05-23,38.705,38.955,38.3825,38.925,33010180
2018-05-24,38.475,38.535,38.11,38.285,38309300
2018-05-25,37.61,37.66,36.92,37.29,64893720
2018-05-29,37,37.4032,36.8275,37.175,38647780
2018-05-30,37.495,38.47,37.48,38.3,46042540
2018-05-31,38.02,38.4625,37.93,38.01,26502160
2018-06-01,38.14,38.4425,37.985,38.19,28204800
2018-06-04,38.32,38.6,37.7575,37.86,27378140
2018-06-05,37.675,38.06,37.59,37.77,27409940
2018-06-06,37.91,38.05,37.615,37.95,26498420
2018-06-07,38.15,38.745,38.14,38.525,30353820
2018-06-08,38.57,38.675,38.21,38.45,22472860
2018-06-11,38.44,38.8225,38.36,38.65,21435560
2018-06-12,38.65,38.74,38.25,38.355,31413760
2018-06-13,38.235,38.435,38.0525,38.21,25003220
2018-06-14,38.32,38.4325,38.0625,38.155,20559520
2018-06-15,37.68,37.755,37.005,37.085,32134840
2018-06-18,36.99,37.705,36.99,37.455,26364920
2018-06-19,37.005,37.51,36.9,37.37,24661440
2018-06-20,37.595,37.675,37.235,37.535,23311860
2018-06-21,37.27,37.29,36.665,36.84,30012980
2018-06-22,37.75,37.985,37.57,37.575,56606540
2018-06-25,37.465,37.5175,36.57,36.82,36752640
2018-06-26,36.915,37.43,36.785,37.285,27047180
2018-06-27,37.595,38.255,37.58,37.785,41147220
2018-06-28,37.84,37.98,37.445,37.735,28562960
2018-06-29,37.84,38.37,37.84,37.97,26329600
2018-07-02,37.705,37.715,37.205,37.41,30581040
2018-07-03,37.8,38.23,37.5575,37.645,18616354
2018-07-05,37.875,37.995,37.495,37.605,19930294
2018-07-06,37.49,37.955,37.315,37.835,18620658
2018-07-09,38.065,38.455,38.045,38.4,21943420
2018-07-10,38.635,39,38.59,38.685,21933520
2018-07-11,38.325,38.56,37.615,37.865,38707980
2018-07-12,37.965,38.175,37.66,37.93,25133560
2018-07-13,37.965,38.36,37.865,38.13,22845980
2018-07-16,37.755,37.94,37.3675,37.69,22776440
2018-07-17,37.565,37.75,37.33,37.54,19506366
2018-07-18,37.36,37.62,36.99,37.565,30446180
2018-07-19,37.465,37.735,37.425,37.575,32117040
2018-07-20,37.575,37.66,37.325,37.445,21716640
2018-07-23,37.55,37.575,37.2125,37.28,15246198
2018-07-24,37.445,37.97,37.395,37.75,20325400
2018-07-25,37.8,38.1575,37.615,38.065,22060760
2018-07-26,38.145,38.5475,38.07,38.48,24373760
2018-07-27,38.05,38.515,38,38.315,25281320
2018-07-30,38.62,38.78,38.49,38.63,22779520
2018-07-31,38.7,38.805,38.4721,38.56,22580880
2018-08-01,38.225,38.24,37.82,38.025,22345040
2018-08-02,37.745,37.8875,37.5,37.815,19379426
2018-08-03,37.745,37.8125,37.43,37.62,15326350
2018-08-06,37.73,37.94,37.505,37.76,16398186
2018-08-07,38.145,38.25,37.92,38.04,23596580
2018-08-08,37.775,37.905,37.5375,37.765,18797510
2018-08-09,37.795,37.865,37.355,37.415,30452600
2018-08-10,37.33,37.645,37.255,37.645,33950360
2018-08-13,37.575,37.705,37.145,37.165,19621610
2018-08-14,37.45,37.505,37.1005,37.255,20873740
2018-08-15,36.9,36.96,35.85,35.955,52755500
2018-08-16,36.13,36.42,36.11,36.215,50025100
2018-08-17,36.31,36.4,36.1725,36.305,23062600
2018-08-20,36.315,36.6775,36.3,36.55,16691484
2018-08-21,36.855,37.03,36.6949,36.735,18885816
2018-08-22,36.965,37.2925,36.94,37.175,18689602
2018-08-23,37,37.065,36.86,37,12937788
2018-08-24,37.23,37.49,37.195,37.27,15503568
2018-08-27,37.395,37.5925,37.34,37.545,13952114
2018-08-28,37.615,37.77,37.36,37.385,16786938
2018-08-29,37.505,37.77,37.39,37.615,15520746
2018-08-30,37.6,37.675,37.3125,37.51,18500446
2018-08-31,37.395,37.405,37.065,37.22,17819118
2018-09-04,37.39,37.42,36.99,37.14,30188380
2018-09-05,36.97,37.11,36.595,37.09,19196066
2018-09-06,36.95,37.075,36.3075,36.405,28811880
2018-09-07,36.27,36.465,35.89,36.4,20262240
2018-09-10,36.585,36.735,36.3725,36.385,17801902
2018-09-11,36.35,36.94,36.25,36.73,28550620
2018-09-12,37.03,37.285,36.91,36.92,25378780
2018-09-13,36.86,37.005,36.615,36.935,22074800
2018-09-14,36.94,37.27,36.925,37.13,18988352
2018-09-17,37.225,37.44,37.1013,37.19,29455000
2018-09-18,37.455,37.6875,37.4275,37.435,20444840
2018-09-19,37.445,37.705,37.41,37.55,21823000
2018-09-20,37.71,37.855,37.515,37.56,25013360
2018-09-21,37.505,37.675,37.25,37.55,27403900
2018-09-24,37.88,38.265,37.85,38.1,25319200
2018-09-25,38.34,38.5067,38.29,38.345,25806000
2018-09-26,38.11,38.31,37.9075,37.975,25457120
2018-09-27,38.125,38.175,37.8725,37.975,21340300
2018-09-28,37.795,38.27,37.775,37.87,29666120
2018-10-01,38.01,38.555,38.01,38.395,25425020
2018-10-02,38.49,38.565,38.17,38.435,18936114
2018-10-03,38.6,38.86,38.49,38.745,26392140
2018-10-04,38.62,38.855,38.3599,38.585,30382460
2018-10-05,38.545,38.7047,38.3425,38.58,23966160
2018-10-08,38.295,38.61,38.145,38.55,23157160
2018-10-09,38.685,39.18,38.52,38.895,33633220
2018-10-10,38.96,39.023,37.5,37.675,52751360
2018-10-11,37.31,37.335,36.125,36.4,71129460
2018-10-12,36.76,36.87,35.945,36.5,47039260
2018-10-15,36.495,36.645,36.185,36.195,23137780
2018-10-16,36.295,36.56,36.1452,36.495,29140180
2018-10-17,36.425,36.535,35.9525,36.265,31608480
2018-10-18,35.93,36.42,35.855,36.085,33172440
2018-10-19,35.905,36.29,35.74,35.765,27116280
2018-10-22,35.74,35.815,35.155,35.37,24558240
2018-10-23,34.85,34.86,33.955,34.445,52945780
2018-10-24,34.61,34.62,33.075,33.085,56195900
2018-10-25,33.49,33.835,33.265,33.49,50666140
2018-10-26,33.215,33.65,32.69,33.24,51157880
2018-10-29,33.485,33.53,32.185,32.62,48612120
2018-10-30,32.6,33.455,32.45,33.375,52777080
2018-10-31,33.7,34.145,33.535,33.58,34572600
2018-11-01,33.65,34.025,33.305,33.865,42938420
2018-11-02,34.24,34.49,33.44,33.78,42407120
2018-11-05,34.19,34.48,34.1125,34.345,26439280
2018-11-06,34.43,34.58,34.095,34.505,26136100
2018-11-07,34.95,35.18,34.55,35.07,33325720
2018-11-08,34.91,35.185,34.184,34.31,30288420
2018-11-09,33.855,34.47,33.67,34.25,45835520
2018-11-12,34.485,34.63,33.47,33.54,36080340
2018-11-13,33.445,33.625,32.595,32.77,65457000
2018-11-14,33.28,33.405,32.415,32.715,45071780
2018-11-15,32.505,33.2375,32.215,33.195,31345320
2018-11-16,33.4,33.7025,33.235,33.59,39442800
2018-11-19,33.385,33.715,33.28,33.58,31164300
2018-11-20,33.14,33.22,32.23,32.48,52644860
2018-11-21,32.735,33.34,32.66,32.99,34660040
2018-11-23,32.17,32.285,31.72,31.955,28843540
2018-11-26,32.19,32.65,32.185,32.435,32772220
2018-11-27,32.27,32.58,32.16,32.345,44528500
2018-11-28,32.315,32.925,32.11,32.9,42290240
2018-11-29,32.925,33.38,32.8775,33.115,28826180
2018-11-30,32.825,33.15,32.66,33.055,36258040
2018-12-03,33.81,33.995,33.395,33.79,43482080
2018-12-04,33.805,33.915,32.76,32.82,36592620
2018-12-06,32.1,32.265,31.535,32.215,70691140
2018-12-07,32.83,33.315,31.98,32.035,54874220
2018-12-10,31.81,31.965,30.81,31.535,46764480
2018-12-11,32.02,32.08,31.215,31.545,34452020
2018-12-12,32.06,32.275,31.65,31.67,38528940
2018-12-13,31.595,31.97,31.455,31.77,30596500
2018-12-14,31.575,31.705,30.895,31.045,45787240
2018-12-17,30.965,31.225,30.26,30.48,41461500
2018-12-18,30.425,30.533,29.5955,29.76,53213860
2018-12-19,29.915,30.48,29.165,29.41,91094520
2018-12-20,29.05,29.495,28.42,28.595,77006700
2018-12-21,28.335,28.805,27.82,28.055,74787460
2018-12-24,27.725,27.86,26.895,26.92,31211840
2018-12-26,27.18,28.6,26.68,28.595,58187000
2018-12-27,28.02,28.78,27.64,28.745,48741940
2018-12-28,28.875,29.005,28.3501,28.525,38873640
2018-12-31,28.78,28.885,28.34,28.675,37410360
2019-01-02,28.22,29.435,28.0756,29.24,49767660
2019-01-03,29.325,29.43,28.62,28.95,36046180
2019-01-04,29.45,30.025,29.28,29.935,42698800
2019-01-07,30.16,30.5999,29.76,30.38,36112760
2019-01-08,30.805,30.875,30.45,30.615,37382760
2019-01-09,31.025,31.205,30.705,31.1,37510420
2019-01-10,30.865,31.23,30.69,31.19,38291060
2019-01-11,31.03,31.2042,30.73,31.005,28210980
2019-01-14,30.71,31.055,30.665,30.93,26336820
2019-01-15,31.1,31.335,30.885,31.04,19641934
2019-01-16,31.005,31.255,30.895,31,25080360
2019-01-17,30.765,31.42,30.695,31.285,20349520
2019-01-18,31.655,31.945,31.47,31.92,28346300
2019-01-22,31.57,31.64,31.14,31.225,39722740
2019-01-23,31.335,31.375,30.65,30.905,42337360
2019-01-24,30.84,31.35,30.715,31.07,26098360
2019-01-25,31.335,31.6611,31.2858,31.465,20459780
2019-01-28,31.05,31.165,30.81,31.15,24044820
2019-01-29,31.33,31.455,31.22,31.245,23768220
2019-01-30,31.44,31.785,31.27,31.685,24233080
2019-01-31,31.735,32.0375,31.65,31.89,35684140
2019-02-01,32.235,32.635,32.13,32.445,29539000
2019-02-04,32.225,32.53,31.985,32.52,19613734
2019-02-05,32.495,32.625,32.39,32.57,15701980
2019-02-06,32.415,32.505,32.3,32.33,13607518
2019-02-07,32.13,32.24,31.32,31.615,29200100
2019-02-08,31.53,31.605,30.935,31.47,21268440
2019-02-11,31.32,31.67,31.23,31.62,24985860
2019-02-12,32.045,32.2025,31.6498,32.02,21351980
2019-02-13,32.15,32.675,32.115,32.42,26117000
2019-02-14,32.305,32.7799,32.245,32.535,20426440
2019-02-15,32.875,33.085,32.8,33.06,20366280
2019-02-19,32.895,33.285,32.8475,33.16,17437146
2019-02-20,33.11,33.465,33.105,33.3,19869956
2019-02-21,33.195,33.28,32.665,32.785,23730100
2019-02-22,33.03,33.13,32.715,32.88,19895434
2019-02-25,32.775,33.045,32.745,32.935,31808920
2019-02-26,32.905,33.13,32.82,32.83,21101360
2019-02-27,32.99,33.295,32.8,32.955,20588020
2019-02-28,32.96,33.005,32.42,32.625,22498820
2019-03-01,32.8,33.23,32.8,33.225,40651620
2019-03-04,33.345,33.425,32.785,33.285,39559900
2019-03-05,33.33,33.345,32.94,33.175,31601300
2019-03-06,32.905,32.975,32.59,32.755,45381000
2019-03-07,32.775,32.8,32.43,32.56,46890160
2019-03-08,32.035,32.1,31.6525,31.95,31237380
2019-03-11,32.185,32.525,32.155,32.45,26416440
2019-03-12,32.505,32.825,32.495,32.66,22024860
2019-03-13,32.865,33.005,32.73,32.99,26411440
2019-03-14,33.02,33.19,32.9825,33.025,24626340
2019-03-15,32.74,32.855,32.63,32.755,24854720
2019-03-18,32.795,33.265,32.78,33.21,20134280
2019-03-19,33.375,33.545,32.985,33.12,24207400
2019-03-20,33.09,33.7095,32.99,33.41,27319900
2019-03-21,33.31,33.7,33.24,33.645,35755800
2019-03-22,33.34,33.395,32.61,32.735,39949660
2019-03-25,32.595,32.805,32.435,32.75,24692560
2019-03-26,33.13,33.445,33.04,33.22,23029300
2019-03-27,33.195,33.345,32.7325,32.985,19165294
2019-03-28,32.845,33.15,32.78,33.11,18298318
2019-03-29,33.43,33.51,32.95,33.06,20063760
2019-04-01,33.28,33.565,33.235,33.495,24817900
2019-04-02,33.58,33.6075,33.185,33.265,22293120
2019-04-03,33.36,33.425,32.8275,32.945,23978580
2019-04-04,32.965,33.245,32.805,33.22,21008680
2019-04-05,33.31,33.8425,33.295,33.805,34530800
2019-04-08,33.855,34.125,33.815,33.955,21201200
2019-04-09,33.855,33.855,33.435,33.54,29074780
2019-04-10,33.615,33.82,33.575,33.665,18751198
2019-04-11,33.635,33.9225,33.4275,33.69,21817140
2019-04-12,34.175,34.2,33.695,33.78,30845040
2019-04-15,33.74,33.82,33.525,33.58,16601362
2019-04-16,33.7,33.85,33.5775,33.8,16260460
2019-04-17,34.005,34.08,33.7075,33.755,21863280
2019-04-18,33.85,33.895,33.51,33.595,19516522
2019-04-22,33.905,34.3275,33.81,34.305,28327380
2019-04-23,34.33,34.405,34.0268,34.25,20423260
2019-04-24,34.28,34.3,33.635,33.65,22035280
2019-04-25,33.645,33.82,33.47,33.545,24121800
2019-04-26,33.3,33.31,32.82,33.11,33673760
2019-04-29,33.12,33.2575,33.015,33.08,25946580
2019-04-30,33.4,33.4225,33.015,33.055,28651080
2019-05-01,33.065,33.165,32.37,32.395,44311980
2019-05-02,32.19,32.385,31.815,31.83,56066020
2019-05-03,32.13,32.3775,32.055,32.125,39249120
2019-05-06,31.88,32.2575,31.85,32.155,40689320
2019-05-07,31.775,31.9,31.4675,31.875,30129440
2019-05-08,31.86,32.14,31.79,31.875,19647414
2019-05-09,31.725,31.995,31.4566,31.875,28819080
2019-05-10,31.875,32.105,31.425,32.025,26149900
2019-05-13,31.735,31.8875,31.325,31.475,28140040
2019-05-14,31.645,32.1275,31.615,31.86,18483912
2019-05-15,31.68,32.095,31.595,32.025,20184680
2019-05-16,32.105,32.32,32.105,32.2,18753238
2019-05-17,31.985,32.16,31.835,31.875,21111600
2019-05-20,31.88,32.04,31.825,31.89,16372648
2019-05-21,32.025,32.35,31.985,32.26,36760900
2019-05-22,32.065,32.14,31.655,31.76,19274242
2019-05-23,31.23,31.255,30.51,30.695,47927220
2019-05-24,30.94,31.06,30.5425,30.81,20306760
2019-05-28,30.83,30.885,30.445,30.49,25861280
2019-05-29,30.07,30.3125,29.89,30.295,33903180
2019-05-30,30.245,30.3,29.815,29.91,30347720
2019-05-31,29.5,29.77,29.385,29.385,43797080
2019-06-03,29.585,29.905,29.54,29.76,36049320
2019-06-04,30.04,30.345,29.96,30.275,29486860
2019-06-05,30.335,30.345,29.76,29.94,31764100
2019-06-06,30,30.61,30,30.495,64787840
2019-06-07,30.59,30.8275,30.515,30.635,31548140
2019-06-10,30.8,31,30.68,30.725,19675650
2019-06-11,30.995,31.095,30.775,30.785,19045258
2019-06-12,30.585,30.655,30.2525,30.35,27632900
2019-06-13,30.7,30.845,30.3419,30.705,24383880
2019-06-14,30.78,30.785,30.4323,30.505,15832832
2019-06-17,30.44,30.845,30.345,30.76,17590496
2019-06-18,30.96,31.37,30.905,31.185,34444280
2019-06-19,31.14,31.33,30.985,31.15,17655330
2019-06-20,31.65,31.89,31.615,31.84,51907940
2019-06-21,31.6,31.8925,31.6,31.78,32712660
2019-06-24,31.77,31.86,31.445,31.495,20793340
2019-06-25,31.475,31.505,31.2075,31.245,23774660
2019-06-26,31.56,31.965,31.48,31.725,28653560
2019-06-27,31.725,31.82,31.425,31.49,21218000
2019-06-28,31.565,31.885,31.565,31.855,34739480
2019-07-01,32.25,32.355,31.805,31.885,29827720
2019-07-02,31.79,31.855,31.235,31.375,24201040
2019-07-03,31.42,31.525,31.23,31.5,13974692
2019-07-05,31.385,31.575,31.315,31.545,14726712
2019-07-08,31.495,31.765,31.405,31.59,17256964
2019-07-09,31.54,31.635,31.33,31.615,14976262
2019-07-10,31.815,32.13,31.6046,32.02,23534760
2019-07-11,32.115,32.12,31.885,32.085,25362680
2019-07-12,32.105,32.33,32.105,32.22,16162748
2019-07-15,32.275,32.295,31.86,31.93,19077892
2019-07-16,31.865,31.92,31.4625,31.59,21174100
2019-07-17,31.565,31.665,31.21,31.23,27329320
2019-07-18,31.08,31.235,30.8975,31.235,25511140
2019-07-19,31.265,31.4825,31.12,31.38,19930578
2019-07-22,31.5,31.63,31.275,31.525,15688368
2019-07-23,31.525,31.695,31.43,31.61,14537636
2019-07-24,31.57,31.95,31.535,31.745,19815468
2019-07-25,31.865,31.905,31.29,31.385,20140700
2019-07-26,31.385,31.39,31.0901,31.225,19307646
2019-07-29,31.2,31.225,30.87,31.1,16569876
2019-07-30,30.975,31.525,30.9125,31.45,21602700
2019-07-31,31.45,31.7175,31.09,31.35,30556080
2019-08-01,31.005,31.15,30.4425,30.64,50381200
2019-08-02,30.765,30.945,29.89,30.2,43399860
2019-08-05,29.64,29.72,29.09,29.3,55153780
2019-08-06,29.375,29.545,28.95,29.265,33995020
2019-08-07,28.73,29.185,28.58,29.045,49604380
2019-08-08,29.24,29.895,29.105,29.88,46535680
2019-08-09,29.905,29.97,29.425,29.55,29186440
2019-08-12,29.48,29.525,29.0675,29.175,43837680
2019-08-13,29.07,29.7454,28.915,29.47,28795460
2019-08-14,28.84,28.91,28.27,28.315,47299460
2019-08-15,28.165,28.3,27.835,28.14,28612180
2019-08-16,28.29,28.595,28.195,28.51,42900620
2019-08-19,28.91,29.245,28.855,29.14,27763740
2019-08-20,29,29.035,28.785,28.895,19043756
2019-08-21,29.195,29.245,28.9725,29.08,24074800
2019-08-22,29.18,29.295,28.935,28.95,18707042
2019-08-23,28.605,28.875,27.8175,27.98,48818280
2019-08-26,28.225,28.375,27.98,28.1,21613160
2019-08-27,28.25,28.365,27.775,27.925,23667480
2019-08-28,28.07,28.4647,27.9276,28.325,31393080
2019-08-29,28.545,28.86,28.515,28.74,24664620
2019-08-30,28.85,29.1,28.57,28.74,26044680
2019-09-03,28.275,28.66,28.19,28.6,27929600
2019-09-04,29,29.125,28.915,29,22382240
2019-09-05,29.255,29.6825,29.21,29.36,29077040
2019-09-06,29.3,29.55,29.135,29.515,24468660
2019-09-09,29.755,30.175,29.695,30.105,49514460
2019-09-10,30.29,30.9,30.23,30.46,51436060
2019-09-11,30.63,30.87,30.325,30.49,45504040
2019-09-12,30.105,30.5223,29.855,30.3,38119040
2019-09-13,30.5,30.7,30.37,30.54,28123160
2019-09-16,31.82,31.825,31.2005,31.565,61355620
2019-09-17,31.585,31.595,30.915,31.125,52946360
2019-09-18,30.9,31.102,30.76,30.975,23235180
2019-09-19,31.16,31.23,30.8,30.895,28058880
2019-09-20,30.635,30.7575,30.49,30.64,40329240
2019-09-23,30.435,30.7295,30.4,30.65,18674120
2019-09-24,30.555,30.585,29.9825,30.165,41149780
2019-09-25,30.025,30.25,29.9552,30.215,20286540
2019-09-26,30.08,30.15,29.6675,29.82,28176680
2019-09-27,29.655,30.0425,29.6,29.815,31265260
2019-09-30,29.675,29.795,29.57,29.6,39638940
2019-10-01,29.7,29.81,28.91,28.915,32936260
2019-10-02,28.745,28.815,28.1225,28.205,38561340
2019-10-03,28.05,28.54,27.8218,28.51,42373780
2019-10-04,28.63,28.7275,28.34,28.69,22122940
2019-10-07,28.735,28.845,28.42,28.435,24608800
2019-10-08,28.145,28.365,27.91,27.95,41604540
2019-10-09,28.2,28.36,28.15,28.205,17869880
2019-10-10,28.3,28.635,28.255,28.56,20750060
2019-10-11,28.855,29.2125,28.805,28.945,48391500
2019-10-14,28.735,29.0325,28.625,28.93,24333660
2019-10-15,28.87,29.34,28.835,29.05,22534660
2019-10-16,28.95,29.155,28.635,28.645,24011060
2019-10-17,28.765,28.855,28.575,28.665,24578720
2019-10-18,28.59,28.82,28.51,28.515,20556320
2019-10-21,28.57,29.05,28.535,29.025,21006980
2019-10-22,29.115,29.735,29.0267,29.4,42216980
2019-10-23,29.35,29.705,29.225,29.645,24427240
2019-10-24,29.815,29.835,29.365,29.52,26411100
2019-10-25,29.53,29.845,29.49,29.76,23749960
2019-10-28,29.86,30.0295,29.54,29.59,23513100
2019-10-29,29.48,29.96,29.38,29.71,26936840
2019-10-30,29.78,29.795,28.99,29.105,31013380
2019-10-31,28.985,29.03,28.695,28.98,30064880
2019-11-01,29.125,29.6925,29.1,29.64,26620200
2019-11-04,29.98,30.695,29.975,30.605,43060420
2019-11-05,30.69,30.915,30.545,30.645,35110120
2019-11-06,30.6,30.665,29.935,30.02,35655800
2019-11-07,30.325,30.565,30.245,30.47,26483420
2019-11-08,30.285,30.385,30,30.345,20779700
2019-11-11,30.06,30.315,29.945,30.175,28960940
2019-11-12,30.265,30.43,29.865,30.02,25082500
2019-11-13,29.865,29.9925,29.765,29.89,21587900
2019-11-14,29.88,30.045,29.67,29.81,16233954
2019-11-15,29.935,30.155,29.9,30.04,18366926
2019-11-18,29.85,29.8836,29.55,29.675,25509620
2019-11-19,29.58,29.605,29.2,29.235,30760720
2019-11-20,29.225,29.745,29.045,29.53,34294260
2019-11-21,29.63,30.04,29.5325,30.015,31283360
2019-11-22,30.04,30.185,29.855,29.915,22983960
2019-11-25,29.88,29.995,29.765,29.945,24676320
2019-11-26,29.985,29.995,29.56,29.67,26806320
2019-11-27,29.705,29.805,29.5,29.745,19336548
2019-11-29,29.5,29.605,29.336,29.445,15660452
2019-12-02,29.545,29.735,29.41,29.445,30781980
2019-12-03,29.185,29.235,28.9,29.005,34256620
2019-12-04,29.26,29.53,29.165,29.44,34860840
2019-12-05,29.565,29.6,29.2,29.3,21788320
2019-12-06,29.425,29.9476,29.42,29.86,33459300
2019-12-09,29.63,29.965,29.63,29.825,17678118
2019-12-10,29.925,29.995,29.755,29.885,17572276
2019-12-11,29.84,30.04,29.775,29.835,24872680
2019-12-12,29.88,30.4875,29.845,30.385,44984740
2019-12-13,30.49,30.685,30.135,30.155,22744900
2019-12-16,30.37,30.68,30.355,30.56,22273640
2019-12-17,30.69,30.855,30.465,30.58,46309440
2019-12-18,30.545,30.8875,30.505,30.695,25884100
2019-12-19,30.7,30.7849,30.63,30.685,25540200
2019-12-20,30.48,30.7125,30.425,30.68,34840100
2019-12-23,30.645,31.015,30.6075,30.995,26949180
2019-12-24,31.065,31.11,30.9225,30.98,10074878
2019-12-26,31.115,31.22,30.93,30.97,20314340
2019-12-27,31.085,31.115,30.82,30.84,21437680
2019-12-30,30.06,30.115,29.805,29.85,29265940
2019-12-31,29.7,30.05,29.615,30.02,21458040
2020-01-02,30.22,30.335,30.115,30.29,23893940
2020-01-03,30.565,30.655,30.05,30.2,59031240
2020-01-06,30.305,30.59,30.2,30.435,44921420
2020-01-07,30.35,30.385,30,30.355,22986780
2020-01-08,30.325,30.36,29.815,29.855,38076160
2020-01-09,29.84,30.1025,29.49,30.075,30735200
2020-01-10,30.06,30.085,29.87,29.905,18302704
2020-01-13,29.86,30.0075,29.705,29.915,17559382
2020-01-14,29.85,29.955,29.655,29.92,34679740
2020-01-15,29.79,29.88,29.6125,29.7,21661600
2020-01-16,29.875,29.975,29.7325,29.75,16448974
2020-01-17,29.83,29.845,29.5075,29.56,23818240
2020-01-21,29.395,29.4,28.98,29.03,34709120
2020-01-22,28.975,28.9944,28.67,28.75,29355440
2020-01-23,28.45,28.7275,28.23,28.64,26556020
2020-01-24,28.51,28.6395,28.09,28.31,40781120
2020-01-27,27.74,27.85,27.49,27.525,43365080
2020-01-28,27.68,27.82,27.54,27.65,28600140
2020-01-29,27.805,27.905,27.325,27.36,27497900
2020-01-30,27.075,27.6075,27.005,27.58,48861100
2020-01-31,27.115,27.19,26.58,26.72,66861060
2020-02-03,26.685,26.725,26.275,26.37,42580860
2020-02-04,26.75,26.96,26.415,26.465,39639680
2020-02-05,26.905,27.555,26.89,27.46,68763940
2020-02-06,27.59,27.59,27.135,27.18,30801260
2020-02-07,26.975,27.105,26.8501,26.99,27387380
2020-02-10,26.85,26.915,26.69,26.855,29281180
2020-02-11,27.22,27.26,27.0325,27.155,27689180
2020-02-12,27.56,27.675,27.295,27.52,34399620
2020-02-13,27.445,27.5901,27.275,27.435,23949780
2020-02-14,27.53,27.55,27.12,27.29,25040220
2020-02-18,27.05,27.2854,26.8125,27.065,32629820
2020-02-19,27.245,27.535,27.0961,27.425,24910860
2020-02-20,27.495,27.7,27.325,27.395,26101660
2020-02-21,27.135,27.16,26.845,27.07,27616420
2020-02-24,26.05,26.2,25.74,25.82,66075000
2020-02-25,25.89,25.91,24.52,24.68,85674660
2020-02-26,24.77,24.89,23.925,23.935,97656620
2020-02-27,23.315,23.7625,22.645,22.655,122557460
2020-02-28,21.94,22.92,21.7575,22.635,137528640
2020-03-02,23.14,23.58,22.465,23.55,73285340
2020-03-03,23.685,23.995,22.575,22.83,97190620
2020-03-04,23.32,23.375,22.835,23.37,48969080
2020-03-05,22.7,22.805,22.1375,22.515,58774640
2020-03-06,21.75,21.945,20.93,21.25,123034820
2020-03-09,17.535,18.215,16.865,16.97,133113900
2020-03-10,18.335,18.41,16.68,17.775,96862280
2020-03-11,17.225,17.525,16.565,16.835,86985740
2020-03-12,15.595,16,14.69,14.735,77658140
2020-03-13,15.98,16.11,14.4,16.095,68196840
2020-03-16,13.975,15.5575,13.835,13.905,80467180
2020-03-17,14.04,14.59,13.475,14,90887120
2020-03-18,13.02,13.29,11.44,11.99,104271620
2020-03-19,12.165,12.855,11.4901,12.805,104452920
2020-03-20,13.13,13.4175,12.38,12.93,116714460
2020-03-23,12.565,12.645,11.575,11.785,96520420
2020-03-24,12.7,13.745,12.7,13.675,89022160
2020-03-25,13.975,15,13.37,14.32,104869800
2020-03-26,14.465,15.5,14.285,15.195,93836140
2020-03-27,14.56,14.605,14.08,14.165,73056840
2020-03-30,13.975,14.435,13.545,14.31,84254800
2020-03-31,14.71,15,14.24,14.53,68701220
2020-04-01,14.06,14.24,13.6152,13.81,47652920
2020-04-02,14.505,15.88,14.13,15.075,146256300
2020-04-03,15.55,15.655,14.4875,14.915,127668660
2020-04-06,15.25,15.81,15.045,15.705,76041440
2020-04-07,16.48,16.935,16.01,16.04,103019000
2020-04-08,16.38,17.165,16.245,17.11,83811620
2020-04-09,17.77,18.23,16.3122,16.955,182763080
2020-04-13,17.545,17.61,16.63,16.9,67685680
2020-04-14,16.985,17.19,16.71,16.82,72648140
2020-04-15,16.15,16.19,15.53,16.03,73421080
2020-04-16,15.99,16.04,15.3225,15.345,64605800
2020-04-17,15.665,16.995,15.655,16.975,91706880
2020-04-20,15.975,17.05,15.89,16.445,112789940
2020-04-21,15.97,16.4475,15.695,16.155,120861520
2020-04-22,16.885,16.995,16.505,16.73,73788280
2020-04-23,17.24,17.6725,17.07,17.27,83207300
2020-04-24,17.615,17.77,17.035,17.31,64883040
2020-04-27,17.18,17.81,16.7879,17.685,46576080
2020-04-28,17.95,18.2,17.66,18.09,59138020
2020-04-29,18.685,19.495,18.67,19.43,71074980
2020-04-30,19.54,19.54,18.72,19,84040120
2020-05-01,18.61,18.75,17.705,17.925,58531860
2020-05-04,17.595,18.56,17.51,18.545,52780460
2020-05-05,19.305,19.46,18.495,18.56,68733440
2020-05-06,18.65,18.81,18.06,18.075,47350100
2020-05-07,18.585,18.8967,18.415,18.545,48481000
2020-05-08,18.98,19.4,18.87,19.39,49681160
2020-05-11,19.26,19.315,18.96,19.05,46531320
2020-05-12,19.24,19.265,18.69,18.715,56128980
2020-05-13,18.59,18.615,17.7347,17.865,68994880
2020-05-14,17.55,18.2348,17.15,18.065,61968380
2020-05-15,18.07,18.445,17.835,17.995,54427720
2020-05-18,19.025,19.59,18.975,19.465,73194800
2020-05-19,19.49,19.55,18.905,18.92,53940640
2020-05-20,19.31,19.71,19.209,19.675,54521300
2020-05-21,19.735,19.8125,19.205,19.36,56241740
2020-05-22,19.205,19.26,18.845,19.24,38495000
2020-05-26,19.855,19.98,19.7225,19.775,74888560
2020-05-27,20.065,20.18,19.47,20.03,71225660
2020-05-28,20.08,20.08,19.375,19.47,54358820
2020-05-29,19.3,19.525,18.975,19.38,71509660
2020-06-01,19.35,19.8275,19.09,19.72,47739540
2020-06-02,19.935,20.29,19.91,20.27,50318460
2020-06-03,20.59,20.96,20.55,20.865,54601740
2020-06-04,20.75,20.95,20.45,20.87,54849440
2020-06-05,21.915,22.6225,21.895,22.42,100393400
2020-06-08,23.235,23.44,22.715,23.43,95069420
2020-06-09,22.68,22.745,22.2375,22.55,87399000
2020-06-10,22.34,22.36,21.43,21.44,80976900
2020-06-11,19.945,20.5215,19.355,19.42,96304480
2020-06-12,20.275,20.42,19.37,19.91,85635060
2020-06-15,19.06,20.175,18.85,19.97,65705600
2020-06-16,20.92,20.95,19.96,20.545,64093400
2020-06-17,20.465,20.47,19.84,19.845,46736060
2020-06-18,19.645,20.3075,19.525,20.09,36937860
2020-06-19,20.715,20.72,19.765,19.785,53934180
2020-06-22,19.44,19.69,19.21,19.625,38896400
2020-06-23,19.92,19.97,19.5825,19.645,29611660
2020-06-24,19.34,19.345,18.43,18.555,64725940
2020-06-25,18.38,18.9775,18.285,18.91,48034440
2020-06-26,18.775,18.775,18.1675,18.255,67722200
2020-06-29,18.3,18.66,18.2175,18.5,38905640
2020-06-30,18.35,19.035,18.1575,18.925,41886880
2020-07-01,19,19.255,18.44,18.465,49146840
2020-07-02,18.845,19.105,18.6286,18.67,41558340
2020-07-06,19,19.135,18.49,18.725,45084340
2020-07-07,18.49,18.515,18.1,18.13,41821820
2020-07-08,18.13,18.41,17.965,18.115,41301720
2020-07-09,18.035,18.085,17.2,17.22,61087160
2020-07-10,17.12,17.79,17.12,17.77,50455940
2020-07-13,17.935,18.005,17.54,17.675,74447560
2020-07-14,17.555,18.33,17.505,18.295,68442240
2020-07-15,18.76,18.81,18.415,18.69,51805060
2020-07-16,18.565,18.8425,18.33,18.605,37645520
2020-07-17,18.665,18.87,18.265,18.345,35433800
2020-07-20,18.28,18.49,18.025,18.04,40153040
2020-07-21,18.35,19.275,18.325,19.13,72377680
2020-07-22,18.925,18.925,18.62,18.895,39243380
2020-07-23,18.83,18.955,18.62,18.86,42087780
2020-07-24,18.86,19.14,18.6825,18.755,39901140
2020-07-27,18.73,18.86,18.495,18.775,36461980
2020-07-28,18.665,18.8425,18.405,18.455,35553780
2020-07-29,18.505,18.855,18.38,18.84,34430040
2020-07-30,18.445,18.455,17.9375,18.1,65667440
2020-07-31,17.825,18.035,17.6475,18.015,49548840
2020-08-03,18.01,18.18,17.86,18.08,42211080
2020-08-04,18.02,18.56,18.0029,18.52,45144260
2020-08-05,18.885,18.95,18.5425,18.715,61527000
2020-08-06,18.61,18.7775,18.495,18.565,38381480
2020-08-07,18.4,18.635,18.185,18.59,36753160
2020-08-10,18.73,19.1725,18.685,19.165,52616140
2020-08-11,19.54,19.765,19.01,19.1,53026280
2020-08-12,19.39,19.515,19.085,19.29,51067740
2020-08-13,19.135,19.295,18.87,18.915,31522100
2020-08-14,18.765,19.125,18.695,19.095,26559320
2020-08-17,19.1,19.1099,18.88,18.985,28511640
2020-08-18,18.915,19.098,18.6875,18.745,28697540
2020-08-19,18.73,18.815,18.47,18.53,29587880
2020-08-20,18.255,18.375,18.125,18.13,38215380
2020-08-21,18.06,18.0951,17.845,18.015,34695580
2020-08-24,18.125,18.64,18.0175,18.51,49653980
2020-08-25,18.61,18.635,18.16,18.25,40237100
2020-08-26,18.225,18.225,17.84,17.865,36002440
2020-08-27,17.87,18.02,17.68,17.9,44519300
2020-08-28,17.97,18.275,17.88,18.22,29150100
2020-08-31,18.245,18.27,17.825,17.825,37583080
2020-09-01,17.745,17.785,17.485,17.705,36521900
2020-09-02,17.7,17.805,17.51,17.62,47700940
2020-09-03,17.585,17.95,17.385,17.49,78884640
2020-09-04,17.67,17.79,17.22,17.435,68682040
2020-09-08,17.105,17.185,16.61,16.8,98437700
2020-09-09,16.99,17.085,16.855,16.915,49955240
2020-09-10,16.965,16.985,16.265,16.295,74006680
2020-09-11,16.33,16.415,16.175,16.31,50794540
2020-09-14,16.355,16.585,16.24,16.435,38888420
2020-09-15,16.545,16.695,16.2675,16.315,51220880
2020-09-16,16.46,17.19,16.32,16.97,71798040
2020-09-17,16.7,17.01,16.535,16.995,44713480
2020-09-18,16.985,16.9975,16.6325,16.805,52812740
2020-09-21,16.13,16.17,15.715,15.985,61439160
2020-09-22,15.995,16.25,15.79,15.82,44697440
2020-09-23,15.88,15.94,15.085,15.105,52969200
2020-09-24,15.05,15.375,14.77,15.1,70487560
2020-09-25,14.945,15.2025,14.85,15.09,55116860
2020-09-28,15.3625,15.615,15.3425,15.445,52751940
2020-09-29,15.4,15.435,14.87,15.02,47602980
2020-09-30,15.115,15.29,14.905,14.975,49148980
2020-10-01,14.81,14.8725,14.425,14.515,56730500
2020-10-02,14.125,14.7799,14.1,14.655,57410420
2020-10-05,14.785,15.105,14.7475,15.095,63144460
2020-10-06,15.315,15.4,14.83,14.87,62223100
2020-10-07,14.955,15.12,14.7825,15.08,42086040
2020-10-08,15.205,15.655,15.1325,15.645,61126140
2020-10-09,15.785,15.825,15.3675,15.395,51035880
2020-10-12,15.345,15.49,15.185,15.435,33369200
2020-10-13,15.435,15.525,15.15,15.195,50767540
2020-10-14,15.23,15.615,15.2,15.26,54490960
2020-10-15,15,15.45,14.865,15.445,40721160
2020-10-16,15.415,15.435,15.07,15.095,37422980
2020-10-19,15.15,15.225,14.76,14.775,50372100
2020-10-20,14.86,15.0775,14.76,14.95,45987560
2020-10-21,14.865,14.9475,14.66,14.665,49315260
2020-10-22,14.69,15.29,14.595,15.27,65655420
2020-10-23,15.35,15.44,15.005,15.195,49975460
2020-10-26,14.935,14.955,14.505,14.65,60801940
2020-10-27,14.635,14.64,14.425,14.46,43193520
2020-10-28,14.105,14.195,13.775,13.855,81098180
2020-10-29,13.675,14.325,13.49,14.28,74504220
2020-10-30,14.18,14.37,14.015,14.36,75807440
2020-11-02,14.555,15.045,14.285,14.85,83786220
2020-11-03,15.1,15.11,14.63,14.765,69754900
2020-11-04,14.785,15.14,14.385,14.785,87227300
2020-11-05,14.805,15.08,14.755,14.785,63591520
2020-11-06,14.785,15.005,14.405,14.465,66446440
2020-11-09,16.2,16.895,14.4584,16.53,198713420
2020-11-10,16.84,17.065,16.49,17.065,146676200
2020-11-11,17.25,17.285,16.73,16.89,93085000
2020-11-12,16.595,16.83,16.17,16.345,77197220
2020-11-13,16.47,17.0225,16.45,16.94,78881980
2020-11-16,17.66,18.095,17.4425,18.055,95865320
2020-11-17,17.82,18.25,17.585,18.24,78020120
2020-11-18,18.395,18.465,17.71,17.71,82000360
2020-11-19,17.585,18.035,17.405,18,65872420
2020-11-20,17.955,18.035,17.7809,17.905,39506500
2020-11-23,18.185,19.195,18.165,19.17,76324680
2020-11-24,19.815,20.2082,19.6375,20.155,106932060
2020-11-25,20.025,20.025,19.575,19.685,71352340
2020-11-27,19.575,19.735,19.3,19.455,37510720
2020-11-30,19.24,19.265,18.3475,18.38,83087120
2020-12-01,18.89,18.995,18.4325,18.465,68958940
2020-12-02,18.405,19.355,18.3425,19.065,75483600
2020-12-03,19.15,19.5,18.955,19.265,72975340
2020-12-04,19.615,20.3275,19.615,20.315,103700460
2020-12-07,20.075,20.12,19.65,19.84,69313200
2020-12-08,19.595,20.3325,19.59,20.135,57854700
2020-12-09,20.34,20.67,19.935,20.18,86691780
2020-12-10,20.205,21.04,20.15,20.8,77604380
2020-12-11,20.66,20.665,20.27,20.56,56152200
2020-12-14,20.875,20.88,19.7675,19.84,79884340
2020-12-15,19.95,20.33,19.7625,20.23,58691520
2020-12-16,20.28,20.355,19.99,20.13,47628860
2020-12-17,20.31,20.315,19.915,20.035,46363380
2020-12-18,19.995,20.105,19.545,19.7,73140300
2020-12-21,18.705,19.2323,18.5075,19.065,80158900
2020-12-22,19.025,19.09,18.725,18.745,50208400
2020-12-23,18.905,19.425,18.9,19.16,53931820
2020-12-24,19.185,19.185,18.87,19.06,22902900
2020-12-28,19.13,19.37,18.8843,18.94,37824560
2020-12-29,19.055,19.11,18.725,18.815,37968500
2020-12-30,18.83,19.2875,18.785,19.11,56436620
2020-12-31,19.025,19.105,18.865,18.95,36309700
2021-01-04,19.17,19.33,18.755,18.98,67717660
2021-01-05,19.185,20.35,19.1675,19.83,95473440
2021-01-06,20.22,20.625,19.96,20.435,86262740
2021-01-07,20.615,20.945,20.4,20.735,51457200
2021-01-08,21,21,20.545,20.71,62743940
2021-01-11,20.26,21.1175,20.145,21.035,46903180
2021-01-12,21.29,21.885,21.13,21.77,87947280
2021-01-13,21.845,21.855,21.435,21.6,54764420
2021-01-14,21.735,22.5,21.715,22.24,83314600
2021-01-15,21.845,21.85,21.165,21.375,95497000
2021-01-19,21.635,21.955,21.565,21.805,55619480
2021-01-20,21.99,22.045,21.67,21.885,50725620
2021-01-21,21.765,21.875,20.9475,21.145,59990100
2021-01-22,20.68,21.0925,20.51,21.035,50444700
2021-01-25,20.805,20.885,20.44,20.82,81823280
2021-01-26,21.005,21.32,20.365,20.375,54999680
2021-01-27,20.04,20.66,19.755,20.1,99867220
2021-01-28,20.265,20.58,20.08,20.335,57248200
2021-01-29,20.05,20.31,19.5875,19.66,63068960
2021-02-01,19.9,20,19.47,19.8,61021400
2021-02-02,20.275,20.495,20.0125,20.015,63929020
2021-02-03,20.12,20.9245,20.045,20.87,74385680
2021-02-04,21.025,21.105,20.6525,21.1,48327800
2021-02-05,21.43,21.5,21.2175,21.28,48196460
2021-02-08,21.59,22.274,21.57,22.17,62368240
2021-02-09,21.995,22.065,21.6425,21.935,64798720
2021-02-10,22.01,22.375,21.87,22.355,58450980
2021-02-11,22.285,22.29,21.5425,22.01,49632680
2021-02-12,21.8525,22.355,21.815,22.335,47400860
2021-02-16,22.85,23.16,22.7325,22.895,76593400
2021-02-17,23.13,23.3825,22.795,23.235,69070760
2021-02-18,23.135,23.18,22.6375,22.71,61360120
2021-02-19,22.74,23.18,22.7125,23.09,54404180
2021-02-22,23.245,24.2325,23.205,23.89,75644500
2021-02-23,24.175,24.355,23.255,24.285,98370840
2021-02-24,24.445,25.29,24.24,25.145,77748880
2021-02-25,25.405,25.405,24.49,24.66,75887840
2021-02-26,24.33,24.4,23.365,24.075,90308820
2021-03-01,24.71,25.04,24.53,24.7,69391580
2021-03-02,24.79,24.99,24.55,24.565,74468180
2021-03-03,24.745,25.49,24.74,24.925,82574440
2021-03-04,25.15,25.98,24.915,25.52,107573840
2021-03-05,26.245,26.535,25.59,26.475,112395760
2021-03-08,26.735,26.875,26.14,26.525,100610100
2021-03-09,26.375,26.7557,25.8738,26.06,118889540
2021-03-10,26.1,26.81,25.975,26.72,78416540
2021-03-11,26.775,27.1825,26.67,26.73,50797400
2021-03-12,26.78,27.0247,26.5825,26.785,59786740
2021-03-15,26.725,26.8,26.16,26.48,60491700
2021-03-16,26.04,26.065,25.565,25.725,77287080
2021-03-17,25.65,26.05,25.43,25.925,64552260
2021-03-18,25.695,25.81,24.655,24.76,87207100
2021-03-19,24.75,25.175,24.43,24.765,81158500
2021-03-22,24.45,24.5425,24.22,24.27,59561740
2021-03-23,23.78,24.45,23.63,23.915,103196220
2021-03-24,24.28,24.845,24.28,24.515,81630720
2021-03-25,24.105,24.675,23.715,24.605,80670260
2021-03-26,25.05,25.25,24.765,25.215,72348620
2021-03-29,25,25.13,24.61,24.915,47286140
2021-03-30,24.66,24.965,24.515,24.7,53392260
2021-03-31,24.65,24.76,24.4325,24.53,48097400
2021-04-01,24.64,25.165,24.51,25.155,65039500
2021-04-05,25.105,25.11,24.41,24.555,53372280
2021-04-06,24.675,25.0025,24.45,24.49,53257800
2021-04-07,24.5,24.7,24.41,24.575,49888700
2021-04-08,24.4,24.405,23.975,24.255,63766660
2021-04-09,24.25,24.46,23.985,24.095,44373480
2021-04-12,24.305,24.48,23.82,23.905,39196260
2021-04-13,23.865,24.06,23.69,23.93,44825340
2021-04-14,24.14,24.9175,24.115,24.595,66767860
2021-04-15,24.625,24.625,24.295,24.395,49686240
2021-04-16,24.575,24.635,24.0975,24.2,57189020
2021-04-19,24.25,24.4275,23.9375,24.175,40827880
2021-04-20,24.09,24.125,23.295,23.535,72573920
2021-04-21,23.235,23.92,23.125,23.835,56991060
2021-04-22,23.95,23.9579,23.4751,23.555,50062900
2021-04-23,23.575,23.875,23.435,23.77,33904740
2021-04-26,23.68,24.11,23.68,23.93,35891780
2021-04-27,24.02,24.305,23.91,24.22,42268880
2021-04-28,24.4,25.15,24.38,25.055,65873980
2021-04-29,25.415,25.645,25.025,25.335,66042500
2021-04-30,24.975,25.32,24.64,24.695,58518960
2021-05-03,24.98,25.44,24.9,25.375,45740080
2021-05-04,25.425,25.615,25.1,25.39,53917520
2021-05-05,25.705,26.2875,25.49,26.21,46924280
2021-05-06,26.205,26.345,25.7175,26.345,58710460
2021-05-07,26.075,26.8575,25.98,26.815,63196240
2021-05-10,27.15,27.57,26.805,26.825,68998000
2021-05-11,26.265,26.6411,25.905,26.135,113531820
2021-05-12,26.27,27.035,26.14,26.26,82195520
2021-05-13,25.945,26.425,25.59,25.94,79698140
2021-05-14,26.225,26.845,26.225,26.745,57183660
2021-05-17,26.65,27.375,26.61,27.365,67377640
2021-05-18,27.325,27.4225,26.68,26.73,70435360
2021-05-19,26.105,26.36,25.7,26.065,87969640
2021-05-20,26.055,26.145,25.655,26.025,56522660
2021-05-21,26.285,26.4675,26.06,26.08,50539780
2021-05-24,26.26,26.4,25.9659,26.34,48020380
2021-05-25,26.275,26.345,25.765,25.805,48558500
2021-05-26,25.83,26.1275,25.71,26.035,39554480
2021-05-27,26.14,26.375,25.91,26.055,39053540
2021-05-28,26.2,26.235,25.965,26.105,37130980
2021-06-01,26.62,27.1687,26.605,27.11,72570300
2021-06-02,27.275,27.745,26.955,27.615,67893440
2021-06-03,27.5,27.845,27.325,27.69,58761660
2021-06-04,27.87,27.99,27.4625,27.875,52658820
2021-06-07,27.87,28.04,27.715,27.755,40070380
2021-06-08,27.66,28.045,27.33,27.995,57553000
2021-06-09,28.075,28.195,27.805,27.82,56052240
2021-06-10,28.195,28.325,27.49,27.785,57353900
2021-06-11,27.885,28.04,27.655,27.69,38091500
2021-06-14,27.79,27.96,27.3453,27.57,37745100
2021-06-15,27.745,28.1675,27.675,28.095,64285040
2021-06-16,28.05,28.2725,27.7,27.945,60786340
2021-06-17,27.875,28.11,26.63,26.995,106941860
2021-06-18,26.43,26.765,26.175,26.195,113812240
2021-06-21,26.145,27.0825,26.145,27.035,84366760
2021-06-22,26.97,27.32,26.675,27.215,48344340
2021-06-23,27.465,27.775,27.24,27.29,40552980
2021-06-24,27.415,27.545,27.15,27.525,41756800
2021-06-25,27.6,27.685,27.4425,27.67,38329940
2021-06-28,27.55,27.565,26.625,26.735,65702900
2021-06-29,26.895,27.045,26.57,26.605,31910960
2021-06-30,26.685,27.0142,26.66,26.935,47034040
2021-07-01,27.55,27.635,27.15,27.405,47251660
2021-07-02,27.29,27.435,27.055,27.345,30471900
2021-07-06,27.255,27.305,26.345,26.455,68446240
2021-07-07,26.415,26.66,25.735,26.025,60823860
2021-07-08,25.565,26.1175,25.475,25.875,49379760
2021-07-09,26.207,26.445,25.9,26.425,51206080
2021-07-12,26.125,26.5425,25.94,26.385,41353060
2021-07-13,26.255,26.42,26.03,26.185,49786800
2021-07-14,26.265,26.57,25.305,25.405,66999400
2021-07-15,25.13,25.435,24.93,25.05,59670800
2021-07-16,25.24,25.25,24.2925,24.34,74253800
2021-07-19,23.51,23.815,23.15,23.48,114994820
2021-07-20,23.49,24.045,23.29,23.795,83342040
2021-07-21,24.265,24.825,24.21,24.625,82042640
2021-07-22,24.6,24.6,24.14,24.35,47270060
2021-07-23,24.43,24.44,24.015,24.26,46951880
2021-07-26,24.32,24.96,24.275,24.86,47266200
2021-07-27,24.665,24.705,24.34,24.63,46888360
2021-07-28,24.695,25.06,24.47,24.855,39169280
2021-07-29,25.175,25.285,24.945,25.095,43794020
2021-07-30,25.045,25.15,24.545,24.695,49600680
2021-08-02,24.71,25.31,24.47,24.51,57810800
2021-08-03,24.43,24.98,24.2,24.93,64302100
2021-08-04,24.48,24.7825,24.2175,24.255,64523840
2021-08-05,24.405,24.831,24.3,24.53,45799980
2021-08-06,24.74,24.95,24.62,24.755,36214760
2021-08-09,24.425,24.6,24.24,24.405,42193420
2021-08-10,24.535,24.9,24.505,24.835,53283080
2021-08-11,24.77,25.0725,24.615,25.03,47686160
2021-08-12,25.01,25.145,24.7,25.005,36538100
2021-08-13,25.02,25.02,24.65,24.71,33050720
2021-08-16,24.375,24.385,24.04,24.255,48259820
2021-08-17,24.02,24.395,23.79,24.005,51108220
2021-08-18,24,24.1875,23.4751,23.505,56305760
2021-08-19,23.1,23.25,22.57,22.895,99256260
2021-08-20,22.685,23.0875,22.585,22.945,61587560
2021-08-23,23.5,23.87,23.45,23.805,58704420
2021-08-24,24.005,24.3225,23.965,24.2,45382120
2021-08-25,24.15,24.5175,23.99,24.385,39817540
2021-08-26,24.245,24.38,23.975,24.015,41465340
2021-08-27,24.315,24.82,24.26,24.655,46202660
2021-08-30,24.75,24.845,24.355,24.365,31817780
2021-08-31,24.245,24.465,24.14,24.2,53873180
2021-09-01,24.175,24.315,23.755,23.845,63459840
2021-09-02,24.065,24.645,24.065,24.45,61643300
2021-09-03,24.4,24.58,24.1952,24.31,39167960
2021-09-07,24.195,24.4975,24.075,24.165,42481600
2021-09-08,24.3,24.46,23.84,23.855,43798300
2021-09-09,23.695,24.28,23.5675,23.905,50529520
2021-09-10,24.275,24.325,23.82,23.895,37513080
2021-09-13,24.205,24.7452,24.205,24.58,68499660
2021-09-14,24.8,24.8445,24.1175,24.225,58935760
2021-09-15,24.57,25.15,24.53,25.13,76694960
2021-09-16,25.105,25.11,24.7075,24.845,60643720
2021-09-17,24.72,25.11,24.5955,24.66,64459060
2021-09-20,23.775,23.905,23.235,23.62,85660020
2021-09-21,23.9,24.025,23.425,23.675,51323500
2021-09-22,24.075,24.69,24.075,24.405,79252140
2021-09-23,24.54,25.335,24.425,25.26,49734300
2021-09-24,25.125,25.58,25.075,25.45,55503060
2021-09-27,26.01,26.46,25.975,26.355,81697360
2021-09-28,26.605,26.915,26.385,26.445,132975300
2021-09-29,26.42,26.61,26.095,26.445,69894360
2021-09-30,26.37,26.515,26.045,26.045,89198840
2021-10-01,26.235,26.945,26.235,26.92,83312020
2021-10-04,27.2075,27.6575,27.0825,27.36,114815780
2021-10-05,27.75,28.025,27.2325,27.52,98029620
2021-10-06,27.065,27.3775,26.75,27.23,100174860
2021-10-07,27.3,27.59,27.165,27.44,77596160
2021-10-08,27.73,28.35,27.665,28.285,86200420
2021-10-11,28.71,28.795,28.1525,28.18,86021500
2021-10-12,28.125,28.476,28.0105,28.205,71038260
2021-10-13,28,28.325,27.685,28.18,57902540
2021-10-14,28.5,28.645,28.24,28.525,46792220
2021-10-15,28.845,28.955,28.65,28.665,45354820
2021-10-18,28.945,29.105,28.525,28.685,65257540
2021-10-19,28.805,29.11,28.6475,29.01,44552500
2021-10-20,28.79,29.25,28.675,29.245,50212520
2021-10-21,29.02,29.125,28.4701,28.705,64241760
2021-10-22,28.81,28.9975,28.5375,28.975,43005060
2021-10-25,29.33,29.56,29.175,29.4,50112180
2021-10-26,29.5,29.705,29.3898,29.57,45503180
2021-10-27,29.25,29.41,28.655,28.72,68007560
2021-10-28,28.565,28.9475,28.56,28.925,46735000
2021-10-29,29.07,29.135,28.615,28.735,43997860
2021-11-01,29.02,29.31,28.94,29.23,49656740
2021-11-02,29.06,29.285,28.86,28.955,34125400
2021-11-03,28.605,29.015,28.485,28.715,46674720
2021-11-04,29.14,29.215,28.495,28.755,76363220
2021-11-05,29.15,29.26,28.8875,29.13,45207020
2021-11-08,29.375,29.7,29.2325,29.395,40022320
2021-11-09,29.43,29.5225,29.01,29.515,39377980
2021-11-10,29.39,29.485,28.5625,28.735,72032920
2021-11-11,28.755,29.04,28.755,28.845,48996580
2021-11-12,28.725,28.89,28.6,28.775,34189980
2021-11-15,28.75,29.1825,28.505,29.015,42751320
2021-11-16,29.1,29.295,28.92,29.06,40958840
2021-11-17,28.775,29.19,28.515,28.615,47338980
2021-11-18,28.55,28.7725,28.1,28.445,57910920
2021-11-19,27.83,27.905,27.275,27.335,91379620
2021-11-22,27.295,28.24,27.29,27.82,67794660
2021-11-23,28.185,28.77,28.16,28.675,67727300
2021-11-24,28.525,29.12,28.4862,28.955,42868640
2021-11-26,27.52,27.88,27.07,27.79,89454460
2021-11-29,28.395,28.68,27.86,27.95,70882440
2021-11-30,27.425,27.84,27.16,27.295,92523940
2021-12-01,27.935,28.19,26.99,27.005,89599360
2021-12-02,27.02,27.89,26.7,27.79,100743820
2021-12-03,28.165,28.29,27.305,27.57,75880220
2021-12-06,27.995,28.31,27.65,27.98,63939100
2021-12-07,28.37,28.905,28.335,28.635,73686700
2021-12-08,28.795,28.935,28.57,28.63,47029980
2021-12-09,28.45,28.525,28.235,28.41,46798820
2021-12-10,28.715,28.735,28.1101,28.62,39051260
2021-12-13,28.365,28.45,27.69,27.825,57207940
2021-12-14,27.655,28.1351,27.615,27.71,57597700
2021-12-15,27.67,27.7375,26.96,27.575,67716180
2021-12-16,27.815,28.3175,27.705,27.75,53731800
2021-12-17,27.55,27.675,26.94,27.185,69669140
2021-12-20,26.115,26.525,25.83,26.505,72661580
2021-12-21,26.775,27.3575,26.765,27.26,50319380
2021-12-22,27.29,27.62,26.96,27.435,42206160
2021-12-23,27.555,27.83,27.44,27.45,33370560
2021-12-27,27.36,28.075,27.13,28.05,43484320
2021-12-28,28.12,28.304,27.875,28.03,35881460
2021-12-29,27.985,28.12,27.715,27.85,30218140
2021-12-30,27.86,28.08,27.655,27.68,27179980
2021-12-31,27.61,27.8925,27.565,27.75,26482360
2022-01-03,27.79,28.655,27.775,28.61,65054280
2022-01-04,29,29.715,28.905,29.6,79957600
2022-01-05,29.89,30.22,29.55,29.595,90804040
2022-01-06,30.29,30.4225,29.83,30.255,74681340
2022-01-07,30.37,30.75,30.16,30.67,71169180
2022-01-10,30.74,30.8,30.1753,30.575,66472960
2022-01-11,30.84,31.67,30.5801,31.615,76887740
2022-01-12,31.785,31.8675,31.445,31.675,60496700
2022-01-13,31.675,31.93,31.385,31.515,59553980
2022-01-14,31.545,32.3075,31.525,32.255,64800940
2022-01-18,32.6,32.765,31.89,32.385,82182340
2022-01-19,32.635,32.67,31.895,32.15,65978060
2022-01-20,31.94,32.71,31.79,31.855,83980800
2022-01-21,31.495,31.695,30.8925,31.225,114539560
2022-01-24,30.485,31.545,29.92,31.435,124589280
2022-01-25,31.315,32.775,30.735,32.655,118434420
2022-01-26,33,33.265,32.245,32.6,130725480
2022-01-27,33.175,33.53,32.41,32.955,108901380
2022-01-28,32.735,33.135,32.13,32.815,105302400
2022-01-31,32.74,33.17,32.22,32.96,63298360
2022-02-01,32.765,34.215,32.69,34.135,90444640
2022-02-02,33.96,34.31,33.54,34.245,65197060
2022-02-03,34.105,34.175,33.55,33.92,61962540
2022-02-04,34.35,35,34.27,34.45,81733440
2022-02-07,34.285,35.215,34.025,34.89,65164920
2022-02-08,34.785,34.855,33.9,34.14,75764240
2022-02-09,34.22,34.69,34.135,34.425,70791440
2022-02-10,34.255,34.87,33.985,34.21,75643240
2022-02-11,34.44,35.25,34.225,35.205,93034020
2022-02-14,34.99,35.0299,33.965,34.375,99633000
2022-02-15,33.53,34.095,33.34,34.015,86144800
2022-02-16,34.285,34.885,34.08,34.29,73444220
2022-02-17,34.26,34.5925,33.9701,34.235,67622860
2022-02-18,33.75,34.295,33.695,34.025,63291540
2022-02-22,35.055,35.055,32.97,33.475,93002740
2022-02-23,33.67,34.08,33.475,33.82,67957960
2022-02-24,34.54,34.58,32.6805,33.555,123485860
2022-02-25,33.63,34.475,33.63,34.44,78422920
2022-02-28,34.195,35.33,34.005,35.29,96394260
2022-03-01,35.605,36.245,35.145,35.645,124230920
2022-03-02,36.19,36.7501,36.015,36.46,90908200
2022-03-03,36.105,36.8095,36.03,36.56,89119760
2022-03-04,36.555,37.635,36.46,37.615,105251780
2022-03-07,38.005,38.78,37.3175,38.17,131214720
2022-03-08,39.04,40.11,37.665,38.77,196054360
2022-03-09,37.35,38.47,36.75,37.585,174036480
2022-03-10,38.03,38.8325,37.76,38.735,137802680
2022-03-11,38.115,38.905,38.055,38.425,91837720
2022-03-14,37.605,37.87,36.775,37.275,101490020
2022-03-15,35.83,36.325,35.22,35.91,124724400
2022-03-16,36.045,36.36,35.37,35.745,107536120
2022-03-17,36.38,37.0675,36.1544,36.975,76956300
2022-03-18,36.91,37.19,36.6604,36.94,58550780
2022-03-21,37.33,38.185,37.31,38.065,68714860
2022-03-22,37.905,38.115,37.355,37.785,66462100
2022-03-23,38.495,38.79,38.31,38.435,58663060
2022-03-24,38.58,38.91,38.2725,38.53,52700560
2022-03-25,38.3,39.425,38.2675,39.375,56099240
2022-03-28,38.565,38.58,38.1525,38.4,69760380
2022-03-29,37.54,38.32,37.095,38.3,73273940
2022-03-30,38.67,39.02,38.4286,38.745,49736460
2022-03-31,38.38,39.105,38.215,38.22,65606580
2022-04-01,38.17,38.8875,38.145,38.53,49612580
2022-04-04,38.78,38.905,38.17,38.58,46007340
2022-04-05,38.65,39.245,37.93,37.975,54577120
2022-04-06,38.39,38.735,37.9875,38.2,64328380
2022-04-07,38.38,38.83,37.67,38.7,54097380
2022-04-08,38.805,39.875,38.805,39.765,53426100
2022-04-11,39.34,39.35,38.4825,38.57,52461000
2022-04-12,39.35,39.925,39.1325,39.21,63929420
2022-04-13,39.69,39.905,39.035,39.795,49295880
2022-04-14,39.605,40.24,39.545,39.925,51869440
2022-04-18,40.255,40.75,40.005,40.51,60913140
2022-04-19,40.3,40.695,39.945,40.18,45727860
2022-04-20,40.285,40.55,39.896,40.335,52079320
2022-04-21,40.575,40.755,38.905,39.055,65157700
2022-04-22,38.9,39.4575,38.0825,38.1,71499280
2022-04-25,36.9,37.0375,35.5,36.84,110724400
2022-04-26,37.115,37.9,36.795,36.89,89168700
2022-04-27,37.125,37.795,36.46,37.43,89132520
2022-04-28,37.68,38.88,36.94,38.565,87469700
2022-04-29,38.65,38.87,37.44,37.575,79416240
2022-05-02,37.345,38.19,37.23,38.175,104141240
2022-05-03,38.245,39.425,38.22,39.245,83298880
2022-05-04,40,40.9575,39.49,40.875,90767460
2022-05-05,41.165,41.205,39.4375,40.26,93193920
2022-05-06,40.78,41.465,39.9625,41.46,94245640
2022-05-09,40.57,40.605,37.875,38.03,106043920
2022-05-10,38.615,39.345,37.565,38.375,113727800
2022-05-11,39.015,40.165,38.825,38.89,99705080
2022-05-12,38.875,39.075,37.84,39.055,90043540
2022-05-13,39.635,40.55,39.565,40.39,59437400
2022-05-16,40.535,41.88,40.51,41.455,56518800
2022-05-17,42.015,42.1892,41.56,41.935,56329300
2022-05-18,42.235,42.285,40.3675,40.86,66461380
2022-05-19,39.93,41.395,39.93,40.71,71441000
2022-05-20,41.21,41.6959,40.065,40.885,63840000
2022-05-23,41.37,42.11,41.1125,41.965,53289340
2022-05-24,41.5,42.3,41.18,42.125,53127680
2022-05-25,42.27,43.055,42.21,42.995,52648000
2022-05-26,43.255,43.7925,43.2251,43.47,42678300
2022-05-27,43.275,44.385,43.17,44.265,37334500
2022-05-31,44.995,45.23,43.365,43.6,78681160
2022-06-01,44.15,44.6325,43.665,44.31,59297160
2022-06-02,44,44.48,43.7312,44.17,52605440
2022-06-03,44.225,44.895,44.175,44.755,41050660
2022-06-06,44.97,45,44.465,44.705,33384620
2022-06-07,44.675,46.1,44.64,46.04,51378740
2022-06-08,46.265,46.655,45.8552,46.14,56985360
2022-06-09,45.745,46.035,45.07,45.12,49176280
2022-06-10,44.6,45.27,43.8419,44.355,62543520
2022-06-13,43.01,43.055,41.205,42.04,89462700
2022-06-14,42.885,43.435,41.57,42.12,69512820
2022-06-15,42.025,42.235,40.495,41.19,86446300
2022-06-16,40.095,40.3125,38.535,38.87,115958300
2022-06-17,38.6,38.885,36.2975,36.745,128468380
2022-06-21,37.305,38.48,37.24,38.22,70013500
2022-06-22,36.38,37.335,36.1775,36.69,82425240
2022-06-23,36.865,37.13,34.735,35.33,113842300
2022-06-24,35.935,36.555,35.415,35.795,94797020
2022-06-27,36.21,37.0975,36.165,36.845,67958800
2022-06-28,37.72,38.45,37.27,37.84,79600800
2022-06-29,38.365,38.495,36.4222,36.525,71183920
2022-06-30,35.74,36.6825,35.435,35.755,75533480
2022-07-01,36.19,36.445,35.065,36.29,69203980
2022-07-05,35.54,35.7075,34.095,34.85,89865880
2022-07-06,34.475,35.095,33.225,34.255,96419020
2022-07-07,35.185,35.77,35.1,35.49,67587120
2022-07-08,35.92,36.07,34.98,35.475,43940620
2022-07-11,35.03,35.43,34.665,35.135,45508240
2022-07-12,34.215,34.6525,33.83,34.45,64690300
2022-07-13,33.95,35.115,33.95,34.395,58978080
2022-07-14,33.19,33.785,32.74,33.745,73273540
2022-07-15,34.48,34.515,33.785,34.295,59920500
2022-07-18,35.21,35.66,34.915,35.08,51453520
2022-07-19,35.03,36.25,35.02,36.16,48776360
2022-07-20,35.76,36.675,35.61,36.51,41849420
2022-07-21,35.51,35.905,34.83,35.87,43159180
2022-07-22,36.01,36.365,35.3675,35.575,40836340
2022-07-25,36.065,36.915,35.635,36.88,39112000
2022-07-26,37.32,37.4825,36.2975,36.545,37228740
2022-07-27,36.78,37.5565,36.405,37.37,44810700
2022-07-28,37.705,37.9625,36.885,37.58,46665340
2022-07-29,38.265,39.33,38.19,39.21,51667620
2022-08-01,38.54,38.6375,37.885,38.4,51331000
2022-08-02,38.405,38.695,37.97,38.31,39864340
2022-08-03,38.4725,38.585,36.98,37.21,57013140
2022-08-04,36.955,37.06,35.695,35.83,55991000
2022-08-05,35.345,36.855,35.345,36.54,45179540
2022-08-08,36.5,37.06,36.445,36.73,37765300
2022-08-09,37.25,37.85,37.185,37.375,34683100
2022-08-10,37.46,37.8575,36.72,37.645,34788340
2022-08-11,38.35,39.27,38.2355,38.94,60531560
2022-08-12,38.685,39.255,38.52,39.235,38380940
2022-08-15,37.815,38.68,37.47,38.47,42024420
2022-08-16,38.525,38.93,38.1375,38.38,39357560
2022-08-17,38.205,39.1,38.105,38.7,45472320
2022-08-18,39.13,39.78,39.06,39.74,46865940
2022-08-19,39.64,40.0031,39.41,39.73,39488460
2022-08-22,39.39,39.9,38.74,39.655,45696140
2022-08-23,40.305,41.395,40.275,41.085,54367020
2022-08-24,41.09,41.6475,40.905,41.59,49093200
2022-08-25,41.83,42.1175,41.505,41.91,39798560
2022-08-26,41.825,42.28,41.235,41.42,38635100
2022-08-29,41.4,42.59,41.295,42.045,52125060
2022-08-30,41.325,41.335,40.285,40.62,57641720
2022-08-31,39.615,40.92,39.47,40.25,58304520
2022-09-01,39.655,39.805,38.71,39.26,56604200
2022-09-02,40.225,40.51,39.765,39.98,57188160
2022-09-06,40.355,40.49,39.445,39.61,45568260
2022-09-07,38.745,39.32,38.39,39.15,60541340
2022-09-08,39.325,39.515,38.845,39.32,53681520
2022-09-09,40.025,40.495,39.7275,40.3,38678760
2022-09-12,40.89,41.485,40.54,41.04,41731820
2022-09-13,40.4,41.09,39.825,40.005,61146080
2022-09-14,40.38,41.425,40.38,41.135,54384300
2022-09-15,40.405,40.575,39.8775,40.075,55886300
2022-09-16,39.95,39.98,38.65,39.22,70403680
2022-09-19,37.73,38.845,37.64,38.82,37625860
2022-09-20,38.55,38.7725,38.095,38.55,42299680
2022-09-21,39.275,39.3301,37.97,37.985,68705860
2022-09-22,38.675,38.8,37.82,37.85,57748060
2022-09-23,36.38,36.45,34.97,35.24,105475640
2022-09-26,35.02,35.46,34.33,34.375,72159640
2022-09-27,34.97,35.405,34.565,34.76,67671100
2022-09-28,35.11,36.4975,34.9,36.3,63147500
2022-09-29,36.035,36.375,35.4,36.3,48563000
2022-09-30,36.01,36.51,35.66,36.01,43369400
2022-10-03,37.305,38.245,37.245,38.045,69550620
2022-10-04,38.815,39.715,38.51,39.68,66330860
2022-10-05,39.665,40.815,39.325,40.5,61273700
2022-10-06,40.17,41.345,40.14,41.22,52670240
2022-10-07,41.305,41.77,40.605,40.9,56915320
2022-10-10,41.06,41.41,39.93,40.06,46331680
2022-10-11,39.31,40.425,39.145,39.74,53842200
2022-10-12,39.48,40.3375,39.22,40.06,41102420
2022-10-13,39.535,41.855,39.525,41.695,70134840
2022-10-14,41.24,41.8351,40.06,40.14,53510620
2022-10-17,40.77,41.31,40.525,40.64,37988380
2022-10-18,40.975,41.375,40.205,40.995,50375820
2022-10-19,41.115,42.36,41.1,42.205,62527540
2022-10-20,42.525,42.915,41.9906,42.245,50523700
2022-10-21,42.48,43.55,42.37,43.465,50548360
2022-10-24,43.44,43.975,43.205,43.67,44992080
2022-10-25,43.5,43.915,43.265,43.715,37683660
2022-10-26,43.88,44.66,43.85,44.31,45412920
2022-10-27,44.92,45.22,44.335,44.47,50021280
2022-10-28,44.95,45.315,43.825,44.625,49327920
2022-10-31,44.185,45.59,44.135,45,59520860
2022-11-01,45.755,45.7749,45.16,45.435,43510860
2022-11-02,45.29,45.525,44.235,44.34,56499140
2022-11-03,44.07,45.4125,43.945,45.16,53634500
2022-11-04,46.165,46.51,45.07,45.71,60590620
2022-11-07,45.805,46.64,45.725,46.495,38775440
2022-11-08,46.405,46.74,45.9675,46.54,43718500
2022-11-09,45.91,46.055,44.165,44.265,63027920
2022-11-10,45.18,45.3,44.25,45.25,58488220
2022-11-11,46.115,46.805,46.005,46.565,51082580
2022-11-14,46.43,47.355,46.425,46.55,46245280
2022-11-15,46.725,47.16,46.42,47.04,51542160
2022-11-16,46.62,46.905,45.84,46.08,47277200
2022-11-17,45.375,46.22,45.14,46.18,42859800
2022-11-18,45.325,45.94,44.755,45.815,47366120
2022-11-21,44.82,45.315,43.6425,45.195,85153540
2022-11-22,45.76,46.715,45.55,46.61,53754920
2022-11-23,45.765,46.3975,45.595,46.105,41197300
2022-11-25,46.135,46.46,45.855,45.935,15182622
2022-11-28,44.81,45.375,44.5252,44.675,58300480
2022-11-29,45.17,45.615,45.005,45.35,38048380
2022-11-30,45.855,45.945,44.8575,45.575,43830260
2022-12-01,45.895,46.125,45.27,45.425,38902040
2022-12-02,45.11,45.6895,44.89,45.155,36769940
2022-12-05,45.6,45.78,43.44,43.815,51753840
2022-12-06,43.54,44.065,42.365,42.66,64930220
2022-12-07,42.65,43.2099,42.185,42.56,48894180
2022-12-08,43.515,43.61,42.1325,42.37,51280720
2022-12-09,42.235,42.7,41.325,41.34,48097880
2022-12-12,41.575,42.525,41.4125,42.425,42184840
2022-12-13,43.25,43.59,42.8875,43.23,54557380
2022-12-14,43.525,43.68,42.58,42.965,52675520
2022-12-15,42.59,42.805,41.98,42.705,40415100
2022-12-16,41.9,42.38,41.605,42.18,59101060
2022-12-19,42.19,42.325,41.44,41.745,36836620
2022-12-20,41.875,42.645,41.7125,42.375,28593020
2022-12-21,43.24,43.375,42.605,43.18,34058220
2022-12-22,43.225,43.25,41.34,42.185,37359320
2022-12-23,42.745,43.54,42.525,43.53,29629920
2022-12-27,43.72,44.18,43.56,43.995,32749280
2022-12-28,43.935,43.935,42.875,43.01,31837940
2022-12-29,42.83,43.655,42.81,43.46,26915820
2022-12-30,43.23,43.82,43.225,43.735,22661820
2023-01-03,43.46,43.68,41.675,42.2,53082840
2023-01-04,41.575,42.44,41.415,42.195,45705160
2023-01-05,42.125,43.2,42.005,42.965,38723700
2023-01-06,43.52,44.315,43.41,43.78,44422380
2023-01-09,44.44,44.51,43.4825,43.625,46003220
2023-01-10,43.91,44.025,43.245,43.935,31599000
2023-01-11,44.32,44.43,43.5925,44.07,32902980
2023-01-12,44.335,45.2,44.25,44.91,36716080
2023-01-13,44.875,45.0827,44.4,44.975,31808320
2023-01-17,45.08,45.54,44.885,45.07,33933200
2023-01-18,45.28,45.785,44.2,44.245,38075300
2023-01-19,43.99,44.975,43.895,44.795,34293720
2023-01-20,44.89,45.395,44.435,45.24,28560060
2023-01-23,45.57,45.795,45.155,45.3,29305080
2023-01-24,45.15,45.23,44.23,45.125,29772880
2023-01-25,44.905,45.13,44.19,45.13,26861240
2023-01-26,45.86,46.575,45.3,46.555,36663020
2023-01-27,46.305,46.535,45.54,45.615,34841080
2023-01-30,45.285,45.35,44.5075,44.57,27524900
2023-01-31,44.42,45.0325,43.965,44.965,27848280
2023-02-01,44.755,44.945,43.5,44.08,46967200
2023-02-02,43.91,43.995,42.6,43.075,49803020
2023-02-03,43.255,43.955,42.935,42.98,45454820
2023-02-06,43.02,43.345,42.2575,42.785,31714340
2023-02-07,43.055,44.24,42.83,44.175,41014040
2023-02-08,44.14,44.365,43.5275,43.78,26967160
2023-02-09,43.785,43.925,43.3725,43.405,32150320
2023-02-10,44.125,45.195,44.085,45.105,40003260
2023-02-13,44.875,45.1625,44.41,44.99,24744900
2023-02-14,44.635,45.3325,44.51,45.005,27022620
2023-02-15,44.5,44.595,43.675,44.24,31944240
2023-02-16,44,44.3775,43.76,43.805,25314180
2023-02-17,43.125,43.155,42.06,42.245,44680460
2023-02-21,42.06,42.52,41.955,42.035,33622560
2023-02-22,41.92,42.315,41.395,41.755,40270420
2023-02-23,42.385,42.63,41.8475,42.385,35023340
2023-02-24,41.76,42.39,41.52,42.33,37496780
2023-02-27,42.415,42.6386,42.105,42.455,30676380
2023-02-28,42.885,42.9,41.81,41.845,38007640
2023-03-01,41.88,42.885,41.725,42.67,37093940
2023-03-02,42.595,43.205,42.46,43.045,32804980
2023-03-03,42.53,43.845,42.5,43.63,50675200
2023-03-06,43.39,43.72,43.2125,43.65,33898320
2023-03-07,43.39,43.5005,42.7775,42.89,37000360
2023-03-08,42.7,43.245,42.0416,42.45,39399040
2023-03-09,42.695,43.295,41.8375,41.85,37888120
2023-03-10,41.85,42.44,41.075,41.315,56624740
2023-03-13,40.26,41.1975,39.555,40.475,83326900
2023-03-14,40.47,41.785,40.1525,40.875,61066380
2023-03-15,39.375,39.675,38.1175,38.68,115347020
2023-03-16,37.83,39.2,37.6775,39.1,88803660
2023-03-17,38.875,39.1975,38.17,38.485,67351560
2023-03-20,38.05,39.1,38.05,38.85,52288720
2023-03-21,39.65,40.3175,39.53,40.195,59712460
2023-03-22,40.22,40.405,39.31,39.34,49209400
2023-03-23,39.555,39.8975,38.42,38.795,49486220
2023-03-24,38.025,39.0975,37.9025,38.945,41299220
2023-03-27,39.355,40,39.04,39.775,40223860
2023-03-28,39.55,40.565,39.535,40.39,32596700
2023-03-29,40.79,40.9925,40.525,40.95,36204540
2023-03-30,41.29,41.35,40.89,41.13,27460800
2023-03-31,41.235,41.4825,41.0825,41.415,32294660
2023-04-03,43.16,43.57,42.935,43.29,62452240
2023-04-04,43.42,43.475,42.125,42.505,49362980
2023-04-05,42.61,43.145,42.255,43.145,40552260
2023-04-06,43.08,43.124,42.4025,42.49,33378540
2023-04-10,42.65,43.32,42.65,42.83,26977300
2023-04-11,43.07,43.505,42.825,43.235,25575160
2023-04-12,43.535,43.625,43.135,43.265,33334360
2023-04-13,43.2,43.645,43.095,43.535,31384520
2023-04-14,43.595,43.8694,43.36,43.615,23560160
2023-04-17,43.47,43.65,42.95,43.1,23761980
2023-04-18,43,43.38,42.785,43.27,24493520
2023-04-19,42.88,43.155,42.645,43.12,34246140
2023-04-20,42.52,42.75,42.22,42.74,30396240
2023-04-21,42.895,42.915,42.3,42.49,33757560
2023-04-24,42.355,43.34,42.34,43.14,25251840
2023-04-25,42.72,42.795,42.08,42.33,30665220
2023-04-26,42.03,42.42,41.51,41.765,40070020
2023-04-27,41.74,42.02,41.345,41.915,34114680
2023-04-28,41.765,42.795,41.62,42.565,38228540
2023-05-01,42.03,42.54,41.8622,42.085,27821380
2023-05-02,41.58,41.645,39.87,40.255,67647980
2023-05-03,39.74,40.205,39.48,39.495,59367540
2023-05-04,39.51,39.91,38.9359,39.055,52860960
2023-05-05,40.135,40.43,39.895,40.115,39073300
2023-05-08,40.7,40.875,40.11,40.115,32711900
2023-05-09,39.8,40.51,39.7125,40.13,41421240
2023-05-10,40.33,40.41,39.375,39.675,36052000
2023-05-11,39.115,39.405,38.9,39.2,38168280
2023-05-12,39.395,39.66,38.9751,39.26,37913280
2023-05-15,39.405,39.685,39.095,39.46,32544560
2023-05-16,39.275,39.445,38.4325,38.49,44521720
2023-05-17,38.885,39.44,38.6,39.23,46200660
2023-05-18,38.995,39.5625,38.75,39.515,33154260
2023-05-19,39.88,40.13,39.595,39.82,36122180
2023-05-22,39.67,40.059,39.595,39.655,26943540
2023-05-23,40.035,40.535,39.9275,40.08,42803740
2023-05-24,40.395,40.565,39.915,40.255,33474300
2023-05-25,39.675,39.76,39.17,39.54,38250900
2023-05-26,39.78,39.89,39.18,39.385,28785740
2023-05-30,38.7,39.025,38.55,38.98,40331620
2023-05-31,38.37,38.665,38.165,38.295,44797620
2023-06-01,38.385,39.205,38.125,38.77,51623680
2023-06-02,39.495,40.14,39.225,39.95,55278780
2023-06-05,40.5325,40.3075,39.615,39.685,37826200
2023-06-06,39.16,40.04,39.12,40.005,34750720
2023-06-07,40.2,41.115,40.175,41.065,60654280
2023-06-08,41.12,41.2575,40.21,40.89,46162280
2023-06-09,40.87,41.07,40.555,40.665,38388120
2023-06-12,40.055,40.68,40,40.275,36392260
2023-06-13,40.72,41.2575,40.445,40.465,40136420
2023-06-14,40.865,41.045,39.75,40.05,47605380
2023-06-15,40.12,40.795,40.11,40.49,46777080
2023-06-16,40.64,40.755,40.3125,40.43,47461760
2023-06-20,39.81,39.8525,38.885,39.18,42567320
2023-06-21,39.02,39.8225,38.96,39.49,34473740
2023-06-22,39.13,39.175,38.815,38.96,33510760
2023-06-23,38.54,38.7825,38.3605,38.68,34905120
2023-06-26,38.75,39.595,38.66,39.375,32488600
2023-06-27,39.335,39.635,39.105,39.465,28388380
2023-06-28,39.425,39.915,39.075,39.865,32903260
2023-06-29,40.015,40.325,39.8,40.325,28435780
2023-06-30,40.6,40.79,40.3,40.585,35970580
2023-07-03,40.685,40.985,40.53,40.68,19539782
2023-07-05,40.85,40.8575,40.225,40.455,32560680
2023-07-06,40.015,40.295,39.2425,39.545,41967780
2023-07-07,39.35,40.7675,39.32,40.395,48916060
2023-07-10,40.29,40.79,40.26,40.71,30925020
2023-07-11,40.895,41.67,40.815,41.605,39642040
2023-07-12,41.945,42.225,41.73,41.99,43077520
2023-07-13,41.99,42.2475,41.44,41.83,53226480
2023-07-14,41.56,41.6,40.625,40.725,43988180
2023-07-17,40.58,40.82,40.46,40.645,32464620
2023-07-18,40.55,41.4775,40.485,41.055,43214580
2023-07-19,41.055,41.575,40.965,41.295,37520960
2023-07-20,41.635,41.865,41.43,41.78,35449800
2023-07-21,41.935,42.17,41.665,42.15,31529020
2023-07-24,42.365,43.14,42.35,42.83,44539600
2023-07-25,42.81,43.305,42.55,43.055,33606520
2023-07-26,42.7,43.24,42.64,43.07,32788020
2023-07-27,43.305,43.48,42.675,42.795,35550600
2023-07-28,42.765,42.9325,42.3,42.925,34636580
2023-07-31,43.3,43.865,43.175,43.74,36266480
2023-08-01,43.565,43.66,43.0671,43.535,35809280
2023-08-02,43.24,43.46,42.6,42.965,45923040
2023-08-03,43.08,43.79,42.845,43.4,41633960
2023-08-04,43.71,44.12,43.41,43.46,43208300
2023-08-07,43.705,43.795,43.3822,43.51,26821540
2023-08-08,42.805,43.7425,42.4825,43.725,37237120
2023-08-09,44.15,44.68,43.875,44.275,52085620
2023-08-10,44.34,44.845,43.97,44.27,39226500
2023-08-11,44.25,45,44.24,44.95,46689200
2023-08-14,44.825,44.945,44.46,44.76,30189460
2023-08-15,44.45,44.5,43.75,43.83,44982460
2023-08-16,43.875,44.35,43.42,43.45,37995460
2023-08-17,44.06,44.57,43.905,43.97,40464300
2023-08-18,43.715,44.46,43.575,44.405,35307300
2023-08-21,44.585,44.765,43.8191,44.125,30488480
2023-08-22,44.18,44.335,43.7575,43.785,25739480
2023-08-23,43.31,43.715,42.935,43.675,38798560
2023-08-24,43.28,43.835,43.25,43.375,33455020
2023-08-25,43.635,44.015,43.255,43.795,38036820
2023-08-28,43.91,44.42,43.8344,44.09,25718200
2023-08-29,44.25,44.255,43.77,44.21,27019320
2023-08-30,44.41,44.51,44.235,44.43,27890120
2023-08-31,44.595,44.67,44.14,44.46,29617380
2023-09-01,44.95,45.4175,44.94,45.37,35764160
2023-09-05,45.625,46.075,45.58,45.61,48737400
2023-09-06,45.52,45.875,45.295,45.63,40324300
2023-09-07,45.72,45.9525,45.5044,45.585,30729140
2023-09-08,45.8,46.355,45.775,46.025,34751720
2023-09-11,46.36,46.5,45.235,45.42,44095000
2023-09-12,45.91,46.54,45.825,46.49,53599340
2023-09-13,46.535,46.63,45.9,46.14,36315380
2023-09-14,46.62,46.8425,46.48,46.68,37099800
2023-09-15,46.25,46.705,46.005,46.005,49612740
2023-09-18,46.14,46.275,45.7165,46.055,33746660
2023-09-19,46.4,46.465,45.355,45.625,36271800
2023-09-20,45.4,45.915,45.17,45.2,35942000
2023-09-21,45.51,45.615,44.505,44.58,43446220
2023-09-22,44.915,45.215,44.6125,44.655,42072060
2023-09-25,44.535,45.285,44.535,45.215,35073760
2023-09-26,44.825,45.225,44.755,44.955,33459960
2023-09-27,45.515,46.205,45.3125,46.075,46289420
2023-09-28,45.875,46.3925,45.77,46.125,48462740
2023-09-29,46.055,46.235,45.0225,45.195,48369140
2023-10-02,45.135,45.255,43.99,44.295,50599800
2023-10-03,44.19,44.35,43.83,44.265,41466560
2023-10-04,43.605,43.68,42.455,42.875,59572320
2023-10-05,42.26,42.985,42.26,42.61,47036920
2023-10-06,42.61,43.255,42.13,42.865,51481100
2023-10-09,44.015,44.48,43.7006,44.295,61489060
2023-10-10,44.335,44.6425,44.085,44.35,41700500
2023-10-11,43.895,43.94,43.2769,43.78,47145320
2023-10-12,44.245,44.285,43.6262,43.83,39986440
2023-10-13,44.545,45.01,44.355,44.795,48532260
2023-10-16,45.085,45.2275,44.665,45.095,38365280
2023-10-17,44.995,45.705,44.9275,45.565,40423920
2023-10-18,45.75,46.17,45.645,45.98,47616780
2023-10-19,45.82,46.28,45.385,45.9,63297060
2023-10-20,45.82,45.99,44.9725,45.13,46549560
2023-10-23,44.87,44.875,44.195,44.4,51888140
2023-10-24,44.51,44.545,43.76,43.775,44271600
2023-10-25,43.805,44.03,43.475,43.695,41412640
2023-10-26,43.295,43.555,42.9226,43.355,44770340
2023-10-27,43.31,43.4725,42.17,42.315,53809420
2023-10-30,42.465,42.77,42.045,42.455,45530680
2023-10-31,42.505,42.685,42.08,42.595,37205700
2023-11-01,42.865,43.095,42.435,42.495,46082500
2023-11-02,42.6,43.82,42.355,43.78,45322980
2023-11-03,43.7,43.8375,43.075,43.34,47235000
2023-11-06,43.685,43.685,42.725,42.85,41035400
2023-11-07,42.29,42.365,41.7125,41.9,47550300
2023-11-08,41.74,42.015,41.358,41.375,50742000
2023-11-09,41.68,41.775,41.225,41.25,38232240
2023-11-10,41.715,41.805,41.31,41.705,34583560
2023-11-13,41.77,42.09,41.64,42.005,28447360
2023-11-14,42.165,42.4975,42.095,42.38,34723980
2023-11-15,42.315,42.8332,42.24,42.3,33043520
2023-11-16,41.9,42.06,41.0525,41.475,53165920
2023-11-17,41.83,42.625,41.73,42.345,48859340
2023-11-20,42.52,42.77,42.395,42.405,29098980
2023-11-21,42.205,42.385,41.907,42.31,26973780
2023-11-22,41.465,42.325,41.23,42.29,36550240
2023-11-24,42.275,42.78,42.25,42.465,19152594
2023-11-27,42.245,42.39,41.92,42.315,24501820
2023-11-28,42.4,42.715,42.245,42.325,28921800
2023-11-29,42.59,42.6425,41.8725,42.01,45267980
2023-11-30,42.37,42.895,41.785,42.29,58364580
2023-12-01,42.24,43.0125,42.05,42.51,43047940
2023-12-04,42.2,42.58,42.005,42.315,37070280
2023-12-05,42.29,42.37,41.55,41.575,37747160
2023-12-06,41.305,41.595,40.795,40.955,62306600
2023-12-07,41.145,41.3475,40.5275,40.675,40908820
2023-12-08,40.945,41.24,40.8625,41.115,34127260
2023-12-11,41.15,41.3,40.96,41.165,29344120
2023-12-12,40.785,40.83,40.37,40.6,45386680
2023-12-13,40.625,41.1775,40.435,41.165,46445640
2023-12-14,41.58,42.43,41.58,42.375,60717380
2023-12-15,41.995,42.23,41.8,42.15,46366360
2023-12-18,42.49,42.705,42.05,42.09,42447140
2023-12-19,42.17,42.64,42.075,42.595,36862460
2023-12-20,42.745,42.995,42.15,42.2,39818180
2023-12-21,42.285,42.43,41.9675,42.365,26062880
2023-12-22,42.67,42.8575,42.4225,42.49,25038240
2023-12-26,42.85,43.0825,42.72,42.855,25983460
2023-12-27,42.855,43,42.51,42.665,20238200
2023-12-28,42.445,42.6075,42,42.015,26198100
2023-12-29,42.16,42.2,41.795,41.92,24345460
2024-01-02,42.215,42.76,42.155,42.37,39301800
2024-01-03,42.435,43.2125,42.22,43.06,37936000
2024-01-04,43.37,43.555,42.28,42.305,42049040
2024-01-05,42.71,42.73,42.1441,42.34,34029300
2024-01-08,41.62,41.9,41.0513,41.85,47218680
2024-01-09,41.905,41.95,41.0875,41.18,33750460
2024-01-10,41.26,41.2753,40.61,40.775,33159760
2024-01-11,40.995,41.1,40.715,40.88,38588580
2024-01-12,41.51,41.6725,41.09,41.34,38769200
2024-01-16,41.25,41.305,40.33,40.355,36031260
2024-01-17,39.94,40.42,39.85,40.02,39284280
2024-01-18,40.03,40.065,39.4911,39.955,35705600
2024-01-19,39.935,40.09,39.795,40.085,39940220
2024-01-22,40,40.3225,39.74,40.235,30136720
2024-01-23,40.17,40.645,40.11,40.32,24709220
2024-01-24,40.53,40.915,40.34,40.895,33840980
2024-01-25,41.185,41.83,40.94,41.815,37609440
2024-01-26,41.77,42.14,41.4625,42.125,36469520
2024-01-29,42.06,42.125,41.625,42.065,29680640
2024-01-30,41.65,42.51,41.49,42.5,35341120
2024-01-31,42.5,42.58,41.685,41.705,38580740
2024-02-01,41.955,42.15,41.315,41.7,51101380
2024-02-02,42.05,42.09,41.41,41.76,38075020
2024-02-05,41.505,41.9025,41.2025,41.655,31593620
2024-02-06,41.86,42.2,41.615,41.79,28056300
2024-02-07,41.91,42.0875,41.535,41.875,26920460
2024-02-08,41.85,42.46,41.84,42.305,36201080
2024-02-09,42.385,42.565,41.61,41.655,38073340
2024-02-12,41.8,42.235,41.8,42.115,25893860
2024-02-13,42.155,42.3,41.4175,41.69,41156820
2024-02-14,41.995,42.1225,41.43,41.65,40894580
2024-02-15,41.64,42.928,41.605,42.81,43364420
2024-02-16,42.985,43.1249,42.66,42.785,26960760
2024-02-20,42.83,42.855,42.34,42.395,28995580
2024-02-21,42.575,43.23,42.545,43.19,28756640
2024-02-22,42.915,43.445,42.71,43.265,35206840
2024-02-23,42.845,43.1175,42.57,42.98,28952400
2024-02-26,42.93,43.4125,42.715,43.13,23376340
2024-02-27,43.17,43.355,42.725,42.945,26317360
2024-02-28,43,43.325,42.69,42.86,26679620
2024-02-29,42.95,43.21,42.8275,43.07,27335320
2024-03-01,43.38,43.77,43.305,43.57,32459680
2024-03-04,43.545,43.66,43.0625,43.105,33198040
2024-03-05,43.04,43.705,42.985,43.425,32174260
2024-03-06,43.79,44.02,43.465,43.56,28008760
2024-03-07,43.62,44.175,43.585,43.93,24569200
2024-03-08,43.87,44.095,43.76,44.085,28251980
2024-03-11,44.095,44.555,43.765,44.54,24983720
2024-03-12,44.535,44.6575,44.2325,44.47,23780900
2024-03-13,44.935,45.425,44.86,45.18,42725200
2024-03-14,45.36,45.665,45.185,45.645,35946020
2024-03-15,45.61,46.11,45.505,45.78,37753360
2024-03-18,45.595,45.73,45.215,45.57,30496720
2024-03-19,45.565,46.1248,45.535,46.09,28545780
2024-03-20,45.825,46.19,45.755,46.025,32659340
2024-03-21,46.105,46.395,45.96,46.3,23334200
2024-03-22,46.32,46.435,46.0868,46.2,17948808
2024-03-25,46.36,46.94,46.35,46.63,35074380
2024-03-26,46.675,46.78,46.18,46.27,35373860
2024-03-27,46.17,46.71,46.09,46.7,33960080
2024-03-28,46.975,47.29,46.7479,47.205,34615140
2024-04-01,47.345,47.695,46.8781,47.555,42899020
2024-04-02,47.76,48.27,47.55,48.22,38671200
2024-04-03,48.4,48.6151,48.2424,48.55,29148860
2024-04-04,48.625,48.7975,48.33,48.52,36941300
2024-04-05,48.72,49.2334,48.425,49.04,31194540
2024-04-08,49.065,49.205,48.6425,48.73,34034560
2024-04-09,48.94,49.07,48.39,48.745,35333100
2024-04-10,48.61,49.075,48.4,48.895,39199660
2024-04-11,49.05,49.07,48.1675,48.86,39204700
2024-04-12,49.17,49.485,47.835,48.065,46572440
2024-04-15,48.295,48.525,47.555,47.615,48690720
2024-04-16,47.525,47.745,46.865,47.2,36497620
2024-04-17,47.1,47.57,46.73,47.065,27420920
2024-04-18,47.225,47.36,46.755,46.92,25555640
2024-04-19,47.01,47.805,46.94,47.485,35451440
2024-04-22,47.235,48.12,46.86,47.795,30244340
2024-04-23,47.575,48.06,47.345,48.06,28657500
2024-04-24,47.76,48.15,47.53,48.095,21303780
2024-04-25,48.04,48.46,47.625,48.315,26500200
2024-04-26,47.88,48.0575,47.38,47.87,32366600
2024-04-29,47.73,48.3,47.7,48.195,22236320
2024-04-30,48,48.0825,46.7375,46.76,35398940
2024-05-01,46.695,46.845,45.765,46.015,50943700
2024-05-02,46.325,46.595,46.06,46.28,34616800
2024-05-03,46.32,46.37,45.6725,46.285,38087740
2024-05-06,46.43,47.1175,46.43,46.65,33445500
2024-05-07,46.715,46.95,46.59,46.605,20942300
2024-05-08,46.335,46.7725,46.265,46.55,19811882
2024-05-09,46.6,47.175,46.6,47.175,22489500
2024-05-10,47.275,47.43,46.79,46.915,20568420
2024-05-13,47.025,47.2,46.59,46.79,20978060
2024-05-14,46.7,46.885,46.51,46.85,24353560
2024-05-15,46.75,47.04,46.06,46.955,38792240
2024-05-16,46.85,47.19,46.7,46.825,24580140
2024-05-17,46.91,47.5525,46.895,47.48,29001580
2024-05-20,47.5,47.605,47.0525,47.17,20134660
2024-05-21,47.05,47.4325,46.905,46.94,22467680
2024-05-22,46.75,46.77,45.855,46.04,34867960
2024-05-23,46.27,46.43,45.54,45.62,26931380
2024-05-24,45.975,46.0949,45.555,45.685,19041398
2024-05-28,45.845,46.275,45.7275,46.155,28904120
2024-05-29,46.025,46.065,45.135,45.34,30053560
2024-05-30,45.24,45.635,45.225,45.47,22732780
2024-05-31,45.55,46.633,45.5048,46.6,32503020
2024-06-03,46.445,46.46,45.045,45.38,40796580
2024-06-04,44.91,44.985,44.35,44.945,34721420
2024-06-05,45,45.07,44.665,44.94,21040160
2024-06-06,44.785,45.19,44.6133,45.175,25506500
2024-06-07,45.09,45.5175,44.775,44.995,20089780
2024-06-10,45.165,45.605,44.995,45.335,22548380
2024-06-11,45.135,45.295,44.72,45.245,18591126
2024-06-12,45.62,45.635,44.5356,44.76,32560580
2024-06-13,44.64,44.765,44.1225,44.35,28495640
2024-06-14,44.3,44.35,43.835,44.02,25811340
2024-06-17,43.96,44.3325,43.8,44.135,29547720
2024-06-18,44.42,44.88,44.209,44.32,29285780
2024-06-20,44.45,45.365,44.31,45.135,34073860
2024-06-21,45.255,45.38,44.81,44.875,39986360
2024-06-24,44.765,45.8125,44.69,45.64,31188220
2024-06-25,45.6,45.75,45.35,45.745,27670260
2024-06-26,45.795,45.795,45.0775,45.295,23127400
2024-06-27,45.535,45.585,45.145,45.4,15631574
2024-06-28,45.75,45.91,45.41,45.575,25670040
2024-07-01,45.94,46.09,45.33,45.6,24563280
2024-07-02,46.04,46.05,45.275,45.565,25226780
2024-07-03,45.605,45.975,45.525,45.765,16280094
2024-07-05,45.675,45.71,44.85,45.05,23450500
2024-07-08,44.725,45.19,44.5975,44.775,19595012
2024-07-09,44.33,44.87,44.2,44.38,19091194
2024-07-10,44.33,44.695,44.195,44.68,19320756
2024-07-11,44.565,45.2375,44.41,45.145,22689680
2024-07-12,45.4,45.465,44.925,45.26,18117240
2024-07-15,45.58,46.36,45.405,45.945,30791940
2024-07-16,45.75,46.1936,45.515,46.15,24129340
2024-07-17,46.255,46.91,46.245,46.61,29435360
2024-07-18,46.56,47.255,46.395,46.695,32867660
2024-07-19,46.62,46.94,46.065,46.185,26500280
2024-07-22,45.94,46.16,45.6325,45.895,21527520
2024-07-23,45.765,45.805,45.1075,45.165,33103800
2024-07-24,45.285,45.575,44.8575,45.17,29328500
2024-07-25,45.2,46.095,44.985,45.95,36437400
2024-07-26,45.83,46.2875,45.6657,46.095,23730780
2024-07-29,46.1,46.135,45.2675,45.7,27156520
2024-07-30,45.695,46.555,45.6409,46.41,25673200
2024-07-31,47.04,47.07,46.57,46.605,36173760
2024-08-01,46.5,46.735,45.135,45.37,42558500
2024-08-02,44.85,45.095,43.755,44.2,45836200
2024-08-05,43.25,43.59,42.735,43.225,50039100
2024-08-06,43.385,43.98,43.215,43.49,31418600
2024-08-07,44.02,44.47,43.64,43.665,26125940
2024-08-08,43.79,44.665,43.79,44.605,21596840
2024-08-09,44.54,44.895,44.255,44.705,22345580
2024-08-12,44.965,45.2125,43.75,44.925,28785880
2024-08-13,44.585,44.625,44.27,44.49,31386400
2024-08-14,44.575,44.9475,44.4,44.75,21657600
2024-08-15,45.005,45.43,44.965,45.285,18335210
2024-08-16,45.005,45.345,44.97,45.235,17753042
2024-08-19,45.31,45.925,45.31,45.54,21762680
2024-08-20,45.44,45.48,44.32,44.34,33866480
2024-08-21,44.62,44.8425,44.2875,44.415,22737740
2024-08-22,44.445,44.73,44.355,44.53,19595436
2024-08-23,44.74,45.27,44.685,45.195,20734620
2024-08-26,45.695,45.9975,45.265,45.6,19514760
2024-08-27,45.6,45.725,45.095,45.175,16627126
2024-08-28,44.9,45.1625,44.6869,44.885,17049002
2024-08-29,45.15,45.64,44.725,45.47,22499060
2024-08-30,45.01,45.655,44.905,45.64,28085260
2024-09-03,44.895,44.9635,44.2225,44.505,38194160
2024-09-04,44.55,44.835,43.8025,43.89,30113980
2024-09-05,44.205,44.24,43.51,43.55,24991300
2024-09-06,43.645,43.91,42.83,43.005,35912020
2024-09-09,43.135,43.715,43.07,43.315,32824320
2024-09-10,43.38,43.435,42.205,42.57,49326820
2024-09-11,42.565,42.585,41.51,42.175,48125720
2024-09-12,42.34,42.7175,42.025,42.555,31769220
2024-09-13,42.77,43.115,42.67,42.795,26195460
2024-09-16,43.155,43.555,42.96,43.285,26875440
2024-09-17,43.3,43.9,43.205,43.87,25034680
2024-09-18,43.805,44.495,43.745,43.955,28209580
2024-09-19,44.7,44.9775,44.235,44.48,37806720
2024-09-20,44.295,44.485,43.8875,44.38,27961600
2024-09-23,44.1,44.7775,43.9475,44.56,26630100
2024-09-24,45.07,45.07,44.3874,44.45,34627300
2024-09-25,44.335,44.47,43.49,43.58,27633560
2024-09-26,42.715,43.2875,42.585,42.725,46896320
2024-09-27,42.955,43.6575,42.93,43.595,30489520
2024-09-30,43.515,43.9775,43.2625,43.9,22809420
2024-10-01,43.505,45.08,43.45,44.9,66114100
2024-10-02,45.53,45.645,44.855,45.36,41925140
2024-10-03,45.52,46.22,45.175,46.16,44726060
2024-10-04,46.55,46.7325,46.125,46.59,35955780
2024-10-07,46.755,47.105,46.6,46.755,32519420
2024-10-08,46.15,46.2,45.315,45.535,39759880
2024-10-09,45.195,45.93,45.105,45.81,31519580
2024-10-10,46.065,46.375,45.73,46.12,26047400
2024-10-11,46.105,46.57,46.015,46.405,26414500
2024-10-14,46.08,46.46,46.01,46.385,22198520
2024-10-15,45.15,45.45,44.865,44.89,37839160
2024-10-16,45.145,45.2525,44.9825,45.105,19877098
2024-10-17,45.1,45.47,45.05,45.32,21433300
2024-10-18,45.235,45.365,44.85,45.17,24015180
2024-10-21,45.47,45.615,44.955,45.035,21162080
2024-10-22,45.2,45.35,44.975,45.14,17956470
2024-10-23,45.015,45.1875,44.645,44.905,19813274
2024-10-24,45,45.135,44.6,44.9,17047212
2024-10-25,45.14,45.26,44.755,44.885,19104512
2024-10-28,43.93,44.6275,43.89,44.6,24227920
2024-10-29,44.5,44.535,43.825,43.92,23791560
2024-10-30,44.075,44.365,43.905,44.02,19364152
2024-10-31,44.3,44.63,44.1775,44.295,31623220
2024-11-01,44.895,45.055,43.925,44.015,26304580
2024-11-04,44.315,44.855,44.255,44.785,25811880
2024-11-05,45.005,45.1975,44.805,45.085,20876660
2024-11-06,46.325,47.1325,46.0249,46.78,50053260
2024-11-07,46.75,46.75,46.21,46.565,26138000
2024-11-08,46.57,46.9425,46.385,46.875,22336820
2024-11-11,46.885,47.2975,46.665,47.14,20909480
2024-11-12,47.275,47.4237,46.84,46.89,18500350
2024-11-13,47.03,47.4475,46.465,47.255,23676240
2024-11-14,47.57,47.59,47.1325,47.435,18011072
2024-11-15,47.39,47.845,47.195,47.365,28080500
2024-11-18,47.74,48.09,47.53,47.995,25235560
2024-11-19,47.61,47.9751,47.4625,47.69,23796420
2024-11-20,47.865,48.205,47.715,48.17,17917576
2024-11-21,48.39,48.925,48.27,48.56,33541020
2024-11-22,48.495,48.96,48.45,48.635,21555660
2024-11-25,48.625,48.87,47.5575,47.675,32950680
2024-11-26,47.74,47.84,47.39,47.61,24932740
2024-11-27,47.565,47.965,47.5,47.56,15596444
2024-11-29,47.665,47.845,47.58,47.765,13636374
2024-12-02,47.75,47.83,46.835,47.26,22189960
2024-12-03,47.565,47.65,47.0504,47.255,17886554
2024-12-04,47.235,47.235,45.84,46.115,32518060
2024-12-05,46.285,46.6,46.1018,46.295,22662400
2024-12-06,46.2,46.205,45.4225,45.51,26206620
2024-12-09,45.89,46.1325,45.395,45.435,23627800
2024-12-10,45.695,45.76,45.06,45.125,23299820
2024-12-11,45.22,45.37,44.98,45.2,23147500
2024-12-12,45.12,45.2,44.79,44.835,21746300
2024-12-13,44.945,44.96,44.485,44.61,22346060
2024-12-16,44.485,44.485,43.595,43.63,25036160
2024-12-17,43.3,43.385,42.9,43.305,32011680
2024-12-18,43.185,43.39,42.025,42.025,39241220
2024-12-19,42.47,42.605,41.63,41.66,49988460
2024-12-20,41.655,42.215,41.5451,42.07,35704820
2024-12-23,41.655,42.105,41.375,41.965,34445360
2024-12-24,42.085,42.4,41.8096,42.32,15024184
2024-12-26,42.335,42.3575,42.025,42.285,15386454
2024-12-27,42.25,42.74,42.0675,42.28,20369700
2024-12-30,42.285,42.515,41.925,42.275,23545300
2024-12-31,42.375,42.95,42.2875,42.83,21165080
2025-01-02,43.18,43.6475,43.0375,43.33,34887080
2025-01-03,43.585,43.8815,43.41,43.735,22124060
2025-01-06,43.935,44.285,43.4225,43.535,22835280
2025-01-07,43.855,44.305,43.59,43.97,25035780
2025-01-08,43.7,44.035,43.545,44.015,28483860
2025-01-10,44.585,45.1,43.96,44.195,34075800
2025-01-13,44.395,45.3875,44.395,45.125,48896180
2025-01-14,45.045,45.6499,44.9775,45.61,31173000
2025-01-15,45.89,46.4025,45.7,46.285,34657900
2025-01-16,46.13,46.6625,46.075,46.62,25230600
2025-01-17,46.62,47.145,46.455,46.98,23899660
2025-01-21,46.86,47,46.495,46.74,49302060
2025-01-22,46.595,46.65,45.86,45.89,35880260
2025-01-23,46.24,46.41,45.7725,46.1,29359140
2025-01-24,46.165,46.3525,45.5975,45.655,29156800
2025-01-27,45.5,45.58,44.865,45.18,31993400
2025-01-28,45.315,45.475,44.525,44.75,37401740
2025-01-29,44.64,45.0775,44.575,44.85,20681760
2025-01-30,45.125,45.315,44.8,45.08,39092540
2025-01-31,44.955,45.055,43.715,43.82,44540040
2025-02-03,43.815,44.2725,43.415,44.095,39816460
2025-02-04,43.89,45.115,43.815,45.02,40279820
2025-02-05,45.005,45.1775,44.7525,45.115,21772000
2025-02-06,45.32,45.43,44.045,44.285,41309620
2025-02-07,44.45,44.6825,44.22,44.28,22568420
2025-02-10,44.675,45.33,44.675,45.255,25871360
2025-02-11,45.47,45.925,45.18,45.62,26226820
2025-02-12,45.245,45.555,44.4375,44.52,38798780
2025-02-13,44.45,44.955,44.16,44.855,31550920
2025-02-14,45.025,45.6625,45.025,45.035,25886500
2025-02-18,45.25,45.95,44.99,45.65,29574760
2025-02-19,45.84,46.44,45.8125,46.01,24531240
2025-02-20,45.915,46.5075,45.72,46.43,28332300
2025-02-21,46.15,46.275,45.4375,45.465,31276600
2025-02-24,45.545,45.7191,45.2325,45.475,26295260
2025-02-25,45.465,45.675,44.4525,44.82,26608680
2025-02-26,44.875,44.9925,44.3575,44.565,24305700
2025-02-27,44.875,45.3525,44.49,44.805,30048000
2025-02-28,44.66,45.535,44.38,45.5,26627100
2025-03-03,45.675,45.9363,43.505,43.91,49501760
2025-03-04,43.265,44.19,42.715,43.485,50677040
2025-03-05,42.855,43.0725,42.0125,42.85,56510820
2025-03-06,42.645,43.2425,42.31,42.98,47104300
2025-03-07,43.175,44.0297,43.175,43.715,44849140
2025-03-10,43.9525,44.645,43.63,44.04,40045340
2025-03-11,44.22,44.41,43.455,43.69,30230200
2025-03-12,43.72,44.2925,43.5525,43.89,32240480
2025-03-13,43.735,44.365,43.325,43.59,30742040
2025-03-14,43.83,44.94,43.63,44.88,32023140
2025-03-17,44.845,45.805,44.845,45.595,29761580
2025-03-18,45.85,45.9525,45.31,45.67,30806520
2025-03-19,45.73,46.62,45.72,46.415,31742600
2025-03-20,46.16,46.74,45.965,46.585,33163600
2025-03-21,46.43,46.54,45.9675,46.26,36975540
2025-03-24,46.11,46.6975,46.035,46.425,23824520
2025-03-25,46.63,47.02,46.475,46.615,22292000
2025-03-26,47.05,47.41,46.7725,46.89,25571660
2025-03-27,46.75,46.925,46.2488,46.435,19147728
2025-03-28,46.41,46.585,45.9825,46.215,22248740
2025-03-31,46.115,47,46.05,46.725,28813740
2025-04-01,46.75,47.0425,46.245,47,27121220
2025-04-02,46.6,47.105,46.49,47.065,33960600
2025-04-03,44.825,45.17,43.355,43.37,75657840
2025-04-04,41.825,42.295,39.38,39.38,100751920
2025-04-07,38.105,40.79,37.49,39.125,113906720
2025-04-08,40.33,40.5375,37.61,38.22,90538480
2025-04-09,37.475,41.605,37.245,41.18,118962320
2025-04-10,40.11,40.11,37.74,38.49,79046520
2025-04-11,38.67,39.74,37.91,39.445,41916820
2025-04-14,40.38,40.38,39.19,39.585,32748180
2025-04-15,39.55,40.26,39.5025,39.525,22166900
2025-04-16,39.77,40.5225,39.67,39.85,27331420
2025-04-17,40.175,41.3775,40.155,40.75,47908780
2025-04-21,40.105,40.205,39.245,39.685,31011920
2025-04-22,40.2,40.995,40.025,40.695,22097340
2025-04-23,41.05,41.49,40.37,40.62,43216140
2025-04-24,41,41.39,40.645,41.27,21219000
2025-04-25,40.9,41.23,40.74,41.195,17664780
2025-04-28,41.15,41.5975,41.095,41.485,16436710
2025-04-29,41.02,41.515,40.94,41.365,19843316
2025-04-30,40.7,40.7575,39.7525,40.25,37814280
2025-05-01,39.92,40.93,39.92,40.4,36314420
2025-05-02,40.89,41.195,40.1575,40.99,32038800
2025-05-05,40.475,40.53,40.025,40.25,29530220
2025-05-06,40.43,40.61,40.035,40.26,22995460
2025-05-07,40.35,40.4776,39.97,40.275,22448240
2025-05-08,40.645,41.36,40.58,40.805,30565880
2025-05-09,41.3,41.4175,40.88,41.215,19993148
2025-05-12,42.74,42.935,41.98,42.29,32610060
2025-05-13,42.5,43.2225,42.33,42.885,29031560
2025-05-14,42.5975,42.79,42.46,42.625,21332660
2025-05-15,42.085,42.83,41.98,42.805,29721540
2025-05-16,42.9,42.925,42.3025,42.74,21725820
2025-05-19,42.385,42.43,41.8725,42.185,24787060
2025-05-20,42.155,42.25,41.755,41.795,22782140
2025-05-21,41.545,41.625,41.02,41.025,25698320
2025-05-22,40.81,41.0975,40.36,40.865,23732260
2025-05-23,40.505,41.0975,40.49,40.995,23510920
2025-05-27,41.28,41.415,40.975,41.35,19028072
2025-05-28,41.55,41.675,40.72,40.825,29552600
2025-05-29,40.89,41.13,40.63,41.13,23793420
2025-05-30,40.815,40.9775,40.4375,40.765,31038620
2025-06-02,41.53,41.585,40.825,41.3,32030980
2025-06-03,41.33,42.0475,40.94,41.79,30352640
2025-06-04,41.77,42.095,40.925,40.975,44939220
2025-06-05,41.28,41.3,40.83,40.935,27667320
2025-06-06,41.305,41.83,41.305,41.705,28556820
2025-06-09,41.87,42.22,41.5375,41.785,28680340
2025-06-10,42.23,42.805,42.21,42.53,46092240
2025-06-11,42.82,43.215,42.4,43.145,48996600
2025-06-12,42.945,43.3075,42.63,43.295,34028120
2025-06-13,44.105,44.285,43.475,44.05,84194740
2025-06-16,43.93,44.375,43.5875,43.92,69406620
2025-06-17,44.285,44.66,44.01,44.33,67884140
2025-06-18,44.49,44.715,43.94,44.04,70472920
2025-06-20,44.215,44.6125,44.085,44.49,56744760
2025-06-23,44.685,44.715,42.8275,43.015,105688300
2025-06-24,42.3875,42.9,42.2925,42.455,65358700
2025-06-25,42.405,42.5575,42.13,42.27,43723020
2025-06-26,42.365,42.96,42.26,42.875,33565620
2025-06-27,42.85,42.85,42.395,42.65,35411740
2025-06-30,42.485,42.67,42.2775,42.405,26247520
2025-07-01,42.47,42.9275,42.0775,42.73,40772800
2025-07-02,43.09,43.535,42.615,43.465,42468860
2025-07-03,43.405,43.655,43.305,43.515,22266220
2025-07-07,43.25,43.48,42.65,43.095,35673200
2025-07-08,43.045,44.415,43.035,44.255,47472460
2025-07-09,44.145,44.32,43.9,44.03,28673160
2025-07-10,43.93,44.39,43.615,44.365,28824760
2025-07-11,44.29,44.72,44.155,44.565,30171560
2025-07-14,44.48,44.48,43.84,44.075,33441540
2025-07-15,43.99,44.18,43.385,43.44,33859580
2025-07-16,43.38,43.63,42.9075,43.065,35501660
2025-07-17,42.845,43.3925,42.74,43.33,36086420
2025-07-18,43.675,43.875,42.81,42.98,60975680
2025-07-21,43.01,43.085,42.4475,42.535,30434460
2025-07-22,42.485,42.97,42.4425,42.735,32444080
2025-07-23,42.91,43.43,42.8,43.405,28046080
2025-07-24,43.29,43.7696,43.095,43.715,24022140
2025-07-25,43.76,43.835,43.3225,43.55,20143140
2025-07-28,43.84,44.12,43.775,44.045,23705280
2025-07-29,44.115,44.49,43.97,44.475,24551960
2025-07-30,44.2,44.225,43.565,43.84,26552340
2025-07-31,43.38,44.1075,43.38,43.605,24960800
2025-08-01,43.44,43.595,42.56,42.795,42329360
2025-08-04,42.72,43.041,42.48,42.7,26509640
2025-08-05,42.69,42.8125,42.1725,42.755,31413600
2025-08-06,43.025,43.275,42.235,42.36,38249460
2025-08-07,42.61,43.085,42.14,42.195,35042060
2025-08-08,42.395,42.8525,42.18,42.465,40736220
2025-08-11,42.55,42.735,42.05,42.125,28828720
2025-08-12,42.21,42.7,42.085,42.33,34527020
2025-08-13,42.36,42.825,42.21,42.82,25601220
2025-08-14,42.79,42.8425,42.325,42.78,24944600
2025-08-15,42.8,43.2625,42.645,42.78,27297720
2025-08-18,42.555,42.725,42.28,42.525,26428440
2025-08-19,42.405,42.79,42.295,42.54,25693880
2025-08-20,42.61,43.07,42.57,42.895,27967220
2025-08-21,42.82,43.2825,42.705,43.19,22088020
2025-08-22,43.335,44.175,43.265,44.07,30936340
2025-08-25,43.96,44.24,43.815,44.185,23412820
2025-08-26,44.01,44.155,43.7025,44.115,22855500
2025-08-27,44.05,44.77,44,44.61,26877360
2025-08-28,44.625,45.015,44.33,44.95,24086280
2025-08-29,44.97,45.31,44.91,45.195,23744920
2025-09-02,45.075,45.34,44.735,45.26,25964440
2025-09-03,44.9,45.2725,44.095,44.245,36018140
2025-09-04,44.25,44.725,44.06,44.54,25895480
2025-09-05,44.175,44.32,43.4575,43.68,48182240
2025-09-08,43.825,44.015,43.1925,43.58,34931860
2025-09-09,43.815,44.4075,43.765,43.79,41193420
2025-09-10,43.89,44.5775,43.79,44.555,29932820
2025-09-11,44.2,44.66,44.065,44.565,25176860
2025-09-12,44.75,44.95,44.29,44.3,22298260
2025-09-15,44.385,44.5,44.075,44.15,23288560
2025-09-16,44.345,45.0275,44.335,44.89,41593460
2025-09-17,44.83,45.31,44.635,44.995,26044860
2025-09-18,45.035,45.125,44.515,44.855,28713040
2025-09-19,44.815,44.8475,44.105,44.26,29979140
2025-09-22,43.73,44.05,43.555,43.835,22502340
2025-09-23,44.01,45.07,44.01,44.59,44214780
2025-09-24,44.905,45.59,44.855,45.17,35406140
2025-09-25,45.165,45.6175,45.04,45.575,31887200
2025-09-26,45.65,46.455,45.64,45.995,40161680
2025-09-29,45.675,45.74,44.9125,45.15,37674480
2025-09-30,44.755,44.8475,44.32,44.67,47544760
2025-10-01,44.45,44.82,44.4,44.67,27661220
2025-10-02,44.57,44.965,44.1725,44.22,31793600
2025-10-03,44.445,44.715,44.39,44.455,24047960
2025-10-06,44.735,44.93,44.495,44.675,21488480
2025-10-07,44.6325,44.78,43.955,44.745,25324560
2025-10-08,44.745,44.745,44.1475,44.485,20024220
2025-10-09,44.58,44.96,43.8325,43.88,23397880
2025-10-10,43.555,43.775,42.595,42.61,44892240
2025-10-13,42.9325,43.245,42.795,43.19,22889580
2025-10-14,42.575,43.4275,42.52,43.185,25084580
2025-10-15,43.46,43.705,42.8375,43.16,24267080
2025-10-16,43.235,43.365,42.35,42.64,29193860
2025-10-17,42.82,43.08,42.645,42.99,24072060
2025-10-20,43.065,43.5425,43.065,43.445,25352360
2025-10-21,43.565,43.665,43.125,43.345,25885220
2025-10-22,43.635,44.09,43.27,43.9,32814080
2025-10-23,44.685,44.7775,44.215,44.485,47308840
2025-10-24,44.685,44.7,44.005,44.035,21190900
2025-10-27,44.175,44.32,43.9453,44.14,19597228
2025-10-28,43.975,44.115,43.655,43.68,22474500
2025-10-29,43.7275,44.23,43.64,44.005,26807880
2025-10-30,43.99,44.3099,43.6825,43.745,20663500
2025-10-31,43.85,44.3125,43.66,44.065,26985360
2025-11-03,44.075,44.19,43.565,44.07,22232660
2025-11-04,43.53,43.715,43.185,43.595,29477620
2025-11-05,43.6,44.195,43.5425,43.71,23857160
2025-11-06,43.775,44.55,43.775,44.135,32155420
2025-11-07,44.29,44.8725,44.1675,44.77,35458420
2025-11-10,44.885,45.28,44.3025,45.175,31264540
2025-11-11,45.445,46.085,45.41,45.765,38752760
2025-11-12,45.455,45.665,45.06,45.125,29863300
2025-11-13,45.27,45.65,45.0375,45.24,32243820
2025-11-14,45.48,46.11,44.9075,46.01,34179720
2025-11-17,45.955,45.97,44.99,45.17,37447340
2025-11-18,44.975,45.65,44.85,45.53,34839900
2025-11-19,44.725,45.0825,44.41,44.94,41062740
2025-11-20,45.17,45.7825,44.395,44.43,41630040
2025-11-21,44.505,44.905,44.035,44.71,39317220
2025-11-24,44.66,44.725,43.895,44.585,33681800
2025-11-25,44.235,44.48,43.9375,44.305,29298920
2025-11-26,44.295,44.9575,44.255,44.64,26611040
2025-11-28,44.665,45.4175,44.5975,45.225,16666626
2025-12-01,45.29,45.91,45.255,45.66,31150080
2025-12-02,45.59,45.59,44.8425,45.07,33304920
2025-12-03,45.375,45.995,45.31,45.915,30173980
2025-12-04,45.89,46.1825,45.755,46.11,23799700
2025-12-05,46.03,46.66,45.91,45.92,22164390
2025-12-08,45.66,45.92,45.27,45.42,27891930
2025-12-09,45.5,46.08,45.46,45.7,20917430
2025-12-10,45.84,46.265,45.625,46.18,26255070
2025-12-11,45.9,46.245,45.84,45.96,25827240
2025-12-12,46.045,46.235,45.39,45.51,33161150
2025-12-15,45.61,45.61,44.82,45.19,27521550
2025-12-16,44.83,44.85,43.77,43.81,49312410
2025-12-17,44.13,44.88,44.06,44.78,43375290
2025-12-18,44.65,44.71,43.98,44.13,29920200
2025-12-19,44.25,44.53,44.025,44.13,31959550
2025-12-22,44.14,44.485,44.09,44.21,23707420
2025-12-23,44.37,44.55,44.22,44.5,19137540
2025-12-24,44.415,44.555,44.31,44.37,11293860
2025-12-26,44.32,44.435,43.99,44.2,17884480
2025-12-29,44.51,44.74,44.29,44.62,31352050
2025-12-30,44.8,45.0884,44.8,44.96,18654740
2025-12-31,44.93,45.02,44.57,44.71,16965920
2026-01-02,44.72,45.7799,44.49,45.65,31935520
2026-01-05,47.16,47.32,45.75,46.89,94961040
2026-01-06,46.995,47.06,45.5313,45.64,69568230
2026-01-07,45.82,45.82,45.08,45.13,42739170
2026-01-08,45.32,46.85,45.22,46.55,51451020
2026-01-09,46.75,46.88,46.505,46.67,38839950
2026-01-12,46.75,46.805,46.1001,46.34,28264440
2026-01-13,46.73,47.39,46.68,47,50469240
2026-01-14,47.25,48.65,47.18,48.06,80750150
2026-01-15,47.63,48.07,47.27,47.61,49328790
2026-01-16,47.56,47.805,47.485,47.69,30796290
2026-01-20,48.09,48.31,47.5,47.6,50178700
2026-01-21,48.29,49.05,48.29,48.75,58996040
2026-01-22,48.62,49,48.42,48.91,50869510
2026-01-23,49.52,49.89,49.09,49.19,51431170
2026-01-26,49.865,49.89,48.95,49.22,40122630
2026-01-27,49.39,49.815,49.16,49.67,39840270
2026-01-28,49.97,50.14,49.56,50.05,41890390
2026-01-29,51.15,51.73,50.48,50.51,77520650
2026-01-30,50.36,51.085,49.875,51.05,74039400
2026-02-02,50.1,50.51,49.77,50.05,61479860
2026-02-03,50.24,51.78,50.02,51.67,83754110
2026-02-04,51.82,52.9599,51.82,52.83,78149890
2026-02-05,52.26,52.49,51.435,52.21,54235650
2026-02-06,52.5,53.415,52.36,53.25,41669570
2026-02-09,53.205,53.72,52.975,53.64,38798500
2026-02-10,53.77,53.79,53.24,53.58,32145990
2026-02-11,54.28,55.11,54.25,54.98,57349670
2026-02-12,54.94,55.24,53.76,53.98,67427840
2026-02-13,53.94,54.575,53.81,54.35,48392130
2026-02-17,54.56,54.905,53.18,53.75,50499590
2026-02-18,54.53,54.86,54.22,54.78,59196120
2026-02-19,55.46,55.88,54.925,55.18,62513520
2026-02-20,55,55.285,54.51,54.88,50833500
2026-02-23,55.035,55.93,54.865,55.15,44013470
2026-02-24,55.11,55.22,54.4,55.1,42921660
2026-02-25,55.3,55.37,54.185,54.87,36207490
2026-02-26,54.37,55.67,54.12,55.05,47033510
2026-02-27,55.64,56.15,54.925,55.92,59071460
2026-03-02,57.77,57.88,56.27,57.04,135633300
2026-03-03,57.385,57.72,56.05,56.52,154770800
2026-03-04,56.06,56.43,55.325,56.19,70732740
2026-03-05,56.53,57.06,56.08,56.48,85177810
2026-03-06,57.15,57.34,56.17,56.57,68219040
2026-03-09,56.84,57.15,55.94,56.32,88747420
2026-03-10,56.055,56.46,55.365,55.6,88817870
2026-03-11,55.63,57.04,55.54,56.98,48743710
2026-03-12,57.13,58.215,57.06,57.51,69358710
2026-03-13,57.5,57.93,57.1,57.7,43374630
2026-03-16,57.76,58.1,57.27,57.9,39474320
2026-03-17,58.23,59.05,57.98,58.51,40137740
2026-03-18,58.74,58.97,58.43,58.43,42908020
2026-03-19,58.87,59.72,58.52,59.36,69231380
2026-03-20,59.555,60.32,59.28,59.31,73003410
2026-03-23,57.89,59.84,57.66,59.63,71027210
2026-03-24,59.8,61.47,59.77,60.84,51207450
2026-03-25,60.32,61,60.26,60.57,42680740
2026-03-26,60.67,61.86,60.59,61.52,54967640
2026-03-27,61.53,62.79,61.26,62.56,59553210
2026-03-30,63.13,63.46,61.78,61.96,49750120
2026-03-31,62.04,62.83,60.035,61.26,94766930
2026-04-01,59.72,60.62,58.355,58.97,96652900
2026-04-02,60.53,61.01,58.98,59.25,60400530
2026-04-06,59.11,59.69,58.891,59.68,25474160
2026-04-07,59.81,60.77,59.79,60.16,38811700
2026-04-08,56.68,58.19,56.18,58.05,88023630
2026-04-09,58.2,59.02,57.11,57.33,55088510
2026-04-10,57.17,57.475,56.4,56.94,42561690
2026-04-13,57.615,57.72,56.645,57.11,43100870
2026-04-14,56.5,56.5,55.405,55.95,58830080
2026-04-15,55.6,56.21,55.27,55.76,39551490
2026-04-16,55.84,56.875,55.765,56.58,31282570
2026-04-17,54.41,55.16,53.41,55.02,90913250
2026-04-20,55.1,55.72,54.8,55.07,35150040
2026-04-21,55.32,55.96,54.92,55.87,41299830
2026-04-22,56.36,56.78,56.13,56.54,40565510
2026-04-23,56.89,57.19,56.465,56.98,34707170
2026-04-24,56.77,56.92,56.17,56.87,36426740
2026-04-27,57.1,57.68,56.63,56.77,33070600
2026-04-28,57.72,58.05,57.375,57.71,39151280
2026-04-29,58.28,59.11,58.06,59.03,40616690
2026-04-30,58.2,59.835,57.935,59.65,35896770
2026-05-01,59.06,59.6,58.26,58.85,35828440
2026-05-04,58.73,59.63,58.22,59.39,36882960
2026-05-05,59.23,59.76,58.89,59.45,27041420
2026-05-06,57.29,57.89,56.655,57,57907520
2026-05-07,55.87,56.15,55.13,55.95,52909860
2026-05-08,55.85,56.225,55.46,55.7,30573490
2026-05-11,56.26,57.22,56.24,57.17,31943310
2026-05-12,57.73,57.84,57.14,57.57,36814550
2026-05-13,57.47,57.71,56.96,57.63,22707190
2026-05-14,57.65,58.18,57.505,58.07,23486950
2026-05-15,58.7,59.47,58.475,59.44,33565460
2026-05-18,59.125,60.7,58.72,60.58,41516590
2026-05-19,60.81,61.49,60.295,61.29,31111030
2026-05-20,60.81,61.7,59.675,59.8,61776770
2026-05-21,60.48,60.59,58.715,59.13,45851130
2026-05-22,58.99,59.61,58.83,59.49,42428850
2026-05-26,58.87,59.57,57.835,57.85,38819880
2026-05-27,57.01,57.5,56.475,56.99,48329830
2026-05-28,57.55,57.68,56.68,56.95,46554060
2026-05-29,56.68,56.79,55.99,56.29,32389630
2026-06-01,57.025,57.81,56.85,57.3,55879350
2026-06-02,57.19,58.17,57.08,57.96,23842620
2026-06-03,58.24,59.375,58.01,58.71,46312800
2026-06-04,58.5,59.025,58.17,58.75,23916330
2026-06-05,58.665,58.78,57.63,57.67,28212970
2026-06-08,58.08,58.96,57.97,58.33,25717790
2026-06-09,58.08,58.21,56.81,57.39,46026300
2026-06-10,57.94,59.04,57.78,58.25,36515270
2026-06-11,58.775,58.99,57.055,57.12,40863530
2026-06-12,56.79,58.15,56.63,57.55,31964730
2026-06-15,55.2,56.05,55.02,55.55,44319060
2026-06-16,55,55.475,54.95,55.36,42008390
2026-06-17,55.26,55.36,54.54,54.67,38553040
2026-06-18,54.14,54.25,53.245,53.77,39645690
2026-06-22,53.53,54.13,53.165,54.06,30765620
2026-06-23,54.14,54.56,53.87,54.46,38690400
2026-06-24,53.5,53.765,52.94,53.57,43034610
2026-06-25,53.2,54.315,53,54.09,28238620
2026-06-26,54,54.15,53.675,53.84,19025240
2026-06-29,53.98,54.28,53.47,53.58,25142320
2026-06-30,53.62,54.115,53.08,53.11,28283950
2026-07-01,53.045,53.44,52.62,52.81,33662700
2026-07-02,53.24,53.65,52.91,53.22,28538220
2026-07-06,53.058,53.55,53,53.13,24735260
2026-07-07,53.61,54.82,53.6,54.64,41833650
2026-07-08,55.455,56.035,54.865,55.6,39741350
2026-07-09,55.28,55.48,54.73,54.82,21770720
2026-07-10,55.08,55.24,54.36,55.08,22974650
2026-07-13,55.86,56.97,55.86,56.74,41200900
2026-07-14,57,57.22,56.29,56.95,32578960
2026-07-15,56.94,57.04,55.76,56.5,33184200
2026-07-16,56.66,57.3,56.595,57.02,27476980
2026-07-17,57.95,58.115,57.28,57.68,31397790
2026-07-20,57.555,58.385,57.41,57.94,27329330
2026-07-21,58.16,58.53,57.83,58.5,20315680
2026-07-22,59.27,59.52,58.9,59.2,29548570
2026-07-23,60.244,60.3768,59.265,59.38,35838630
2026-07-24,59.4,60.45,59.4,59.62,34181900
2026-07-27,58.41,59.2799,58.23,58.36,33826360
2026-07-28,58.41,58.79,57.25,57.57,27800810
2026-07-29,59.08,59.3,58.42,58.65,34175580
2026-07-30,58.08,59.105,58.02,58.96,23045720
2026-07-31,58.93,59.685,58.32,59.55,23556480
2026-08-03,58.69,59.325,58.16,58.79,26038370
2026-08-04,57.7,58.72,57.13,58.52,37661540
2026-08-05,58.77,58.98,57.205,57.31,33213540
2026-08-06,58.39,58.56,57.58,58.16,25084280
2026-08-07,57.525,58.045,57.11,57.5,21092720
2026-08-10,58.19,60.21,58.1,60.18,33677850
2026-08-11,59.99,61.08,59.99,60.93,22400840
2026-08-12,60.47,61.17,60.335,61.03,22584150
2026-08-13,60.52,61.125,60.23,61.06,20703550
2026-08-14,61.37,62.11,61.25,61.91,22777740
