date,open,high,low,close,volume
2016-08-09,23.52,23.63,23.52,23.57,29836960
2016-08-10,23.58,23.59,23.465,23.495,7112398
2016-08-11,23.57,23.645,23.545,23.58,10518650
2016-08-12,23.575,23.575,23.505,23.555,6922698
2016-08-15,23.585,23.715,23.5675,23.67,16561484
2016-08-16,23.63,23.63,23.495,23.495,9064508
2016-08-17,23.505,23.515,23.35,23.485,10575092
2016-08-18,23.48,23.52,23.4075,23.495,7086418
2016-08-19,23.43,23.5299,23.375,23.51,9576618
2016-08-22,23.445,23.5349,23.405,23.51,9256930
2016-08-23,23.58,23.65,23.575,23.595,16604310
2016-08-24,23.585,23.595,23.41,23.465,13613420
2016-08-25,23.425,23.545,23.385,23.515,11825304
2016-08-26,23.5,23.695,23.3975,23.525,24227140
2016-08-29,23.515,23.65,23.515,23.615,13965014
2016-08-30,23.57,23.62,23.455,23.535,11436310
2016-08-31,23.505,23.53,23.42,23.495,22322320
2016-09-01,23.49,23.59,23.385,23.57,18463452
2016-09-02,23.685,23.74,23.57,23.675,13799644
2016-09-06,23.69,23.795,23.66,23.795,30214760
2016-09-07,23.795,23.86,23.73,23.855,23169960
2016-09-08,23.77,23.775,23.5975,23.66,16576600
2016-09-09,23.445,23.5275,23.08,23.08,33595520
2016-09-12,22.965,23.515,22.93,23.465,38020760
2016-09-13,23.375,23.4582,23.2,23.295,34717520
2016-09-14,23.3,23.55,23.295,23.405,34214400
2016-09-15,23.455,23.835,23.405,23.79,32638100
2016-09-16,23.7,23.7,23.5,23.605,31766120
2016-09-19,23.665,23.78,23.495,23.56,14242630
2016-09-20,23.64,23.685,23.5133,23.545,10001792
2016-09-21,23.635,23.825,23.545,23.81,24095760
2016-09-22,23.95,23.9825,23.895,23.955,20997080
2016-09-23,23.95,23.95,23.705,23.745,23973080
2016-09-26,23.645,23.686,23.56,23.605,19226664
2016-09-27,23.635,23.875,23.575,23.865,17550480
2016-09-28,23.885,23.92,23.76,23.91,18097440
2016-09-29,23.88,23.9385,23.695,23.765,22813800
2016-09-30,23.82,23.9625,23.8,23.89,18432872
2016-10-03,23.825,23.88,23.7631,23.82,12462884
2016-10-04,23.9,23.9375,23.6517,23.735,17804428
2016-10-05,23.8,23.875,23.775,23.82,18015692
2016-10-06,23.84,23.8975,23.735,23.875,10011548
2016-10-07,23.895,23.925,23.695,23.81,12147880
2016-10-10,23.935,24.03,23.92,23.975,13315800
2016-10-11,23.975,24.005,23.6,23.705,17436586
2016-10-12,23.725,23.81,23.6025,23.745,11028014
2016-10-13,23.59,23.67,23.395,23.595,19320572
2016-10-14,23.69,23.845,23.665,23.685,18896562
2016-10-17,23.685,23.7325,23.62,23.635,10148152
2016-10-18,23.81,23.87,23.735,23.765,10117874
2016-10-19,23.75,23.835,23.705,23.81,10069754
2016-10-20,23.75,23.76,23.585,23.7,12292006
2016-10-21,23.735,23.78,23.67,23.765,16153890
2016-10-24,23.89,24.01,23.87,23.995,10700080
2016-10-25,24.03,24.03,23.865,23.91,8724328
2016-10-26,23.71,23.9025,23.7,23.775,12559110
2016-10-27,23.88,23.885,23.715,23.745,17642134
2016-10-28,23.81,23.965,23.66,23.72,20835760
2016-10-31,23.78,23.815,23.71,23.71,11759920
2016-11-01,23.76,23.785,23.3428,23.505,18130380
2016-11-02,23.505,23.575,23.2978,23.355,16309876
2016-11-03,23.29,23.34,23.12,23.13,20233420
2016-11-04,23.11,23.275,23.0317,23.09,16302334
2016-11-07,23.43,23.6,23.375,23.59,26449000
2016-11-08,23.545,23.8025,23.52,23.705,19528062
2016-11-09,23.345,23.715,23.22,23.675,54255320
2016-11-10,23.81,23.81,22.97,23.295,79031020
2016-11-11,23.165,23.415,23.165,23.365,28183100
2016-11-14,23.385,23.4,22.9,23.01,37925580
2016-11-15,23.165,23.4164,23.155,23.335,34741500
2016-11-16,23.28,23.565,23.25,23.55,20248480
2016-11-17,23.58,23.72,23.5251,23.7,16295814
2016-11-18,23.755,23.805,23.6325,23.68,17627684
2016-11-21,23.765,23.9387,23.73,23.92,17951420
2016-11-22,24,24.034,23.94,23.995,16977574
2016-11-23,23.98,23.98,23.815,23.9,16233488
2016-11-25,23.915,24.005,23.89,24,6219016
2016-11-28,23.98,24.13,23.965,24.02,14975686
2016-11-29,24.005,24.15,23.95,24.035,11856860
2016-11-30,24.07,24.07,23.745,23.75,23629180
2016-12-01,23.72,23.78,23.195,23.26,43760660
2016-12-02,23.24,23.4,23.185,23.345,20105300
2016-12-05,23.475,23.6275,23.38,23.57,18007872
2016-12-06,23.625,23.68,23.53,23.64,18509578
2016-12-07,23.625,24.1086,23.61,24.09,19945668
2016-12-08,24.1,24.255,24.035,24.15,19348482
2016-12-09,24.24,24.325,24.2,24.325,24568320
2016-12-12,24.25,24.305,24.175,24.25,19170456
2016-12-13,24.355,24.675,24.34,24.555,27898000
2016-12-14,24.57,24.665,24.42,24.47,35813080
2016-12-15,24.5,24.7025,24.46,24.58,23139840
2016-12-16,24.54,24.5449,24.258,24.295,21131080
2016-12-19,24.315,24.55,24.295,24.47,13229304
2016-12-20,24.535,24.6,24.5,24.56,11410654
2016-12-21,24.55,24.56,24.46,24.51,9224436
2016-12-22,24.51,24.525,24.3825,24.46,22156760
2016-12-23,24.435,24.49,24.3918,24.485,12715706
2016-12-27,24.51,24.7,24.5,24.585,13570080
2016-12-28,24.615,24.6475,24.355,24.365,15554814
2016-12-29,24.365,24.4325,24.31,24.37,9593088
2016-12-30,24.425,24.425,24.105,24.18,16995394
2017-01-03,24.335,24.48,24.25,24.395,27852000
2017-01-04,24.415,24.515,24.4,24.48,14433640
2017-01-05,24.455,24.58,24.425,24.52,10964176
2017-01-06,24.52,24.735,24.45,24.7,17447956
2017-01-09,24.715,24.775,24.68,24.695,16626128
2017-01-10,24.7,24.785,24.615,24.7,15471130
2017-01-11,24.655,24.815,24.6225,24.815,15173004
2017-01-12,24.72,24.7825,24.52,24.755,13725442
2017-01-13,24.755,24.875,24.755,24.83,9665856
2017-01-17,24.765,24.8025,24.68,24.735,9636196
2017-01-18,24.805,24.835,24.7375,24.8,12296022
2017-01-19,24.8,24.8875,24.72,24.765,14494062
2017-01-20,24.875,24.965,24.835,24.9,17476842
2017-01-23,24.875,24.955,24.77,24.945,23955260
2017-01-24,24.925,25.1375,24.915,25.1,13021902
2017-01-25,25.235,25.34,25.215,25.34,18393382
2017-01-26,25.335,25.3525,25.2,25.27,14251572
2017-01-27,25.36,25.415,25.315,25.37,12045624
2017-01-30,25.285,25.285,25.05,25.165,16865188
2017-01-31,25.085,25.11,24.93,25.04,19097258
2017-02-01,25.27,25.31,25.09,25.23,23362020
2017-02-02,25.155,25.2225,25.05,25.18,17197618
2017-02-03,25.275,25.3775,25.27,25.345,13653390
2017-02-06,25.31,25.3625,25.245,25.36,13453036
2017-02-07,25.41,25.49,25.39,25.46,20106360
2017-02-08,25.485,25.545,25.3875,25.505,12706170
2017-02-09,25.52,25.65,25.505,25.585,9740044
2017-02-10,25.645,25.7,25.5775,25.66,8355592
2017-02-13,25.705,25.805,25.67,25.775,13159206
2017-02-14,25.745,25.86,25.67,25.86,12467510
2017-02-15,25.84,25.965,25.815,25.945,11895030
2017-02-16,25.98,26.075,25.9425,26.005,14123094
2017-02-17,25.975,26.095,25.935,26.095,14175394
2017-02-21,26.15,26.24,26.11,26.23,15237006
2017-02-22,26.205,26.28,26.15,26.26,13769630
2017-02-23,26.295,26.315,26.14,26.255,13404652
2017-02-24,26.1,26.325,26.085,26.315,15544210
2017-02-27,26.31,26.31,26.24,26.3,15951202
2017-02-28,26.255,26.28,26.135,26.175,15241994
2017-03-01,26.335,26.58,26.275,26.545,18189992
2017-03-02,26.52,26.525,26.355,26.37,14340224
2017-03-03,26.35,26.43,26.295,26.43,15713890
2017-03-06,26.32,26.435,26.275,26.39,13430324
2017-03-07,26.37,26.5,26.35,26.39,13960552
2017-03-08,26.42,26.5,26.3825,26.42,11361304
2017-03-09,26.425,26.455,26.285,26.415,15300374
2017-03-10,26.54,26.61,26.445,26.555,14709116
2017-03-13,26.555,26.61,26.53,26.58,14909510
2017-03-14,26.56,26.56,26.4175,26.52,14474746
2017-03-15,26.56,26.745,26.48,26.7,17866846
2017-03-16,26.8,26.8075,26.6856,26.715,21955460
2017-03-17,26.715,26.755,26.66,26.67,13763270
2017-03-20,26.675,26.7543,26.62,26.6853,9083082
2017-03-21,26.765,26.83,26.295,26.305,29787320
2017-03-22,26.31,26.51,26.275,26.47,22740480
2017-03-23,26.43,26.51,26.3575,26.4,22688120
2017-03-24,26.49,26.58,26.3275,26.42,26269760
2017-03-27,26.2,26.475,26.165,26.42,13654004
2017-03-28,26.395,26.67,26.35,26.61,16907712
2017-03-29,26.6,26.67,26.54,26.655,11410260
2017-03-30,26.635,26.7376,26.615,26.705,17508462
2017-03-31,26.68,26.745,26.6272,26.655,12206996
2017-04-03,26.68,26.72,26.4675,26.63,26035780
2017-04-04,26.52,26.65,26.51,26.65,15041594
2017-04-05,26.675,26.855,26.515,26.54,20955740
2017-04-06,26.57,26.625,26.48,26.545,13870176
2017-04-07,26.505,26.6,26.435,26.53,12935390
2017-04-10,26.545,26.6075,26.4275,26.48,9687274
2017-04-11,26.435,26.4725,26.165,26.38,16914090
2017-04-12,26.355,26.3825,26.2375,26.29,17368430
2017-04-13,26.26,26.435,26.185,26.185,19487050
2017-04-17,26.265,26.435,26.265,26.425,14131666
2017-04-18,26.355,26.4705,26.315,26.42,12459074
2017-04-19,26.46,26.555,26.35,26.4,14519198
2017-04-20,26.47,26.6825,26.43,26.64,15137002
2017-04-21,26.65,26.655,26.535,26.585,15233018
2017-04-24,26.875,26.92,26.815,26.9,16209778
2017-04-25,27.01,27.0936,26.9625,27.04,20089500
2017-04-26,27.06,27.105,26.985,27.01,16257672
2017-04-27,27.08,27.14,27.0525,27.12,17098866
2017-04-28,27.205,27.245,27.125,27.19,22793160
2017-05-01,27.29,27.4275,27.24,27.395,15123120
2017-05-02,27.45,27.495,27.355,27.455,14812828
2017-05-03,27.365,27.4249,27.28,27.405,14306806
2017-05-04,27.415,27.43,27.295,27.385,15137854
2017-05-05,27.43,27.4925,27.3625,27.485,13617640
2017-05-08,27.505,27.6198,27.455,27.605,12107078
2017-05-09,27.635,27.7125,27.585,27.64,15379610
2017-05-10,27.67,27.765,27.6075,27.745,10591814
2017-05-11,27.66,27.725,27.55,27.71,18181278
2017-05-12,27.735,27.795,27.705,27.78,9295250
2017-05-15,27.815,27.935,27.8,27.935,19898330
2017-05-16,28,28.065,27.905,28.065,18120920
2017-05-17,27.845,27.87,27.285,27.3,36980480
2017-05-18,27.23,27.565,27.185,27.46,31651740
2017-05-19,27.61,27.705,27.58,27.62,20308800
2017-05-22,27.685,27.875,27.68,27.84,20990000
2017-05-23,27.955,27.985,27.815,27.89,13209742
2017-05-24,27.965,28.01,27.8975,28.005,18823158
2017-05-25,28.095,28.264,28.0378,28.205,12174208
2017-05-26,28.18,28.225,28.1175,28.19,72535620
2017-05-30,28.2,28.34,28.165,28.31,11836314
2017-05-31,28.415,28.425,28.17,28.265,28479440
2017-06-01,28.325,28.335,28.1575,28.335,16603498
2017-06-02,28.44,28.6,28.3475,28.595,16843574
2017-06-05,28.595,28.695,28.56,28.62,13501598
2017-06-06,28.585,28.71,28.53,28.565,15307306
2017-06-07,28.63,28.705,28.505,28.655,17317414
2017-06-08,28.705,28.74,28.56,28.72,14188078
2017-06-09,28.76,28.81,27.61,28.01,70284020
2017-06-12,27.72,27.89,27.385,27.845,71375120
2017-06-13,27.98,28.135,27.84,28.045,36586300
2017-06-14,28.155,28.16,27.6775,27.91,32332640
2017-06-15,27.595,27.825,27.475,27.785,29500920
2017-06-16,27.675,27.6846,27.51,27.625,41993160
2017-06-19,27.835,28.055,27.82,28.035,19795600
2017-06-20,28.025,28.04,27.81,27.81,21811720
2017-06-21,27.905,27.98,27.82,27.965,24517400
2017-06-22,28.05,28.07,27.885,27.975,17585140
2017-06-23,27.95,28.2196,27.905,28.15,32783440
2017-06-26,28.3,28.36,27.97,28,19392968
2017-06-27,27.85,27.9,27.54,27.54,25741420
2017-06-28,27.645,27.91,27.46,27.885,25844220
2017-06-29,27.755,27.755,27.165,27.385,41928400
2017-06-30,27.5,27.545,27.335,27.36,30621340
2017-07-03,27.475,27.525,27.14,27.17,33105880
2017-07-05,27.27,27.4925,27.18,27.44,29598000
2017-07-06,27.2,27.34,27.125,27.19,25584720
2017-07-07,27.29,27.595,27.27,27.505,17635676
2017-07-10,27.51,27.7675,27.47,27.705,11188466
2017-07-11,27.675,27.81,27.57,27.765,13697760
2017-07-12,27.955,28.15,27.9375,28.125,33102680
2017-07-13,28.165,28.2775,28.115,28.18,16234590
2017-07-14,28.3,28.46,28.26,28.43,13339626
2017-07-17,28.455,28.515,28.38,28.435,19523670
2017-07-18,28.38,28.565,28.31,28.565,19802108
2017-07-19,28.61,28.735,28.585,28.71,13326996
2017-07-20,28.79,28.8,28.605,28.77,20373540
2017-07-21,28.645,28.74,28.615,28.735,11823908
2017-07-24,28.72,28.83,28.66,28.805,10718204
2017-07-25,28.715,28.8075,28.625,28.75,13717492
2017-07-26,28.905,28.91,28.765,28.86,21138080
2017-07-27,29.065,29.1,28.395,28.75,46034840
2017-07-28,28.605,28.775,28.58,28.72,20586160
2017-07-31,28.765,28.83,28.55,28.58,21880140
2017-08-01,28.725,28.75,28.62,28.725,16592728
2017-08-02,29.02,29.025,28.625,28.805,25133100
2017-08-03,28.845,28.845,28.6525,28.74,21375680
2017-08-04,28.8,28.8925,28.74,28.805,9492772
2017-08-07,28.845,28.98,28.8325,28.98,15304884
2017-08-08,28.94,29.165,28.86,28.94,20814780
2017-08-09,28.755,28.945,28.74,28.925,13932056
2017-08-10,28.77,28.8,28.3375,28.355,29530400
2017-08-11,28.4,28.6425,28.365,28.55,29935020
2017-08-14,28.81,29.045,28.75,29.005,19494332
2017-08-15,29.065,29.1125,28.96,29.05,14080356
2017-08-16,29.095,29.24,29.04,29.135,18064096
2017-08-17,29.025,29.07,28.565,28.565,25937460
2017-08-18,28.565,28.735,28.425,28.535,33337460
2017-08-21,28.555,28.585,28.335,28.525,15957242
2017-08-22,28.675,28.97,28.655,28.95,16843658
2017-08-23,28.79,28.9575,28.78,28.88,17809212
2017-08-24,28.95,28.9781,28.71,28.855,16187744
2017-08-25,28.95,29.035,28.79,28.85,16637502
2017-08-28,28.92,28.9575,28.825,28.905,11937662
2017-08-29,28.67,29.0675,28.635,29.03,17331084
2017-08-30,29.06,29.26,28.9925,29.24,15272770
2017-08-31,29.31,29.465,29.275,29.415,18823486
2017-09-01,29.49,29.515,29.3525,29.39,12012352
2017-09-05,29.305,29.3575,28.935,29.13,23779080
2017-09-06,29.22,29.26,29.03,29.155,18188968
2017-09-07,29.25,29.315,29.145,29.255,15387618
2017-09-08,29.21,29.25,28.9925,29.015,12502982
2017-09-11,29.245,29.455,29.245,29.425,14056922
2017-09-12,29.51,29.55,29.36,29.495,15679578
2017-09-13,29.46,29.465,29.34,29.455,16256570
2017-09-14,29.345,29.4875,29.29,29.355,15206190
2017-09-15,29.225,29.395,29.175,29.37,26227640
2017-09-18,29.415,29.5025,29.285,29.395,20822920
2017-09-19,29.44,29.585,29.365,29.525,11231864
2017-09-20,29.52,29.53,29.2,29.405,17901644
2017-09-21,29.395,29.395,29.15,29.245,16105052
2017-09-22,29.15,29.3,29.135,29.26,9649604
2017-09-25,29.165,29.165,28.785,28.915,27131800
2017-09-26,29.07,29.14,28.93,29.02,18106628
2017-09-27,29.15,29.405,29.105,29.315,15270956
2017-09-28,29.24,29.3625,29.18,29.35,11178474
2017-09-29,29.4,29.575,29.365,29.55,24854480
2017-10-02,29.625,29.6886,29.4505,29.595,15102784
2017-10-03,29.62,29.6775,29.585,29.665,12932442
2017-10-04,29.615,29.69,29.515,29.645,13274790
2017-10-05,29.735,29.935,29.72,29.93,12821784
2017-10-06,29.83,29.99,29.82,29.975,11852684
2017-10-09,30.02,30.115,30,30.05,13871544
2017-10-10,30.145,30.17,29.925,30.08,10936484
2017-10-11,30.04,30.19,30.04,30.18,9961538
2017-10-12,30.11,30.25,30.07,30.105,12212590
2017-10-13,30.215,30.3025,30.215,30.25,11899812
2017-10-16,30.325,30.365,30.255,30.36,16612714
2017-10-17,30.35,30.36,30.26,30.36,10263346
2017-10-18,30.45,30.475,30.34,30.435,12182634
2017-10-19,30.305,30.38,30.145,30.345,13745128
2017-10-20,30.53,30.585,30.48,30.55,14813166
2017-10-23,30.6,30.625,30.37,30.405,14109944
2017-10-24,30.465,30.54,30.3655,30.49,16061244
2017-10-25,30.42,30.51,30.125,30.325,18440826
2017-10-26,30.5,30.58,30.4275,30.45,18870778
2017-10-27,30.94,31.355,30.94,31.27,29048920
2017-10-30,31.28,31.46,31.2217,31.34,17148916
2017-10-31,31.46,31.5378,31.335,31.475,20188540
2017-11-01,31.625,31.665,31.315,31.48,19086628
2017-11-02,31.48,31.525,31.255,31.495,20445240
2017-11-03,31.66,31.775,31.475,31.745,15319108
2017-11-06,31.725,31.825,31.705,31.815,11973900
2017-11-07,31.85,31.86,31.6975,31.83,11550296
2017-11-08,31.83,32.01,31.7425,32.005,18200524
2017-11-09,31.76,31.805,31.43,31.75,20490060
2017-11-10,31.71,31.775,31.6325,31.75,11965008
2017-11-13,31.63,31.78,31.625,31.74,8589794
2017-11-14,31.645,31.71,31.4975,31.675,14725294
2017-11-15,31.52,31.5633,31.3525,31.44,16982452
2017-11-16,31.67,31.945,31.67,31.88,15280146
2017-11-17,31.835,31.86,31.6525,31.675,16604180
2017-11-20,31.75,31.82,31.705,31.795,13151272
2017-11-21,31.92,32.15,31.895,32.13,16347606
2017-11-22,32.13,32.14,32.015,32.07,24231440
2017-11-24,32.12,32.265,32.11,32.25,8678154
2017-11-27,32.195,32.2925,32.14,32.25,13778318
2017-11-28,32.3,32.385,32.17,32.355,22616440
2017-11-29,32.3,32.305,31.42,31.64,67276740
2017-11-30,31.78,32.005,31.665,31.92,42093160
2017-12-01,31.725,31.915,31.295,31.755,38419020
2017-12-04,31.955,31.97,31.215,31.245,33592940
2017-12-05,31.19,31.615,31.055,31.255,27833720
2017-12-06,31.13,31.5225,31.0525,31.455,26524580
2017-12-07,31.475,31.7099,31.455,31.65,23371000
2017-12-08,31.86,31.955,31.7225,31.8,20118040
2017-12-11,31.785,32.075,31.765,32.075,22649220
2017-12-12,32.055,32.18,31.9345,32.065,16793802
2017-12-13,32.175,32.23,32.035,32.075,20710280
2017-12-14,32.115,32.2125,32.02,32.035,21890280
2017-12-15,32.015,32.325,31.935,32.28,42610420
2017-12-18,32.51,32.6,32.455,32.565,21521540
2017-12-19,32.5,32.52,32.285,32.365,23949320
2017-12-20,32.505,32.505,32.2,32.355,17930302
2017-12-21,32.41,32.465,32.258,32.29,31883700
2017-12-22,32.235,32.2975,32.185,32.27,10971356
2017-12-26,32.07,32.09,31.9375,32.055,12438300
2017-12-27,32.06,32.15,32.035,32.09,10693626
2017-12-28,32.185,32.205,32.09,32.145,19316182
2017-12-29,32.165,32.175,31.95,31.975,13386376
2018-01-02,32.105,32.37,32.025,32.37,27435900
2018-01-03,32.43,32.66,32.395,32.64,22663380
2018-01-04,32.77,32.89,32.695,32.805,21492980
2018-01-05,32.975,33.18,32.91,33.15,19353930
2018-01-08,33.135,33.335,33.115,33.275,13453180
2018-01-09,33.34,33.35,33.135,33.19,21212600
2018-01-10,33.01,33.085,32.915,33.075,20794720
2018-01-11,33.15,33.225,33.07,33.21,15763266
2018-01-12,33.17,33.45,33.125,33.405,16297432
2018-01-16,33.61,33.7275,33.1875,33.275,36403000
2018-01-17,33.465,33.805,33.355,33.775,29376120
2018-01-18,33.775,33.9225,33.745,33.835,29845240
2018-01-19,33.9,33.955,33.725,33.9,23265160
2018-01-22,33.875,34.235,33.8055,34.23,18002160
2018-01-23,34.34,34.45,34.27,34.38,20456740
2018-01-24,34.47,34.53,34,34.115,36980660
2018-01-25,34.33,34.36,33.97,34.055,25840660
2018-01-26,34.29,34.595,34.215,34.595,20095280
2018-01-29,34.495,34.495,34.235,34.28,55163400
2018-01-30,34,34.17,33.8804,33.97,29662020
2018-01-31,34.17,34.2775,34,34.225,30665300
2018-02-01,34.1,34.4925,34.095,34.255,32623100
2018-02-02,33.87,33.9,33.235,33.24,43915880
2018-02-05,32.885,33.5075,31.835,31.85,89544640
2018-02-06,31.42,32.8175,31.24,32.765,90248960
2018-02-07,32.685,33.02,32.345,32.345,47422320
2018-02-08,32.435,32.495,30.995,31.005,55577420
2018-02-09,31.505,31.995,30.4855,31.765,72697840
2018-02-12,32.105,32.535,31.87,32.335,35629060
2018-02-13,32.15,32.495,32.0575,32.415,19080690
2018-02-14,32.235,33.0625,32.215,33.01,32117480
2018-02-15,33.325,33.64,32.935,33.64,24260400
2018-02-16,33.54,33.9495,33.505,33.59,20334240
2018-02-20,33.42,33.885,33.385,33.62,33778320
2018-02-21,33.75,34.0325,33.4,33.405,29099860
2018-02-22,33.52,33.7475,33.35,33.445,21925520
2018-02-23,33.72,34.145,33.64,34.145,20771680
2018-02-26,34.29,34.68,34.29,34.68,21590380
2018-02-27,34.695,34.8525,34.33,34.33,25580180
2018-02-28,34.525,34.67,34.08,34.085,30462500
2018-03-01,34.165,34.295,33.265,33.52,42922260
2018-03-02,33.14,33.9075,33.05,33.84,38391960
2018-03-05,33.68,34.3,33.605,34.185,21776860
2018-03-06,34.38,34.425,34.1088,34.26,20112880
2018-03-07,34.005,34.485,34.005,34.45,22218600
2018-03-08,34.555,34.63,34.385,34.6,15233480
2018-03-09,34.845,35.255,34.8,35.255,24673300
2018-03-12,35.36,35.505,35.265,35.365,27010380
2018-03-13,35.545,35.67,34.84,34.96,27576860
2018-03-14,35.135,35.165,34.755,34.93,27762300
2018-03-15,34.94,35.155,34.78,34.95,23002880
2018-03-16,34.9,35.025,34.76,34.805,24392780
2018-03-19,34.48,34.535,33.835,34.115,39397460
2018-03-20,34.03,34.2287,33.91,34.1,18748372
2018-03-21,34.025,34.345,33.8025,33.895,21826920
2018-03-22,33.485,33.68,32.995,33.02,42327340
2018-03-23,33,33.145,32.125,32.14,41900960
2018-03-26,32.795,33.405,32.34,33.36,50237900
2018-03-27,33.565,33.585,32.04,32.29,59487300
2018-03-28,32.215,32.6025,31.885,32.075,53621500
2018-03-29,32.305,33.035,32.08,32.71,35867340
2018-04-02,32.58,32.725,31.575,31.93,51419260
2018-04-03,32.17,32.32,31.705,32.245,36068400
2018-04-04,31.655,32.785,31.585,32.695,35775100
2018-04-05,32.995,33.045,32.61,32.83,32734040
2018-04-06,32.49,32.79,31.885,32.025,39961780
2018-04-09,32.26,32.905,32.2325,32.275,21859340
2018-04-10,32.785,33.205,32.605,33.07,32233020
2018-04-11,32.865,33.17,32.82,32.875,17315008
2018-04-12,33.08,33.415,33.0374,33.27,21233560
2018-04-13,33.5,33.515,33,33.16,22416980
2018-04-16,33.39,33.54,33.195,33.415,19476356
2018-04-17,33.71,34.145,33.65,34.035,30442760
2018-04-18,34,34.075,33.74,33.945,19764416
2018-04-19,33.73,33.765,33.4475,33.57,25811440
2018-04-20,33.47,33.495,32.9625,33.105,32475560
2018-04-23,33.23,33.325,32.83,32.985,37919380
2018-04-24,33.175,33.23,32.175,32.41,33014860
2018-04-25,32.46,32.525,32,32.415,30577860
2018-04-26,32.82,33.135,32.685,33.005,33085660
2018-04-27,33.335,33.36,32.77,32.945,26312960
2018-04-30,33.03,33.2325,32.6875,32.73,17371230
2018-05-01,32.685,33.16,32.605,33.14,18546674
2018-05-02,33.35,33.475,33.045,33.105,26385000
2018-05-03,32.955,33.3075,32.6625,33.18,31090240
2018-05-04,33.055,33.87,33.015,33.81,21682420
2018-05-07,33.97,34.2025,33.915,34.045,26919020
2018-05-08,33.99,34.15,33.835,34.12,30294860
2018-05-09,34.205,34.54,34.095,34.54,28826320
2018-05-10,34.7,35.015,34.665,34.99,23131500
2018-05-11,34.955,35.075,34.825,34.94,17521198
2018-05-14,35.055,35.21,34.8975,34.935,20213440
2018-05-15,34.69,34.722,34.425,34.605,28525180
2018-05-16,34.66,34.84,34.58,34.76,13360960
2018-05-17,34.635,34.87,34.4375,34.58,21579900
2018-05-18,34.465,34.62,34.405,34.435,15760824
2018-05-21,34.75,34.9025,34.56,34.735,22451320
2018-05-22,34.905,34.955,34.61,34.685,14781594
2018-05-23,34.4,34.94,34.395,34.94,29370480
2018-05-24,34.93,34.97,34.549,34.9,22400320
2018-05-25,34.925,35,34.79,34.875,18782710
2018-05-29,34.7,34.88,34.455,34.685,58619580
2018-05-30,34.86,34.985,34.7595,34.94,19930280
2018-05-31,34.94,35.18,34.87,34.95,30567860
2018-06-01,35.185,35.55,35.125,35.545,25445780
2018-06-04,35.635,35.865,35.6,35.83,19853352
2018-06-05,35.92,36.02,35.82,35.955,34548440
2018-06-06,36.015,36.19,35.83,36.19,35372640
2018-06-07,36.17,36.17,35.64,35.9,39047260
2018-06-08,35.63,35.9025,35.555,35.84,19809558
2018-06-11,35.86,35.995,35.78,35.88,14646410
2018-06-12,35.945,36.0825,35.885,36.055,15626496
2018-06-13,36.055,36.215,35.855,35.87,29278060
2018-06-14,36.01,36.2125,35.955,36.125,22650720
2018-06-15,35.87,35.915,35.645,35.86,33631940
2018-06-18,35.61,35.925,35.5,35.9,16580110
2018-06-19,35.46,35.73,35.26,35.715,25913320
2018-06-20,35.8,35.96,35.75,35.79,22931220
2018-06-21,35.93,35.95,35.4325,35.515,29541460
2018-06-22,35.605,35.615,35.2555,35.4,31465880
2018-06-25,35.115,35.15,34.3625,34.665,36019900
2018-06-26,34.775,35.0325,34.69,34.805,27719040
2018-06-27,34.915,35.075,34.32,34.33,44109020
2018-06-28,34.285,34.865,34.285,34.75,35560360
2018-06-29,34.885,35.0325,34.715,34.735,20019220
2018-07-02,34.435,35.055,34.385,35.045,25083480
2018-07-03,35.15,35.175,34.605,34.63,12722822
2018-07-05,34.845,35.14,34.745,35.12,27254220
2018-07-06,35.14,35.585,35.055,35.53,25603880
2018-07-09,35.72,35.81,35.535,35.8,17440974
2018-07-10,35.805,35.985,35.805,35.885,22735460
2018-07-11,35.63,35.885,35.575,35.745,25949740
2018-07-12,35.9,36.33,35.86,36.31,23703900
2018-07-13,36.315,36.36,36.1516,36.27,18516886
2018-07-16,36.28,36.355,36.115,36.185,13330772
2018-07-17,35.925,36.515,35.905,36.455,14890182
2018-07-18,36.445,36.45,36.265,36.395,14045642
2018-07-19,36.305,36.445,36.2,36.265,14900696
2018-07-20,36.405,36.475,36.23,36.275,14438572
2018-07-23,36.2,36.48,36.0575,36.46,25148780
2018-07-24,36.825,36.968,36.5075,36.66,21551500
2018-07-25,36.67,37.12,36.615,37.12,30119340
2018-07-26,36.485,36.67,36.42,36.55,25091320
2018-07-27,36.595,36.62,35.7,35.925,63550160
2018-07-30,35.905,35.96,35.16,35.365,35694500
2018-07-31,35.475,35.69,35.2625,35.46,29950780
2018-08-01,35.715,35.895,35.585,35.78,29322780
2018-08-02,35.45,36.275,35.45,36.23,26209480
2018-08-03,36.24,36.36,36.075,36.36,14491388
2018-08-06,36.345,36.575,36.2575,36.555,15000384
2018-08-07,36.685,36.8225,36.63,36.695,20545280
2018-08-08,36.675,36.865,36.58,36.795,14197198
2018-08-09,36.83,36.95,36.78,36.81,23446200
2018-08-10,36.535,36.69,36.41,36.515,23138260
2018-08-13,36.57,36.85,36.455,36.465,24128740
2018-08-14,36.59,36.7331,36.385,36.69,18359070
2018-08-15,36.46,36.595,36.075,36.36,35581400
2018-08-16,36.64,36.74,36.44,36.52,18208798
2018-08-17,36.41,36.675,36.29,36.575,18048104
2018-08-20,36.66,36.67,36.375,36.52,21207140
2018-08-21,36.62,36.81,36.535,36.58,15990466
2018-08-22,36.47,36.745,36.415,36.69,12742488
2018-08-23,36.625,36.97,36.625,36.77,18734918
2018-08-24,36.87,37.15,36.865,37.14,13115214
2018-08-27,37.34,37.5,37.24,37.48,16407846
2018-08-28,37.555,37.6275,37.44,37.545,14770422
2018-08-29,37.59,37.91,37.585,37.885,22364640
2018-08-30,37.78,38.015,37.655,37.77,21040560
2018-08-31,37.735,37.9,37.67,37.8,20535860
2018-09-04,37.625,37.71,37.4,37.655,22146940
2018-09-05,37.605,37.635,36.995,37.185,32852600
2018-09-06,37.13,37.21,36.625,36.915,27957560
2018-09-07,36.675,37.085,36.635,36.79,28461920
2018-09-10,36.925,36.975,36.7025,36.905,33308960
2018-09-11,36.8,37.3,36.71,37.22,27187940
2018-09-12,37.14,37.145,36.765,37.065,32536460
2018-09-13,37.295,37.595,37.285,37.5,25454880
2018-09-14,37.535,37.6325,37.3,37.47,18876912
2018-09-17,37.415,37.48,36.96,37,29584120
2018-09-18,36.955,37.415,36.955,37.235,19301176
2018-09-19,37.23,37.355,36.93,37.14,20870520
2018-09-20,37.36,37.6175,37.245,37.58,27243100
2018-09-21,37.595,37.655,37.29,37.305,45960860
2018-09-24,37.125,37.495,36.98,37.49,34513520
2018-09-25,37.445,37.521,37.29,37.445,21099300
2018-09-26,37.485,37.65,37.24,37.305,26640620
2018-09-27,37.44,37.6275,37.44,37.525,28466380
2018-09-28,37.42,37.7,37.4,37.665,23420240
2018-10-01,37.905,37.9975,37.73,37.845,20667880
2018-10-02,37.8,38.065,37.68,37.85,28013900
2018-10-03,37.98,38.1325,37.8925,37.965,26584700
2018-10-04,37.78,37.81,37.035,37.28,46582840
2018-10-05,37.265,37.38,36.4522,36.81,44576980
2018-10-08,36.635,36.7475,35.9775,36.395,39937700
2018-10-09,36.38,36.74,36.3025,36.525,30276920
2018-10-10,36.305,36.31,34.73,34.755,88155600
2018-10-11,34.655,35.245,34.035,34.315,136534880
2018-10-12,35.285,35.5275,34.725,35.415,71807140
2018-10-15,35.285,35.315,34.815,34.835,38299240
2018-10-16,35.275,36,35.19,35.885,41995360
2018-10-17,35.93,35.955,35.4,35.72,48329760
2018-10-18,35.56,35.585,34.81,35.02,45920340
2018-10-19,35.225,35.605,34.875,35.005,44279340
2018-10-22,35.17,35.525,34.96,35.295,31961820
2018-10-23,34.56,35.345,34.21,35.16,48119460
2018-10-24,35.07,35.155,33.545,33.585,68305240
2018-10-25,34.065,34.92,34.01,34.74,46702760
2018-10-26,33.875,34.665,33.555,34.045,85487180
2018-10-29,34.515,34.76,32.795,33.47,68100000
2018-10-30,33.44,33.9625,33.155,33.845,61121540
2018-10-31,34.35,34.925,34.335,34.65,42288280
2018-11-01,34.7,35.08,34.405,35.055,31075000
2018-11-02,34.785,34.99,34.08,34.37,40390400
2018-11-05,34.35,34.405,33.84,34.335,28416420
2018-11-06,34.305,34.715,34.275,34.55,18267528
2018-11-07,34.95,35.565,34.905,35.565,32627200
2018-11-08,35.43,35.58,35.31,35.535,20819460
2018-11-09,35.23,35.26,34.625,34.92,25883620
2018-11-12,34.6,34.66,33.65,33.69,32858700
2018-11-13,33.77,34.31,33.63,33.73,31404400
2018-11-14,34.105,34.175,33.1533,33.325,38978360
2018-11-15,33.38,34.24,33.185,34.16,52598700
2018-11-16,33.76,34.31,33.69,34.105,35945440
2018-11-19,33.945,33.98,32.715,32.805,38387020
2018-11-20,31.89,32.535,31.69,32.1,56126040
2018-11-21,32.535,32.665,32.2,32.335,33005360
2018-11-23,31.99,32.395,31.9733,32.04,10676228
2018-11-26,32.46,32.765,32.2875,32.765,25045180
2018-11-27,32.54,32.88,32.35,32.83,23076360
2018-11-28,33.16,33.98,33.035,33.98,33190620
2018-11-29,33.875,33.925,33.47,33.65,28228480
2018-11-30,33.67,33.995,33.505,33.97,33015740
2018-12-03,34.82,34.855,34.345,34.72,32461820
2018-12-04,34.475,34.55,33.325,33.405,41978500
2018-12-06,32.62,33.48,32.455,33.48,43155800
2018-12-07,33.32,33.4725,32.15,32.3,39874920
2018-12-10,32.12,32.87,31.935,32.745,40895120
2018-12-11,33.255,33.3181,32.52,32.785,31626300
2018-12-12,33.315,33.56,33.025,33.04,33857620
2018-12-13,33.2,33.445,32.905,33.095,25638680
2018-12-14,32.7,32.88,32.255,32.285,31032420
2018-12-17,32.165,32.385,31.345,31.6,46522120
2018-12-18,31.845,32.125,31.595,31.85,39234100
2018-12-19,31.805,32.37,30.88,31.22,67169800
2018-12-20,31.085,31.4,30.215,30.66,78956300
2018-12-21,30.535,30.91,29.47,29.6,81626300
2018-12-24,29.32,29.68,28.785,28.81,42234040
2018-12-26,29.01,30.55,28.845,30.55,58119920
2018-12-27,30.125,30.78,29.5419,30.77,46677440
2018-12-28,30.995,31.2109,30.435,30.7,39685440
2018-12-31,30.965,31.105,30.73,30.99,33720060
2019-01-02,30.355,31.195,30.315,31.01,30724200
2019-01-03,30.22,30.24,29.405,29.445,49857280
2019-01-04,29.985,30.879,29.89,30.75,41535540
2019-01-07,30.75,31.235,30.68,31.025,23817280
2019-01-08,31.325,31.435,30.915,31.285,26003020
2019-01-09,31.455,31.855,31.42,31.69,28044760
2019-01-10,31.44,31.845,31.295,31.83,21868160
2019-01-11,31.645,31.7875,31.575,31.77,15429612
2019-01-14,31.49,31.585,31.365,31.475,14483782
2019-01-15,31.575,32.015,31.52,31.95,28653740
2019-01-16,31.985,32.175,31.92,31.98,18937032
2019-01-17,31.865,32.37,31.78,32.185,20256360
2019-01-18,32.505,32.74,32.295,32.675,27236760
2019-01-22,32.41,32.465,31.87,32.125,29982380
2019-01-23,32.26,32.4975,31.875,32.235,19152140
2019-01-24,32.35,32.62,32.335,32.505,28339600
2019-01-25,32.75,33.0625,32.63,32.965,20043160
2019-01-28,32.475,32.535,32.255,32.525,19324736
2019-01-29,32.59,32.595,32.125,32.175,17143218
2019-01-30,32.71,33.27,32.565,33.175,33218040
2019-01-31,33.005,33.32,32.9,33.14,36499720
2019-02-01,33.155,33.515,33.105,33.335,19475592
2019-02-04,33.38,33.875,33.355,33.87,15202606
2019-02-05,33.985,34.24,33.945,34.155,24121120
2019-02-06,34.195,34.365,34.0625,34.27,20379300
2019-02-07,33.955,34.1,33.57,33.8,29264060
2019-02-08,33.495,33.995,33.475,33.995,16977496
2019-02-11,34.1,34.205,33.9,33.98,14858198
2019-02-12,34.215,34.4736,34.165,34.43,19402484
2019-02-13,34.6,34.725,34.455,34.475,18237282
2019-02-14,34.345,34.6575,34.32,34.535,19483922
2019-02-15,34.795,34.845,34.615,34.81,14709190
2019-02-19,34.67,34.925,34.635,34.82,16638226
2019-02-20,34.85,35.0025,34.675,34.86,19704164
2019-02-21,34.775,35.0125,34.66,34.875,19508110
2019-02-22,35.035,35.34,35.025,35.32,24493280
2019-02-25,35.585,35.735,35.465,35.49,40341000
2019-02-26,35.365,35.665,35.335,35.565,28267920
2019-02-27,35.43,35.575,35.165,35.53,19555064
2019-02-28,35.4,35.565,35.34,35.43,18876662
2019-03-01,35.71,35.765,35.385,35.67,24668000
2019-03-04,35.82,35.9075,35.14,35.535,31638540
2019-03-05,35.515,35.56,35.32,35.43,17907466
2019-03-06,35.405,35.445,35.2,35.245,26238840
2019-03-07,35.145,35.175,34.795,34.91,36996520
2019-03-08,34.49,34.935,34.42,34.905,25781420
2019-03-11,35.03,35.6875,35.03,35.655,29153420
2019-03-12,35.755,35.9875,35.645,35.865,36101240
2019-03-13,36.02,36.3125,36,36.1,35667260
2019-03-14,36.16,36.285,36.0726,36.175,21313180
2019-03-15,36.185,36.66,36.16,36.495,42048920
2019-03-18,36.52,36.745,36.4225,36.65,29675280
2019-03-19,36.8,36.9,36.58,36.725,32194980
2019-03-20,36.685,36.925,36.405,36.625,27408580
2019-03-21,36.63,37.625,36.6225,37.545,54544000
2019-03-22,37.35,37.505,36.6425,36.66,53492900
2019-03-25,36.54,36.745,36.265,36.5,43888300
2019-03-26,36.82,37.055,36.4875,36.7,27930120
2019-03-27,36.755,36.895,36.17,36.49,31650620
2019-03-28,36.6,36.79,36.415,36.64,21072800
2019-03-29,36.945,37.015,36.765,37,28694360
2019-04-01,37.36,37.55,37.15,37.505,25174020
2019-04-02,37.535,37.685,37.42,37.635,23574160
2019-04-03,37.86,38.13,37.79,37.94,27737820
2019-04-04,37.925,38.025,37.555,37.78,23005900
2019-04-05,37.905,38,37.8421,37.96,13419532
2019-04-08,37.87,38.125,37.71,38.105,14619222
2019-04-09,37.94,38.0775,37.84,37.925,26878540
2019-04-10,37.96,38.2,37.94,38.19,17226106
2019-04-11,38.27,38.28,38.06,38.14,15394114
2019-04-12,38.355,38.405,38.14,38.405,17110072
2019-04-15,38.405,38.5,38.185,38.39,19821354
2019-04-16,38.51,38.625,38.4,38.585,19218614
2019-04-17,38.83,38.85,38.61,38.8,24493540
2019-04-18,38.885,38.92,38.62,38.91,22983800
2019-04-22,38.73,39.015,38.695,39,16158994
2019-04-23,39.06,39.475,39.02,39.425,33384300
2019-04-24,39.455,39.62,39.38,39.44,21874380
2019-04-25,39.62,39.73,39.22,39.43,22758400
2019-04-26,39.19,39.29,38.8625,39.28,22099360
2019-04-29,39.285,39.4149,39.245,39.29,21226320
2019-04-30,39.27,39.41,39.0517,39.355,37666980
2019-05-01,39.75,39.85,39.25,39.255,30893660
2019-05-02,39.245,39.5275,38.84,39.05,49977500
2019-05-03,39.19,39.455,39.135,39.42,26576840
2019-05-06,38.48,39.18,38.33,39.115,26044960
2019-05-07,38.675,38.825,37.925,38.275,41251420
2019-05-08,38.15,38.56,38.085,38.23,27334940
2019-05-09,37.755,38.095,37.33,37.97,38601820
2019-05-10,37.725,38.26,37.1824,38.09,39192600
2019-05-13,37.015,37.235,36.55,36.655,50922420
2019-05-14,36.84,37.475,36.81,37.245,36808560
2019-05-15,36.985,37.765,36.925,37.65,30097760
2019-05-16,37.675,38.27,37.625,37.995,30889960
2019-05-17,37.605,38.2,37.6,37.69,27088000
2019-05-20,37.055,37.345,36.8525,37.035,29349220
2019-05-21,37.425,37.61,37.34,37.49,29682260
2019-05-22,37.245,37.52,37.225,37.295,23042160
2019-05-23,36.79,36.81,36.3702,36.64,32171400
2019-05-24,36.84,37.03,36.61,36.65,23500040
2019-05-28,36.765,37,36.525,36.545,51545540
2019-05-29,36.275,36.505,36.085,36.33,29509620
2019-05-30,36.415,36.6275,36.305,36.555,22841060
2019-05-31,36.115,36.285,35.93,35.945,24079560
2019-06-03,36,36.2,35.0725,35.315,39407400
2019-06-04,35.765,36.495,35.5825,36.495,30192340
2019-06-05,36.98,37.055,36.55,36.97,28791680
2019-06-06,37.07,37.475,36.8975,37.4,23844920
2019-06-07,37.595,38.3176,37.52,38.095,23984140
2019-06-10,38.37,38.845,38.37,38.485,26927560
2019-06-11,38.875,38.915,38.265,38.485,23100260
2019-06-12,38.3,38.4025,38.18,38.27,15193886
2019-06-13,38.405,38.52,38.245,38.385,19735522
2019-06-14,38.035,38.175,37.885,38.05,16883378
2019-06-17,38.075,38.2675,37.995,38.08,18702260
2019-06-18,38.485,38.96,38.365,38.77,32362360
2019-06-19,38.87,39.01,38.605,38.91,24742580
2019-06-20,39.48,39.61,39.1493,39.48,27783800
2019-06-21,39.195,39.495,39.14,39.155,41430740
2019-06-24,39.225,39.3575,39.17,39.23,16432236
2019-06-25,39.21,39.245,38.4625,38.51,26245340
2019-06-26,38.885,39.1975,38.875,38.925,18138362
2019-06-27,39.055,39.16,38.94,39.025,13675232
2019-06-28,39.145,39.19,38.9,39.02,35566720
2019-07-01,39.915,39.965,39.475,39.64,28581420
2019-07-02,39.62,39.77,39.53,39.745,15568960
2019-07-03,39.845,40.05,39.765,40.05,10683544
2019-07-05,39.725,40.045,39.58,39.975,11848254
2019-07-08,39.665,39.7175,39.4851,39.67,14919874
2019-07-09,39.465,39.84,39.405,39.81,18499652
2019-07-10,40.03,40.365,39.9975,40.125,20217880
2019-07-11,40.225,40.4275,40.14,40.275,22704840
2019-07-12,40.4,40.595,40.33,40.57,15506842
2019-07-15,40.68,40.755,40.59,40.705,12572252
2019-07-16,40.655,40.66,40.255,40.325,16011988
2019-07-17,40.4,40.49,40.215,40.22,13416000
2019-07-18,40.13,40.58,40.1,40.52,16044786
2019-07-19,40.925,40.94,40.295,40.345,23359480
2019-07-22,40.5,40.9085,40.495,40.81,13849326
2019-07-23,41.045,41.075,40.73,41.035,11011016
2019-07-24,40.98,41.39,40.98,41.375,18514202
2019-07-25,41.285,41.285,40.9854,41.205,19846740
2019-07-26,41.225,41.375,41.185,41.295,22240320
2019-07-29,41.315,41.34,40.95,41.27,16946438
2019-07-30,40.985,41.1825,40.895,41.005,14733898
2019-07-31,41.225,41.27,39.9601,40.385,33738500
2019-08-01,40.455,41.31,39.98,40.18,57666020
2019-08-02,39.855,39.87,39.165,39.525,44743900
2019-08-05,38.47,38.525,37.57,37.875,55653120
2019-08-06,38.385,38.645,38.065,38.505,38301880
2019-08-07,38.065,38.85,37.855,38.745,41164840
2019-08-08,39.055,39.705,38.955,39.695,31983160
2019-08-09,39.46,39.5695,38.945,39.245,31145200
2019-08-12,38.975,39.12,38.55,38.73,21786780
2019-08-13,38.695,39.85,38.61,39.7,52165460
2019-08-14,38.97,39.145,38.38,38.48,47138700
2019-08-15,38.515,38.61,38.085,38.41,31337120
2019-08-16,38.805,39.2214,38.75,39.14,21724900
2019-08-19,39.755,39.855,39.5275,39.735,15756480
2019-08-20,39.685,39.885,39.5125,39.535,16675898
2019-08-21,39.915,40.1,39.82,40,16806116
2019-08-22,40.105,40.195,39.55,39.905,15188838
2019-08-23,39.685,40.05,38.425,38.585,40798060
2019-08-26,39.06,39.135,38.795,39.12,20717040
2019-08-27,39.375,39.445,38.835,39.06,20066080
2019-08-28,38.85,39.16,38.57,39.095,14279176
2019-08-29,39.625,39.895,39.485,39.775,16242144
2019-08-30,40.035,40.085,39.48,39.765,20150880
2019-09-03,39.435,39.7843,39.14,39.28,23676100
2019-09-04,39.705,39.97,39.665,39.95,15459810
2019-09-05,40.475,40.95,40.455,40.785,20086720
2019-09-06,40.875,40.895,40.64,40.75,18300150
2019-09-09,40.94,40.96,40.23,40.445,25221420
2019-09-10,40.26,40.26,39.785,40.24,19717334
2019-09-11,40.365,40.67,40.28,40.66,18818546
2019-09-12,40.91,41.21,40.7075,40.88,25542040
2019-09-13,40.815,40.815,40.535,40.58,33067100
2019-09-16,40.245,40.5675,40.205,40.48,15451764
2019-09-17,40.51,40.645,40.4175,40.645,15412092
2019-09-18,40.58,40.67,40.09,40.64,17595580
2019-09-19,40.765,41.09,40.675,40.73,16409236
2019-09-20,40.735,40.755,40.025,40.13,30171580
2019-09-23,40.135,40.375,40.05,40.255,15778684
2019-09-24,40.52,40.675,39.695,39.865,35462000
2019-09-25,39.81,40.45,39.445,40.34,23926900
2019-09-26,40.325,40.525,40.07,40.385,18233822
2019-09-27,40.385,40.47,39.545,39.845,25564600
2019-09-30,40.015,40.36,39.96,40.265,22014380
2019-10-01,40.445,40.715,39.875,39.89,22045180
2019-10-02,39.625,39.635,38.8475,39.14,39521140
2019-10-03,39.125,39.635,38.64,39.62,34953060
2019-10-04,39.9,40.325,39.86,40.275,22041280
2019-10-07,40.14,40.44,40.075,40.105,21242300
2019-10-08,39.845,39.9673,39.365,39.37,28962740
2019-10-09,39.78,40.1025,39.72,39.955,20557840
2019-10-10,39.915,40.39,39.885,40.23,18960074
2019-10-11,40.725,41.145,40.66,40.785,31993120
2019-10-14,40.745,40.93,40.74,40.76,11332848
2019-10-15,40.925,41.31,40.885,41.21,16238006
2019-10-16,40.985,41.0031,40.7726,40.925,20251060
2019-10-17,41.065,41.18,40.63,40.845,13732406
2019-10-18,40.785,40.8475,40.19,40.455,17452630
2019-10-21,40.695,40.91,40.55,40.89,12690960
2019-10-22,40.97,41.115,40.31,40.34,18470442
2019-10-23,40.215,40.38,40.13,40.375,17907750
2019-10-24,40.805,41,40.6525,40.965,14617368
2019-10-25,40.965,41.51,40.94,41.46,16305452
2019-10-28,41.825,42.005,41.805,41.985,14459712
2019-10-29,41.95,42.025,41.59,41.605,15520884
2019-10-30,41.73,41.91,41.45,41.86,25558680
2019-10-31,41.925,41.97,41.565,41.835,22461780
2019-11-01,41.975,42.335,41.91,42.335,19841184
2019-11-04,42.66,42.685,42.465,42.555,20363120
2019-11-05,42.675,42.69,42.36,42.505,15799696
2019-11-06,42.5,42.5225,42.27,42.485,17077226
2019-11-07,42.77,43.06,42.7,42.82,28084940
2019-11-08,42.71,43.06,42.54,43.06,12573160
2019-11-11,42.815,43.14,42.76,43.08,8488164
2019-11-12,43.14,43.385,43.035,43.225,16563094
2019-11-13,43.055,43.36,43.045,43.32,15372384
2019-11-14,43.15,43.305,43.03,43.27,12182884
2019-11-15,43.575,43.62,43.44,43.62,14124992
2019-11-18,43.605,43.8143,43.44,43.75,13024702
2019-11-19,43.925,43.9634,43.675,43.835,14087364
2019-11-20,43.735,43.8625,43.2413,43.57,24759800
2019-11-21,43.485,43.535,43.26,43.35,18755544
2019-11-22,43.475,43.545,43.1225,43.295,11780832
2019-11-25,43.49,43.925,43.4751,43.925,14739762
2019-11-26,43.95,44.075,43.88,43.965,19454646
2019-11-27,44.1,44.21,43.9675,44.21,18698060
2019-11-29,44.095,44.164,44.005,44.08,11360188
2019-12-02,44.1,44.1,43.26,43.45,23174840
2019-12-03,42.765,43.095,42.58,43.065,22502000
2019-12-04,43.345,43.38,43.175,43.24,13830192
2019-12-05,43.395,43.435,43.1951,43.4,15620774
2019-12-06,43.73,43.92,43.695,43.88,18411140
2019-12-09,43.805,43.945,43.65,43.65,11606864
2019-12-10,43.72,43.915,43.575,43.685,12351084
2019-12-11,43.8,44.0175,43.71,43.98,9878936
2019-12-12,43.855,44.515,43.75,44.45,24194740
2019-12-13,44.405,44.845,44.32,44.745,26257320
2019-12-16,45.085,45.3,45.075,45.145,19746972
2019-12-17,45.225,45.245,44.98,45.04,14919346
2019-12-18,45.095,45.21,45.02,45.035,12971666
2019-12-19,45.065,45.365,45.05,45.36,13725718
2019-12-20,45.48,45.53,45.36,45.475,23415820
2019-12-23,45.615,45.72,45.55,45.605,15530364
2019-12-24,45.685,45.685,45.515,45.62,4890728
2019-12-26,45.715,45.97,45.685,45.96,8269296
2019-12-27,46.145,46.145,45.84,45.955,19332400
2019-12-30,45.945,45.95,45.3375,45.69,16491276
2019-12-31,45.535,45.885,45.475,45.835,11603230
2020-01-02,46.25,46.695,46.16,46.695,26577680
2020-01-03,46.015,46.49,46.01,46.17,30024760
2020-01-06,45.71,46.33,45.625,46.28,15631100
2020-01-07,46.36,46.4875,46.19,46.26,15424262
2020-01-08,46.31,46.96,46.225,46.755,23266740
2020-01-09,47.185,47.315,46.945,47.285,15555456
2020-01-10,47.49,47.5525,47.095,47.175,15332050
2020-01-13,47.39,47.82,47.365,47.765,15525896
2020-01-14,47.825,47.87,47.4625,47.54,16137670
2020-01-15,47.57,47.825,47.4325,47.595,14417212
2020-01-16,47.9,48.245,47.8325,48.235,11543136
2020-01-17,48.46,48.605,48.2,48.56,21661520
2020-01-21,48.41,48.82,48.4,48.54,17975052
2020-01-22,48.845,49.055,48.675,48.715,15491816
2020-01-23,48.765,48.985,48.5562,48.945,14956486
2020-01-24,49.305,49.415,48.545,48.715,23617360
2020-01-27,47.58,47.93,47.355,47.555,35574680
2020-01-28,47.97,48.595,47.87,48.465,31184400
2020-01-29,48.865,48.935,48.3925,48.59,21130000
2020-01-30,48.57,49.055,48.275,49.01,19933564
2020-01-31,48.725,48.75,47.495,47.665,26964660
2020-02-03,47.72,48.4125,47.665,48.295,25085660
2020-02-04,49.135,49.665,49.0125,49.56,19097752
2020-02-05,50.375,50.4,49.49,49.85,32697080
2020-02-06,50.055,50.32,49.83,50.305,13505696
2020-02-07,50.07,50.265,49.7425,49.845,16597928
2020-02-10,49.555,50.53,49.545,50.52,16347512
2020-02-11,50.905,50.95,50.1975,50.35,15105774
2020-02-12,50.695,50.915,50.41,50.895,12152776
2020-02-13,50.495,51.025,50.42,50.76,14802860
2020-02-14,50.86,51.065,50.6975,50.98,12392468
2020-02-18,50.57,50.9,50.515,50.79,20636580
2020-02-19,51.12,51.47,51.085,51.395,16615568
2020-02-20,51.285,51.4075,50.165,50.86,26324660
2020-02-21,50.6,50.645,49.41,49.72,29899080
2020-02-24,47.335,48.355,46.9,47.665,42365260
2020-02-25,48.095,48.27,45.97,46.14,62934380
2020-02-26,46.315,47.3543,46.0005,46.35,55759580
2020-02-27,44.83,45.78,43.82,43.85,67825840
2020-02-28,42.105,44.6025,42.03,44.185,111859020
2020-03-02,44.98,46.75,44.19,46.74,70008620
2020-03-03,47.005,47.33,44.49,44.965,94989160
2020-03-04,45.935,46.91,45.3,46.895,44727680
2020-03-05,45.645,46.5151,45.12,45.415,49019020
2020-03-06,43.895,44.72,43.245,44.455,57631860
2020-03-09,40.79,43,40.7503,41.08,59119740
2020-03-10,42.84,43.825,41.31,43.82,71164660
2020-03-11,42.645,42.91,41.155,41.75,63346840
2020-03-12,38.72,40.95,37.5,37.675,65490660
2020-03-13,40.045,42.19,38.1475,42.095,65849660
2020-03-16,35.86,39.605,35.595,36.28,81244840
2020-03-17,37.135,39.22,35.97,38.75,100814580
2020-03-18,36.175,37.9108,35.135,37.29,107412420
2020-03-19,36.945,38.695,36.06,37.425,123454120
2020-03-20,38.13,38.52,35.59,35.71,90443980
2020-03-23,35.345,36.11,34.05,35.2,84958320
2020-03-24,37.33,38.835,37.18,38.805,75329040
2020-03-25,39.1,40.545,38.01,38.755,57480860
2020-03-26,39.245,41.255,39.15,41.155,56425860
2020-03-27,39.88,40.63,39.125,39.295,58485440
2020-03-30,39.82,41.045,39.695,40.95,47480140
2020-03-31,40.855,41.59,39.975,40.185,40002160
2020-04-01,38.795,39.625,37.9825,38.27,54984820
2020-04-02,38.135,39.215,37.98,39.165,44223640
2020-04-03,38.995,39.415,38.075,38.56,31571940
2020-04-06,40.255,42.1225,40,41.85,35987140
2020-04-07,43.325,43.34,41.43,41.475,44298900
2020-04-08,42.02,42.7629,41.625,42.59,27428660
2020-04-09,43.095,43.3125,42.2975,42.6,39261460
2020-04-13,42.43,42.755,41.825,42.695,25301580
2020-04-14,43.645,44.565,43.47,44.485,31778960
2020-04-15,43.6,43.87,43.19,43.515,25858100
2020-04-16,44.085,44.155,43.325,44.045,23667580
2020-04-17,44.825,44.835,43.985,44.63,28284800
2020-04-20,44.025,44.6099,43.855,43.915,20407020
2020-04-21,43.295,43.4,41.82,42.075,32765100
2020-04-22,43.095,43.935,42.94,43.695,24038140
2020-04-23,43.795,44.29,43.36,43.395,21169700
2020-04-24,43.575,44.3229,43.2955,44.315,16885624
2020-04-27,44.715,44.845,44.425,44.695,15598542
2020-04-28,45.25,45.28,44.04,44.1,25267620
2020-04-29,45.04,46.0675,44.88,45.91,22925860
2020-04-30,46.005,46.005,45.365,45.705,30861280
2020-05-01,44.7,45.325,44.28,44.45,23990620
2020-05-04,44.245,45.085,44.04,45.04,21458060
2020-05-05,45.555,46.24,45.475,45.66,17374664
2020-05-06,46.1,46.46,45.81,46.015,16941012
2020-05-07,46.64,46.9675,46.57,46.705,21091060
2020-05-08,47.15,47.455,46.875,47.39,15224524
2020-05-11,47.065,47.9845,46.97,47.705,20768720
2020-05-12,47.9,48.035,46.685,46.72,27042020
2020-05-13,46.745,47.1045,45.31,45.915,33942780
2020-05-14,45.595,46.53,45.095,46.5,30475200
2020-05-15,45.765,46.745,45.635,46.735,28033420
2020-05-18,47.655,48.15,47.49,47.88,20035320
2020-05-19,47.9,48.445,47.685,47.705,20092700
2020-05-20,48.365,48.84,48.34,48.75,18191988
2020-05-21,48.7,48.845,48.0425,48.07,20581680
2020-05-22,48,48.305,47.805,48.245,18490076
2020-05-26,49.21,49.245,48.1525,48.195,26001500
2020-05-27,48.19,48.49,47.165,48.47,38856740
2020-05-28,48.29,49.26,48.255,48.375,21158280
2020-05-29,48.52,49.1,48.115,48.985,35557820
2020-06-01,48.755,49.0725,48.54,48.97,26723360
2020-06-02,49.07,49.43,48.605,49.43,22415300
2020-06-03,49.63,49.975,49.415,49.815,22036520
2020-06-04,49.62,49.965,49.13,49.405,15138880
2020-06-05,49.755,50.85,49.67,50.705,20756300
2020-06-08,50.615,50.98,50.15,50.96,16130418
2020-06-09,50.705,51.45,50.66,51.2,14707730
2020-06-10,51.57,52.445,51.475,52.055,24389600
2020-06-11,51.15,51.225,49.055,49.07,39742040
2020-06-12,50.385,50.635,48.84,49.705,43287000
2020-06-15,48.8,50.41,48.64,50.185,29926360
2020-06-16,51.385,51.695,50.46,51.255,27937800
2020-06-17,51.545,51.73,51.16,51.245,17324252
2020-06-18,51.15,51.53,51.04,51.475,13717188
2020-06-19,52.095,52.155,50.875,51.12,31279960
2020-06-22,51.045,51.985,50.965,51.94,14737958
2020-06-23,52.405,52.915,52.24,52.315,19027988
2020-06-24,52.1,52.39,50.855,51.135,25425680
2020-06-25,51.21,51.845,50.655,51.79,20534460
2020-06-26,51.69,51.765,50.615,50.77,44275540
2020-06-29,50.765,51.33,50.155,51.325,18547202
2020-06-30,51.33,52.455,51.26,52.245,16499918
2020-07-01,52.28,52.635,52.04,52.33,21709140
2020-07-02,52.825,53.11,52.525,52.635,19144662
2020-07-06,53.315,53.805,53.285,53.555,16046258
2020-07-07,53.495,54.035,52.94,52.995,15863566
2020-07-08,53.415,53.865,53.13,53.86,13327056
2020-07-09,54.3,54.31,53.28,54.055,17768454
2020-07-10,53.93,54.065,53.4,54.04,14724584
2020-07-13,54.5,54.86,52.785,52.92,28910420
2020-07-14,52.5,53.605,51.94,53.53,30053140
2020-07-15,54.02,54.2825,53.19,53.82,23779140
2020-07-16,53.245,53.395,52.7453,53.155,17180586
2020-07-17,53.47,53.565,52.925,53.415,12710580
2020-07-20,53.565,54.91,53.265,54.78,17018442
2020-07-21,55.17,55.19,54.03,54.23,18794990
2020-07-22,54.28,54.8353,54.235,54.665,15028070
2020-07-23,54.375,54.735,53.0025,53.245,23349600
2020-07-24,52.355,52.945,51.735,52.6,22911700
2020-07-27,52.92,53.485,52.815,53.43,16907990
2020-07-28,53.265,53.43,52.765,52.805,17825484
2020-07-29,53.005,53.715,53.005,53.57,13187246
2020-07-30,53.085,53.905,52.8,53.87,21556740
2020-07-31,54.72,55.235,53.8305,55.215,25188220
2020-08-03,55.965,56.755,55.94,56.575,24331560
2020-08-04,56.455,56.725,56.21,56.72,17971638
2020-08-05,56.9,57.06,56.645,56.93,12960540
2020-08-06,56.885,57.785,56.7575,57.73,16399336
2020-08-07,57.5,57.5025,56.42,56.87,27476260
2020-08-10,56.98,57.075,55.9425,56.71,16481350
2020-08-11,56.525,56.765,55.575,55.69,18844470
2020-08-12,56.14,57.103,56.07,56.955,14197800
2020-08-13,57.035,57.455,56.775,56.98,11453670
2020-08-14,57.005,57.105,56.625,56.94,8334274
2020-08-17,57.285,57.45,57.215,57.32,8174860
2020-08-18,57.43,57.69,57.05,57.535,8930088
2020-08-19,57.68,57.935,57.3675,57.465,14239416
2020-08-20,57.25,58.345,57.19,58.23,12803080
2020-08-21,58.285,59.035,58.255,58.97,15288690
2020-08-24,59.82,59.84,58.985,59.48,16440598
2020-08-25,59.345,59.805,59.255,59.78,18628254
2020-08-26,60.405,61.155,60.27,60.995,16463080
2020-08-27,61.25,61.53,60.495,61.045,18174292
2020-08-28,61.285,61.78,61.205,61.58,13093342
2020-08-31,61.825,62.175,61.44,61.775,19039960
2020-09-01,62.33,63.035,61.94,62.955,25619960
2020-09-02,63.855,63.86,62.4051,63.515,40394900
2020-09-03,62.5,62.55,59.4,59.895,54161940
2020-09-04,59.56,60.41,56.525,59.06,62544300
2020-09-08,56.815,58.165,56.29,56.39,47860400
2020-09-09,57.765,58.8,57.135,58.23,36783880
2020-09-10,59.03,59.12,56.57,56.915,32109880
2020-09-11,57.45,57.67,55.76,56.48,37166300
2020-09-14,57.42,57.975,57.15,57.665,24730160
2020-09-15,58.545,58.65,57.8425,58.235,18260458
2020-09-16,58.495,58.575,57.28,57.335,19640116
2020-09-17,55.995,57.255,55.905,56.86,30403640
2020-09-18,56.955,57.055,55.191,55.88,41837600
2020-09-21,54.75,56.245,54.555,56.22,38381760
2020-09-22,56.855,57.255,55.89,57.11,25537460
2020-09-23,57.14,57.195,55.16,55.33,23707780
2020-09-24,54.815,56.33,54.745,55.64,31838640
2020-09-25,55.67,57.14,55.32,56.97,19326620
2020-09-28,57.915,58.065,57.435,58.06,17473222
2020-09-29,57.985,58.23,57.74,57.865,24451560
2020-09-30,57.835,58.945,57.81,58.35,22318860
2020-10-01,59.16,59.24,58.59,58.965,27076320
2020-10-02,57.515,58.47,57.24,57.47,37251680
2020-10-05,57.88,58.765,57.845,58.73,12270548
2020-10-06,58.59,59.145,57.615,57.82,26862300
2020-10-07,58.425,58.995,58.3775,58.88,12992426
2020-10-08,59.395,59.395,58.985,59.185,10109506
2020-10-09,59.465,60.105,59.45,60.09,14425330
2020-10-12,60.975,62.135,60.67,61.73,19163762
2020-10-13,61.93,62.04,61.1,61.335,17613868
2020-10-14,61.485,61.81,60.5544,61.01,14555724
2020-10-15,60,60.855,59.84,60.735,13187642
2020-10-16,61.07,61.315,60.505,60.56,11544236
2020-10-19,60.865,61.095,59.265,59.45,16616412
2020-10-20,59.675,60.285,59.29,59.655,14566998
2020-10-21,59.51,60.135,59.43,59.565,12171768
2020-10-22,59.59,59.785,58.605,59.285,13486498
2020-10-23,59.37,59.38,58.725,59.22,10313458
2020-10-26,58.565,59.0325,57.215,57.935,18189152
2020-10-27,58.215,58.4675,57.895,58.225,19064726
2020-10-28,57.12,57.155,55.66,55.755,32756680
2020-10-29,55.97,57.34,55.935,56.685,19408938
2020-10-30,55.89,56.24,54.785,55.43,25850200
2020-11-02,55.855,56.31,55.04,55.57,24039720
2020-11-03,56.005,57.05,55.775,56.55,20970140
2020-11-04,58.27,59.19,57.685,58.75,30763800
2020-11-05,60.295,60.75,60.045,60.575,22189860
2020-11-06,60.43,60.985,59.605,60.79,19455298
2020-11-09,62.08,62.68,60.295,60.35,39768100
2020-11-10,59.825,60.245,58.745,59.225,23538380
2020-11-11,59.825,60.795,59.705,60.63,14488552
2020-11-12,60.63,60.93,59.8075,60.09,14354156
2020-11-13,60.545,60.725,59.975,60.6,11853016
2020-11-16,60.605,61.295,60.48,61.185,14864182
2020-11-17,60.88,61.175,60.586,60.845,9939410
2020-11-18,60.74,61.03,60.17,60.195,9543528
2020-11-19,60.075,60.79,59.81,60.68,12155252
2020-11-20,60.735,60.75,60.035,60.055,9916768
2020-11-23,60.24,60.635,59.52,60.04,9808688
2020-11-24,60.27,60.9925,59.835,60.875,13641328
2020-11-25,61.085,61.26,60.775,61.005,12186372
2020-11-27,61.33,61.59,61.215,61.33,7025854
2020-11-30,61.31,61.83,60.615,61.74,32229280
2020-12-01,62.25,62.875,61.99,62.53,22664200
2020-12-02,62.265,62.505,61.795,62.435,16038874
2020-12-03,62.505,62.815,62.2275,62.395,13775406
2020-12-04,62.485,63.03,62.35,63.02,10358714
2020-12-07,63.055,63.385,62.945,63.2,8905428
2020-12-08,63.14,63.605,62.8695,63.405,7886840
2020-12-09,63.365,63.5525,61.975,62.19,17271820
2020-12-10,61.81,62.575,61.665,62.28,9997428
2020-12-11,61.905,62.15,61.45,62.15,13023260
2020-12-14,62.34,62.935,62.3,62.375,11056028
2020-12-15,63.05,63.415,62.645,63.415,9114576
2020-12-16,63.5,64.07,63.29,63.845,10309258
2020-12-17,64.31,64.49,64.045,64.35,11504994
2020-12-18,64.445,64.455,63.715,64.125,17693346
2020-12-21,63.165,64.07,62.6,64.04,15232250
2020-12-22,64.395,64.885,64.1,64.595,14335242
2020-12-23,64.67,64.7173,64.01,64.105,11300740
2020-12-24,64.215,64.69,64.17,64.53,4384640
2020-12-28,65.17,65.39,64.865,65.26,8170924
2020-12-29,65.615,65.7,64.835,64.95,8841398
2020-12-30,65.175,65.31,64.82,64.915,8141770
2020-12-31,64.945,65.195,64.485,65.01,11058334
2021-01-04,65.34,65.355,63.12,63.95,21017100
2021-01-05,63.805,64.47,63.765,64.365,12361494
2021-01-06,63.445,64.49,63.06,63.255,27258000
2021-01-07,63.865,65.085,63.84,64.96,19651956
2021-01-08,65.28,65.555,64.64,65.38,12387622
2021-01-11,64.745,65.3,64.57,64.84,17857386
2021-01-12,64.76,64.845,63.915,64.53,17089172
2021-01-13,64.615,65.14,64.49,64.94,13605164
2021-01-14,65.1,65.235,64.275,64.37,15624730
2021-01-15,64.275,64.56,63.58,63.71,12641128
2021-01-19,64.15,64.65,63.925,64.54,11569542
2021-01-20,65.035,66.05,64.945,65.82,11770034
2021-01-21,66.175,66.89,65.82,66.67,8948204
2021-01-22,66.39,66.75,66.255,66.415,11243518
2021-01-25,67.165,67.395,65.35,66.97,18205224
2021-01-26,67.205,67.31,66.76,67.015,8593458
2021-01-27,66.695,66.91,65.155,65.75,24484540
2021-01-28,66.085,67.12,65.86,66.02,16181652
2021-01-29,65.69,65.95,64.1147,64.465,19023610
2021-02-01,65.23,66.4,64.75,66.08,11232674
2021-02-02,66.72,67.17,66.625,66.975,8595392
2021-02-03,67.11,67.25,66.545,66.745,11574828
2021-02-04,67.105,67.81,66.9125,67.81,8134236
2021-02-05,68.015,68.025,67.465,67.66,9413748
2021-02-08,67.935,68.4,67.84,68.37,11713716
2021-02-09,68.19,68.615,68.1696,68.29,10552568
2021-02-10,68.565,68.65,67.61,68.19,9464456
2021-02-11,68.65,68.985,68.385,68.94,7565722
2021-02-12,68.76,69.34,68.57,69.295,6755508
2021-02-16,69.57,69.62,68.89,69.07,9722112
2021-02-17,68.435,68.61,67.77,68.46,15275356
2021-02-18,67.75,68.24,67.265,68.125,10956062
2021-02-19,68.475,68.535,67.72,68.025,11686164
2021-02-22,67.19,67.41,66.485,66.525,14262652
2021-02-23,65.42,66.75,64.305,66.34,24198460
2021-02-24,65.845,67.415,65.34,67.355,16472248
2021-02-25,66.755,67.2,64.71,65,34313740
2021-02-26,65.645,66.35,64.765,65.345,35511880
2021-03-01,66.455,67.49,66.035,67.45,24775220
2021-03-02,67.545,67.59,66.2825,66.38,24802860
2021-03-03,66.06,66.25,64.64,64.71,29889500
2021-03-04,64.51,64.98,62.48,63.28,76955520
2021-03-05,64.07,64.655,62.355,64.475,46085780
2021-03-08,64.415,64.725,62.85,62.915,35242420
2021-03-09,64.385,65.455,64.3,65.055,22987280
2021-03-10,65.755,65.765,64.745,64.795,18458980
2021-03-11,65.77,66.5897,65.63,66.18,13362854
2021-03-12,65.39,65.725,64.97,65.705,12442146
2021-03-15,65.755,66.445,65.4925,66.405,16588086
2021-03-16,66.915,67.545,66.62,66.905,13106814
2021-03-17,66.365,67.25,65.8601,66.85,19366482
2021-03-18,65.935,66.0475,64.915,64.995,17584852
2021-03-19,65.01,65.295,64.49,64.8,27225220
2021-03-22,65.01,66.255,64.905,65.935,15984176
2021-03-23,66.115,66.405,65.35,65.525,12929160
2021-03-24,65.92,65.9319,64.72,64.73,14209950
2021-03-25,64.345,64.98,63.86,64.69,22573660
2021-03-26,64.655,66.405,64.63,66.335,14883172
2021-03-29,66.135,66.32,65.49,65.99,17317732
2021-03-30,65.525,65.595,64.97,65.365,13235396
2021-03-31,65.865,66.81,65.81,66.405,15430338
2021-04-01,67.13,67.745,67.065,67.74,14351500
2021-04-05,68.135,69.26,68.045,69.14,12866790
2021-04-06,69.03,69.255,68.615,68.845,11316274
2021-04-07,68.79,69.3325,68.54,69.21,10085192
2021-04-08,69.86,70.225,69.74,70.21,14144554
2021-04-09,69.955,70.905,69.83,70.885,9401306
2021-04-12,70.595,70.77,70.1975,70.545,15907056
2021-04-13,70.815,71.265,70.685,71.21,11316230
2021-04-14,71.2,71.235,70.32,70.455,11216210
2021-04-15,71.1,71.72,71.09,71.665,11028860
2021-04-16,71.72,71.785,71.35,71.65,11696022
2021-04-19,71.33,71.66,70.63,71.055,10254648
2021-04-20,70.905,71.2125,70.03,70.425,9873486
2021-04-21,70.3,71.16,70.105,71.135,9254138
2021-04-22,71.01,71.315,69.99,70.3,11652110
2021-04-23,70.43,71.575,70.415,71.35,8892810
2021-04-26,71.375,71.79,71.325,71.715,7735016
2021-04-27,71.83,71.885,71.285,71.54,10822092
2021-04-28,71.1225,71.22,70.7025,70.875,10691172
2021-04-29,71.455,71.545,70.095,70.815,13416560
2021-04-30,70.095,70.475,69.685,69.85,10583462
2021-05-03,70.225,70.365,69.4775,69.655,10805740
2021-05-04,69.135,69.155,67.645,68.405,19919606
2021-05-05,68.965,69.065,68.11,68.24,6410650
2021-05-06,68.21,68.965,67.72,68.925,14339178
2021-05-07,69.615,69.925,69.215,69.515,19197072
2021-05-10,69.18,69.215,67.735,67.76,20281080
2021-05-11,66.465,67.695,66.305,67.555,27046820
2021-05-12,66.56,66.925,65.479,65.655,29414520
2021-05-13,66.375,67.1225,66.08,66.525,22615040
2021-05-14,67.27,68.2225,67.14,67.99,16823088
2021-05-17,67.59,67.61,66.875,67.49,16264614
2021-05-18,67.685,67.825,66.905,66.95,11737252
2021-05-19,65.91,67.235,65.75,67.185,30581260
2021-05-20,67.455,68.6975,67.445,68.47,16828148
2021-05-21,68.82,68.885,68.0325,68.095,14148388
2021-05-24,68.66,69.545,68.625,69.305,13229032
2021-05-25,69.585,69.745,69.17,69.325,11245866
2021-05-26,69.425,69.625,69.095,69.32,13311384
2021-05-27,69.26,69.545,68.94,68.955,11354688
2021-05-28,69.305,69.6,69.165,69.2,9223702
2021-06-01,69.51,69.585,68.735,68.86,12907306
2021-06-02,69,69.615,68.87,69.335,10098132
2021-06-03,68.775,69.05,68.27,68.69,12721362
2021-06-04,69.11,70.0897,69.11,70.01,11182546
2021-06-07,69.95,70.075,69.6525,69.995,11783940
2021-06-08,70.33,70.625,69.805,70,8902698
2021-06-09,70.34,70.46,70.01,70.05,9763472
2021-06-10,70.195,70.74,69.945,70.565,11275848
2021-06-11,70.655,70.985,70.59,70.985,12100666
2021-06-14,71.055,71.71,70.765,71.705,11426928
2021-06-15,71.65,71.65,71.135,71.265,15079914
2021-06-16,71.4,71.535,70.1825,70.88,19202854
2021-06-17,70.675,71.9942,70.675,71.7,15864366
2021-06-18,71.355,71.635,70.96,71.045,20816600
2021-06-21,70.945,71.715,70.485,71.675,12276642
2021-06-22,71.63,72.365,71.55,72.325,9253166
2021-06-23,72.335,72.4975,72.085,72.245,8270928
2021-06-24,72.71,72.9213,72.555,72.7,12278988
2021-06-25,72.765,72.82,72.495,72.615,14385716
2021-06-28,72.915,73.46,72.9,73.375,12557646
2021-06-29,73.415,73.945,73.245,73.91,9829112
2021-06-30,73.795,74.01,73.6,73.83,11013592
2021-07-01,73.73,73.955,73.455,73.955,11636714
2021-07-02,74.31,75.0075,74.29,74.93,12780428
2021-07-06,75.09,75.57,74.495,75.215,11870640
2021-07-07,75.695,75.78,75.02,75.625,14883700
2021-07-08,74.435,75.1175,74.1,74.91,17086732
2021-07-09,74.82,75.67,74.71,75.6,9775818
2021-07-12,75.9,75.935,75.415,75.66,9620230
2021-07-13,75.53,76.52,75.465,75.97,15202840
2021-07-14,76.58,76.92,76.195,76.53,12886728
2021-07-15,76.44,76.5,75.495,75.9,12506684
2021-07-16,76.05,76.41,75.075,75.15,15080946
2021-07-19,74.255,74.4595,73.685,74.115,24253980
2021-07-20,74.485,75.63,74.055,75.215,14715530
2021-07-21,75.185,75.955,75.045,75.94,12233956
2021-07-22,76.1,76.559,76.1,76.5,9578160
2021-07-23,76.84,77.2975,76.565,77.26,12576154
2021-07-26,77.065,77.3575,76.775,77.22,8993372
2021-07-27,77.125,77.15,75.525,76.49,18089898
2021-07-28,76.515,76.7975,75.665,76.395,13941162
2021-07-29,76.315,77.01,76.305,76.75,12030696
2021-07-30,76.26,76.78,76.24,76.7,10149456
2021-08-02,77.045,77.15,76.32,76.425,12205870
2021-08-03,76.565,76.955,75.945,76.915,10825226
2021-08-04,76.855,77.26,76.61,77.07,11322782
2021-08-05,77.21,77.52,76.98,77.495,6674662
2021-08-06,77.225,77.52,77.205,77.43,7602836
2021-08-09,77.52,77.66,77.105,77.18,7198130
2021-08-10,77.32,77.39,76.4025,76.625,10421348
2021-08-11,76.89,77.03,76.245,76.635,10832258
2021-08-12,76.555,77.12,76.24,77.075,6948712
2021-08-13,77.125,77.515,77.04,77.495,5631218
2021-08-16,77.31,77.855,76.655,77.845,9494214
2021-08-17,77.37,77.495,76.7215,77.2,19052668
2021-08-18,77.02,77.365,76.05,76.135,13481182
2021-08-19,75.715,77.165,75.605,76.88,19291344
2021-08-20,77.17,77.94,76.985,77.87,14769720
2021-08-23,78.075,78.9865,78.07,78.875,10802474
2021-08-24,78.975,79.065,78.715,78.785,9537024
2021-08-25,78.97,79.18,78.61,78.74,9430450
2021-08-26,78.645,78.805,78.18,78.245,12056660
2021-08-27,78.315,79.055,78.18,79,14088762
2021-08-30,79.235,79.9425,79.235,79.85,10026814
2021-08-31,79.9,79.925,79.28,79.43,21971120
2021-09-01,79.705,80.065,79.385,79.45,20290360
2021-09-02,79.745,79.85,79.045,79.365,21771400
2021-09-03,79.27,79.89,79.245,79.68,21204800
2021-09-07,79.775,79.87,79.3225,79.7,19724356
2021-09-08,79.69,79.715,78.83,79.395,11466304
2021-09-09,79.45,79.725,79.03,79.095,11161146
2021-09-10,79.535,79.73,78.237,78.315,17080214
2021-09-13,78.91,79.115,77.825,78.34,22637740
2021-09-14,78.675,78.835,78.03,78.24,18431550
2021-09-15,78.505,78.9875,78.065,78.925,16339294
2021-09-16,78.645,79.05,78.1575,78.97,16148502
2021-09-17,78.765,78.77,77.625,77.74,22663000
2021-09-20,76.465,76.855,75.1725,76.19,35669300
2021-09-21,76.655,76.8425,75.925,76.22,18454970
2021-09-22,76.635,77.565,76.295,77.265,27990660
2021-09-23,77.665,78.485,77.425,78.3,19534672
2021-09-24,77.825,78.485,77.79,78.355,11652500
2021-09-27,77.695,77.875,77.1,77.595,15014944
2021-09-28,76.6,76.775,75.235,75.295,38190680
2021-09-29,75.605,76,75.07,75.2,25011960
2021-09-30,75.64,75.965,74.62,74.66,33416520
2021-10-01,74.93,75.95,74.17,75.785,45483860
2021-10-04,75.35,75.4375,73.44,74.03,50773040
2021-10-05,74.18,75.5125,74.11,75.085,32967540
2021-10-06,74.22,75.63,73.9725,75.575,40004760
2021-10-07,76.23,76.855,76.125,76.265,19895612
2021-10-08,76.56,76.615,75.855,75.98,18426984
2021-10-11,75.64,76.575,75.5075,75.56,14970528
2021-10-12,75.855,75.95,75.045,75.17,17853316
2021-10-13,75.495,75.795,75.005,75.63,19523488
2021-10-14,76.4,77.37,76.29,77.335,15200418
2021-10-15,77.605,77.97,77.37,77.955,12779234
2021-10-18,77.52,78.655,77.305,78.615,11630264
2021-10-19,78.825,79.395,78.665,79.395,13201414
2021-10-20,79.47,79.585,78.83,79.175,12025334
2021-10-21,78.935,79.5225,78.7725,79.48,10023166
2021-10-22,79.45,79.78,78.875,79.205,12490012
2021-10-25,79.505,79.7501,79.155,79.465,10337112
2021-10-26,80,80.335,79.65,79.69,13189518
2021-10-27,79.825,80.23,79.54,79.62,17448022
2021-10-28,80.105,80.48,79.955,80.42,12756880
2021-10-29,79.63,80.815,79.535,80.765,20131760
2021-11-01,80.765,80.805,80.235,80.645,24421240
2021-11-02,80.755,81.555,80.755,81.355,26814600
2021-11-03,81.495,82,81.02,81.83,25978620
2021-11-04,82.14,83.31,81.995,83.11,28691400
2021-11-05,83.72,84.01,83.0204,83.54,24224120
2021-11-08,83.81,84.135,83.615,83.99,12780914
2021-11-09,84.115,84.205,83.2175,83.645,16823118
2021-11-10,83,83.415,82.015,82.265,25788780
2021-11-11,82.855,82.89,82.515,82.65,10103808
2021-11-12,82.925,83.7925,82.785,83.655,12244554
2021-11-15,83.99,84.11,83.095,83.57,12490390
2021-11-16,83.47,84.565,83.42,84.45,13538818
2021-11-17,84.285,84.725,83.93,84.195,15417874
2021-11-18,84.68,85.155,84.07,85.035,19968010
2021-11-19,85.34,85.98,85.0553,85.655,17717568
2021-11-22,85.99,87.125,84.65,84.7,28465000
2021-11-23,84.375,84.775,83.435,84.505,29241360
2021-11-24,84,85.14,83.59,85.12,18241040
2021-11-26,83.905,84.555,82.665,82.995,24767880
2021-11-29,84.23,85.2975,83.965,85.07,24979760
2021-11-30,84.75,85.525,83.64,84.36,54066720
2021-12-01,85.25,85.895,83.13,83.205,39091240
2021-12-02,82.435,84.355,82.255,83.97,46872500
2021-12-03,84.21,84.47,81.525,82.565,48470060
2021-12-06,82.805,83.6,81.945,83.35,37800340
2021-12-07,85.01,86.365,84.9978,86.26,28691100
2021-12-08,86.29,86.715,85.695,86.655,23261580
2021-12-09,86.44,87.005,85.65,85.72,17201020
2021-12-10,86.62,87.55,86.365,87.44,24777040
2021-12-13,87.62,87.79,86.015,86.14,20973980
2021-12-14,85.1,85.645,83.705,84.725,27094780
2021-12-15,84.795,87.055,83.99,86.97,28270820
2021-12-16,87.295,87.435,84.005,84.505,31275600
2021-12-17,83.575,84.76,83.14,83.94,44823260
2021-12-20,82.5,83.045,82.18,82.785,32649520
2021-12-21,83.67,84.95,82.895,84.88,16810832
2021-12-22,84.765,86.05,84.54,85.99,13376198
2021-12-23,86.105,86.8149,86.095,86.47,9792570
2021-12-27,86.815,88.345,86.795,88.325,13279142
2021-12-28,88.49,88.52,87.645,87.865,11423964
2021-12-29,87.895,88.295,87.485,87.94,9687772
2021-12-30,87.975,88.27,87.255,87.36,10526424
2021-12-31,87.275,87.485,86.895,86.935,10243082
2022-01-03,87.05,87.84,86.67,87.76,20302860
2022-01-04,87.91,88,86.175,86.83,16647996
2022-01-05,86.325,86.39,84.13,84.16,23628500
2022-01-06,83.49,84.6,83.235,83.735,23767120
2022-01-07,83.68,84.08,82.42,82.965,30488680
2022-01-10,81.73,83.085,80.645,82.98,32501420
2022-01-11,82.765,84.095,82.15,83.975,19207590
2022-01-12,84.6,85.18,83.95,84.37,18143980
2022-01-13,84.805,85.05,81.9758,82.185,20942680
2022-01-14,81.625,82.93,81.625,82.88,22351360
2022-01-18,81.675,82.16,80.665,80.89,24709840
2022-01-19,81.145,82.145,79.68,79.76,24961320
2022-01-20,80.47,81.3725,78.625,78.73,37609060
2022-01-21,78.54,79.445,77.145,77.165,48016520
2022-01-24,75.88,77.62,73.12,77.565,67429640
2022-01-25,76.045,77.21,74.9,75.77,48886300
2022-01-26,77.83,78.7375,75.31,76.215,53596260
2022-01-27,77.45,77.86,75.415,75.69,39456120
2022-01-28,76.63,79.02,75.49,79,44236100
2022-01-31,79.02,81.09,78.635,80.985,29121080
2022-02-01,81.095,81.3305,80.02,81.195,23389880
2022-02-02,81.37,81.99,80.82,81.855,25504820
2022-02-03,80.695,81.245,79.185,79.48,27865360
2022-02-04,79.055,80.5,78.72,79.8,29721820
2022-02-07,79.86,80.335,78.965,79.27,14622678
2022-02-08,79.02,80.465,78.835,80.25,21139780
2022-02-09,81.285,82.055,80.95,82.03,17795580
2022-02-10,80.4,81.765,79.465,79.885,31692200
2022-02-11,79.965,80.315,77.15,77.445,34878820
2022-02-14,77.24,78.0425,76.52,77.42,41030380
2022-02-15,78.585,79.51,78.31,79.455,24445420
2022-02-16,78.915,79.65,78.055,79.375,20318220
2022-02-17,78.635,78.715,76.8525,77,24906420
2022-02-18,77.265,77.375,75.635,76.22,25310800
2022-02-22,75.42,76.725,74.69,75.515,26893500
2022-02-23,76.3,76.505,73.545,73.625,37879360
2022-02-24,71.095,76.195,70.86,76.14,50967780
2022-02-25,76.255,77.2,75.32,77.175,28301660
2022-02-28,76.355,77.36,75.715,77.035,34822300
2022-03-01,76.745,77.14,74.905,75.495,29924980
2022-03-02,76.05,77.45,75.46,77.13,25592400
2022-03-03,77.78,77.785,75.82,76.21,23450700
2022-03-04,75.615,75.93,74.28,74.875,26732740
2022-03-07,74.81,75.155,72.095,72.135,32864280
2022-03-08,71.94,74.015,70.725,71.785,36898440
2022-03-09,73.735,74.965,73.145,74.625,35327340
2022-03-10,73.305,73.525,72.21,73.32,27448480
2022-03-11,73.97,74.155,71.92,72.03,21457720
2022-03-14,71.7,72.515,70.49,70.695,27852440
2022-03-15,71.255,73.215,71.0175,73.07,22993880
2022-03-16,73.995,75.4725,72.821,75.445,27176080
2022-03-17,75.04,76.03,74.635,75.98,18518844
2022-03-18,75.71,77.675,75.34,77.535,27897880
2022-03-21,76.975,77.655,76.23,77.245,22341420
2022-03-22,77.3,78.76,77.195,78.355,17485818
2022-03-23,77.625,78.34,77.075,77.15,12360626
2022-03-24,77.58,79.175,77.32,79.155,14263466
2022-03-25,79.28,79.39,78.1201,79.11,14875576
2022-03-28,78.745,80.085,78.545,80.05,18592912
2022-03-29,80.985,81.825,80.405,81.75,18829726
2022-03-30,81.33,81.56,80.235,80.66,18680356
2022-03-31,80.65,80.8,79.345,79.465,19424120
2022-04-01,79.545,79.73,78.345,79.23,28209560
2022-04-04,79.435,80.775,79.405,80.735,23048300
2022-04-05,80.385,80.57,78.76,79.035,23588160
2022-04-06,77.72,77.9,76.48,77.165,34225320
2022-04-07,76.755,77.805,76.23,77.285,23200180
2022-04-08,76.94,77.12,76.04,76.205,26354580
2022-04-11,75.25,75.345,74.185,74.285,21595340
2022-04-12,75.205,75.775,73.675,73.955,22172220
2022-04-13,74,75.375,73.725,75.145,14446724
2022-04-14,75.225,75.36,73.2825,73.32,17407032
2022-04-18,72.96,74.035,72.94,73.56,14060570
2022-04-19,73.375,75.07,73.105,74.94,13562150
2022-04-20,75.665,75.865,74.65,74.87,15652590
2022-04-21,75.6,76.31,73.375,73.6,18509228
2022-04-22,73.52,73.95,71.44,71.54,22094880
2022-04-25,71.225,72.665,70.78,72.615,28707540
2022-04-26,71.955,72.065,69.875,69.91,25953280
2022-04-27,70.69,72.31,70.535,70.945,40048600
2022-04-28,72.06,74.205,71.675,73.785,27762420
2022-04-29,72.98,73.83,70.575,70.71,29589860
2022-05-02,70.63,71.88,69.83,71.785,37004320
2022-05-03,71.775,72.35,71.245,71.91,27469820
2022-05-04,72.19,74.57,70.995,74.435,28650480
2022-05-05,73.34,73.43,70.01,70.855,36442240
2022-05-06,70.21,71.41,69.23,70.285,34862120
2022-05-09,69.015,69.46,67.255,67.565,41124660
2022-05-10,69.175,69.565,67.575,68.595,36370400
2022-05-11,67.975,69.265,66.225,66.43,34781840
2022-05-12,65.445,66.7,64.215,65.745,36506600
2022-05-13,66.64,68.265,66.21,67.93,24495700
2022-05-16,67.365,68.235,66.755,67.33,17423480
2022-05-17,68.78,69.385,68,69.28,18602228
2022-05-18,68.365,68.565,65.86,66.11,23670140
2022-05-19,65.615,66.51,65.075,65.385,20874900
2022-05-20,66.295,66.475,63.5177,65.53,20252540
2022-05-23,65.735,67.12,65.53,67.035,17219682
2022-05-24,66.1,66.435,64.885,66.04,17122034
2022-05-25,65.605,67.305,65.555,66.81,13656628
2022-05-26,66.42,68.71,66.28,68.415,15556630
2022-05-27,69.18,70.745,69.05,70.73,16281786
2022-05-31,70.455,70.915,69.54,70.225,19420896
2022-06-01,70.98,71.4575,69.495,70.015,13304796
2022-06-02,69.52,71.715,69.195,71.71,13868330
2022-06-03,70.35,70.835,69.67,69.995,11263738
2022-06-06,70.875,71.315,69.6525,70,12589556
2022-06-07,69.255,70.97,69.115,70.835,11016670
2022-06-08,70.625,70.965,69.84,70.035,8814288
2022-06-09,69.525,70.205,68.15,68.165,9765206
2022-06-10,66.99,67.2,65.525,65.545,20886300
2022-06-13,63.48,64.085,62.41,62.64,36332700
2022-06-14,63.11,63.455,62.45,63.035,18250344
2022-06-15,63.82,65.315,62.955,64.365,25069580
2022-06-16,62.73,62.785,61.2325,61.745,32690820
2022-06-17,61.735,62.9,61.3,62.31,27684880
2022-06-21,63.055,64.18,63.055,63.73,17244996
2022-06-22,63.035,64.3395,62.86,63.46,15163482
2022-06-23,64.005,64.5325,63.42,64.41,16042176
2022-06-24,65.15,66.74,65.15,66.725,25492120
2022-06-27,66.94,67.1375,65.975,66.275,13917296
2022-06-28,66.335,66.995,64.26,64.29,15262200
2022-06-29,64.21,64.805,63.69,64.42,13607150
2022-06-30,63.565,64.36,62.555,63.56,15720322
2022-07-01,63.16,63.865,62.615,63.705,13930634
2022-07-05,62.84,64.52,62.48,64.505,14341070
2022-07-06,64.645,65.58,64.325,65.06,16166924
2022-07-07,65.345,66.555,65.345,66.405,13082248
2022-07-08,65.695,66.649,65.49,66.435,12626922
2022-07-11,65.855,66.14,65.07,65.52,11416688
2022-07-12,65.76,66.13,64.245,64.625,16553392
2022-07-13,63.41,64.87,63.13,64.455,15162656
2022-07-14,63.94,65.275,63.115,65.045,13728816
2022-07-15,65.67,66.22,65.395,66.19,13529292
2022-07-18,66.84,67.08,65.3,65.55,9897692
2022-07-19,66.28,67.62,65.88,67.55,12330544
2022-07-20,67.56,68.89,67.38,68.605,12537132
2022-07-21,68.69,69.585,67.975,69.57,12957540
2022-07-22,69.54,69.825,68.2125,68.61,10583612
2022-07-25,68.58,68.655,67.66,68.175,13951166
2022-07-26,68.12,68.14,66.82,67.07,10167834
2022-07-27,68.175,70.32,68.075,69.955,17073504
2022-07-28,70.035,71.18,69.41,71.02,12408084
2022-07-29,71.24,72.335,70.94,72.11,10177350
2022-08-01,71.46,72.675,71.285,71.955,12516006
2022-08-02,71.335,72.27,70.83,71.445,15921800
2022-08-03,71.795,73.55,71.78,73.345,14243530
2022-08-04,73.32,73.715,72.85,73.68,11679826
2022-08-05,72.5,73.715,72.44,73.51,7921028
2022-08-08,73.445,74.015,72.49,72.885,11102826
2022-08-09,72.295,72.44,71.765,72.155,8565724
2022-08-10,73.87,74.185,73.28,74.125,19273104
2022-08-11,74.59,75.025,73.7,73.835,11025814
2022-08-12,74.32,75.31,74.09,75.305,8093918
2022-08-15,75.005,75.89,74.92,75.78,7162566
2022-08-16,75.435,75.93,74.87,75.575,10990682
2022-08-17,74.885,75.61,74.495,75.035,12632760
2022-08-18,75.11,75.725,74.82,75.425,9976866
2022-08-19,74.805,74.895,73.8892,74.055,10146530
2022-08-22,73.045,73.07,71.81,71.99,10744248
2022-08-23,71.85,72.56,71.7025,71.8,14777366
2022-08-24,71.75,72.15,71.45,71.845,8983272
2022-08-25,72.03,73.065,71.935,73.06,7126616
2022-08-26,73.03,73.205,69.89,69.94,14321890
2022-08-29,69.185,69.69,68.75,69.015,13231528
2022-08-30,69.405,69.5245,67.675,68.295,13268782
2022-08-31,68.705,68.925,67.595,67.63,14171324
2022-09-01,66.97,67.385,65.89,67.3,15988608
2022-09-02,67.995,68.38,66.075,66.425,16606528
2022-09-06,66.515,66.8,65.55,65.985,14990208
2022-09-07,66.115,67.31,65.89,67.04,11656950
2022-09-08,66.545,67.62,66.245,67.27,11210602
2022-09-09,67.83,68.785,67.7,68.6,11418630
2022-09-12,69.025,69.73,69.015,69.7,10180954
2022-09-13,67.71,68.09,65.82,66,20148720
2022-09-14,66.31,66.725,65.605,66.24,13229162
2022-09-15,65.71,66.11,64.325,64.715,14885286
2022-09-16,64.15,64.4875,63.44,64.355,20762120
2022-09-19,63.555,64.78,63.515,64.72,15683274
2022-09-20,64.115,64.745,63.7801,64.34,12109644
2022-09-21,64.675,65.625,63.325,63.335,16808704
2022-09-22,62.98,63.38,62.335,62.69,16034248
2022-09-23,62.12,62.215,61.055,61.87,19396678
2022-09-26,61.68,62.715,61.265,61.44,17194090
2022-09-27,62.255,62.84,60.95,61.52,18714718
2022-09-28,61.11,62.47,60.64,62.17,18933394
2022-09-29,61.28,61.42,59.835,60.55,31096680
2022-09-30,60.305,61.2,59.28,59.39,19512912
2022-10-03,59.86,61.595,59.63,61.23,17332280
2022-10-04,62.47,63.355,62.425,63.285,17779080
2022-10-05,62.43,63.955,62.065,63.495,14600312
2022-10-06,63.33,64.025,62.9,62.975,14348220
2022-10-07,61.69,61.695,60.06,60.385,15748926
2022-10-10,60.385,60.47,58.775,59.37,16706192
2022-10-11,59.03,59.4375,58.025,58.46,21044820
2022-10-12,58.505,58.905,58.18,58.28,14111642
2022-10-13,56.705,60.4025,56.485,60.09,38114620
2022-10-14,60.58,60.71,58.305,58.4,22484420
2022-10-17,59.83,60.48,59.67,60.18,14599528
2022-10-18,61.74,61.96,59.925,60.69,13997984
2022-10-19,60.16,61.115,59.905,60.515,10983990
2022-10-20,60.535,61.865,60.25,60.55,12429648
2022-10-21,60.4,62.3,60.195,62.17,17125906
2022-10-24,62.435,63.26,61.675,63.03,13385182
2022-10-25,63.185,64.28,63.185,64.235,10264990
2022-10-26,62.615,64.13,62.515,62.805,15169380
2022-10-27,63.04,63.425,61.945,62.09,11694842
2022-10-28,62.435,64.925,62.435,64.79,14935444
2022-10-31,64.145,64.32,63.555,63.935,13292266
2022-11-01,64.73,64.845,63.125,63.4,9413280
2022-11-02,63.355,64.17,61.19,61.21,18095240
2022-11-03,60.355,60.465,59.365,59.41,16010698
2022-11-04,60.645,60.81,59.11,60.495,17896288
2022-11-07,60.6,61.605,60.17,61.505,10427628
2022-11-08,62.015,62.845,61.18,62.095,12721946
2022-11-09,61.52,61.545,60.3901,60.48,11962548
2022-11-10,63.465,65.52,63.145,65.45,27932120
2022-11-11,65.39,66.79,65.07,66.57,15977826
2022-11-14,66.045,66.8256,65.6846,66,14526560
2022-11-15,67.5,67.775,66.13,66.8,12716116
2022-11-16,66.285,66.48,65.61,65.885,10095986
2022-11-17,64.835,66.275,64.81,65.97,8160310
2022-11-18,66.715,66.735,65.49,66.045,11912342
2022-11-21,65.67,65.94,65.205,65.335,8363846
2022-11-22,65.62,66.635,65.15,66.6,9019194
2022-11-23,66.455,67.39,66.41,67.19,9480606
2022-11-25,66.735,67.005,66.605,66.8,3262932
2022-11-28,66.045,66.47,65.105,65.37,13040250
2022-11-29,65.285,65.48,64.465,64.73,11570226
2022-11-30,64.7,67.99,64.635,67.98,23334460
2022-12-01,68.045,68.4,67.235,68.075,15165810
2022-12-02,66.935,67.905,66.675,67.68,8934382
2022-12-05,67.16,67.5375,66.115,66.555,11526568
2022-12-06,66.485,66.585,64.71,65.13,11799696
2022-12-07,64.895,65.3,64.335,64.8,10413890
2022-12-08,65.16,66.05,64.77,65.86,8965786
2022-12-09,65.565,66.375,65.21,65.455,10402948
2022-12-12,65.56,66.885,65.54,66.885,14806196
2022-12-13,69.32,69.6663,66.99,67.675,18607506
2022-12-14,67.61,68.4,66.32,67.105,19540956
2022-12-15,66.005,66.25,64.35,64.595,19226176
2022-12-16,64.375,64.755,63.415,63.74,23999240
2022-12-19,63.565,63.665,62.295,62.71,14276568
2022-12-20,62.38,63.125,62.0775,62.805,12622074
2022-12-21,63.095,64.1425,62.94,63.845,14670552
2022-12-22,63.045,63.1125,61.1775,62.235,15324906
2022-12-23,61.79,62.36,61.3338,62.3,8231592
2022-12-27,62.085,62.195,61.345,61.71,9530210
2022-12-28,61.56,62.135,60.645,60.715,10362964
2022-12-29,61.31,62.515,61.3025,62.305,10954286
2022-12-30,61.66,62.255,61.275,62.22,8905870
2023-01-03,62.885,63.3,61.19,61.63,15196140
2023-01-04,61.95,62.185,61.11,61.79,11813004
2023-01-05,61.48,61.64,60.485,60.59,11341030
2023-01-06,61.125,62.645,60.405,62.365,13825480
2023-01-09,62.925,64.2375,62.905,63.09,21427260
2023-01-10,62.935,63.5799,62.6,63.48,17209054
2023-01-11,63.68,64.58,63.485,64.58,13757972
2023-01-12,64.68,65.355,63.89,65.06,15358670
2023-01-13,64.445,65.3399,64.295,65.245,10153164
2023-01-17,65.155,65.925,65.075,65.54,10425718
2023-01-18,65.91,66.26,64.655,64.695,13935922
2023-01-19,64.19,64.55,63.705,63.94,14645026
2023-01-20,64.26,65.7175,64.03,65.67,14127872
2023-01-23,65.935,67.55,65.785,67.165,23472880
2023-01-24,66.785,67.39,66.685,67.135,12575678
2023-01-25,66,67.165,65.385,66.995,14342294
2023-01-26,67.65,68.095,66.95,68.065,11161740
2023-01-27,67.635,68.83,67.605,68.35,13549320
2023-01-30,67.565,67.86,66.9875,67.045,9705914
2023-01-31,67.045,68.01,67,67.98,8871606
2023-02-01,67.93,70.135,67.605,69.58,18852750
2023-02-02,70.77,71.88,70.445,71.48,18824052
2023-02-03,70.25,72.045,70.145,70.885,16145326
2023-02-06,70.1,70.65,69.755,70.02,12977458
2023-02-07,70.125,72.04,70.095,71.77,15708144
2023-02-08,71.91,72.295,70.76,70.905,12577078
2023-02-09,72,72.12,70.235,70.515,12624028
2023-02-10,69.99,70.43,69.525,70.19,9861570
2023-02-13,70.465,71.5605,70.42,71.405,8411828
2023-02-14,71.07,72.115,70.625,71.71,12621946
2023-02-15,71.275,72.05,71.105,72.045,10492454
2023-02-16,71,71.805,70.74,70.795,13001292
2023-02-17,70.29,70.37,69.3,69.91,10606678
2023-02-21,68.975,69.39,68.1875,68.25,12277714
2023-02-22,68.39,68.7,67.825,68.15,14338388
2023-02-23,69.42,69.54,68.305,69.28,13120416
2023-02-24,68.05,68.34,67.65,68.045,14347584
2023-02-27,68.73,69.08,68.285,68.41,9388976
2023-02-28,68.19,68.92,68.07,68.26,10486298
2023-03-01,68.29,68.4,67.55,67.76,15069354
2023-03-02,67.575,68.81,67.46,68.595,10971264
2023-03-03,69.035,70.0725,68.97,70.07,14439668
2023-03-06,70.52,71.36,70.3475,70.405,15999230
2023-03-07,70.35,70.62,69.355,69.53,14120110
2023-03-08,69.775,70.19,69.365,70.105,13246948
2023-03-09,70.215,71.005,68.965,69.1,15624590
2023-03-10,69,69.1725,67.615,67.885,30556800
2023-03-13,67.46,69.2,67.04,68.255,34439500
2023-03-14,69.135,70.075,68.85,69.83,21202100
2023-03-15,69.065,69.9549,68.7275,69.87,23060040
2023-03-16,69.625,71.93,69.395,71.83,26089100
2023-03-17,71.97,72.59,71.31,71.73,23079060
2023-03-20,71.445,71.855,70.91,71.765,11981616
2023-03-21,72.155,72.475,71.4025,72.345,13066400
2023-03-22,72.345,73.785,71.585,71.625,14224492
2023-03-23,72.54,73.775,72.105,72.79,17595818
2023-03-24,72.56,73.015,72.08,72.98,11875410
2023-03-27,73.09,73.34,72.245,72.415,10810586
2023-03-28,72.29,72.315,71.4225,72.075,9968016
2023-03-29,72.98,73.75,72.875,73.585,14256586
2023-03-30,74.265,74.545,73.94,74.44,11202418
2023-03-31,74.35,75.5725,74.255,75.505,15069766
2023-04-03,75.045,75.49,74.685,75.385,21142120
2023-04-04,75.495,75.755,74.69,74.97,15824730
2023-04-05,74.615,74.685,73.58,74.115,15737560
2023-04-06,73.575,74.63,73.255,74.535,15696014
2023-04-10,73.795,74.51,73.39,74.495,9517176
2023-04-11,74.365,74.375,73.67,73.795,12750794
2023-04-12,74.295,74.495,73.2525,73.375,13235772
2023-04-13,73.66,74.855,73.54,74.74,13641796
2023-04-14,74.32,74.9343,73.675,74.325,13003696
2023-04-17,74.42,74.76,74.015,74.595,8306424
2023-04-18,75.165,75.365,74.5,74.825,9213060
2023-04-19,74.15,74.75,74.05,74.61,8623212
2023-04-20,73.925,74.855,73.79,74.12,11416252
2023-04-21,73.795,74.0125,73.4,73.88,12237748
2023-04-24,73.585,73.945,73.005,73.555,9079936
2023-04-25,73.195,73.335,71.96,71.985,11022646
2023-04-26,73.25,73.81,72.88,73.055,13603396
2023-04-27,73.4,74.6575,73.22,74.605,12084768
2023-04-28,74.605,75.43,74.525,75.415,11791940
2023-05-01,75.355,75.8238,75.235,75.46,8194378
2023-05-02,75.55,75.635,74.365,74.755,12058870
2023-05-03,74.845,75.33,74.09,74.125,11630198
2023-05-04,73.83,74.27,73.465,73.77,10860910
2023-05-05,74.485,75.875,74.38,75.62,12229996
2023-05-08,75.475,75.645,75.115,75.58,6795686
2023-05-09,75.165,75.305,74.92,75,12473400
2023-05-10,75.655,76.09,75.18,75.915,10551820
2023-05-11,75.79,75.79,75.05,75.575,8957092
2023-05-12,75.705,75.815,74.89,75.475,7907956
2023-05-15,75.55,76.115,75.2775,76.1,6796922
2023-05-16,75.995,76.595,75.97,76.18,9398476
2023-05-17,76.5,77.325,76.1475,77.195,11916612
2023-05-18,77.29,78.89,77.29,78.775,15491208
2023-05-19,78.795,78.93,78.47,78.74,9805102
2023-05-22,78.505,79.095,78.375,78.89,10794178
2023-05-23,78.495,78.82,77.695,77.725,11690952
2023-05-24,77.11,77.465,76.735,77.155,10925504
2023-05-25,79.205,80.43,78.79,80.115,18077998
2023-05-26,80.32,82.535,80.31,82.39,15159996
2023-05-30,83.6,84.02,82.655,82.83,18123690
2023-05-31,82.355,83.13,82.095,82.14,19301020
2023-06-01,81.88,83.325,81.615,82.975,17419456
2023-06-02,83.465,83.835,82.86,83.45,14270542
2023-06-05,83.4,83.9541,82.8234,82.97,10908996
2023-06-06,82.77,83.13,82.355,82.95,9975664
2023-06-07,82.79,83.435,81.54,81.71,13703760
2023-06-08,81.83,82.7225,81.7725,82.595,10667444
2023-06-09,82.995,83.855,82.725,83.005,14415564
2023-06-12,83.575,84.8425,83.405,84.81,13792040
2023-06-13,85.565,85.73,84.635,85.325,16595880
2023-06-14,85.225,86.235,84.93,86.205,16769036
2023-06-15,85.855,87.705,85.835,87.315,17732672
2023-06-16,88.145,88.15,86.51,86.595,17366668
2023-06-20,85.92,86.45,85.37,85.83,14139162
2023-06-21,85.5,85.665,84.31,84.56,12057926
2023-06-22,84.18,85.285,84.165,85.25,15225170
2023-06-23,84.2,84.8225,83.97,84.325,14728914
2023-06-26,84.4,85.14,83.66,83.72,10890262
2023-06-27,84.055,85.565,83.975,85.37,13832904
2023-06-28,84.895,85.88,84.83,85.42,11371684
2023-06-29,85.51,85.725,85.055,85.57,9128292
2023-06-30,86.42,87.1499,86.355,86.93,11398444
2023-07-03,86.915,86.955,86.305,86.745,6182200
2023-07-05,86.14,86.855,86.065,86.21,9396398
2023-07-06,85.36,86.06,85.0975,85.98,12116420
2023-07-07,85.84,86.64,85.555,85.605,11622510
2023-07-10,85.295,85.835,84.97,85.83,16877102
2023-07-11,86.01,86.11,85.175,86.015,9997360
2023-07-12,86.875,87.3975,86.4,86.99,16104564
2023-07-13,87.585,88.315,87.41,88.125,9349222
2023-07-14,88.345,89.035,87.74,87.995,11543822
2023-07-17,88.16,89.3775,88.06,89.12,11860560
2023-07-18,88.915,90.565,88.45,90.13,16406770
2023-07-19,90.355,90.73,89.56,89.905,20989940
2023-07-20,89.33,89.7075,87.8328,88.11,24356040
2023-07-21,88.67,89.115,87.96,88.065,14871416
2023-07-24,88.455,88.67,87.88,88.22,11308260
2023-07-25,88.505,89.525,88.49,89.23,10802206
2023-07-26,88.295,88.51,87.41,88.03,15501528
2023-07-27,89.22,89.49,87.375,87.775,13856950
2023-07-28,88.59,89.235,88.405,88.97,11287748
2023-07-31,89.05,89.285,88.665,89.175,10139704
2023-08-01,88.885,89.515,88.65,89.325,8848614
2023-08-02,88.54,88.595,86.8,87.115,15826848
2023-08-03,86.405,87.27,86.35,86.76,11321866
2023-08-04,86.465,86.9825,85.445,85.58,14431702
2023-08-07,85.94,86.235,85.2,85.82,9535996
2023-08-08,85.22,85.27,84.305,85.16,11461802
2023-08-09,85.275,85.275,83.77,84.06,14301782
2023-08-10,84.7,85.435,83.655,84.07,12731314
2023-08-11,83.4,83.94,83.16,83.45,10771912
2023-08-14,83.365,84.79,83.165,84.78,10328006
2023-08-15,84.53,84.83,83.75,83.945,9366346
2023-08-16,83.765,84.245,83.14,83.145,9779464
2023-08-17,83.515,83.6675,82.23,82.355,12614734
2023-08-18,81.52,82.815,81.47,82.48,13658668
2023-08-21,82.905,84.225,82.825,84.055,13132846
2023-08-22,84.81,84.86,83.775,83.96,11365560
2023-08-23,84.165,85.725,84.16,85.475,10113242
2023-08-24,86.55,86.555,83.44,83.505,13928906
2023-08-25,83.84,84.82,83.095,84.355,15686580
2023-08-28,84.995,85.225,84.39,85.045,8964298
2023-08-29,84.8,86.835,84.71,86.75,13713878
2023-08-30,86.765,87.4925,86.465,87.405,12266660
2023-08-31,87.605,88.165,87.51,87.83,11963490
2023-09-01,88.38,88.495,87.65,88.1,9244660
2023-09-05,87.88,88.69,87.595,88.415,10060370
2023-09-06,88.07,88.29,86.94,87.48,18143226
2023-09-07,85.855,86.405,85.54,86.215,12513846
2023-09-08,86.21,86.95,86.17,86.395,8584962
2023-09-11,87.155,87.235,86.085,86.845,8272768
2023-09-12,86.12,86.425,85.115,85.27,12243414
2023-09-13,85.235,85.9425,84.995,85.485,10008760
2023-09-14,86.01,86.3175,85.47,86.105,9473262
2023-09-15,85.795,85.82,84.225,84.45,13116818
2023-09-18,84.025,84.955,84,84.675,9943806
2023-09-19,84.315,84.845,83.855,84.63,8237334
2023-09-20,84.86,84.97,83.265,83.3,10766130
2023-09-21,82.425,83.01,81.99,82.03,14742824
2023-09-22,82.39,82.96,82.02,82.205,12537866
2023-09-25,81.995,82.595,81.785,82.47,10577338
2023-09-26,81.93,81.975,80.705,80.985,14925956
2023-09-27,81.375,81.535,80.3061,81.11,11665142
2023-09-28,80.725,82.205,80.345,81.685,12829318
2023-09-29,82.49,83.255,81.685,81.965,15883816
2023-10-02,82.005,83.085,81.88,82.845,13656154
2023-10-03,82.375,82.94,81.0199,81.44,14838716
2023-10-04,81.505,82.675,81.505,82.455,15194224
2023-10-05,82.45,82.7,81.575,82.565,12022956
2023-10-06,82,84.4703,81.76,84.11,16625532
2023-10-09,83.595,84.675,83.21,84.545,13139160
2023-10-10,84.605,85.355,84.37,84.675,20403200
2023-10-11,84.935,85.5,84.665,85.46,10389272
2023-10-12,85.535,86.415,84.89,85.54,15405834
2023-10-13,85.71,85.855,84.02,84.315,15191938
2023-10-16,84.455,85.51,84.44,85.125,14544178
2023-10-17,84.055,85.1675,83.45,84.73,15318272
2023-10-18,84.135,84.82,83.515,83.86,12862902
2023-10-19,84.195,84.76,83.235,83.38,19991730
2023-10-20,83.34,83.4,81.885,81.97,15350452
2023-10-23,81.46,82.9,81.005,82.065,15158934
2023-10-24,82.39,82.755,81.74,82.63,11180350
2023-10-25,83.025,83.125,81.4125,81.655,15529614
2023-10-26,81.8,82.16,79.75,80.095,20646480
2023-10-27,80.585,81.375,80.205,80.56,16231560
2023-10-30,80.985,81.7125,80.74,81.425,14180952
2023-10-31,81.465,82.075,80.83,82.005,10893520
2023-11-01,82.15,83.7,82.15,83.59,20945760
2023-11-02,84.345,85.08,84.23,85.005,16192668
2023-11-03,84.92,86.225,84.735,85.88,15661728
2023-11-06,85.995,86.475,85.725,86.445,11099142
2023-11-07,86.675,87.645,86.545,87.39,13029784
2023-11-08,87.69,88.03,87.29,87.885,10722660
2023-11-09,88.015,88.6575,87.36,87.475,14374674
2023-11-10,88.005,89.8175,87.905,89.76,13350358
2023-11-13,89.385,89.46,88.86,89.235,11725036
2023-11-14,90.6,91.2475,90.32,91.02,16508432
2023-11-15,91.425,91.565,90.785,91.135,13147708
2023-11-16,90.955,91.69,90.79,91.59,11554076
2023-11-17,91.385,91.75,91.005,91.4,13278420
2023-11-20,91.515,92.965,91.505,92.725,11119662
2023-11-21,92.305,92.45,91.6375,91.975,13350782
2023-11-22,92.555,93.175,92.135,92.385,11213670
2023-11-24,92.23,92.31,91.855,92.205,4193852
2023-11-27,92.075,92.7325,91.91,92.2,8420186
2023-11-28,91.89,92.62,91.89,92.375,11012338
2023-11-29,93.05,93.45,92.3875,92.445,10765424
2023-11-30,92.83,92.955,91.805,92.58,13744008
2023-12-01,92.34,92.955,91.895,92.79,13992110
2023-12-04,91.865,91.865,90.66,91.66,18221854
2023-12-05,91.17,92.315,91.17,92.21,10841330
2023-12-06,92.785,92.92,91.36,91.43,14731346
2023-12-07,91.865,92.695,91.67,92.54,13928806
2023-12-08,92.34,93.405,92.225,93.33,12808850
2023-12-11,93.055,94.165,92.84,94.145,37795380
2023-12-12,93.8,94.8,93.72,94.77,15055390
2023-12-13,94.995,95.835,94.77,95.605,29395000
2023-12-14,95.68,96.04,94.665,95.37,15427442
2023-12-15,95.27,96.4,95.27,95.85,18131392
2023-12-18,95.62,96.14,95.215,95.925,10138376
2023-12-19,95.905,96.3,95.85,96.29,9003672
2023-12-20,96.18,96.52,94.82,94.835,13734894
2023-12-21,95.8,96.115,95.095,95.9,11335948
2023-12-22,96.175,96.305,95.55,96.025,10215416
2023-12-26,96.085,96.6225,96.085,96.425,6207558
2023-12-27,96.475,96.62,96.01,96.42,11764568
2023-12-28,96.76,96.86,96.4875,96.535,9615352
2023-12-29,96.585,96.7799,95.76,96.24,12190650
2024-01-02,94.93,95.08,93.125,93.72,23545460
2024-01-03,92.865,93.375,92.6,92.765,18190046
2024-01-04,92.195,92.8325,91.995,92.085,12127296
2024-01-05,92.19,92.855,91.71,92.06,16350522
2024-01-08,92.525,94.435,92.43,94.37,16434662
2024-01-09,93.645,94.79,93.445,94.52,10633898
2024-01-10,94.565,95.53,94.365,95.325,9785434
2024-01-11,95.795,96.275,94.465,95.81,13297020
2024-01-12,95.965,96.34,95.64,96.12,8834636
2024-01-16,96,96.7625,95.445,96.36,11775604
2024-01-17,95.645,96,94.845,95.885,14108960
2024-01-18,97.165,97.9175,96.8,97.83,18918730
2024-01-19,98.47,100.105,98.255,100.085,18333144
2024-01-22,100.575,101.14,100.145,100.525,14968922
2024-01-23,100.62,100.995,100.035,100.93,13263826
2024-01-24,101.625,102.645,101.335,101.625,17651226
2024-01-25,102.56,103.0725,101.5775,102.05,17071494
2024-01-26,101.335,101.7825,100.645,100.875,10553188
2024-01-29,101,101.82,100.8,101.8,7639594
2024-01-30,101.765,101.92,100.65,100.96,12251508
2024-01-31,100,100.41,98.79,98.84,16295208
2024-02-01,99.235,100.2225,99.17,100.085,14303488
2024-02-02,99.405,101.44,99.3725,101.12,12872552
2024-02-05,101.53,101.64,100.4,101.35,10086508
2024-02-06,101.46,101.635,100.235,100.885,12677116
2024-02-07,101.595,102.245,101.19,102.22,11365888
2024-02-08,102.395,102.815,102.27,102.54,9948188
2024-02-09,102.97,104.055,102.85,103.92,11612252
2024-02-12,103.915,104.235,102.98,103.13,10753232
2024-02-13,100.895,102.06,100.5875,101.38,19459342
2024-02-14,102.135,102.52,101.415,102.44,11791680
2024-02-15,102.575,102.675,101.655,102.225,10796390
2024-02-16,102.5,102.705,101.1475,101.285,11090418
2024-02-20,100.69,101.05,99.25,100.255,17447586
2024-02-21,99.285,99.625,98.535,99.625,15966358
2024-02-22,102.2,103.1625,101.965,102.885,18551698
2024-02-23,103.7,103.83,102.32,102.645,12323940
2024-02-26,103.095,103.35,102.64,102.745,18248884
2024-02-27,103.025,103.025,102.07,102.835,9984454
2024-02-28,102.495,102.63,101.98,102.35,8329080
2024-02-29,102.895,103.7325,102.32,103.49,11986746
2024-03-01,103.755,105.53,103.705,105.38,13136718
2024-03-04,105.23,105.9825,104.995,105.38,20443820
2024-03-05,104.34,104.39,102.125,102.79,18042886
2024-03-06,103.865,104.3842,102.91,103.605,14303188
2024-03-07,104.49,105.56,103.97,105.24,12120812
2024-03-08,105.43,106.175,103.61,103.675,14912100
2024-03-11,103.2,103.62,102.645,103.39,15648378
2024-03-12,104.385,105.52,103.395,105.51,17382880
2024-03-13,105.19,105.25,103.935,104.37,12815488
2024-03-14,104.81,105.18,103.7525,104.39,16023244
2024-03-15,102.89,103.36,102.395,102.815,19633360
2024-03-18,103.545,104.21,103.07,103.15,14176566
2024-03-19,102.645,103.7,102.13,103.685,13390280
2024-03-20,103.765,104.88,103.399,104.845,13357416
2024-03-21,105.965,105.965,104.83,104.92,12312034
2024-03-22,104.925,105.34,104.55,104.955,11506956
2024-03-25,103.96,104.7025,103.66,104.26,8777878
2024-03-26,104.635,104.805,103.745,103.83,8538360
2024-03-27,104.485,104.54,103.56,104.36,12495056
2024-03-28,104.115,104.435,103.925,104.135,8854310
2024-04-01,104.355,105.035,104.045,104.425,11654790
2024-04-02,103.265,103.5685,102.58,103.42,11418378
2024-04-03,102.9,104.23,102.875,103.695,10669964
2024-04-04,104.685,105.05,102,102.055,16464724
2024-04-05,102.5,103.75,102.215,103.225,12808782
2024-04-08,103.29,103.63,102.725,103.105,8126136
2024-04-09,103.635,103.85,102.33,103.625,9401156
2024-04-10,102.445,102.7355,101.915,102.355,13836754
2024-04-11,102.81,104.57,102.3125,104.4,10563606
2024-04-12,103.155,103.64,102.33,102.71,16186814
2024-04-15,103.34,103.405,100.605,100.76,17189072
2024-04-16,100.98,101.505,100.48,100.88,14914022
2024-04-17,101.25,101.42,99.35,99.425,13090378
2024-04-18,99.395,99.65,98.185,98.29,15280726
2024-04-19,97.915,98.235,96.02,96.265,21879980
2024-04-22,97.005,97.71,96.04,97.125,13293442
2024-04-23,97.53,98.71,97.385,98.565,12151638
2024-04-24,99.295,99.7025,98.47,99.015,9160164
2024-04-25,97.78,98.985,97.345,98.8,11567984
2024-04-26,99.58,100.645,99.19,99.915,10104168
2024-04-29,100.43,100.58,99.7575,100.345,7494846
2024-04-30,100,100.405,98.105,98.135,14929054
2024-05-01,97.61,99.25,97.11,97.13,20453580
2024-05-02,98.37,98.665,97.13,98.53,13339990
2024-05-03,101.195,101.615,100.835,101.275,13316494
2024-05-06,101.66,102.465,101.505,102.465,8020934
2024-05-07,102.765,102.815,102.12,102.13,10021020
2024-05-08,101.765,102.53,101.74,102.42,7175942
2024-05-09,102.255,102.47,101.88,102.39,9589686
2024-05-10,102.925,103.385,102.445,102.77,8754014
2024-05-13,103.525,103.61,102.93,103.255,6581988
2024-05-14,103.22,104.3125,103.16,104.17,9825164
2024-05-15,104.825,106.549,104.75,106.515,14308640
2024-05-16,106.5775,106.9075,106.1,106.145,12066506
2024-05-17,106.39,106.455,105.33,105.91,7616034
2024-05-20,106.015,107.355,105.92,107.155,6277268
2024-05-21,106.745,107.505,106.555,107.33,6140482
2024-05-22,107.635,107.9625,106.935,107.57,11782914
2024-05-23,108.8,108.81,106.355,106.695,9400432
2024-05-24,106.965,107.825,106.61,107.595,5906412
2024-05-28,108.205,108.29,107.3725,108.05,8786428
2024-05-29,106.91,107.88,106.91,107.365,8569076
2024-05-30,106.17,106.33,104.59,104.915,10459704
2024-05-31,105.225,105.245,102.765,105.08,12081012
2024-06-03,105.885,105.98,104.085,105.345,9628062
2024-06-04,105.29,105.7325,104.75,105.565,6405330
2024-06-05,106.4,107.91,106.23,107.91,8788864
2024-06-06,107.97,108.0432,107.265,107.55,7057672
2024-06-07,107.665,108.26,107.27,107.8,6398624
2024-06-10,107.435,108.365,107.365,108.075,6735392
2024-06-11,107.8,110.115,107.75,110.085,12719204
2024-06-12,111.1775,113.655,110.975,112.52,17821256
2024-06-13,113.565,113.88,112.72,113.41,12693594
2024-06-14,113.25,113.9,113.175,113.835,7864554
2024-06-17,114.115,115.9625,113.725,115.56,11602698
2024-06-18,115.675,116.085,115.245,115.705,8677722
2024-06-20,116.225,116.295,114.02,114.405,13242926
2024-06-21,114.43,114.8775,113.685,114.205,13560786
2024-06-24,112.82,113.33,111.18,111.21,13748560
2024-06-25,112.025,113.31,111.395,113.25,9129082
2024-06-26,113.08,113.655,112.24,113.12,9459596
2024-06-27,112.9,113.735,112.765,113.175,7923534
2024-06-28,113.57,115.195,112.96,113.115,12488204
2024-07-01,113.285,114.16,111.64,113.97,9281668
2024-07-02,112.98,114.55,112.98,114.54,7076520
2024-07-03,114.375,116.14,114.28,116.085,6249128
2024-07-05,116.215,116.955,115.735,116.44,6671838
2024-07-08,116.815,117.575,116.615,117.235,7671038
2024-07-09,117.8325,118.115,116.47,117.14,8684664
2024-07-10,117.945,118.9225,117.285,118.84,8749384
2024-07-11,119.02,119.07,115.5275,115.865,14110386
2024-07-12,116.185,118.14,115.78,116.9,9767552
2024-07-15,117.495,118.265,116.445,117.11,8627990
2024-07-16,117.385,117.4439,115.885,116.72,7652214
2024-07-17,114.05,114.165,112.125,112.18,12440482
2024-07-18,113.41,113.43,110.775,112.19,10837174
2024-07-19,111.595,112.28,110.19,110.435,8472826
2024-07-22,111.895,113.18,111.42,113.05,10601500
2024-07-23,112.58,113.615,112.45,112.6,5530746
2024-07-24,111.13,111.4795,107.68,107.94,14300720
2024-07-25,107.825,109.4325,105.23,106.785,21157920
2024-07-26,108.225,109,107.225,108.14,11697862
2024-07-29,109,109.47,107.345,107.66,7343814
2024-07-30,108.06,108.165,104.15,104.955,10694518
2024-07-31,108.195,109.795,107.435,109.4,14614086
2024-08-01,109.1,110.365,104.2,105.32,16991430
2024-08-02,102.52,103.365,100.625,102.36,18621698
2024-08-05,95.9525,100.86,95.3725,98.95,31429900
2024-08-06,100.215,102.3225,99.15,100.295,24575720
2024-08-07,102.725,103.225,98.535,98.67,17653500
2024-08-08,100.455,102.61,99,102.355,14442740
2024-08-09,102.295,103.405,101.675,102.815,9535506
2024-08-12,103.135,104.455,102.655,103.655,8580200
2024-08-13,104.94,106.8725,104.81,106.84,9999538
2024-08-14,107.5,107.97,105.98,107.425,8922464
2024-08-15,108.815,110.625,108.58,110.515,9480170
2024-08-16,109.93,110.9125,109.63,110.7,6706302
2024-08-19,110.44,112.53,109.99,112.525,13004212
2024-08-20,112.23,112.905,111.47,112.13,7221578
2024-08-21,112.2,113.18,111.845,112.79,7538728
2024-08-22,113.42,113.685,109.965,110.195,9083638
2024-08-23,111.29,112.4675,110.55,111.98,10680964
2024-08-26,111.88,112.3013,110.01,110.575,6268872
2024-08-27,109.89,111.48,109.35,111.245,7656002
2024-08-28,111.1,111.315,108.79,109.71,9002260
2024-08-29,109.74,111.285,108.44,108.72,13283654
2024-08-30,109.905,110.59,108.72,110.165,10048446
2024-09-03,109,109.08,104.505,105.105,14765758
2024-09-04,104.04,106.03,103.71,104.835,12330000
2024-09-05,104.08,105.975,103.985,104.675,8875232
2024-09-06,104.59,104.84,101.49,101.96,12441080
2024-09-09,103.225,103.745,102.27,103.63,10921976
2024-09-10,104.345,105.405,103.35,105.18,10122906
2024-09-11,105.54,108.935,103.87,108.77,12768732
2024-09-12,108.69,110.135,107.925,109.67,10606110
2024-09-13,109.805,110.495,109.36,110.22,8047324
2024-09-16,109.425,110.15,108.785,109.8,6897782
2024-09-17,110.9,111.07,109.03,109.585,6989920
2024-09-18,109.86,110.63,108.48,108.585,12741686
2024-09-19,111.635,112.5025,111.025,111.81,13934078
2024-09-20,111.37,111.765,110.27,111.265,14492708
2024-09-23,111.165,111.31,110.705,111.045,7490526
2024-09-24,111.51,112.03,110.31,111.805,7025806
2024-09-25,111.585,112.615,111.535,112.125,6111536
2024-09-26,114.315,114.4394,112.415,113.61,9244746
2024-09-27,113.77,113.805,112.13,112.55,6093760
2024-09-30,112.06,112.95,111.5,112.88,5501888
2024-10-01,112.545,112.61,109.475,110.13,11295304
2024-10-02,110.155,111.4475,109.53,110.945,4532304
2024-10-03,110.62,112.22,110.605,111.405,5784880
2024-10-04,112.845,112.925,111.46,112.645,5015344
2024-10-07,112.14,112.885,111.59,111.87,4430412
2024-10-08,112.675,114.15,112.4175,113.96,7864790
2024-10-09,114.05,115.395,113.695,115.235,7579782
2024-10-10,114.465,115.5025,114.145,115.205,5692236
2024-10-11,114.93,115.665,114.76,115.405,8848914
2024-10-14,116.14,117.15,116.0855,116.91,9810124
2024-10-15,117,117.2825,113.915,114.34,14179308
2024-10-16,114.7,114.87,113.4619,114.695,5758844
2024-10-17,116.295,116.36,115.045,115.045,6051182
2024-10-18,115.645,115.88,115.21,115.455,4537056
2024-10-21,115.095,116.01,114.885,115.995,6322384
2024-10-22,115.38,116.27,115.05,115.875,6169170
2024-10-23,115.445,115.62,113.2408,114.215,6083640
2024-10-24,114.68,114.8336,113.87,114.55,4832722
2024-10-25,115.2,116.4375,114.98,115.145,8314782
2024-10-28,115.97,115.97,115.085,115.11,5899140
2024-10-29,115.33,116.995,114.9,116.66,7451664
2024-10-30,115.595,115.905,114.73,114.805,8341134
2024-10-31,113.545,113.545,111.08,111.12,12110206
2024-11-01,111.24,112.79,111.09,111.955,11565790
2024-11-04,112.06,112.675,111.395,111.87,6311970
2024-11-05,112.215,113.535,112.215,113.445,7272966
2024-11-06,115.635,116.89,115.29,116.675,10967820
2024-11-07,117.485,118.845,117.43,118.71,10462922
2024-11-08,118.56,118.97,118.15,118.58,7236376
2024-11-11,118.565,118.64,117.22,117.925,7267210
2024-11-12,117.845,118.225,117.145,118.075,7530784
2024-11-13,117.825,118.535,117.3,117.665,6329838
2024-11-14,117.855,118.06,117.075,117.265,6601984
2024-11-15,115.815,115.965,113.975,114.355,11229832
2024-11-18,114.355,115.21,113.86,114.725,6172120
2024-11-19,114.005,115.76,114.005,115.665,6906800
2024-11-20,115.765,115.805,114.025,115.565,8874798
2024-11-21,116.685,117.285,114.9002,116.74,10591736
2024-11-22,116.53,117.07,116.11,116.8,7090838
2024-11-25,117.68,117.885,116.265,116.795,11137288
2024-11-26,117.325,117.745,116.88,117.38,6229916
2024-11-27,116.585,116.655,114.765,115.79,6369324
2024-11-29,116.06,117.11,115.945,116.865,4168342
2024-12-02,116.95,118.415,116.92,117.975,9398226
2024-12-03,117.475,118.43,117.245,118.4,5575908
2024-12-04,119.88,120.625,119.53,120.565,10840578
2024-12-05,120.375,120.515,119.7897,119.955,5637936
2024-12-06,120.165,120.94,120.035,120.42,6654834
2024-12-09,119.97,120.399,119.33,119.635,8032486
2024-12-10,119.23,119.555,117.6,117.975,11234994
2024-12-11,118.91,120.065,118.5,119.685,8689540
2024-12-12,118.92,119.4525,118.63,119.015,7218390
2024-12-13,120.09,120.56,118.575,119.525,8676910
2024-12-16,119.68,120.825,119.425,120.72,9443270
2024-12-17,119.865,120.46,119.405,119.99,8144904
2024-12-18,120.395,120.725,115.85,116.12,16927156
2024-12-19,117.3,117.68,116.095,116.245,13385794
2024-12-20,115.455,118.93,115.095,117.98,14924892
2024-12-23,118.125,119.085,117.495,119.035,7973320
2024-12-24,119.46,120.27,119.28,120.265,4653314
2024-12-26,119.88,120.785,119.495,120.345,7150976
2024-12-27,119.535,119.69,117.577,118.745,8726512
2024-12-30,117.015,118.17,116.29,117.235,7950320
2024-12-31,117.555,117.635,115.88,116.26,9381230
2025-01-02,117.18,117.51,114.8901,115.985,12770312
2025-01-03,116.695,118,116.465,117.875,9121130
2025-01-06,119.22,120.531,118.905,119.375,8975322
2025-01-07,120,120,116.57,116.98,10007298
2025-01-08,117.25,117.27,115.815,116.94,10023790
2025-01-10,115.71,115.73,113.715,114.39,11665792
2025-01-13,112.55,113.66,112.225,113.58,10655948
2025-01-14,114.46,114.7725,112.975,113.88,7220436
2025-01-15,115.435,116.485,115.055,116.145,10465306
2025-01-16,117.09,117.165,115.225,115.25,5368522
2025-01-17,117.33,117.47,116.54,117.055,6743384
2025-01-21,117.445,118.32,116.6301,118.03,6744152
2025-01-22,119.625,120.975,119.455,120.695,10243754
2025-01-23,119.765,120.935,119.65,120.91,7604470
2025-01-24,121.29,121.29,119.2625,119.65,6607604
2025-01-27,114.29,115.4875,112.735,113.785,20705520
2025-01-28,114.555,117.08,113.345,116.82,11260678
2025-01-29,116.59,116.645,114.745,115.87,9050006
2025-01-30,115.665,116.485,114.87,116.085,8840270
2025-01-31,117.165,117.865,115.095,115.405,10744628
2025-02-03,112.85,114.545,112.2475,113.85,13752870
2025-02-04,114.24,115.67,114.2,115.49,8371284
2025-02-05,115.595,117.12,115.23,117.095,5398084
2025-02-06,117.095,117.655,116.575,117.415,6808074
2025-02-07,117.89,118.455,116.02,116.41,8553266
2025-02-10,117.33,118.405,117.295,118.11,6054166
2025-02-11,117.455,118.64,117.375,118.165,6456566
2025-02-12,116.5,118.0493,116.37,117.91,8555660
2025-02-13,118.12,119.655,117.955,119.58,7829570
2025-02-14,119.48,120.0825,119.26,119.985,4557224
2025-02-18,120.605,121.095,120.045,121.08,6023966
2025-02-19,120.945,121.57,120.1,121.09,5604292
2025-02-20,120.975,121.135,119.43,120.705,5987748
2025-02-21,120.74,120.79,117.375,117.435,9057584
2025-02-24,117.89,118.22,115.61,115.755,7447556
2025-02-25,115.51,115.615,113.475,114.255,10434292
2025-02-26,115.375,116.59,114.615,115.5,7630670
2025-02-27,116.13,116.25,111.245,111.295,10100010
2025-02-28,110.795,112.88,109.85,112.765,14172158
2025-03-03,113.345,113.575,108.525,109.335,12516182
2025-03-04,108.525,111.18,107.13,109.25,17720982
2025-03-05,109.59,111.145,108.12,110.785,11931086
2025-03-06,108.51,110.225,107.1875,107.71,16431978
2025-03-07,107.585,109.545,106.315,109.27,11263990
2025-03-10,107.11,107.31,103.54,104.625,21561800
2025-03-11,104.305,105.955,103.145,104.2,14832708
2025-03-12,106.06,106.76,104.575,105.84,10981696
2025-03-13,105.535,105.77,103.4238,103.83,12383066
2025-03-14,105.19,107.08,105.155,106.97,10041532
2025-03-17,106.885,108.48,106.575,107.715,10148780
2025-03-18,106.95,107.06,105.685,106.075,11487380
2025-03-19,106.62,108.715,106.175,107.455,8838650
2025-03-20,106.235,107.865,106.075,106.69,7145274
2025-03-21,105.3575,107.125,104.97,106.98,10425692
2025-03-24,108.57,109.0725,108.285,108.815,8200134
2025-03-25,108.745,109.32,108.69,109.175,7481704
2025-03-26,108.84,109.1,106.32,106.74,7888662
2025-03-27,106.01,106.61,105.195,105.755,6577750
2025-03-28,105.205,105.63,102.84,103.19,10667580
2025-03-31,101.39,103.475,100.365,103.24,14219082
2025-04-01,102.83,104.085,101.99,103.995,9480114
2025-04-02,102.51,105.63,102.43,104.765,9291958
2025-04-03,99.745,100.35,97.535,97.615,19451384
2025-04-04,94.57,95.32,91.15,91.185,33804580
2025-04-07,87.465,95.905,86.225,91.73,44557860
2025-04-08,95.145,96.42,88.22,89.865,25811420
2025-04-09,90.05,102.49,89.935,101.93,36988880
2025-04-10,98.425,99.1,93.865,97.185,19747556
2025-04-11,96.7,99.6,95.975,99.175,14423198
2025-04-14,102.25,102.315,99,100.08,11904498
2025-04-15,100.235,101.205,99.975,100.445,7200060
2025-04-16,97.75,98.79,95.27,96.955,13222484
2025-04-17,97.65,97.65,96.02,96.43,7480756
2025-04-21,94.905,95.145,92.5925,93.94,8973362
2025-04-22,95.19,96.785,94.635,96.23,9312868
2025-04-23,99.92,100.975,98.615,99.02,13413710
2025-04-24,99.995,102.855,99.835,102.715,9316954
2025-04-25,102.405,104.4275,102.305,104.235,6518460
2025-04-28,104.1,104.6125,102.51,104.065,5574412
2025-04-29,103.565,104.985,103.565,104.55,9144446
2025-04-30,102.495,105.375,101.9,104.985,10203730
2025-05-01,107.28,108.275,106.43,106.525,11532768
2025-05-02,107.7425,108.81,107.455,108.305,8125414
2025-05-05,107.375,108.5,107.32,107.73,6757276
2025-05-06,106.13,107.62,105.805,106.835,7958152
2025-05-07,106.835,108.375,106.1,107.905,8171378
2025-05-08,108.975,109.9675,108.005,108.935,8704344
2025-05-09,109.42,109.62,108.24,108.8,7330446
2025-05-12,113.415,113.89,112.271,113.85,13478206
2025-05-13,114.26,116.69,114.13,116.31,12757350
2025-05-14,116.855,117.5225,116.38,117.065,10247902
2025-05-15,116.43,117.885,116.29,117.225,9536352
2025-05-16,117.605,117.605,116.43,117.445,8111660
2025-05-19,115.71,117.5375,115.67,117.275,11863048
2025-05-20,116.545,116.855,115.95,116.835,10273646
2025-05-21,115.74,117.355,114.175,114.64,18643572
2025-05-22,114.695,115.7,114.415,114.67,11372044
2025-05-23,112.675,114.145,112.551,113.405,12003920
2025-05-27,115.17,116.26,114.785,116.1,14208308
2025-05-28,116.24,116.7025,115.45,115.62,10789124
2025-05-29,117.37,117.49,115.22,115.815,14013150
2025-05-30,115.76,115.815,113.71,115.455,13494118
2025-06-02,115.15,116.545,115.01,116.475,12878766
2025-06-03,116.63,118.315,116.545,118.225,14312342
2025-06-04,118.375,118.7675,117.815,118.4,10899200
2025-06-05,118.75,119.785,117.555,118.065,15887010
2025-06-06,119.205,119.73,118.84,119.18,9026022
2025-06-09,119.645,120.505,119.555,119.765,11100938
2025-06-10,119.745,120.615,119.295,120.435,9832436
2025-06-11,120.725,121.2125,119.55,120.17,9600038
2025-06-12,120.145,121.565,120.125,121.285,11210374
2025-06-13,119.88,120.7925,119.145,119.585,13193708
2025-06-16,120.305,121.88,120.305,121.52,13866252
2025-06-17,121.01,121.865,120.375,120.66,10525356
2025-06-18,120.955,121.565,120.19,120.805,11065960
2025-06-20,121.235,121.645,119.7048,120.27,11490654
2025-06-23,120.19,121.545,119.375,121.44,12277030
2025-06-24,122.675,123.77,122.53,123.62,11329482
2025-06-25,124.26,124.86,124.15,124.675,9228680
2025-06-26,125.235,125.735,124.74,125.535,11289294
2025-06-27,125.875,126.355,124.815,125.385,12196514
2025-06-30,126.485,126.96,125.875,126.615,13365120
2025-07-01,126.21,126.475,124.625,125.485,15144754
2025-07-02,125.17,126.895,125.0775,126.81,11950194
2025-07-03,127.5,128.865,127.45,128.48,7112818
2025-07-07,127.985,128.32,126.89,127.46,11560830
2025-07-08,128.13,128.39,127.615,128.145,15715164
2025-07-09,128.6,129.4,127.9575,128.915,12933510
2025-07-10,129.235,129.35,127.815,128.49,9994226
2025-07-11,127.88,128.675,127.72,127.925,9238974
2025-07-14,127.61,128.135,126.6,127.82,8125248
2025-07-15,129.31,129.615,128.91,128.955,15657054
2025-07-16,129,129.4275,127.405,129.355,17782658
2025-07-17,129.51,130.735,129.255,130.53,11955064
2025-07-18,131.03,131.075,130.095,130.445,10281074
2025-07-21,130.59,131.505,130.4375,130.615,9246618
2025-07-22,130.515,130.6072,128.475,129.405,13448894
2025-07-23,129.74,130.315,128.97,130.145,10091792
2025-07-24,130.4625,130.95,129.96,130.695,12159626
2025-07-25,130.655,131.325,130.3826,130.995,8001970
2025-07-28,131.495,132.075,131.2225,132.04,11517532
2025-07-29,132.9,133.635,131.82,132.045,13739048
2025-07-30,132.185,132.79,131.3,132.34,13934616
2025-07-31,134.005,134.005,130.73,131.37,16414360
2025-08-01,129.94,129.985,127.89,128.535,19438016
2025-08-04,129.745,131.17,129.745,131.145,12376904
2025-08-05,131.63,131.745,129.7575,130.06,11176052
2025-08-06,130.185,131.695,130.1,131.525,10167088
2025-08-07,132.99,133.205,130.55,131.645,10318098
2025-08-08,132.14,133.11,131.795,132.96,11016472
2025-08-11,132.875,133.475,131.755,132.06,9425422
2025-08-12,132.72,134.14,131.985,134.105,11154956
2025-08-13,134.88,135.0249,133.6625,134.155,13990174
2025-08-14,133.475,134.325,133.1675,133.865,15484334
2025-08-15,133.685,133.685,132.32,132.85,13373126
2025-08-18,132.6825,133.2525,132.555,133.135,12233766
2025-08-19,133.085,133.115,130.565,130.81,17366906
2025-08-20,130.48,130.48,127.92,129.925,23064300
2025-08-21,129.61,130.13,128.895,129.455,15148558
2025-08-22,129.315,132.065,128.955,131.21,13756014
2025-08-25,131.205,131.735,130.555,130.915,10691774
2025-08-26,131.025,131.69,130.835,131.515,11081002
2025-08-27,131.645,132.375,131.04,132.225,11538638
2025-08-28,132.385,133.555,131.725,133.27,12380568
2025-08-29,132.685,132.71,130.745,131.225,17481146
2025-09-02,128.905,130.02,128.14,129.9,18226030
2025-09-03,130.565,130.935,129.7,130.675,15636628
2025-09-04,130.14,131.3725,129.61,131.32,24397400
2025-09-05,132.565,132.615,130.095,131.43,38561880
2025-09-08,132.12,132.895,132.09,132.415,20556500
2025-09-09,132.71,132.81,131.73,132.67,19354906
2025-09-10,135.355,135.985,134.43,135.075,25957140
2025-09-11,135.925,136.115,135.31,135.53,23429240
2025-09-12,135.8,135.93,135.15,135.44,15612228
2025-09-15,135.655,136.69,135.49,136.66,16268022
2025-09-16,136.975,137.0675,136.02,136.185,16081462
2025-09-17,136.095,136.26,134.31,135.715,18948526
2025-09-18,137.475,138.465,136.81,138.06,20883340
2025-09-19,138.615,139.59,138.165,139.46,15670762
2025-09-22,139.075,141.445,139.02,141.33,15771162
2025-09-23,141.1375,141.365,139.4876,140.11,16457122
2025-09-24,140.485,140.485,138.315,139.245,13471012
2025-09-25,137.98,139.345,137.125,139,21349700
2025-09-26,139.15,139.545,138.19,139.42,16534048
2025-09-29,140.22,140.96,139.84,140.165,16107478
2025-09-30,140.165,141.07,139.87,140.93,18215140
2025-10-01,140.21,142.41,140.17,142.31,17411244
2025-10-02,143.635,143.665,142.435,143.08,17607828
2025-10-03,143.21,143.94,141.87,142.36,17457914
2025-10-06,144.28,144.72,143.725,143.8,17945644
2025-10-07,144.54,144.75,142.085,142.84,15588378
2025-10-08,143.17,145.35,143.0925,145.345,14038684
2025-10-09,145.28,145.41,144.345,145.1,11989432
2025-10-10,145.4025,145.67,139.14,139.195,44574580
2025-10-13,142.365,143.06,141.555,142.585,22030320
2025-10-14,140.715,142.19,139.12,140.755,26956780
2025-10-15,142.73,143.29,140.3975,142.15,20937560
2025-10-16,143.175,143.8097,141.285,142.255,23166200
2025-10-17,141.41,142.93,140.51,142.505,25511540
2025-10-20,143.32,144.71,143.235,144.095,13805140
2025-10-21,144.005,144.6825,143.475,144.17,12503878
2025-10-22,144.105,144.421,140.95,142.745,20723260
2025-10-23,142.185,144.775,142.185,144.545,11923498
2025-10-24,146.25,147.2825,146.035,146.79,14359558
2025-10-27,148.85,149.63,148.61,149.5,15166990
2025-10-28,150.225,151.57,149.71,150.98,15055150
2025-10-29,152.3475,152.995,150.935,152.065,21506180
2025-10-30,151.2,151.98,150.145,150.195,19218542
2025-10-31,151.71,151.82,149.47,150.34,16303828
2025-11-03,151.78,152.11,150.13,150.955,13983640
2025-11-04,148.2225,149.2,146.725,146.97,16722508
2025-11-05,146.7075,148.74,146.485,147.545,14447042
2025-11-06,147.31,147.47,143.835,144.58,24797380
2025-11-07,143.345,144.115,140.799,144.08,25546960
2025-11-10,146.655,148.045,145.895,147.765,18286348
2025-11-11,146.79,147.055,145.53,146.505,14871586
2025-11-12,147.73,147.73,146.075,146.96,13179216
2025-11-13,146.14,146.34,142.515,143.295,22385820
2025-11-14,140.65,145.38,140.145,144.075,27429540
2025-11-17,142.725,144.285,140.675,141.82,24675360
2025-11-18,140.595,141.32,138.235,139.515,36747560
2025-11-19,139.525,142.06,139.165,140.485,27668900
2025-11-20,143.72,144.2573,135.76,136.075,56551780
2025-11-21,136.3,138.42,133.74,136.6,44958900
2025-11-24,137.52,140.3475,137.435,139.855,20124880
2025-11-25,138.625,140.59,136.655,140.23,21303340
2025-11-26,141.885,142.495,140.79,141.89,13359394
2025-11-28,142.19,143.135,141.805,143.11,6792182
2025-12-01,141.72,143.6025,141.285,143.175,12846540
2025-12-02,144.065,145.515,143.645,144.65,15719056
2025-12-03,143.95,145.095,143.2275,144.995,11623232
2025-12-04,145.19,145.795,144.495,145.535,9995268
2025-12-05,146.21,147.31,145.69,146.6,6627969
2025-12-08,147.43,148.38,146.92,147.63,8272771
2025-12-09,147.335,148.25,146.96,148.02,6978176
2025-12-10,147.69,149.22,146.82,148.73,8961059
2025-12-11,147.06,148.13,145.11,147.97,9769253
2025-12-12,146.94,147.08,143.26,143.69,14873170
2025-12-15,144.42,144.63,142.02,142.3,10790250
2025-12-16,141.91,142.97,141.3,142.56,10790910
2025-12-17,142.72,142.84,139.32,139.39,18178750
2025-12-18,141.86,142.42,140.79,141.54,12319520
2025-12-19,142.59,144.62,142.57,144.6,14265940
2025-12-22,146.01,146.01,144.645,145.16,8864472
2025-12-23,144.74,145.98,144.36,145.95,7546050
2025-12-24,145.79,146.5,145.68,146.3,3676257
2025-12-26,146.61,146.98,146.24,146.53,5052923
2025-12-29,145.35,146.38,145.04,145.87,9822319
2025-12-30,145.85,146.26,145.375,145.41,6387446
2025-12-31,145.71,145.8,143.9,143.97,9528387
2026-01-02,145.63,146.52,143.405,144.3,15299450
2026-01-05,146.01,146.39,144.245,144.62,17476330
2026-01-06,145.21,146.765,144.63,146.65,14985670
2026-01-07,146.53,147.3799,146.04,146.53,13957070
2026-01-08,145.93,145.93,143.5,144.24,16870540
2026-01-09,144.57,146.58,144.025,146.15,15652620
2026-01-12,145.19,147.285,145.05,146.79,12867190
2026-01-13,146.85,147.52,145.845,146.48,16552150
2026-01-14,145.5,145.93,143.32,144.7,22104220
2026-01-15,146.93,147.57,145.31,145.46,17370880
2026-01-16,146.72,146.95,145.02,145.62,14156680
2026-01-20,143.09,144.1,141.61,141.84,20029180
2026-01-21,142.78,145.04,141.96,143.81,27892850
2026-01-22,145.61,145.7,144.16,144.88,12971560
2026-01-23,144.53,145.825,143.75,145.09,14654460
2026-01-26,145.27,146.71,144.89,146.08,10195630
2026-01-27,147.42,148.62,147.03,148.05,12436180
2026-01-28,149,149.9,148.61,149.23,19497410
2026-01-29,147.84,147.93,143.27,146.87,25580960
2026-01-30,146.04,146.75,142.99,143.88,18342640
2026-02-02,143.53,146.145,143.39,145.26,16337580
2026-02-03,145.875,145.97,140.17,142.08,30464490
2026-02-04,140.83,141.0101,136.1051,138.12,45649450
2026-02-05,137.22,138.48,135.075,135.63,42950870
2026-02-06,138.01,141.47,137.42,141.13,37131920
2026-02-09,140.595,144.025,139.91,143.35,24629510
2026-02-10,143.82,144.15,142.385,142.55,22564320
2026-02-11,144.51,144.755,141.32,142.97,18905710
2026-02-12,143.31,143.77,138.915,139.21,32154750
2026-02-13,139.56,140.91,137.93,139.56,26637120
2026-02-17,138.64,140.45,137.02,139.48,25743800
2026-02-18,140.055,142.115,139.27,140.91,13705790
2026-02-19,140.09,140.71,139.275,140.21,13483970
2026-02-20,139.2,141.75,138.97,140.88,14942420
2026-02-23,140.18,140.65,137.89,138.52,22021920
2026-02-24,139.24,140.94,138.19,140.32,13030620
2026-02-25,141.36,143.34,141.21,143.01,13296050
2026-02-26,142.94,143.01,139.26,141.01,19364870
2026-02-27,138.31,139.765,137.94,138.76,15328600
2026-03-02,137.03,139.96,136.56,139.54,20156670
2026-03-03,136.355,138.33,134.99,137.5,34153040
2026-03-04,138.53,140.63,138.04,139.84,15201380
2026-03-05,139.16,141.26,138.09,140.18,19424200
2026-03-06,137.82,139.83,136.79,137.29,19677210
2026-03-09,135.97,140.21,135.46,139.76,22760860
2026-03-10,139.84,141.39,139.02,139.76,24338520
2026-03-11,140.58,141.59,139.52,140.43,14017700
2026-03-12,139.27,139.745,137.65,137.84,32372780
2026-03-13,138.45,139.705,136.515,136.8,15701790
2026-03-16,138.72,140.08,138.52,138.78,16626430
2026-03-17,139.39,140.27,138.93,139.54,12034650
2026-03-18,139.31,140.07,137.93,137.96,12634540
2026-03-19,136,139.17,135.44,138.43,18087930
2026-03-20,137.98,137.98,134.3224,135.29,27251820
2026-03-23,137.5,139.2,136.22,136.95,21818520
2026-03-24,136.05,136.92,134.87,136.15,16843860
2026-03-25,137.29,137.995,136.28,136.76,13872410
2026-03-26,135.18,135.52,132.42,132.5,15434570
2026-03-27,131.53,132.045,129.575,129.92,15895160
2026-03-30,131.27,131.55,126.68,127.5,18830030
2026-03-31,129.15,133.215,128.98,132.9,19405310
2026-04-01,134.115,136.045,133.76,134.91,17050140
2026-04-02,131.905,136.04,131.3546,135.99,12266190
2026-04-06,136.48,137.25,135.71,136.78,10147630
2026-04-07,136.17,137.49,134.11,137.43,8585455
2026-04-08,143.13,143.56,140.735,141.69,13358980
2026-04-09,141.76,142.185,140.35,142.07,8235144
2026-04-10,142.5,143.56,141.9201,142.62,9310140
2026-04-13,142.33,145.67,142.1307,145.61,10407700
2026-04-14,146.9,147.94,146.08,147.94,10183300
2026-04-15,148.27,150.37,147.96,150.3,10622480
2026-04-16,150.99,152.1798,149.745,152.02,11778010
2026-04-17,154.06,154.805,153.51,154.35,10630440
2026-04-20,154.3,154.75,153.035,154.56,8131598
2026-04-21,155,156.07,154.15,154.69,12657270
2026-04-22,156.22,158.16,155.52,158.09,13830380
2026-04-23,156.77,157.795,153.95,155.84,12151380
2026-04-24,158.43,160.4,157.6,160.22,11059780
2026-04-27,160.02,160.62,158.81,160.57,8963915
2026-04-28,157.11,158.64,156.16,157.85,9252973
2026-04-29,158.83,159.15,157.75,159.11,7506934
2026-04-30,159.65,159.8,156.88,159.5,9276361
2026-05-01,160.39,162.285,160.14,161.87,10161810
2026-05-04,162.705,163.24,160.88,162.05,10739960
2026-05-05,163.87,166.02,163.52,165.63,9813549
2026-05-06,167.88,170.08,166.84,170.03,11304660
2026-05-07,170.26,171.95,168.7,169.69,11031510
2026-05-08,171.59,175.6,171.3,175.52,11222160
2026-05-11,176.15,178.3,175.87,177.88,10461800
2026-05-12,176.15,176.99,171.195,175.2,15950700
2026-05-13,177.27,177.74,174.26,176.85,9817869
2026-05-14,177.36,180.215,176.865,179.5,11424870
2026-05-15,176.21,178.7,174.63,176.26,14518960
2026-05-18,177.62,177.85,171.91,174.36,19162640
2026-05-19,172.68,175.18,170.831,173.24,15751420
2026-05-20,174.66,177.25,173.95,177.14,12630250
2026-05-21,175.83,178.98,175.83,178.6,10873200
2026-05-22,180.03,181.73,179.56,180.39,10742210
2026-05-26,183.2,186,182.585,185.14,12500330
2026-05-27,186.18,186.265,182.54,184.43,12300350
2026-05-28,184.83,187.58,183.79,186.85,11167570
2026-05-29,189.33,191.63,189.195,191.02,15040310
2026-06-01,192.32,196.4999,191.15,195.76,18968780
2026-06-02,196.45,198.38,195.75,198.21,10175180
2026-06-03,198.37,198.73,194.525,196.23,11582090
2026-06-04,191.52,194.74,189.69,193.17,13142620
2026-06-05,188.885,189.22,179.8,180.3,26816070
2026-06-08,185.22,186.71,183.1701,184.18,14684970
2026-06-09,185.91,187.08,172.88,180.77,29884440
2026-06-10,178.16,182.41,176.15,176.63,20059840
2026-06-11,177.79,183.66,176.495,183.21,18238390
2026-06-12,183.24,185.84,181.6443,184.8,15014350
2026-06-15,190.371,192.08,189.75,191.79,13097840
2026-06-16,191.227,192.25,186.43,186.44,10077160
2026-06-17,189.005,189.99,185.3,185.8,14396140
2026-06-18,190.42,191.995,189.38,191.44,12101590
2026-06-22,192.95,194.3,190.86,192.15,11313040
2026-06-23,184.68,187.25,183.7,184.19,14633590
2026-06-24,184.065,185.66,180.79,183.05,12323690
2026-06-25,188.145,188.41,180.375,184.57,13230220
2026-06-26,181,183.11,179.76,181.11,13433880
2026-06-29,183.12,185.66,178.67,185.41,11857030
2026-06-30,185.76,190.94,185.6,190.52,10729880
2026-07-01,186.83,187.98,185.38,185.62,9960304
2026-07-02,185.49,187.38,178.72,180.59,14192630
2026-07-06,182.66,185.71,182.04,183.57,8923121
2026-07-07,179.84,180.72,176.36,179.18,12254780
2026-07-08,177.48,181.63,177.15,181.4,10528340
2026-07-09,184.76,186.4,183.56,185.35,7756590
2026-07-10,184.005,186.23,183.09,185.78,6162013
2026-07-13,183.1,183.9,180.54,181.28,8595097
2026-07-14,183.71,184.43,181.33,183.62,6399550
2026-07-15,185.11,185.29,178.22,181.58,9256842
2026-07-16,179,179.4796,176.41,177.52,8666508
2026-07-17,172.85,177.92,171.34,175.59,12036700
2026-07-20,177.19,178.7,175.52,175.71,7638589
2026-07-21,179.56,181.015,178.17,180.78,7506833
2026-07-22,178.155,181.43,178.15,180.27,5357598
2026-07-23,178.8,180.39,177.2,178.45,7177020
2026-07-24,177.82,179.01,175.05,175.88,7739565
2026-07-27,177.83,178.3,171.73,174.3,8376633
2026-07-28,171.21,172.17,167.54,171.09,10049330
2026-07-29,171.12,172.51,166.462,166.57,14380490
2026-07-30,172.81,176.09,172.16,175.73,15103710
2026-07-31,177.46,178.62,172.7,175.35,9146173
2026-08-03,174.01,178.92,173.04,178.04,9343373
2026-08-04,182.52,187.705,181.87,186.9,13495820
2026-08-05,187.34,188.62,185.71,185.91,7571369
2026-08-06,183.19,186.91,182.06,185.33,6706016
2026-08-07,187.99,188.73,185.74,187.97,6361238
