date,open,high,low,close,volume
2019-03-14,0.122699,0.122699,0.106,0.1062,2327610
2019-03-15,0.106453,0.10723,0.102878,0.105989,4207842
2019-03-16,0.105968,0.109249,0.10575,0.1081,4492969
2019-03-17,0.108,0.108586,0.10625,0.108545,1421125
2019-03-18,0.108545,0.12,0.1057,0.115505,19930302
2019-03-19,0.115505,0.118775,0.109623,0.111822,23309633
2019-03-20,0.111822,0.112969,0.106831,0.108801,14627323
2019-03-21,0.108989,0.109726,0.10014,0.105622,14609359
2019-03-22,0.105617,0.11,0.10395,0.108345,11790983
2019-03-23,0.108286,0.109984,0.105542,0.106601,12660438
2019-03-24,0.106601,0.10813,0.103,0.104027,9152075
2019-03-25,0.103771,0.104399,0.098247,0.099667,12564055
2019-03-26,0.099699,0.105499,0.096,0.102149,12065388
2019-03-27,0.102149,0.108,0.101521,0.107447,14733946
2019-03-28,0.107446,0.1079,0.103,0.106298,10364384
2019-03-29,0.106052,0.1086,0.105217,0.107355,11820348
2019-03-30,0.107355,0.1075,0.1042,0.106863,6436140
2019-03-31,0.106863,0.108474,0.106,0.108371,5014271
2019-04-01,0.107992,0.1145,0.107203,0.110335,11864962
2019-04-02,0.110335,0.1241,0.11,0.122508,31943211
2019-04-03,0.122878,0.13899,0.11,0.121,45090799
2019-04-04,0.121,0.125763,0.113845,0.117699,17625048
2019-04-05,0.1177,0.131031,0.1177,0.127893,22363968
2019-04-06,0.127893,0.13,0.121655,0.125201,13269359
2019-04-07,0.124813,0.13572,0.123513,0.133466,20090314
2019-04-08,0.13294,0.136945,0.125393,0.131338,17520654
2019-04-09,0.131228,0.132127,0.124801,0.125078,10647635
2019-04-10,0.125096,0.13,0.12425,0.126564,10398298
2019-04-11,0.126302,0.12685,0.111111,0.115517,14721892
2019-04-12,0.115439,0.118982,0.110182,0.114,13724620
2019-04-13,0.114,0.11795,0.113176,0.11594,6781468
2019-04-14,0.11594,0.119097,0.11371,0.118175,6440430
2019-04-15,0.118175,0.120269,0.11,0.112492,12145708
2019-04-16,0.11269,0.116864,0.111,0.115368,7957069
2019-04-17,0.115366,0.117432,0.114259,0.117432,8430004
2019-04-18,0.11735,0.120326,0.116338,0.117718,13083605
2019-04-19,0.117671,0.117926,0.114,0.115855,8272418
2019-04-20,0.115645,0.119255,0.11395,0.115736,10331005
2019-04-21,0.115737,0.116179,0.108679,0.111877,10531352
2019-04-22,0.111825,0.115423,0.109293,0.11301,8393855
2019-04-23,0.11301,0.113977,0.109312,0.10957,10086171
2019-04-24,0.10957,0.109987,0.099002,0.103249,19488493
2019-04-25,0.1031,0.106,0.0936,0.096924,14802680
2019-04-26,0.097177,0.099994,0.094647,0.097319,16012833
2019-04-27,0.096991,0.100355,0.096364,0.09808,9731176
2019-04-28,0.09808,0.099605,0.095045,0.095898,5261651
2019-04-29,0.095978,0.097513,0.093001,0.09405,8689108
2019-04-30,0.094068,0.100194,0.093513,0.099704,12950914
2019-05-01,0.099997,0.102918,0.09873,0.099802,10027566
2019-05-02,0.099802,0.100604,0.097219,0.097796,6685188
2019-05-03,0.097713,0.10223,0.096771,0.100222,11494991
2019-05-04,0.100222,0.103,0.09521,0.097615,8269838
2019-05-05,0.097549,0.099248,0.0955,0.096,6676329
2019-05-06,0.096,0.09816,0.092556,0.096061,8958654
2019-05-07,0.096167,0.098922,0.092001,0.092369,10877971
2019-05-08,0.092001,0.092924,0.09077,0.0917,11031792
2019-05-09,0.091742,0.093299,0.086255,0.08889,17794296
2019-05-10,0.088882,0.093301,0.0869,0.092891,15514482
2019-05-11,0.092298,0.11,0.092001,0.104705,34063257
2019-05-12,0.105354,0.106499,0.095034,0.099018,20944476
2019-05-13,0.099001,0.1042,0.098316,0.100011,20601038
2019-05-14,0.100224,0.117479,0.098517,0.114922,58922993
2019-05-15,0.113923,0.1468,0.113603,0.144999,65792404
2019-05-16,0.144999,0.1699,0.130348,0.138693,129366290
2019-05-17,0.138362,0.141,0.114832,0.132844,71449552
2019-05-18,0.132849,0.142,0.12848,0.131519,42747365
2019-05-19,0.13116,0.145799,0.12957,0.143,38988790
2019-05-20,0.142805,0.143485,0.128944,0.135999,24912047
2019-05-21,0.135797,0.137,0.132002,0.134878,17120443
2019-05-22,0.134802,0.138922,0.12,0.122022,30626581
2019-05-23,0.12202,0.12692,0.117606,0.125551,19884300
2019-05-24,0.125651,0.12999,0.121363,0.125584,20855512
2019-05-25,0.125624,0.128769,0.124121,0.125646,11145666
2019-05-26,0.125524,0.134998,0.12152,0.134052,22594461
2019-05-27,0.134052,0.1449,0.13209,0.138466,35005518
2019-05-28,0.137957,0.142233,0.131857,0.139454,29111305
2019-05-29,0.139103,0.139998,0.130632,0.135532,26193809
2019-05-30,0.135622,0.14415,0.122561,0.129198,47709899
2019-05-31,0.1292,0.134999,0.124,0.133472,20259153
2019-06-01,0.133471,0.134949,0.128906,0.1325,12051978
2019-06-02,0.1325,0.138789,0.1321,0.136886,15436568
2019-06-03,0.136701,0.14,0.127101,0.127534,19463982
2019-06-04,0.1275,0.1275,0.1168,0.120849,30256335
2019-06-05,0.12084,0.125575,0.118712,0.121399,14026355
2019-06-06,0.121387,0.126099,0.118,0.124948,16044503
2019-06-07,0.125298,0.130511,0.123987,0.127777,16809417
2019-06-08,0.127228,0.12869,0.122801,0.124308,7395320
2019-06-09,0.124308,0.125197,0.1168,0.11909,10378373
2019-06-10,0.118998,0.124463,0.117273,0.123412,11112601
2019-06-11,0.123413,0.123853,0.118853,0.123056,12362931
2019-06-12,0.123056,0.127997,0.120909,0.127504,16572512
2019-06-13,0.127506,0.128499,0.124244,0.124663,12407578
2019-06-14,0.124663,0.125985,0.120703,0.125678,14873123
2019-06-15,0.125678,0.128897,0.124408,0.127399,15258383
2019-06-16,0.127021,0.133749,0.1265,0.1299,23175967
2019-06-17,0.129674,0.132,0.126594,0.130899,20972435
2019-06-18,0.130899,0.131325,0.122,0.123754,20285452
2019-06-19,0.123754,0.126381,0.123002,0.124457,11188123
2019-06-20,0.124416,0.124623,0.120123,0.12139,13355757
2019-06-21,0.121445,0.124894,0.121206,0.12382,21658285
2019-06-22,0.123819,0.13499,0.123302,0.129189,42840217
2019-06-23,0.128912,0.1325,0.126509,0.12709,19721953
2019-06-24,0.127321,0.128499,0.124104,0.1278,13624731
2019-06-25,0.127792,0.129,0.12185,0.123293,19465602
2019-06-26,0.123295,0.132,0.118603,0.121731,56576175
2019-06-27,0.121353,0.122945,0.102243,0.107696,53948801
2019-06-28,0.107596,0.112205,0.1066,0.111232,22655719
2019-06-29,0.111388,0.118568,0.105289,0.114358,33274201
2019-06-30,0.114358,0.115137,0.103401,0.104099,17639726
2019-07-01,0.104099,0.109498,0.100101,0.105447,25768975
2019-07-02,0.105469,0.106359,0.0993,0.102981,22857060
2019-07-03,0.102971,0.106249,0.102351,0.106051,18468547
2019-07-04,0.106049,0.106539,0.098501,0.0993,16612093
2019-07-05,0.099326,0.101807,0.097402,0.100002,14494694
2019-07-06,0.100097,0.106586,0.100097,0.103783,13281074
2019-07-07,0.103801,0.106248,0.10242,0.106235,10316424
2019-07-08,0.10625,0.10643,0.103611,0.104527,11541115
2019-07-09,0.104602,0.105149,0.100493,0.101336,14046496
2019-07-10,0.101739,0.102499,0.0907,0.094713,31289654
2019-07-11,0.094712,0.095203,0.085012,0.087316,28788224
2019-07-12,0.087172,0.10222,0.086284,0.098245,31025255
2019-07-13,0.098245,0.100997,0.0914,0.096341,16473975
2019-07-14,0.096249,0.096864,0.084538,0.085616,20004377
2019-07-15,0.085935,0.087999,0.082069,0.085883,23047549
2019-07-16,0.085796,0.088586,0.07802,0.07816,27814874
2019-07-17,0.07817,0.084466,0.075743,0.080673,26195351
2019-07-18,0.080978,0.093,0.079229,0.088585,23355206
2019-07-19,0.0884,0.095815,0.087049,0.093654,25242261
2019-07-20,0.093599,0.098731,0.091685,0.094897,20409016
2019-07-21,0.094897,0.094898,0.08876,0.091274,12770587
2019-07-22,0.091105,0.091802,0.085847,0.088627,11039235
2019-07-23,0.08845,0.088646,0.083184,0.084302,12550804
2019-07-24,0.084126,0.086719,0.081448,0.085999,10259176
2019-07-25,0.086195,0.089251,0.085101,0.085478,8382423
2019-07-26,0.085542,0.090016,0.083501,0.08815,8861001
2019-07-27,0.08815,0.0901,0.082704,0.084382,11070868
2019-07-28,0.084167,0.084738,0.080385,0.083904,6954529
2019-07-29,0.083971,0.085817,0.082494,0.083326,7266698
2019-07-30,0.083232,0.084976,0.08091,0.083465,7274562
2019-07-31,0.083499,0.085291,0.083052,0.084008,11824707
2019-08-01,0.084009,0.084132,0.081834,0.083,8797812
2019-08-02,0.082918,0.083544,0.081769,0.082086,8634461
2019-08-03,0.082052,0.083249,0.081817,0.082413,8898307
2019-08-04,0.082403,0.08275,0.080752,0.082182,7118238
2019-08-05,0.082193,0.084453,0.080614,0.0823,17912792
2019-08-06,0.082344,0.082344,0.077,0.07823,21683245
2019-08-07,0.07841,0.079359,0.076568,0.078577,13345405
2019-08-08,0.078668,0.078749,0.075607,0.076952,13704447
2019-08-09,0.076955,0.077015,0.071588,0.071742,18617002
2019-08-10,0.071742,0.074799,0.071354,0.073665,16070315
2019-08-11,0.07352,0.080114,0.073391,0.078298,16310919
2019-08-12,0.078173,0.078319,0.075156,0.075295,9669809
2019-08-13,0.075302,0.075499,0.072242,0.07422,9270494
2019-08-14,0.074207,0.074499,0.066014,0.069001,26124487
2019-08-15,0.069214,0.070866,0.065449,0.070142,21246653
2019-08-16,0.07022,0.070586,0.066791,0.068722,12084300
2019-08-17,0.068405,0.069239,0.066666,0.06779,7418105
2019-08-18,0.067787,0.071764,0.067395,0.070833,8296845
2019-08-19,0.07081,0.07197,0.070268,0.071764,6912370
2019-08-20,0.071866,0.071993,0.068751,0.068754,7486397
2019-08-21,0.068851,0.06896,0.065631,0.066882,13864352
2019-08-22,0.066927,0.069562,0.0655,0.068267,11532269
2019-08-23,0.068264,0.0695,0.067503,0.069199,8611084
2019-08-24,0.069375,0.071207,0.067523,0.070579,7613481
2019-08-25,0.070417,0.072127,0.068217,0.069372,8559933
2019-08-26,0.069512,0.071499,0.068776,0.069566,6008344
2019-08-27,0.069491,0.069623,0.067333,0.068337,5847152
2019-08-28,0.068351,0.068498,0.063242,0.063912,12977928
2019-08-29,0.064138,0.064199,0.060401,0.061736,15459450
2019-08-30,0.061738,0.06346,0.061096,0.061886,8010118
2019-08-31,0.06182,0.062851,0.060491,0.062153,6183490
2019-09-01,0.062186,0.062785,0.061027,0.062502,5462658
2019-09-02,0.062507,0.064182,0.061303,0.063096,7909481
2019-09-03,0.063161,0.064182,0.062574,0.063142,8254345
2019-09-04,0.06313,0.063178,0.061377,0.061871,8491594
2019-09-05,0.06187,0.062073,0.06,0.060565,9135980
2019-09-06,0.060546,0.061355,0.057761,0.058341,15177790
2019-09-07,0.05834,0.061498,0.057897,0.060599,8994528
2019-09-08,0.06094,0.061993,0.060161,0.061092,5826997
2019-09-09,0.061262,0.061721,0.059371,0.060384,7061742
2019-09-10,0.060318,0.060997,0.059,0.059741,8480296
2019-09-11,0.0596,0.060274,0.058091,0.059094,9744143
2019-09-12,0.059094,0.059094,0.057708,0.058659,8958492
2019-09-13,0.05866,0.058899,0.057077,0.057959,9199458
2019-09-14,0.057886,0.059793,0.057205,0.058901,15018182
2019-09-15,0.058901,0.059242,0.058132,0.058387,4661675
2019-09-16,0.058341,0.059148,0.058111,0.058763,9135720
2019-09-17,0.058705,0.066999,0.05825,0.063411,24201329
2019-09-18,0.063547,0.126,0.0635,0.082876,181414969
2019-09-19,0.082876,0.0886,0.074101,0.080944,115036571
2019-09-20,0.08103,0.081209,0.070504,0.071933,67624169
2019-09-21,0.071932,0.074278,0.069265,0.069626,27346694
2019-09-22,0.069736,0.07029,0.066733,0.068589,36236159
2019-09-23,0.068553,0.069242,0.063096,0.063373,31831338
2019-09-24,0.063499,0.065,0.053,0.054151,91664466
2019-09-25,0.054122,0.0603,0.052201,0.057395,56603470
2019-09-26,0.057395,0.0624,0.053384,0.058564,70096931
2019-09-27,0.058401,0.05953,0.055701,0.058922,31832087
2019-09-28,0.059132,0.06,0.0573,0.05846,17722640
2019-09-29,0.058405,0.05889,0.056564,0.058114,13978370
2019-09-30,0.058114,0.062334,0.056274,0.062127,38428304
2019-10-01,0.062127,0.062255,0.058201,0.058875,27687057
2019-10-02,0.058968,0.0598,0.058,0.059795,17635455
2019-10-03,0.059739,0.06,0.057852,0.058692,15872946
2019-10-04,0.058699,0.06047,0.057615,0.058729,18731808
2019-10-05,0.058729,0.059369,0.058193,0.059056,11461498
2019-10-06,0.059164,0.059499,0.057055,0.058385,18484754
2019-10-07,0.058364,0.063878,0.05791,0.062176,34462785
2019-10-08,0.062273,0.063945,0.060836,0.061964,31464384
2019-10-09,0.061961,0.065399,0.061103,0.063175,40894985
2019-10-10,0.063314,0.06339,0.061101,0.061625,20832338
2019-10-11,0.061625,0.063,0.059199,0.059933,19649160
2019-10-12,0.059734,0.061938,0.059726,0.060926,8840116
2019-10-13,0.060935,0.062618,0.060603,0.061397,15666644
2019-10-14,0.061385,0.0663,0.06101,0.066259,36093746
2019-10-15,0.066259,0.06699,0.062287,0.063971,38195499
2019-10-16,0.063965,0.064388,0.060306,0.061713,22104979
2019-10-17,0.061713,0.065298,0.060926,0.0652,20372845
2019-10-18,0.065091,0.065398,0.062,0.063167,15018042
2019-10-19,0.063145,0.063947,0.062135,0.062482,11905613
2019-10-20,0.062593,0.063971,0.061703,0.063404,11067025
2019-10-21,0.063308,0.064199,0.062752,0.063879,9961282
2019-10-22,0.063988,0.064989,0.063068,0.063288,17058306
2019-10-23,0.063291,0.063568,0.0566,0.059846,35555065
2019-10-24,0.059797,0.0617,0.058659,0.060184,17356237
2019-10-25,0.060184,0.066226,0.059572,0.064443,30934055
2019-10-26,0.064256,0.06777,0.061876,0.062947,40033711
2019-10-27,0.062862,0.065933,0.06209,0.065259,20347957
2019-10-28,0.065263,0.0692,0.064613,0.064764,29050450
2019-10-29,0.064731,0.06986,0.064725,0.066842,24324100
2019-10-30,0.066842,0.067499,0.0627,0.064002,22060866
2019-10-31,0.063988,0.065247,0.0623,0.0651,18137584
2019-11-01,0.065203,0.0725,0.064429,0.069215,79936892
2019-11-02,0.069215,0.071861,0.069108,0.071528,22013110
2019-11-03,0.071471,0.072377,0.068056,0.068697,22219118
2019-11-04,0.068701,0.080497,0.067544,0.079496,39495017
2019-11-05,0.079496,0.09,0.077852,0.082612,186154765
2019-11-06,0.082611,0.083016,0.076592,0.077,63277578
2019-11-07,0.077,0.07701,0.072648,0.074264,44502206
2019-11-08,0.074264,0.07699,0.067999,0.071033,38969686
2019-11-09,0.071138,0.073399,0.070541,0.073119,19286981
2019-11-10,0.073258,0.0815,0.073,0.078997,56022445
2019-11-11,0.078997,0.081167,0.075865,0.079844,45666105
2019-11-12,0.080008,0.08265,0.074001,0.076792,76278466
2019-11-13,0.076792,0.077571,0.075,0.075883,69720277
2019-11-14,0.075887,0.076252,0.072117,0.074208,28614351
2019-11-15,0.074066,0.075397,0.070012,0.071805,28691587
2019-11-16,0.071965,0.072246,0.071,0.071415,15476480
2019-11-17,0.071342,0.073048,0.071203,0.071625,13027541
2019-11-18,0.071615,0.071713,0.0644,0.067007,35823120
2019-11-19,0.067004,0.067004,0.0635,0.065652,32321662
2019-11-20,0.065651,0.066239,0.063601,0.0639,19989294
2019-11-21,0.063951,0.063952,0.057001,0.060743,43615531
2019-11-22,0.060733,0.061442,0.052896,0.0595,62261984
2019-11-23,0.059524,0.06228,0.05792,0.061534,32669483
2019-11-24,0.061626,0.062,0.055242,0.055571,27473853
2019-11-25,0.055769,0.05964,0.053138,0.057468,44077194
2019-11-26,0.057457,0.058242,0.056438,0.057596,15945424
2019-11-27,0.057594,0.059622,0.055053,0.058871,19786978
2019-11-28,0.05879,0.05915,0.05751,0.058091,12962087
2019-11-29,0.058106,0.06,0.057792,0.059123,10618653
2019-11-30,0.058962,0.059347,0.0568,0.05729,11996772
2019-12-01,0.05729,0.05773,0.055224,0.057329,13360240
2019-12-02,0.057353,0.057464,0.055109,0.055869,13456787
2019-12-03,0.05585,0.056493,0.055091,0.055725,13075998
2019-12-04,0.055704,0.0582,0.053524,0.054668,19589798
2019-12-05,0.054746,0.055716,0.054001,0.055427,10638748
2019-12-06,0.055324,0.055918,0.054689,0.055568,11810866
2019-12-07,0.055534,0.056296,0.055365,0.055365,11745958
2019-12-08,0.055371,0.056,0.054831,0.055906,12096862
2019-12-09,0.055845,0.0561,0.054155,0.054605,12519661
2019-12-10,0.054567,0.054604,0.052157,0.053077,21104387
2019-12-11,0.053173,0.053734,0.052553,0.053034,12764130
2019-12-12,0.053072,0.053224,0.051262,0.051991,16567070
2019-12-13,0.051991,0.053068,0.051807,0.052771,12630766
2019-12-14,0.05277,0.052833,0.050024,0.05098,15222869
2019-12-15,0.050975,0.051512,0.050302,0.050969,9237193
2019-12-16,0.050909,0.051069,0.046728,0.046932,27899831
2019-12-17,0.046932,0.047126,0.042126,0.043217,44212639
2019-12-18,0.043288,0.047967,0.042136,0.04665,40283638
2019-12-19,0.046649,0.047202,0.044626,0.045203,24647411
2019-12-20,0.04523,0.046536,0.044745,0.046377,17375628
2019-12-21,0.046373,0.046428,0.045321,0.045439,12247307
2019-12-22,0.045439,0.047401,0.045233,0.047321,16131429
2019-12-23,0.047334,0.047755,0.044526,0.044938,17889000
2019-12-24,0.044879,0.045832,0.044425,0.045047,9779352
2019-12-25,0.045032,0.045045,0.043577,0.044374,8236911
2019-12-26,0.044395,0.045595,0.044053,0.044611,13759980
2019-12-27,0.044672,0.046068,0.043961,0.045778,17117560
2019-12-28,0.045744,0.046501,0.045566,0.045846,16714701
2019-12-29,0.045854,0.04668,0.045649,0.046188,10143575
2019-12-30,0.046182,0.046777,0.045241,0.045461,11238963
2019-12-31,0.045382,0.045698,0.044501,0.044845,14420914
2020-01-01,0.044845,0.045527,0.044642,0.045113,11751585
2020-01-02,0.045078,0.045287,0.043398,0.043431,10885954
2020-01-03,0.043438,0.045695,0.043103,0.045608,15078925
2020-01-04,0.045609,0.045762,0.045101,0.045567,7275664
2020-01-05,0.045603,0.046248,0.045182,0.045495,9668976
2020-01-06,0.045446,0.050647,0.045407,0.050511,28893984
2020-01-07,0.050521,0.051299,0.047501,0.0485,26983762
2020-01-08,0.048501,0.049406,0.0468,0.04768,23159236
2020-01-09,0.047701,0.048226,0.046914,0.047158,10141307
2020-01-10,0.047157,0.048128,0.045605,0.048005,16854968
2020-01-11,0.048054,0.0495,0.04741,0.048131,22317274
2020-01-12,0.048112,0.049294,0.048084,0.049068,8679366
2020-01-13,0.049059,0.0491,0.047558,0.048113,9465719
2020-01-14,0.048175,0.055286,0.048116,0.052938,64926602
2020-01-15,0.052936,0.056968,0.051634,0.05487,59547587
2020-01-16,0.054884,0.055165,0.051936,0.053504,42259124
2020-01-17,0.053505,0.065,0.053001,0.060778,128637734
2020-01-18,0.060778,0.066248,0.0575,0.061372,80120587
2020-01-19,0.06147,0.066008,0.058221,0.060009,48835155
2020-01-20,0.060009,0.0649,0.059227,0.06263,40729477
2020-01-21,0.062624,0.064488,0.0617,0.062592,29783225
2020-01-22,0.062678,0.06366,0.060591,0.061203,21882175
2020-01-23,0.061239,0.06124,0.056629,0.05822,42467066
2020-01-24,0.058157,0.058345,0.054675,0.057044,30964040
2020-01-25,0.057067,0.057104,0.055538,0.055811,10359817
2020-01-26,0.055811,0.058598,0.05575,0.058318,15083282
2020-01-27,0.058338,0.060631,0.057528,0.059599,29378271
2020-01-28,0.059575,0.062063,0.059021,0.060678,22854110
2020-01-29,0.060692,0.063,0.060003,0.060794,28970156
2020-01-30,0.060808,0.063091,0.059618,0.062811,24898219
2020-01-31,0.062779,0.06297,0.059711,0.060505,23942301
2020-02-01,0.060531,0.062455,0.060367,0.062232,20918933
2020-02-02,0.062232,0.066052,0.060719,0.063378,39125483
2020-02-03,0.06338,0.065906,0.062481,0.064126,23723800
2020-02-04,0.064122,0.067744,0.06164,0.066,50236294
2020-02-05,0.066,0.06975,0.065762,0.069089,49672187
2020-02-06,0.069094,0.071897,0.067342,0.071138,43395608
2020-02-07,0.071145,0.073777,0.070725,0.071983,43099456
2020-02-08,0.071977,0.072227,0.06732,0.071005,43194786
2020-02-09,0.071,0.07399,0.070847,0.07347,39591000
2020-02-10,0.073457,0.073829,0.068391,0.070521,31281026
2020-02-11,0.07046,0.07505,0.068756,0.074056,42729053
2020-02-12,0.074299,0.082759,0.074189,0.080081,100617785
2020-02-13,0.080136,0.0885,0.0789,0.083565,98558960
2020-02-14,0.083436,0.087558,0.08,0.086887,63048426
2020-02-15,0.08698,0.088887,0.075251,0.078935,65759158
2020-02-16,0.078821,0.081543,0.06624,0.074614,84250305
2020-02-17,0.074318,0.0752,0.066995,0.072838,63451794
2020-02-18,0.072876,0.077053,0.070183,0.076129,49284941
2020-02-19,0.076052,0.079854,0.068,0.069998,60385555
2020-02-20,0.07011,0.071662,0.067223,0.070659,52537714
2020-02-21,0.070659,0.07285,0.069433,0.07104,26796139
2020-02-22,0.071178,0.071637,0.06924,0.070461,15938358
2020-02-23,0.070454,0.07344,0.070038,0.073321,18698866
2020-02-24,0.07322,0.073674,0.066902,0.069094,31401902
2020-02-25,0.069094,0.069231,0.06321,0.064094,37416421
2020-02-26,0.064112,0.064525,0.055641,0.058784,68239741
2020-02-27,0.058782,0.0631,0.056,0.060101,57976201
2020-02-28,0.060268,0.061483,0.056302,0.058456,36133271
2020-02-29,0.058412,0.059917,0.056841,0.056923,23025395
2020-03-01,0.056885,0.0585,0.054856,0.055803,39406238
2020-03-02,0.05578,0.0604,0.055532,0.059719,38327615
2020-03-03,0.059765,0.060439,0.057564,0.058222,26334624
2020-03-04,0.05823,0.059166,0.057685,0.058628,26940690
2020-03-05,0.058663,0.061063,0.05861,0.059725,32769440
2020-03-06,0.059672,0.061581,0.059266,0.061495,24890985
2020-03-07,0.061497,0.061779,0.05796,0.058462,23865800
2020-03-08,0.058422,0.058422,0.04855,0.049797,58828816
2020-03-09,0.049702,0.0525,0.046999,0.052493,65799868
2020-03-10,0.052499,0.053366,0.050707,0.051948,36855493
2020-03-11,0.052038,0.052622,0.047302,0.050375,26151409
2020-03-12,0.050375,0.050606,0.031349,0.033426,181820925
2020-03-13,0.033126,0.0492,0.026139,0.040242,210292675
2020-03-14,0.040168,0.040703,0.03621,0.036698,48963350
2020-03-15,0.036699,0.040963,0.036206,0.037792,51259841
2020-03-16,0.037807,0.037984,0.031267,0.035382,77493406
2020-03-17,0.035393,0.0385,0.03497,0.037462,45500920
2020-03-18,0.037408,0.038028,0.034243,0.037087,48956271
2020-03-19,0.037021,0.043298,0.036727,0.041514,78637832
2020-03-20,0.041506,0.04518,0.03542,0.039897,89596556
2020-03-21,0.039897,0.04098,0.038001,0.039687,26719687
2020-03-22,0.039641,0.04058,0.036502,0.036759,37424517
2020-03-23,0.036685,0.040474,0.036193,0.039529,44961046
2020-03-24,0.03953,0.040745,0.039092,0.040578,45441799
2020-03-25,0.04057,0.041123,0.0392,0.040607,29250326
2020-03-26,0.040678,0.0431,0.039916,0.043018,39628591
2020-03-27,0.043018,0.043717,0.040201,0.040501,45652350
2020-03-28,0.040404,0.040816,0.038804,0.040128,33592759
2020-03-29,0.040115,0.040199,0.037726,0.037799,24285561
2020-03-30,0.037799,0.041205,0.037619,0.040057,30866637
2020-03-31,0.04006,0.041127,0.040024,0.040876,16609790
2020-04-01,0.04087,0.041999,0.038865,0.0409,24563224
2020-04-02,0.040962,0.043373,0.040522,0.041295,32004980
2020-04-03,0.041295,0.042258,0.040615,0.041417,18373221
2020-04-04,0.041416,0.0425,0.040915,0.041995,17254338
2020-04-05,0.041994,0.043654,0.041509,0.04358,28450067
2020-04-06,0.04358,0.05,0.043502,0.049999,125305680
2020-04-07,0.049946,0.051517,0.047328,0.048425,85017663
2020-04-08,0.048465,0.051592,0.048126,0.051376,53856641
2020-04-09,0.051376,0.052624,0.04878,0.052135,57245784
2020-04-10,0.052115,0.052413,0.045439,0.047787,59617496
2020-04-11,0.047761,0.04999,0.047559,0.049879,44727876
2020-04-12,0.049879,0.051599,0.048523,0.048976,39518399
2020-04-13,0.048977,0.049021,0.046055,0.048292,48588478
2020-04-14,0.048304,0.049133,0.047601,0.04814,23180228
2020-04-15,0.048039,0.048747,0.04586,0.046187,28324593
2020-04-16,0.046131,0.05,0.044514,0.049247,58263817
2020-04-17,0.049247,0.05,0.048251,0.048665,23543717
2020-04-18,0.048665,0.051244,0.048665,0.0506,32425269
2020-04-19,0.0506,0.050795,0.048311,0.048889,23500774
2020-04-20,0.048889,0.0533,0.048623,0.049501,75521101
2020-04-21,0.049517,0.051934,0.04926,0.05094,34611145
2020-04-22,0.050899,0.055,0.050721,0.055,61883700
2020-04-23,0.055,0.067033,0.055,0.062152,200561418
2020-04-24,0.062095,0.0662,0.060235,0.061186,103916805
2020-04-25,0.061188,0.06325,0.060673,0.061826,47567540
2020-04-26,0.061927,0.062986,0.060848,0.062001,48057727
2020-04-27,0.062047,0.069469,0.06128,0.067287,90033169
2020-04-28,0.067332,0.0716,0.0665,0.068724,123968106
2020-04-29,0.068723,0.073855,0.068222,0.072306,121149568
2020-04-30,0.072286,0.074736,0.065756,0.06759,116548065
2020-05-01,0.067635,0.0735,0.067603,0.072946,64560608
2020-05-02,0.072948,0.076359,0.071393,0.075695,61274421
2020-05-03,0.075639,0.077,0.07164,0.07317,55953747
2020-05-04,0.073124,0.074076,0.067614,0.073473,70262177
2020-05-05,0.073522,0.07447,0.071,0.07224,37470805
2020-05-06,0.072217,0.073335,0.069701,0.069887,42689665
2020-05-07,0.069791,0.07358,0.069,0.072285,60054087
2020-05-08,0.072285,0.074653,0.070544,0.072551,83027308
2020-05-09,0.072551,0.073698,0.07134,0.071418,59770087
2020-05-10,0.071407,0.071407,0.06,0.064277,124303034
2020-05-11,0.06423,0.065158,0.0605,0.062442,66938628
2020-05-12,0.062456,0.070649,0.062124,0.07026,92671289
2020-05-13,0.07025,0.071357,0.068015,0.069995,56127419
2020-05-14,0.070029,0.07075,0.068,0.069285,45895804
2020-05-15,0.069312,0.0698,0.065833,0.067296,45943456
2020-05-16,0.067271,0.068461,0.066551,0.06808,25602101
2020-05-17,0.067995,0.071784,0.0678,0.068804,34363134
2020-05-18,0.068751,0.071416,0.06862,0.070243,33067527
2020-05-19,0.070243,0.070295,0.068336,0.069786,27474127
2020-05-20,0.069761,0.072,0.0675,0.070894,50810728
2020-05-21,0.070894,0.071699,0.0642,0.066437,69776501
2020-05-22,0.06648,0.069387,0.065334,0.06813,53601719
2020-05-23,0.06813,0.069238,0.06666,0.067189,33573782
2020-05-24,0.067066,0.068242,0.064,0.064,28563027
2020-05-25,0.064001,0.066228,0.06318,0.066228,33301890
2020-05-26,0.066228,0.066432,0.06358,0.065011,22823745
2020-05-27,0.065048,0.0675,0.064529,0.065991,32834592
2020-05-28,0.066047,0.069914,0.065668,0.069065,32888611
2020-05-29,0.069112,0.069988,0.06701,0.067833,28034389
2020-05-30,0.067832,0.073,0.0671,0.072444,58096500
2020-05-31,0.072499,0.0764,0.068853,0.070582,101445834
2020-06-01,0.070531,0.076473,0.069763,0.075818,87443055
2020-06-02,0.075741,0.084296,0.0725,0.079489,171989143
2020-06-03,0.079487,0.083361,0.076634,0.082735,85853548
2020-06-04,0.082764,0.086331,0.079162,0.081977,110991432
2020-06-05,0.081977,0.082982,0.07885,0.078901,50196345
2020-06-06,0.0789,0.081123,0.07826,0.079455,39825776
2020-06-07,0.079588,0.080673,0.075491,0.078829,41921214
2020-06-08,0.078901,0.080337,0.078013,0.080175,29130722
2020-06-09,0.080185,0.080459,0.0774,0.078177,41531585
2020-06-10,0.078125,0.079209,0.077708,0.078936,45896778
2020-06-11,0.078947,0.079312,0.069001,0.071322,104155620
2020-06-12,0.071303,0.0748,0.0708,0.072855,41781354
2020-06-13,0.072823,0.074368,0.071541,0.074146,23757574
2020-06-14,0.074121,0.074162,0.070225,0.07071,25504151
2020-06-15,0.070707,0.071767,0.0654,0.071024,80978292
2020-06-16,0.071036,0.072072,0.069853,0.071357,30593577
2020-06-17,0.071397,0.074099,0.069551,0.071801,39487692
2020-06-18,0.071815,0.072014,0.069,0.070507,27291085
2020-06-19,0.070525,0.070945,0.068431,0.069406,33921518
2020-06-20,0.069403,0.070249,0.0682,0.069795,24111706
2020-06-21,0.06979,0.070177,0.06834,0.068449,13950210
2020-06-22,0.068449,0.072,0.068379,0.071901,28483572
2020-06-23,0.071998,0.07234,0.070007,0.070926,32029189
2020-06-24,0.07092,0.072508,0.06784,0.068883,31351294
2020-06-25,0.068864,0.068952,0.065112,0.067553,29796823
2020-06-26,0.067409,0.068442,0.06591,0.06693,25786094
2020-06-27,0.066913,0.066997,0.059,0.062785,59877692
2020-06-28,0.062803,0.065015,0.061609,0.06421,28587354
2020-06-29,0.064279,0.065434,0.062924,0.065098,27675074
2020-06-30,0.065046,0.067378,0.064,0.066941,29345385
2020-07-01,0.066924,0.06935,0.066037,0.0684,28878779
2020-07-02,0.0684,0.070975,0.065609,0.06763,47243282
2020-07-03,0.06766,0.068644,0.066448,0.067086,28012919
2020-07-04,0.066987,0.068527,0.0665,0.068,19503351
2020-07-05,0.068,0.068035,0.064846,0.067296,22435440
2020-07-06,0.067255,0.072175,0.066481,0.071658,48071009
2020-07-07,0.071655,0.074308,0.07009,0.073364,60123902
2020-07-08,0.073345,0.086,0.072416,0.085567,206598566
2020-07-09,0.085627,0.099,0.083251,0.09068,299655087
2020-07-10,0.090558,0.091,0.08228,0.089007,131448165
2020-07-11,0.089053,0.101432,0.088614,0.094165,188699998
2020-07-12,0.094041,0.097664,0.089602,0.095395,99629391
2020-07-13,0.095339,0.098152,0.087,0.090143,102209497
2020-07-14,0.090014,0.092806,0.085027,0.092228,73612470
2020-07-15,0.092226,0.0982,0.08725,0.094271,141574823
2020-07-16,0.094271,0.104,0.08857,0.101903,168160646
2020-07-17,0.102037,0.107794,0.098422,0.103932,192479013
2020-07-18,0.103932,0.104394,0.09878,0.100818,78121467
2020-07-19,0.100732,0.102373,0.096463,0.100054,56368375
2020-07-20,0.1001,0.101915,0.093233,0.09432,66451702
2020-07-21,0.094359,0.09841,0.0939,0.096645,58441915
2020-07-22,0.096551,0.09811,0.094053,0.097655,40230253
2020-07-23,0.097539,0.101678,0.096877,0.098336,70835353
2020-07-24,0.098236,0.098347,0.094904,0.095858,40736174
2020-07-25,0.095787,0.101479,0.095186,0.10093,54037791
2020-07-26,0.100914,0.105962,0.097333,0.099118,75303576
2020-07-27,0.099206,0.100128,0.088264,0.094859,114665806
2020-07-28,0.094974,0.098609,0.093443,0.097257,59900766
2020-07-29,0.097265,0.09981,0.094541,0.09514,58499828
2020-07-30,0.09514,0.097826,0.094375,0.096356,35617976
2020-07-31,0.096384,0.097224,0.095,0.097026,38021192
2020-08-01,0.097021,0.10899,0.096818,0.107762,137906590
2020-08-02,0.107628,0.116692,0.095,0.102647,153760260
2020-08-03,0.102522,0.109256,0.10128,0.105226,69092596
2020-08-04,0.105295,0.111756,0.105186,0.110138,65168125
2020-08-05,0.110137,0.11172,0.1064,0.107609,48331571
2020-08-06,0.107517,0.1082,0.104359,0.106323,42345988
2020-08-07,0.106331,0.107945,0.099483,0.103131,49082627
2020-08-08,0.10302,0.104444,0.101361,0.103359,36891537
2020-08-09,0.103371,0.107282,0.10259,0.105158,55262086
2020-08-10,0.105251,0.106945,0.102893,0.106393,46338704
2020-08-11,0.106328,0.108471,0.09621,0.100176,64697870
2020-08-12,0.100091,0.102479,0.0955,0.101412,57503212
2020-08-13,0.101412,0.102678,0.096651,0.101314,72539175
2020-08-14,0.101252,0.107221,0.100195,0.104947,78848050
2020-08-15,0.104948,0.109408,0.103124,0.107103,85088665
2020-08-16,0.107075,0.1166,0.10375,0.115242,160332747
2020-08-17,0.115411,0.119724,0.11,0.11383,175373799
2020-08-18,0.113847,0.116899,0.105252,0.108264,80180413
2020-08-19,0.108265,0.10966,0.098625,0.102138,106899102
2020-08-20,0.102138,0.107481,0.100284,0.107353,73171181
2020-08-21,0.107353,0.109424,0.099,0.099636,116889926
2020-08-22,0.099652,0.102675,0.096957,0.102264,60555959
2020-08-23,0.102283,0.1032,0.0985,0.102879,43632571
2020-08-24,0.10288,0.1065,0.101,0.103023,47254417
2020-08-25,0.103022,0.103163,0.095079,0.097272,59036945
2020-08-26,0.097277,0.100434,0.096016,0.098152,38783057
2020-08-27,0.098158,0.098911,0.09031,0.093798,63825809
2020-08-28,0.093815,0.09674,0.092544,0.095701,35122943
2020-08-29,0.095703,0.097585,0.094449,0.096269,26411764
2020-08-30,0.096294,0.09839,0.09616,0.098204,29373521
2020-08-31,0.098205,0.098881,0.0951,0.096744,36611928
2020-09-01,0.096748,0.101318,0.095585,0.098826,49744951
2020-09-02,0.098826,0.0998,0.09,0.092481,72618135
2020-09-03,0.092379,0.093014,0.0783,0.0783,76182772
2020-09-04,0.0783,0.08288,0.075404,0.081534,87121052
2020-09-05,0.081534,0.082994,0.072638,0.075569,74921464
2020-09-06,0.075436,0.078962,0.072593,0.077388,58192356
2020-09-07,0.07733,0.079144,0.07392,0.078798,42375233
2020-09-08,0.07883,0.079536,0.075041,0.077385,43610492
2020-09-09,0.077385,0.079789,0.075515,0.078251,43042523
2020-09-10,0.078209,0.083211,0.078194,0.081145,46047406
2020-09-11,0.081225,0.084568,0.07914,0.083803,40882453
2020-09-12,0.083798,0.084741,0.0822,0.083894,27178854
2020-09-13,0.083842,0.084553,0.07911,0.080051,30984084
2020-09-14,0.07997,0.082008,0.078741,0.080175,30077563
2020-09-15,0.080175,0.081532,0.07751,0.077821,34291523
2020-09-16,0.07784,0.081349,0.075,0.079946,51383851
2020-09-17,0.079993,0.082205,0.078003,0.080388,29107467
2020-09-18,0.080389,0.080676,0.0771,0.078256,40825400
2020-09-19,0.078306,0.07944,0.077061,0.078496,19038235
2020-09-20,0.078486,0.078615,0.075229,0.07689,28418764
2020-09-21,0.076844,0.077397,0.06897,0.069945,68955923
2020-09-22,0.070015,0.07225,0.069497,0.071742,29354008
2020-09-23,0.071742,0.07225,0.067002,0.067295,41733538
2020-09-24,0.06737,0.070788,0.066738,0.070513,41876254
2020-09-25,0.070513,0.075853,0.069108,0.074752,49838603
2020-09-26,0.074648,0.076402,0.072564,0.07389,19992784
2020-09-27,0.073804,0.07448,0.07123,0.073443,22794084
2020-09-28,0.073367,0.075999,0.0725,0.073206,29282238
2020-09-29,0.073161,0.074987,0.072027,0.074111,34514372
2020-09-30,0.074107,0.075051,0.07206,0.074818,28603951
2020-10-01,0.0749,0.0763,0.071338,0.073111,37150840
2020-10-02,0.073155,0.073952,0.068808,0.070941,56035191
2020-10-03,0.070952,0.072129,0.070556,0.071018,16154196
2020-10-04,0.071013,0.073402,0.070323,0.072866,15286244
2020-10-05,0.072944,0.07416,0.072317,0.073303,23473309
2020-10-06,0.073309,0.075343,0.071622,0.072433,38027986
2020-10-07,0.072416,0.073282,0.070575,0.072253,23830209
2020-10-08,0.072335,0.073456,0.07025,0.073237,23428158
2020-10-09,0.073101,0.0759,0.07248,0.075076,25052677
2020-10-10,0.075004,0.078501,0.075004,0.077273,28893131
2020-10-11,0.077356,0.078862,0.076736,0.077132,19397424
2020-10-12,0.07724,0.079291,0.076003,0.07751,23927315
2020-10-13,0.077603,0.07762,0.075447,0.076463,18320486
2020-10-14,0.076463,0.076839,0.0735,0.074098,19207009
2020-10-15,0.07405,0.07445,0.071835,0.074039,22915371
2020-10-16,0.074104,0.079293,0.072084,0.079293,57470731
2020-10-17,0.079293,0.08432,0.077634,0.081606,115805055
2020-10-18,0.081529,0.08219,0.079185,0.079468,42070858
2020-10-19,0.079468,0.087473,0.079387,0.085177,98635785
2020-10-20,0.085189,0.086852,0.0805,0.080918,56075478
2020-10-21,0.080917,0.086657,0.080452,0.083896,65043911
2020-10-22,0.083825,0.087925,0.083712,0.085586,56562665
2020-10-23,0.085637,0.08647,0.08272,0.083795,31411857
2020-10-24,0.083774,0.086291,0.083381,0.085615,23602002
2020-10-25,0.085634,0.085851,0.082125,0.083177,24604253
2020-10-26,0.083161,0.084586,0.079856,0.081144,36737983
2020-10-27,0.081209,0.083193,0.081034,0.08177,37076460
2020-10-28,0.081747,0.082252,0.077413,0.078369,41638884
2020-10-29,0.078352,0.078964,0.075419,0.077573,38409422
2020-10-30,0.077649,0.078667,0.074457,0.076819,34533972
2020-10-31,0.076786,0.079832,0.076605,0.077821,29741648
2020-11-01,0.077751,0.078692,0.076485,0.078676,18729392
2020-11-02,0.078674,0.079519,0.075417,0.075672,34915410
2020-11-03,0.075594,0.076298,0.073144,0.075476,40792946
2020-11-04,0.075464,0.075744,0.072643,0.074718,28340503
2020-11-05,0.074703,0.082621,0.073425,0.08043,67621200
2020-11-06,0.080477,0.085601,0.080341,0.084048,78421205
2020-11-07,0.084028,0.086605,0.078,0.079531,108897627
2020-11-08,0.07947,0.08292,0.07879,0.08147,40604161
2020-11-09,0.081498,0.082223,0.07803,0.079779,57979839
2020-11-10,0.079891,0.0825,0.079172,0.079662,49418000
2020-11-11,0.079713,0.082335,0.079601,0.080465,35997525
2020-11-12,0.080457,0.081119,0.079012,0.080638,28360260
2020-11-13,0.080674,0.0827,0.08,0.082516,43211423
2020-11-14,0.082508,0.08445,0.08064,0.081112,40450312
2020-11-15,0.08117,0.082193,0.078909,0.080092,32335986
2020-11-16,0.08016,0.082979,0.079331,0.082556,35771538
2020-11-17,0.082555,0.088659,0.082359,0.086517,88962125
2020-11-18,0.086561,0.087,0.081789,0.083671,74664505
2020-11-19,0.083754,0.0865,0.08152,0.084014,61320247
2020-11-20,0.084074,0.088659,0.08381,0.08857,73024287
2020-11-21,0.08857,0.11,0.088501,0.109336,333043094
2020-11-22,0.109221,0.114999,0.096015,0.10446,288541344
2020-11-23,0.104514,0.135,0.1015,0.132323,349352977
2020-11-24,0.132506,0.199,0.130727,0.19655,1475835084
2020-11-25,0.196277,0.23372,0.181,0.193074,1043895672
2020-11-26,0.19298,0.205,0.145,0.168666,810663081
2020-11-27,0.168623,0.20749,0.162821,0.206777,624277996
2020-11-28,0.206777,0.220902,0.19556,0.200096,500260974
2020-11-29,0.200009,0.203372,0.187995,0.194349,202058584
2020-11-30,0.19433,0.207,0.189248,0.202985,253518346
2020-12-01,0.202986,0.2045,0.172541,0.183804,226574067
2020-12-02,0.183804,0.1882,0.177216,0.185451,142801261
2020-12-03,0.185302,0.189979,0.179782,0.184433,111064867
2020-12-04,0.184404,0.18865,0.157872,0.161454,226112566
2020-12-05,0.161431,0.176582,0.159201,0.171982,111193124
2020-12-06,0.171985,0.180411,0.167195,0.175906,114718277
2020-12-07,0.17602,0.176415,0.164111,0.168103,82489258
2020-12-08,0.168102,0.16859,0.14927,0.15243,146970609
2020-12-09,0.152552,0.175,0.1395,0.172143,359535874
2020-12-10,0.172119,0.177682,0.160001,0.160755,231505890
2020-12-11,0.160791,0.164516,0.150001,0.150971,186350551
2020-12-12,0.150952,0.165087,0.15,0.158863,118013186
2020-12-13,0.15899,0.1797,0.155551,0.176009,191657844
2020-12-14,0.175982,0.178612,0.166653,0.170227,127166930
2020-12-15,0.170109,0.176966,0.164469,0.166078,98401802
2020-12-16,0.166206,0.1948,0.159001,0.193504,271207895
2020-12-17,0.193386,0.209,0.18001,0.186366,365892571
2020-12-18,0.186462,0.190182,0.176999,0.185523,143834368
2020-12-19,0.185523,0.188551,0.179441,0.181631,111222651
2020-12-20,0.181734,0.182655,0.173922,0.176633,108542901
2020-12-21,0.176583,0.1804,0.159977,0.165169,131006825
2020-12-22,0.165244,0.170361,0.153223,0.162066,220948185
2020-12-23,0.162205,0.162205,0.110023,0.126697,650894093
2020-12-24,0.126825,0.167812,0.123073,0.158101,630248476
2020-12-25,0.1583,0.1667,0.148,0.152359,277552225
2020-12-26,0.152457,0.1555,0.143698,0.146788,169653230
2020-12-27,0.1467,0.155498,0.1341,0.145006,243685606
2020-12-28,0.145123,0.154679,0.14116,0.144165,183354181
2020-12-29,0.144262,0.148968,0.127435,0.138206,338977284
2020-12-30,0.138293,0.139316,0.128548,0.131915,209469786
2020-12-31,0.131856,0.1325,0.12295,0.127698,201933470
2021-01-01,0.127748,0.14,0.126631,0.132462,197037420
2021-01-02,0.132502,0.1349,0.12699,0.127655,176330919
2021-01-03,0.127654,0.13923,0.12408,0.136751,304037559
2021-01-04,0.13675,0.16784,0.128517,0.164204,703595481
2021-01-05,0.164205,0.21,0.150012,0.19342,868476983
2021-01-06,0.193321,0.439998,0.1925,0.349199,2096920899
2021-01-07,0.3492,0.416,0.2901,0.313033,1197013663
2021-01-08,0.313395,0.331,0.2615,0.297114,720917858
2021-01-09,0.297194,0.33,0.281001,0.312323,366937263
2021-01-10,0.312307,0.326313,0.261,0.2849,342475420
2021-01-11,0.2848,0.285609,0.2079,0.271443,738263416
2021-01-12,0.271673,0.311608,0.2535,0.279541,563694011
2021-01-13,0.279605,0.31,0.272,0.303965,292686005
2021-01-14,0.303965,0.324,0.285648,0.303218,276667951
2021-01-15,0.303149,0.313574,0.26,0.283976,252682788
2021-01-16,0.283954,0.311,0.277,0.290785,207300899
2021-01-17,0.2907,0.31898,0.286101,0.303666,254155612
2021-01-18,0.303415,0.308826,0.2931,0.304989,143506453
2021-01-19,0.304773,0.319835,0.293593,0.298107,217250417
2021-01-20,0.298086,0.301874,0.275,0.293775,159814522
2021-01-21,0.293775,0.294696,0.24203,0.251108,203313905
2021-01-22,0.251372,0.2818,0.227052,0.269688,266129921
2021-01-23,0.2696,0.279574,0.263321,0.270137,114539429
2021-01-24,0.270084,0.283332,0.26158,0.271302,112883289
2021-01-25,0.271539,0.277704,0.26,0.26096,111337920
2021-01-26,0.261084,0.265263,0.2488,0.261798,108209237
2021-01-27,0.261921,0.262429,0.230048,0.238205,146852277
2021-01-28,0.238055,0.303567,0.232474,0.294303,290974290
2021-01-29,0.294402,0.383449,0.2877,0.29359,1027776147
2021-01-30,0.293572,0.363,0.27974,0.328898,634526597
2021-01-31,0.328898,0.33904,0.294028,0.307301,361212465
2021-02-01,0.307531,0.365,0.292744,0.323528,586339382
2021-02-02,0.323301,0.3497,0.317,0.339861,313983720
2021-02-03,0.339859,0.349086,0.33,0.34692,243447450
2021-02-04,0.346926,0.35,0.315,0.326273,296143870
2021-02-05,0.326164,0.364,0.3255,0.3522,373486539
2021-02-06,0.352391,0.3985,0.337384,0.378093,397494658
2021-02-07,0.378412,0.423432,0.363528,0.385916,599679672
2021-02-08,0.386074,0.404,0.3737,0.397073,256713752
2021-02-09,0.397312,0.406384,0.383501,0.400625,188315284
2021-02-10,0.400567,0.447418,0.382,0.41527,420820490
2021-02-11,0.414916,0.47,0.410959,0.456497,397869836
2021-02-12,0.456456,0.538453,0.4401,0.530464,477801001
2021-02-13,0.530388,0.608378,0.508213,0.565391,574719919
2021-02-14,0.565448,0.578391,0.497,0.516452,303201871
2021-02-15,0.516696,0.54,0.430159,0.494956,454261895
2021-02-16,0.494923,0.517731,0.468,0.485408,222564503
2021-02-17,0.485389,0.51,0.456122,0.49771,189349856
2021-02-18,0.498015,0.516286,0.483001,0.497026,152236169
2021-02-19,0.496957,0.521834,0.483,0.513742,174475999
2021-02-20,0.513674,0.533359,0.464,0.48655,223643628
2021-02-21,0.48655,0.508234,0.475,0.496694,128942855
2021-02-22,0.49668,0.525,0.380014,0.463539,426039551
2021-02-23,0.463539,0.465,0.314,0.386654,628339076
2021-02-24,0.386758,0.4344,0.368,0.40546,304525128
2021-02-25,0.40578,0.42641,0.376985,0.381034,205725514
2021-02-26,0.381135,0.401713,0.355,0.400581,232069328
2021-02-27,0.400581,0.47,0.39852,0.43921,325255945
2021-02-28,0.43878,0.450595,0.380427,0.406449,222422144
2021-03-01,0.406521,0.4366,0.401,0.431169,170448978
2021-03-02,0.43117,0.436372,0.396925,0.41924,171413020
2021-03-03,0.419058,0.438484,0.412002,0.420967,134980843
2021-03-04,0.420737,0.427597,0.402398,0.411693,140684155
2021-03-05,0.411693,0.412685,0.385133,0.404766,126194308
2021-03-06,0.404926,0.4086,0.39231,0.401657,73127645
2021-03-07,0.401657,0.422247,0.401657,0.412659,96436554
2021-03-08,0.41275,0.421774,0.4032,0.418201,100776696
2021-03-09,0.418201,0.434975,0.413,0.432033,128206267
2021-03-10,0.43216,0.4335,0.40596,0.408923,120210585
2021-03-11,0.409203,0.413083,0.396,0.405555,104226838
2021-03-12,0.405494,0.407096,0.377902,0.386715,130337508
2021-03-13,0.386673,0.411824,0.3757,0.406694,163578399
2021-03-14,0.406694,0.408696,0.387777,0.388805,101947457
2021-03-15,0.388784,0.398931,0.367506,0.384177,134765190
2021-03-16,0.384226,0.411875,0.373337,0.395528,167858133
2021-03-17,0.395827,0.405489,0.386909,0.402741,116504142
2021-03-18,0.402821,0.4082,0.393654,0.394393,105109332
2021-03-19,0.39454,0.402211,0.388,0.394877,104806409
2021-03-20,0.39502,0.438,0.392144,0.416148,214226232
2021-03-21,0.415957,0.423662,0.392468,0.403697,150274987
2021-03-22,0.40379,0.425,0.391173,0.392799,176585744
2021-03-23,0.3928,0.408615,0.387552,0.395285,114529271
2021-03-24,0.395067,0.403043,0.3505,0.361598,136405997
2021-03-25,0.3616,0.37054,0.342017,0.361703,201058114
2021-03-26,0.361698,0.386878,0.3606,0.3847,120029362
2021-03-27,0.3847,0.390265,0.369101,0.381955,90776703
2021-03-28,0.382,0.412087,0.37805,0.39743,158139761
2021-03-29,0.397471,0.4124,0.389971,0.404336,96664882
2021-03-30,0.404314,0.412744,0.398326,0.400995,76649846
2021-03-31,0.400949,0.406236,0.380127,0.405724,98119075
2021-04-01,0.405824,0.4294,0.4007,0.423954,143252767
2021-04-02,0.423993,0.46832,0.423993,0.439265,204023997
2021-04-03,0.439096,0.458358,0.40683,0.408545,139563370
2021-04-04,0.408498,0.434678,0.402603,0.428416,86423478
2021-04-05,0.428561,0.549,0.422049,0.536927,350454663
2021-04-06,0.537173,0.5775,0.48084,0.541866,309106424
2021-04-07,0.54206,0.546941,0.453587,0.490851,214264078
2021-04-08,0.490895,0.5051,0.46839,0.504916,128889390
2021-04-09,0.505094,0.508117,0.477,0.486019,109027516
2021-04-10,0.485954,0.59,0.481775,0.56162,361022285
2021-04-11,0.561824,0.656225,0.554834,0.584536,511750739
2021-04-12,0.584078,0.607717,0.566098,0.590548,176114007
2021-04-13,0.590368,0.683894,0.576615,0.657434,361907738
2021-04-14,0.657434,0.6908,0.592097,0.635436,324583400
2021-04-15,0.635394,0.65,0.614,0.640411,160379181
2021-04-16,0.640541,0.654,0.5681,0.610578,248652978
2021-04-17,0.610906,0.644,0.590437,0.592369,135517908
2021-04-18,0.592369,0.601401,0.459001,0.54604,386724455
2021-04-19,0.546182,0.566872,0.491276,0.50072,223717942
2021-04-20,0.500721,0.53121,0.469,0.529005,262644490
2021-04-21,0.528895,0.5387,0.485,0.489529,174157960
2021-04-22,0.48953,0.514384,0.446321,0.450491,247145907
2021-04-23,0.450739,0.458032,0.39,0.451038,356868724
2021-04-24,0.451037,0.461841,0.412744,0.426,151704351
2021-04-25,0.425999,0.444952,0.401117,0.416677,149608910
2021-04-26,0.416622,0.486526,0.414303,0.486158,220133735
2021-04-27,0.486032,0.522826,0.47653,0.510519,160738330
2021-04-28,0.510483,0.522,0.474037,0.497567,169113949
2021-04-29,0.497591,0.508846,0.476127,0.491866,117748873
2021-04-30,0.491852,0.540995,0.485227,0.53049,181148904
2021-05-01,0.530478,0.540574,0.512061,0.540574,100053581
2021-05-02,0.540575,0.560585,0.513,0.556265,139451035
2021-05-03,0.556378,0.573341,0.54,0.551257,157980735
2021-05-04,0.551016,0.551337,0.495461,0.502353,262061469
2021-05-05,0.502114,0.606468,0.497777,0.605517,359947733
2021-05-06,0.605481,0.6899,0.5959,0.651603,561175078
2021-05-07,0.651225,0.688341,0.60518,0.631555,316988631
2021-05-08,0.631263,0.64139,0.605468,0.615217,170603520
2021-05-09,0.615171,0.634161,0.576528,0.628938,255663596
2021-05-10,0.628758,0.78,0.616,0.6585,612864867
2021-05-11,0.658501,0.74182,0.62032,0.735656,397541187
2021-05-12,0.735882,0.738999,0.585002,0.59323,340015583
2021-05-13,0.59461,0.661111,0.55,0.653333,495191489
2021-05-14,0.653333,0.708397,0.635,0.668866,275285081
2021-05-15,0.669458,0.743792,0.65,0.681827,384338189
2021-05-16,0.682138,0.7978,0.659,0.711585,452902178
2021-05-17,0.71162,0.713873,0.623,0.643996,363480277
2021-05-18,0.643354,0.7,0.632709,0.64574,235737851
2021-05-19,0.64578,0.655941,0.3,0.456481,674517374
2021-05-20,0.456617,0.53491,0.421,0.496012,450360327
2021-05-21,0.496145,0.513205,0.3777,0.419433,449465858
2021-05-22,0.419445,0.422699,0.370194,0.389435,264289291
2021-05-23,0.389402,0.401527,0.274275,0.363589,406818825
2021-05-24,0.363806,0.450448,0.362,0.439715,495190159
2021-05-25,0.44,0.461491,0.406942,0.429421,339941109
2021-05-26,0.429401,0.47031,0.42098,0.443506,287624091
2021-05-27,0.443486,0.447255,0.410873,0.420715,215133353
2021-05-28,0.420691,0.426391,0.364131,0.399077,292373600
2021-05-29,0.399292,0.40968,0.343219,0.367176,270872437
2021-05-30,0.367469,0.399111,0.345872,0.374811,224306162
2021-05-31,0.374706,0.41,0.3655,0.402523,214060119
2021-06-01,0.402553,0.4489,0.383838,0.4183,258630998
2021-06-02,0.418467,0.435,0.404722,0.418808,128012872
2021-06-03,0.418698,0.43375,0.412654,0.425109,107762053
2021-06-04,0.425109,0.425109,0.369777,0.384782,151983436
2021-06-05,0.384825,0.406073,0.363572,0.375081,118475868
2021-06-06,0.374949,0.388665,0.371662,0.380354,67523775
2021-06-07,0.380354,0.392306,0.343143,0.346214,118132005
2021-06-08,0.34651,0.356819,0.310101,0.349576,173497149
2021-06-09,0.349441,0.365696,0.3245,0.365295,119537012
2021-06-10,0.365584,0.367661,0.33128,0.338657,82624624
2021-06-11,0.338767,0.343033,0.314012,0.318158,92041708
2021-06-12,0.318123,0.3437,0.3,0.328024,111205912
2021-06-13,0.327874,0.348657,0.310829,0.344918,89652973
2021-06-14,0.345005,0.35,0.32693,0.343333,102717451
2021-06-15,0.343308,0.351884,0.329801,0.333571,103652205
2021-06-16,0.333683,0.342117,0.314633,0.317628,104602759
2021-06-17,0.317489,0.33,0.31,0.317422,64855936
2021-06-18,0.317421,0.318551,0.284648,0.297465,98711023
2021-06-19,0.2975,0.306513,0.288601,0.288601,62303379
2021-06-20,0.288638,0.299077,0.269574,0.297516,96305428
2021-06-21,0.297505,0.3025,0.2353,0.235935,204935406
2021-06-22,0.236038,0.25931,0.198862,0.235466,288513174
2021-06-23,0.235554,0.270099,0.22475,0.255743,162700553
2021-06-24,0.255725,0.273248,0.243074,0.268868,111634564
2021-06-25,0.268868,0.274288,0.240503,0.240923,110809546
2021-06-26,0.240809,0.249427,0.228291,0.249427,94320034
2021-06-27,0.24952,0.259816,0.239285,0.259796,104463165
2021-06-28,0.25972,0.269639,0.255766,0.263526,95245276
2021-06-29,0.263627,0.293799,0.262419,0.283073,130252079
2021-06-30,0.283072,0.286053,0.266081,0.284383,92031294
2021-07-01,0.284286,0.284594,0.259726,0.268953,93774538
2021-07-02,0.268901,0.2734,0.252202,0.262866,74739050
2021-07-03,0.263079,0.269962,0.259,0.263702,57004292
2021-07-04,0.263873,0.272202,0.258633,0.268087,52126804
2021-07-05,0.267872,0.267872,0.250851,0.253477,62163709
2021-07-06,0.253466,0.267966,0.252888,0.260526,72614731
2021-07-07,0.260396,0.265849,0.2556,0.256536,71845504
2021-07-08,0.256536,0.257743,0.239005,0.242763,98249083
2021-07-09,0.242926,0.249328,0.232526,0.245616,89006488
2021-07-10,0.245607,0.252873,0.238333,0.24493,51524406
2021-07-11,0.244894,0.247904,0.2403,0.245974,45502666
2021-07-12,0.246113,0.252232,0.236064,0.238317,63972861
2021-07-13,0.238275,0.242223,0.227,0.232207,71964357
2021-07-14,0.232172,0.244858,0.219433,0.24,90063460
2021-07-15,0.24,0.243307,0.226106,0.240869,81195079
2021-07-16,0.240869,0.257849,0.233,0.235094,151651952
2021-07-17,0.235265,0.238429,0.227724,0.232599,79443333
2021-07-18,0.232639,0.240565,0.226501,0.229785,53443062
2021-07-19,0.229868,0.231192,0.210729,0.211191,84552327
2021-07-20,0.211452,0.215424,0.199,0.212026,124133435
2021-07-21,0.212026,0.229935,0.206826,0.228246,103188839
2021-07-22,0.22825,0.268,0.223809,0.263552,201532250
2021-07-23,0.263674,0.277777,0.248679,0.269389,144626299
2021-07-24,0.269263,0.272532,0.260837,0.267048,98730573
2021-07-25,0.267174,0.2676,0.253712,0.261817,80336260
2021-07-26,0.26182,0.28456,0.256602,0.260481,179569879
2021-07-27,0.260482,0.270299,0.251241,0.263057,117406182
2021-07-28,0.263005,0.281633,0.2582,0.270068,156408412
2021-07-29,0.270066,0.274974,0.261776,0.272306,85013254
2021-07-30,0.272375,0.285057,0.262444,0.279823,116335115
2021-07-31,0.279776,0.289951,0.273255,0.284683,102457325
2021-08-01,0.28467,0.30114,0.27276,0.2751,138411049
2021-08-02,0.275177,0.286353,0.268584,0.274201,124407863
2021-08-03,0.27408,0.278933,0.264286,0.274235,92777700
2021-08-04,0.274321,0.284,0.265009,0.280608,113584355
2021-08-05,0.280579,0.282921,0.265346,0.280404,139782722
2021-08-06,0.280404,0.28631,0.27443,0.285246,134363641
2021-08-07,0.285364,0.31184,0.281861,0.307664,161672428
2021-08-08,0.307673,0.3135,0.285699,0.287263,110706798
2021-08-09,0.287263,0.30586,0.28,0.298499,117489924
2021-08-10,0.298499,0.31487,0.295301,0.310046,138110638
2021-08-11,0.310044,0.352541,0.309466,0.337281,198637909
2021-08-12,0.337282,0.3531,0.315001,0.328565,190570235
2021-08-13,0.328733,0.365,0.323682,0.360013,173045276
2021-08-14,0.359998,0.3998,0.351218,0.395267,182778174
2021-08-15,0.395007,0.403382,0.370317,0.391249,138829520
2021-08-16,0.391109,0.41,0.37,0.371622,167128843
2021-08-17,0.371627,0.3839,0.339448,0.341149,164219232
2021-08-18,0.341149,0.359439,0.324879,0.341834,172643398
2021-08-19,0.341622,0.368177,0.332,0.366972,140211340
2021-08-20,0.367,0.387477,0.36,0.385127,125501762
2021-08-21,0.385061,0.385061,0.368,0.371821,77697079
2021-08-22,0.371814,0.389457,0.361428,0.372746,99618964
2021-08-23,0.372567,0.387795,0.370147,0.379048,106458810
2021-08-24,0.378793,0.380604,0.350214,0.35045,110490627
2021-08-25,0.350233,0.359797,0.341578,0.358815,136142582
2021-08-26,0.358823,0.363473,0.331032,0.335194,139479041
2021-08-27,0.33504,0.357649,0.33,0.357212,128550595
2021-08-28,0.357211,0.35984,0.342636,0.347963,82822538
2021-08-29,0.347873,0.353569,0.341234,0.343255,84857517
2021-08-30,0.343292,0.346164,0.328641,0.329896,113211882
2021-08-31,0.329859,0.3564,0.327005,0.339228,148260826
2021-09-01,0.339212,0.3562,0.336006,0.353546,115098782
2021-09-02,0.353538,0.367664,0.351904,0.35918,141956821
2021-09-03,0.359306,0.378,0.3518,0.368937,146772629
2021-09-04,0.368982,0.384695,0.3652,0.369785,137375830
2021-09-05,0.36993,0.398,0.368324,0.39799,150091086
2021-09-06,0.39797,0.43171,0.389878,0.423887,234267015
2021-09-07,0.423834,0.424458,0.2755,0.335784,343598832
2021-09-08,0.335809,0.343244,0.3048,0.330019,257743639
2021-09-09,0.329926,0.3419,0.324507,0.33267,175902863
2021-09-10,0.332485,0.35956,0.311372,0.317036,205452849
2021-09-11,0.316919,0.33287,0.31517,0.32516,125036066
2021-09-12,0.325335,0.338375,0.317132,0.332402,97480095
2021-09-13,0.332437,0.336354,0.310337,0.318635,133271395
2021-09-14,0.31874,0.33138,0.316147,0.331347,94295349
2021-09-15,0.331294,0.341764,0.326839,0.341137,83995713
2021-09-16,0.341137,0.342287,0.32372,0.33085,138291362
2021-09-17,0.33085,0.33314,0.315,0.319506,147188542
2021-09-18,0.319579,0.327883,0.315047,0.322153,63541669
2021-09-19,0.32215,0.324779,0.310404,0.313381,55365770
2021-09-20,0.313528,0.314673,0.270809,0.282229,246366987
2021-09-21,0.282214,0.287552,0.262,0.266062,190922973
2021-09-22,0.266082,0.29317,0.260781,0.292652,142369654
2021-09-23,0.292401,0.303255,0.28868,0.303016,103525601
2021-09-24,0.30309,0.305799,0.269832,0.281215,160952965
2021-09-25,0.281152,0.285891,0.271035,0.277109,78398229
2021-09-26,0.27711,0.283149,0.261323,0.276205,93124573
2021-09-27,0.276036,0.283316,0.264862,0.265113,89920124
2021-09-28,0.265,0.270145,0.25508,0.256825,76671718
2021-09-29,0.256754,0.279223,0.25508,0.269626,115512290
2021-09-30,0.269729,0.280721,0.268406,0.278787,86539467
2021-10-01,0.278801,0.300664,0.275461,0.30044,125833489
2021-10-02,0.30059,0.326573,0.292616,0.316626,121766346
2021-10-03,0.316442,0.322976,0.310441,0.315003,107765361
2021-10-04,0.315048,0.315511,0.29678,0.310451,141981861
2021-10-05,0.310491,0.32035,0.308286,0.319111,116735029
2021-10-06,0.319091,0.364763,0.305703,0.357927,269639886
2021-10-07,0.358047,0.369982,0.34132,0.3437,278194106
2021-10-08,0.3438,0.349788,0.33336,0.336298,165480327
2021-10-09,0.336338,0.367797,0.333,0.3532,193056381
2021-10-10,0.3532,0.357923,0.329124,0.331167,111327312
2021-10-11,0.331267,0.357471,0.32561,0.344416,137505549
2021-10-12,0.344422,0.344826,0.320036,0.332553,140610049
2021-10-13,0.332525,0.376284,0.330153,0.368113,220072425
2021-10-14,0.368236,0.382033,0.364048,0.369775,161726927
2021-10-15,0.369491,0.373143,0.350916,0.361575,188888195
2021-10-16,0.361493,0.42,0.3614,0.396764,262150615
2021-10-17,0.396558,0.403145,0.368001,0.383525,145453883
2021-10-18,0.383442,0.395172,0.376216,0.379591,131965867
2021-10-19,0.379539,0.383751,0.366666,0.373842,106729650
2021-10-20,0.37383,0.392362,0.36783,0.391646,122465734
2021-10-21,0.39175,0.39788,0.372011,0.373287,156413916
2021-10-22,0.373446,0.380609,0.365399,0.372363,99960872
2021-10-23,0.372356,0.378512,0.367845,0.378111,77388850
2021-10-24,0.378037,0.386618,0.3664,0.372166,118616205
2021-10-25,0.372044,0.3882,0.370648,0.388,96034145
2021-10-26,0.388082,0.3885,0.368716,0.373318,118450366
2021-10-27,0.373415,0.375537,0.3125,0.330444,259820745
2021-10-28,0.330695,0.34892,0.325735,0.342845,237054278
2021-10-29,0.342844,0.363845,0.340621,0.362277,161842609
2021-10-30,0.362335,0.365735,0.351706,0.358558,180579531
2021-10-31,0.358709,0.39,0.357066,0.373205,255669680
2021-11-01,0.373137,0.375922,0.357687,0.366253,144659290
2021-11-02,0.366216,0.382778,0.363128,0.382749,168659474
2021-11-03,0.38276,0.399,0.370945,0.385354,250552383
2021-11-04,0.385407,0.390601,0.365071,0.368979,146475563
2021-11-05,0.368912,0.37407,0.359,0.359109,114395050
2021-11-06,0.35927,0.364434,0.35022,0.359507,103027006
2021-11-07,0.359541,0.365663,0.356677,0.363986,91697965
2021-11-08,0.364058,0.37888,0.362578,0.378242,136866918
2021-11-09,0.378246,0.421812,0.373457,0.412511,283069972
2021-11-10,0.412595,0.441288,0.367,0.38343,432111773
2021-11-11,0.383377,0.403657,0.37611,0.390968,228618167
2021-11-12,0.3909,0.394139,0.364944,0.379103,175643253
2021-11-13,0.37916,0.382361,0.370786,0.378496,98923420
2021-11-14,0.378431,0.382089,0.367466,0.3772,85169560
2021-11-15,0.377219,0.39349,0.374226,0.377047,120175490
2021-11-16,0.377119,0.37723,0.34,0.343497,202193426
2021-11-17,0.343542,0.349911,0.33269,0.346269,171467876
2021-11-18,0.346338,0.355912,0.313001,0.327776,180836785
2021-11-19,0.327982,0.356801,0.325491,0.353889,144810449
2021-11-20,0.353918,0.358919,0.337251,0.348706,85865356
2021-11-21,0.348714,0.349247,0.338,0.343683,75085366
2021-11-22,0.343878,0.357,0.331902,0.336466,158798783
2021-11-23,0.336513,0.34264,0.328192,0.341189,119421825
2021-11-24,0.341093,0.341206,0.320881,0.32748,125647424
2021-11-25,0.327504,0.347949,0.326006,0.341894,110730301
2021-11-26,0.342039,0.350287,0.307076,0.329215,243686985
2021-11-27,0.329365,0.336962,0.320889,0.326087,127236666
2021-11-28,0.326159,0.3269,0.301177,0.323936,145877857
2021-11-29,0.323926,0.334109,0.322421,0.328588,102337735
2021-11-30,0.328586,0.351205,0.328171,0.336166,170336065
2021-12-01,0.336345,0.345604,0.32575,0.327904,109158697
2021-12-02,0.32782,0.34025,0.318,0.339755,128378770
2021-12-03,0.339877,0.364547,0.32303,0.3262,266054162
2021-12-04,0.3262,0.326346,0.268269,0.292995,245144429
2021-12-05,0.292994,0.29765,0.265,0.286483,180560442
2021-12-06,0.286483,0.29822,0.247603,0.297311,273342858
2021-12-07,0.297153,0.300355,0.282157,0.287527,146805700
2021-12-08,0.287529,0.31,0.284048,0.306487,193184585
2021-12-09,0.306588,0.30689,0.2732,0.273604,154136665
2021-12-10,0.273489,0.28096,0.260013,0.26111,132039029
2021-12-11,0.260863,0.280127,0.256919,0.274752,103169569
2021-12-12,0.274846,0.282018,0.267258,0.275819,66746158
2021-12-13,0.275958,0.276642,0.253,0.253472,106675529
2021-12-14,0.25333,0.270999,0.247712,0.2677,136808115
2021-12-15,0.267551,0.275971,0.247,0.272794,123395123
2021-12-16,0.272824,0.274871,0.255756,0.256117,89811105
2021-12-17,0.256069,0.265207,0.246423,0.254258,101228325
2021-12-18,0.25415,0.26658,0.251,0.255929,86494315
2021-12-19,0.255926,0.267389,0.25224,0.253885,95659995
2021-12-20,0.253864,0.274299,0.250861,0.25839,155318294
2021-12-21,0.258265,0.26961,0.253177,0.267972,80848961
2021-12-22,0.267972,0.277246,0.2672,0.267724,86383992
2021-12-23,0.267874,0.28999,0.265,0.287776,107233138
2021-12-24,0.288012,0.288944,0.276001,0.278628,68503639
2021-12-25,0.278646,0.299,0.27617,0.290047,81514313
2021-12-26,0.290221,0.295,0.285355,0.291987,52163707
2021-12-27,0.292,0.306294,0.291253,0.300288,72799019
2021-12-28,0.299971,0.3002,0.273376,0.274101,112878544
2021-12-29,0.274191,0.279754,0.26473,0.266803,84752906
2021-12-30,0.266735,0.275395,0.260734,0.268,83266332
2021-12-31,0.267936,0.276731,0.259123,0.266478,95999824
2022-01-01,0.266601,0.277028,0.266061,0.276802,65984420
2022-01-02,0.276963,0.292476,0.27555,0.292273,74451723
2022-01-03,0.29211,0.297724,0.285485,0.290288,79883542
2022-01-04,0.290459,0.291248,0.278531,0.279308,93705662
2022-01-05,0.279198,0.294916,0.2548,0.26604,137343175
2022-01-06,0.2661,0.272361,0.258,0.2675,147132484
2022-01-07,0.267581,0.268445,0.251211,0.257021,154290138
2022-01-08,0.257079,0.264588,0.246704,0.255091,114294119
2022-01-09,0.255131,0.264047,0.253087,0.261185,85508200
2022-01-10,0.26105,0.264,0.23953,0.253061,119552866
2022-01-11,0.25303,0.263698,0.248,0.263177,97154673
2022-01-12,0.263154,0.2916,0.262969,0.282353,146577395
2022-01-13,0.282214,0.290069,0.26862,0.269407,89622985
2022-01-14,0.269268,0.287781,0.26145,0.265375,151964140
2022-01-15,0.265387,0.269817,0.256387,0.259056,110947765
2022-01-16,0.259117,0.262694,0.25464,0.259124,71063673
2022-01-17,0.259165,0.259988,0.25,0.256133,83416601
2022-01-18,0.25606,0.258129,0.248838,0.253995,96974645
2022-01-19,0.253995,0.255814,0.243516,0.245567,87307180
2022-01-20,0.245463,0.252596,0.23,0.231498,108345897
2022-01-21,0.23146,0.2338,0.198468,0.202862,268638467
2022-01-22,0.202836,0.2082,0.1688,0.19237,273902543
2022-01-23,0.19237,0.201305,0.187834,0.201066,183905376
2022-01-24,0.201056,0.201066,0.172087,0.198106,211018486
2022-01-25,0.197951,0.199581,0.187823,0.196794,164773715
2022-01-26,0.196881,0.208487,0.191474,0.196933,150975805
2022-01-27,0.19698,0.201335,0.187312,0.194019,134867131
2022-01-28,0.193998,0.199512,0.189029,0.198646,111292412
2022-01-29,0.198649,0.204729,0.1976,0.203491,76961664
2022-01-30,0.20341,0.206642,0.19284,0.195399,76059914
2022-01-31,0.195346,0.200958,0.189628,0.199723,119774498
2022-02-01,0.199691,0.206292,0.198762,0.202028,82118047
2022-02-02,0.201987,0.20612,0.190513,0.193151,85708679
2022-02-03,0.193183,0.19547,0.188827,0.19506,91075088
2022-02-04,0.195075,0.21,0.19365,0.209216,100732082
2022-02-05,0.209209,0.216683,0.208205,0.213222,73666552
2022-02-06,0.213201,0.225023,0.213067,0.223926,77957863
2022-02-07,0.223926,0.242083,0.219026,0.239623,149070772
2022-02-08,0.239793,0.25714,0.232856,0.242394,176850860
2022-02-09,0.242371,0.24403,0.2345,0.238854,106664165
2022-02-10,0.238763,0.242887,0.228431,0.23172,105752618
2022-02-11,0.231773,0.231773,0.213,0.215393,100638603
2022-02-12,0.215367,0.224478,0.211348,0.218218,91255420
2022-02-13,0.218273,0.22205,0.210243,0.210311,71171582
2022-02-14,0.210337,0.214034,0.205403,0.210709,85813459
2022-02-15,0.210719,0.222314,0.209437,0.221086,80024701
2022-02-16,0.22112,0.221672,0.213592,0.21874,85292248
2022-02-17,0.21874,0.226323,0.201118,0.202261,116340986
2022-02-18,0.202428,0.208916,0.195394,0.200634,109118379
2022-02-19,0.200623,0.211231,0.196464,0.204174,108718932
2022-02-20,0.204256,0.205923,0.193199,0.194647,96775701
2022-02-21,0.194657,0.200977,0.176064,0.17816,150753431
2022-02-22,0.17816,0.187241,0.172863,0.18564,127543654
2022-02-23,0.185785,0.19379,0.1815,0.181888,92623000
2022-02-24,0.181888,0.18635,0.162,0.182403,211872570
2022-02-25,0.182464,0.192212,0.177981,0.191142,102738771
2022-02-26,0.191142,0.202143,0.1898,0.192899,77491262
2022-02-27,0.192894,0.19425,0.178447,0.181008,90301494
2022-02-28,0.181001,0.198333,0.177357,0.197675,127722634
2022-03-01,0.197647,0.202759,0.192632,0.198927,108124473
2022-03-02,0.198888,0.199475,0.191423,0.193624,81077181
2022-03-03,0.193626,0.195242,0.184912,0.187901,72014409
2022-03-04,0.187902,0.188791,0.173831,0.17606,97600639
2022-03-05,0.176117,0.180691,0.171503,0.18026,61394669
2022-03-06,0.1802,0.181617,0.172157,0.172791,50807171
2022-03-07,0.172893,0.17857,0.166632,0.169685,117168851
2022-03-08,0.169685,0.174209,0.167911,0.173136,110084130
2022-03-09,0.173184,0.190121,0.172171,0.188762,132101902
2022-03-10,0.188776,0.191723,0.17308,0.178633,120540007
2022-03-11,0.178666,0.18549,0.17289,0.183591,146434146
2022-03-12,0.183551,0.190197,0.182168,0.18515,106570227
2022-03-13,0.185096,0.188985,0.175728,0.176342,79752322
2022-03-14,0.176395,0.181032,0.173522,0.180075,82019939
2022-03-15,0.180004,0.183869,0.175858,0.182627,72380103
2022-03-16,0.18263,0.1897,0.180705,0.18936,108958784
2022-03-17,0.189296,0.191543,0.185212,0.189695,72548527
2022-03-18,0.189697,0.1939,0.185266,0.192891,79137602
2022-03-19,0.192863,0.200789,0.190612,0.20054,70356872
2022-03-20,0.200457,0.202128,0.192,0.197329,70111606
2022-03-21,0.197416,0.204247,0.192754,0.203692,78309549
2022-03-22,0.203692,0.213097,0.201544,0.20689,99442425
2022-03-23,0.206965,0.211704,0.204328,0.209453,87429744
2022-03-24,0.209482,0.216611,0.206478,0.215105,90536896
2022-03-25,0.215105,0.220658,0.210249,0.211296,111602658
2022-03-26,0.211295,0.215972,0.209078,0.215838,50722678
2022-03-27,0.215835,0.231369,0.214545,0.229866,100290105
2022-03-28,0.229932,0.2412,0.228201,0.229783,156882383
2022-03-29,0.229776,0.239644,0.22891,0.233124,122118016
2022-03-30,0.233126,0.237606,0.226476,0.234742,93618006
2022-03-31,0.23477,0.241289,0.226402,0.228422,138793419
2022-04-01,0.228384,0.232862,0.22137,0.232705,115968303
2022-04-02,0.232692,0.237428,0.230396,0.233338,75788883
2022-04-03,0.233227,0.238407,0.230467,0.237085,48151406
2022-04-04,0.237112,0.237165,0.226592,0.232059,84599242
2022-04-05,0.232008,0.234083,0.2243,0.225057,73374838
2022-04-06,0.225054,0.22555,0.20244,0.203353,146333245
2022-04-07,0.203244,0.214581,0.200815,0.212644,98611993
2022-04-08,0.212518,0.213638,0.200286,0.202197,95755853
2022-04-09,0.202224,0.206097,0.200461,0.204927,41118861
2022-04-10,0.204968,0.207766,0.2001,0.200367,51867731
2022-04-11,0.200361,0.201127,0.18565,0.186754,128977415
2022-04-12,0.186655,0.194044,0.18576,0.192604,84637398
2022-04-13,0.192568,0.197401,0.19062,0.196528,74633799
2022-04-14,0.196577,0.199486,0.191555,0.193926,71465803
2022-04-15,0.193899,0.2121,0.1925,0.204267,129475136
2022-04-16,0.204319,0.207788,0.202017,0.205349,51551379
2022-04-17,0.205254,0.206887,0.196342,0.196617,46455716
2022-04-18,0.196666,0.206337,0.19,0.205114,107265723
2022-04-19,0.205061,0.20585,0.20029,0.203903,95664025
2022-04-20,0.20385,0.20783,0.199547,0.20034,77383115
2022-04-21,0.200337,0.204166,0.1936,0.196519,94173429
2022-04-22,0.196452,0.198229,0.193712,0.195403,70187250
2022-04-23,0.195379,0.197471,0.190826,0.191399,56110746
2022-04-24,0.191398,0.194141,0.189205,0.189627,43633745
2022-04-25,0.189664,0.193426,0.178994,0.192216,114316477
2022-04-26,0.192213,0.192712,0.17778,0.180467,75258056
2022-04-27,0.18044,0.186693,0.179555,0.18432,64077852
2022-04-28,0.184342,0.188686,0.182645,0.185847,60659064
2022-04-29,0.1858,0.187907,0.17632,0.177945,68736376
2022-04-30,0.177917,0.181421,0.167232,0.169004,78227360
2022-05-01,0.168955,0.17689,0.168178,0.175665,59427239
2022-05-02,0.175688,0.177642,0.170264,0.173499,60518686
2022-05-03,0.173531,0.177235,0.169578,0.171962,55765895
2022-05-04,0.171995,0.184897,0.171401,0.184721,76380567
2022-05-05,0.184721,0.187579,0.167349,0.171062,101473066
2022-05-06,0.171004,0.172907,0.164533,0.171494,81370302
2022-05-07,0.171434,0.173479,0.164829,0.167511,77394482
2022-05-08,0.167491,0.168171,0.15986,0.161629,78055276
2022-05-09,0.161629,0.164989,0.139328,0.140612,204344594
2022-05-10,0.140604,0.1562,0.136235,0.148397,214120941
2022-05-11,0.148329,0.151205,0.117057,0.125737,292616994
2022-05-12,0.125677,0.13059,0.101917,0.120434,250828814
2022-05-13,0.120305,0.139772,0.119559,0.132063,134152368
2022-05-14,0.132053,0.140187,0.127199,0.138111,93394068
2022-05-15,0.138008,0.145111,0.134017,0.144986,62440131
2022-05-16,0.14497,0.144977,0.133583,0.136163,66454205
2022-05-17,0.136228,0.142158,0.133532,0.141607,69186662
2022-05-18,0.141633,0.143,0.127179,0.127544,78925708
2022-05-19,0.127557,0.133596,0.122743,0.130466,81932568
2022-05-20,0.130466,0.134028,0.124297,0.126231,74603614
2022-05-21,0.126232,0.131162,0.123495,0.130507,48030956
2022-05-22,0.130481,0.136549,0.129849,0.135358,59008682
2022-05-23,0.135353,0.138344,0.1279,0.128708,68540940
2022-05-24,0.128677,0.133174,0.124102,0.132961,79964653
2022-05-25,0.132873,0.134319,0.128243,0.132074,57758422
2022-05-26,0.132099,0.133839,0.120585,0.12416,79775951
2022-05-27,0.124161,0.124803,0.118369,0.120336,99164533
2022-05-28,0.120397,0.123674,0.119426,0.122588,38985691
2022-05-29,0.122592,0.131187,0.121572,0.130916,43632733
2022-05-30,0.130949,0.143791,0.130639,0.143437,82228349
2022-05-31,0.143428,0.153937,0.141,0.1506,126303360
2022-06-01,0.15046,0.15081,0.13307,0.136879,90261205
2022-06-02,0.136927,0.143924,0.13484,0.142983,86132584
2022-06-03,0.142977,0.150902,0.13939,0.146016,127913655
2022-06-04,0.145965,0.147422,0.140363,0.143441,82548360
2022-06-05,0.143426,0.147472,0.140934,0.143326,55516249
2022-06-06,0.143316,0.150488,0.142133,0.144814,80986514
2022-06-07,0.144814,0.145272,0.133979,0.140233,100914698
2022-06-08,0.140241,0.143852,0.135992,0.139974,76440513
2022-06-09,0.1399,0.142477,0.138123,0.139841,41984981
2022-06-10,0.139841,0.141009,0.131562,0.132961,72941982
2022-06-11,0.132956,0.135498,0.122331,0.125213,98076645
2022-06-12,0.125266,0.126832,0.117338,0.118556,97275009
2022-06-13,0.118434,0.11904,0.103238,0.106761,209647678
2022-06-14,0.106767,0.115337,0.1001,0.112638,162053056
2022-06-15,0.112634,0.12192,0.103766,0.121018,168560050
2022-06-16,0.121,0.123,0.106586,0.10905,135268420
2022-06-17,0.109007,0.116317,0.106903,0.111803,90505402
2022-06-18,0.111796,0.113417,0.100225,0.107546,109363064
2022-06-19,0.107548,0.116414,0.104214,0.114608,94888498
2022-06-20,0.114738,0.117909,0.11,0.112917,65220087
2022-06-21,0.112884,0.119262,0.111418,0.114472,80895818
2022-06-22,0.114509,0.115593,0.109475,0.112877,82384939
2022-06-23,0.112924,0.119,0.112519,0.117978,69715017
2022-06-24,0.117993,0.13,0.117961,0.127702,96746190
2022-06-25,0.127716,0.129993,0.122644,0.12672,56087350
2022-06-26,0.126755,0.128115,0.1198,0.120282,52378669
2022-06-27,0.120197,0.124115,0.116335,0.118877,54008964
2022-06-28,0.118855,0.1211,0.113576,0.114237,74711691
2022-06-29,0.114181,0.115504,0.106956,0.110086,87443949
2022-06-30,0.110136,0.112426,0.103037,0.112307,110132361
2022-07-01,0.112253,0.11518,0.107533,0.109884,82738174
2022-07-02,0.109925,0.110838,0.105259,0.108439,60680655
2022-07-03,0.108493,0.110999,0.105778,0.109009,43257418
2022-07-04,0.109067,0.111215,0.106379,0.111116,41503383
2022-07-05,0.111104,0.111367,0.104403,0.107769,67428285
2022-07-06,0.107787,0.110312,0.106462,0.109283,52376937
2022-07-07,0.109287,0.11546,0.108929,0.11364,58910307
2022-07-08,0.113712,0.118364,0.111711,0.1132,82223815
2022-07-09,0.113104,0.115027,0.111806,0.112651,37485602
2022-07-10,0.112618,0.112969,0.105524,0.107379,53321856
2022-07-11,0.107439,0.1078,0.101038,0.101391,61674466
2022-07-12,0.10138,0.1034,0.10017,0.10045,55653814
2022-07-13,0.100431,0.106034,0.099001,0.105275,106432929
2022-07-14,0.10525,0.107229,0.101843,0.107137,59318361
2022-07-15,0.107107,0.108532,0.10525,0.107412,68595508
2022-07-16,0.10736,0.110258,0.105275,0.109556,63928286
2022-07-17,0.109554,0.11126,0.106158,0.106625,47425528
2022-07-18,0.106611,0.116158,0.106415,0.114184,102343699
2022-07-19,0.114116,0.119866,0.110761,0.118529,90376931
2022-07-20,0.118529,0.12089,0.11088,0.112057,98982391
2022-07-21,0.112046,0.11399,0.109361,0.113592,64145203
2022-07-22,0.113561,0.115965,0.110439,0.112029,59691733
2022-07-23,0.112034,0.113693,0.109083,0.111633,43935701
2022-07-24,0.111564,0.115526,0.111564,0.113207,37427429
2022-07-25,0.113146,0.113944,0.105795,0.105988,64828536
2022-07-26,0.10608,0.10608,0.102288,0.10553,64671337
2022-07-27,0.105524,0.112767,0.103412,0.112668,79258008
2022-07-28,0.112621,0.117968,0.110096,0.116688,85552564
2022-07-29,0.116721,0.119798,0.114326,0.117733,85439330
2022-07-30,0.117766,0.125349,0.116289,0.119668,99527432
2022-07-31,0.119689,0.122828,0.116757,0.117624,67916660
2022-08-01,0.117586,0.120409,0.116666,0.118304,51971969
2022-08-02,0.118309,0.121204,0.113473,0.115136,77436640
2022-08-03,0.1151,0.117319,0.113002,0.114184,61357582
2022-08-04,0.1142,0.116493,0.11258,0.113921,54228144
2022-08-05,0.113943,0.1186,0.113666,0.118541,57364810
2022-08-06,0.118544,0.123133,0.118142,0.121903,58200404
2022-08-07,0.121903,0.124933,0.119858,0.123873,55997183
2022-08-08,0.1238,0.138505,0.123439,0.130156,131381323
2022-08-09,0.130127,0.130517,0.120731,0.122043,90115521
2022-08-10,0.122102,0.126017,0.119376,0.125982,69695295
2022-08-11,0.125918,0.127354,0.124408,0.125283,53209025
2022-08-12,0.125307,0.126613,0.12334,0.126413,71082845
2022-08-13,0.126454,0.128585,0.125813,0.126836,46193783
2022-08-14,0.126829,0.129738,0.124361,0.125676,61606844
2022-08-15,0.125705,0.128592,0.121726,0.123528,77687356
2022-08-16,0.12353,0.124391,0.121002,0.12178,64953750
2022-08-17,0.12178,0.127447,0.119526,0.121305,89956131
2022-08-18,0.121369,0.121815,0.115677,0.115928,51261864
2022-08-19,0.115929,0.116727,0.107,0.108067,117743472
2022-08-20,0.108067,0.11051,0.107232,0.109019,54065523
2022-08-21,0.109001,0.112311,0.107764,0.110977,43955328
2022-08-22,0.110942,0.111131,0.106151,0.109492,70936363
2022-08-23,0.109433,0.111355,0.107292,0.110676,57725326
2022-08-24,0.110739,0.111105,0.108293,0.109482,58403843
2022-08-25,0.109494,0.110991,0.108841,0.110401,51716837
2022-08-26,0.110394,0.114218,0.102606,0.103859,148650275
2022-08-27,0.103884,0.1058,0.10248,0.105574,49832004
2022-08-28,0.105539,0.107131,0.102195,0.102736,56138205
2022-08-29,0.102688,0.106038,0.101013,0.105918,64848593
2022-08-30,0.105928,0.106744,0.100595,0.102411,69262080
2022-08-31,0.10242,0.105577,0.10213,0.104365,49230907
2022-09-01,0.104323,0.105476,0.102107,0.105077,54032902
2022-09-02,0.105081,0.10625,0.102842,0.104596,48249439
2022-09-03,0.104555,0.105754,0.103784,0.105239,31540513
2022-09-04,0.10524,0.108899,0.104817,0.106324,64012687
2022-09-05,0.106324,0.10689,0.103598,0.10507,46800930
2022-09-06,0.105076,0.107448,0.09954,0.099872,109707747
2022-09-07,0.099866,0.10335,0.0987,0.10297,63215226
2022-09-08,0.102943,0.104603,0.100747,0.104355,60573824
2022-09-09,0.104364,0.1145,0.104152,0.114404,126810762
2022-09-10,0.11441,0.116093,0.113224,0.114707,68819943
2022-09-11,0.114753,0.116494,0.112814,0.114387,45822278
2022-09-12,0.114375,0.116502,0.111874,0.113859,84664583
2022-09-13,0.11386,0.113991,0.104513,0.104654,99803098
2022-09-14,0.104677,0.105585,0.102811,0.105209,78495461
2022-09-15,0.105206,0.105882,0.101533,0.102273,60995933
2022-09-16,0.102273,0.1075,0.101381,0.107109,59165470
2022-09-17,0.107087,0.114097,0.105859,0.11336,69649513
2022-09-18,0.113391,0.115703,0.106866,0.1072,143652563
2022-09-19,0.1072,0.112117,0.1035,0.111743,126816832
2022-09-20,0.11172,0.119438,0.110283,0.117297,173746442
2022-09-21,0.117296,0.118395,0.109253,0.110695,153588897
2022-09-22,0.110623,0.124808,0.110432,0.122951,177279307
2022-09-23,0.122943,0.133115,0.116756,0.123119,234247319
2022-09-24,0.123105,0.126948,0.117676,0.11814,120844590
2022-09-25,0.118133,0.12339,0.116074,0.117358,104841232
2022-09-26,0.11731,0.118266,0.1126,0.113735,98086811
2022-09-27,0.113751,0.116924,0.109615,0.110129,113397474
2022-09-28,0.110176,0.11082,0.106734,0.108139,87939833
2022-09-29,0.108147,0.11972,0.106727,0.1155,136702634
2022-09-30,0.1155,0.117365,0.112946,0.114648,94751919
2022-10-01,0.114675,0.12233,0.114129,0.121387,129309989
2022-10-02,0.121384,0.122969,0.117774,0.118426,86863848
2022-10-03,0.11843,0.120438,0.11385,0.116739,85881013
2022-10-04,0.116756,0.122145,0.115408,0.119187,105958030
2022-10-05,0.119152,0.120521,0.116892,0.1189,99611320
2022-10-06,0.118914,0.121594,0.118346,0.119586,85651160
2022-10-07,0.119572,0.123785,0.116725,0.1223,86713341
2022-10-08,0.122297,0.127554,0.121848,0.12613,98263674
2022-10-09,0.126149,0.129608,0.124718,0.1288,68360868
2022-10-10,0.128808,0.129337,0.123391,0.123692,69862804
2022-10-11,0.123692,0.124612,0.115407,0.116096,90617302
2022-10-12,0.116047,0.11675,0.114737,0.116277,51191311
2022-10-13,0.116283,0.116442,0.107,0.1121,148203623
2022-10-14,0.112092,0.116575,0.111348,0.112512,85843621
2022-10-15,0.112526,0.114291,0.111318,0.112005,36800542
2022-10-16,0.111967,0.114391,0.11192,0.11346,31897642
2022-10-17,0.113436,0.115174,0.112047,0.114244,43673327
2022-10-18,0.11427,0.114604,0.110256,0.112452,77779932
2022-10-19,0.112452,0.113346,0.110241,0.110855,54279743
2022-10-20,0.110859,0.113267,0.109095,0.109976,74613813
2022-10-21,0.109981,0.1109,0.107206,0.11086,65924112
2022-10-22,0.110899,0.111472,0.11,0.111197,29500861
2022-10-23,0.111196,0.112218,0.109034,0.111881,39347611
2022-10-24,0.111919,0.112244,0.109095,0.110331,39832488
2022-10-25,0.110336,0.113436,0.109077,0.111762,80200153
2022-10-26,0.11173,0.114,0.11139,0.113497,57902510
2022-10-27,0.113497,0.115521,0.1106,0.110955,90352990
2022-10-28,0.110956,0.113374,0.109271,0.112721,69469953
2022-10-29,0.112721,0.11544,0.111585,0.113594,93356089
2022-10-30,0.113553,0.114917,0.110605,0.111201,56946988
2022-10-31,0.111178,0.112332,0.109402,0.111188,70293008
2022-11-01,0.111196,0.112056,0.109101,0.109949,44969361
2022-11-02,0.109961,0.110775,0.105938,0.107595,83255072
2022-11-03,0.107617,0.110248,0.107333,0.108757,54700681
2022-11-04,0.108753,0.116211,0.108181,0.115559,116235580
2022-11-05,0.115561,0.116529,0.1125,0.113503,89811818
2022-11-06,0.113508,0.114377,0.108799,0.108989,78662831
2022-11-07,0.108983,0.110751,0.107866,0.109524,89465668
2022-11-08,0.109531,0.11067,0.092802,0.098784,291139002
2022-11-09,0.098758,0.099854,0.08,0.084601,186517579
2022-11-10,0.084628,0.100743,0.082593,0.096831,156800617
2022-11-11,0.096899,0.098246,0.091824,0.095081,85789139
2022-11-12,0.095105,0.095186,0.09,0.090935,84873996
2022-11-13,0.090906,0.092502,0.086553,0.087941,57807300
2022-11-14,0.087956,0.091222,0.083096,0.091065,123508758
2022-11-15,0.09107,0.09457,0.090221,0.092374,79690291
2022-11-16,0.092379,0.093399,0.088555,0.089669,64678624
2022-11-17,0.089676,0.09113,0.088555,0.090332,58607759
2022-11-18,0.090294,0.091427,0.087901,0.089095,49145974
2022-11-19,0.089096,0.090866,0.08791,0.090401,35486604
2022-11-20,0.090389,0.091499,0.086136,0.086355,44910604
2022-11-21,0.086329,0.088171,0.082382,0.084177,78269336
2022-11-22,0.084178,0.087171,0.082504,0.087026,68563265
2022-11-23,0.087033,0.088704,0.086494,0.088577,68174197
2022-11-24,0.088526,0.090318,0.087302,0.089964,59575055
2022-11-25,0.089942,0.090954,0.087607,0.089104,64428988
2022-11-26,0.089115,0.090472,0.087278,0.08798,46050094
2022-11-27,0.088033,0.092015,0.087904,0.090082,68939016
2022-11-28,0.09009,0.090923,0.085238,0.087187,88609091
2022-11-29,0.087195,0.089944,0.08652,0.088473,50462921
2022-11-30,0.088496,0.090437,0.087296,0.0898,106395831
2022-12-01,0.089816,0.090039,0.086964,0.087632,65503044
2022-12-02,0.087638,0.088186,0.086223,0.088096,59869588
2022-12-03,0.088076,0.089009,0.08597,0.08631,43471068
2022-12-04,0.086306,0.088115,0.086065,0.087659,31465651
2022-12-05,0.087753,0.0888,0.085709,0.08694,46098096
2022-12-06,0.08692,0.087198,0.085113,0.086022,39151480
2022-12-07,0.086008,0.086088,0.083245,0.084251,43804211
2022-12-08,0.084236,0.085679,0.083553,0.085535,43115805
2022-12-09,0.085527,0.08598,0.084433,0.085154,47577971
2022-12-10,0.085153,0.085795,0.084722,0.085185,24769903
2022-12-11,0.085185,0.08557,0.083347,0.083765,23242155
2022-12-12,0.083744,0.084664,0.081728,0.084278,32699641
2022-12-13,0.084277,0.084957,0.081255,0.083948,77535053
2022-12-14,0.083952,0.084564,0.081911,0.083007,54858019
2022-12-15,0.083004,0.084823,0.081196,0.081946,85053498
2022-12-16,0.081946,0.082276,0.074103,0.074234,104668171
2022-12-17,0.07422,0.075951,0.072508,0.075747,69315129
2022-12-18,0.07573,0.077156,0.075454,0.07649,36978815
2022-12-19,0.076505,0.077239,0.07283,0.073295,64907017
2022-12-20,0.073269,0.0762,0.073153,0.075947,57497748
2022-12-21,0.075941,0.076022,0.073919,0.075136,44969406
2022-12-22,0.075099,0.075836,0.073766,0.0757,45887742
2022-12-23,0.0757,0.076379,0.07516,0.075348,47778910
2022-12-24,0.075337,0.075722,0.074098,0.074352,27294818
2022-12-25,0.074324,0.074524,0.072796,0.07383,25214802
2022-12-26,0.073884,0.07532,0.073634,0.075217,27084801
2022-12-27,0.075235,0.07543,0.073536,0.074062,40891553
2022-12-28,0.074064,0.074715,0.07118,0.071675,76192285
2022-12-29,0.071677,0.072585,0.07028,0.071999,53681724
2022-12-30,0.071996,0.07239,0.070833,0.072358,52545504
2022-12-31,0.072383,0.072387,0.070862,0.071008,36133601
2023-01-01,0.071008,0.072694,0.070669,0.072484,27324082
2023-01-02,0.072483,0.074394,0.070957,0.073728,37782434
2023-01-03,0.073725,0.074437,0.072742,0.073564,35690850
2023-01-04,0.073591,0.074534,0.072591,0.073788,63835719
2023-01-05,0.073788,0.07428,0.07243,0.07291,55010759
2023-01-06,0.072912,0.075495,0.071847,0.075024,69343554
2023-01-07,0.075027,0.075926,0.0745,0.07561,37994718
2023-01-08,0.075633,0.077562,0.0745,0.077204,48287473
2023-01-09,0.077187,0.080858,0.07708,0.079276,75227130
2023-01-10,0.079275,0.080271,0.078103,0.079579,68036829
2023-01-11,0.079558,0.081922,0.078161,0.081375,105866639
2023-01-12,0.08138,0.082484,0.078677,0.081601,107162041
2023-01-13,0.081615,0.085163,0.080546,0.084629,98170013
2023-01-14,0.084612,0.090632,0.084521,0.087334,121118549
2023-01-15,0.087304,0.088381,0.084893,0.088019,81153327
2023-01-16,0.087993,0.090564,0.086034,0.087707,64511093
2023-01-17,0.087739,0.088315,0.086092,0.086272,62934897
2023-01-18,0.086273,0.089033,0.081582,0.082379,83978170
2023-01-19,0.082372,0.084646,0.081928,0.084388,57190100
2023-01-20,0.084375,0.089126,0.083216,0.08892,84033271
2023-01-21,0.08889,0.09313,0.087671,0.090317,110210990
2023-01-22,0.090334,0.093717,0.089608,0.091019,95457270
2023-01-23,0.091017,0.095784,0.090875,0.094542,92649783
2023-01-24,0.094541,0.096137,0.089944,0.09047,96665494
2023-01-25,0.090467,0.094029,0.08912,0.092364,108495444
2023-01-26,0.09239,0.093085,0.09037,0.091887,78533842
2023-01-27,0.09188,0.093192,0.09,0.092499,70913267
2023-01-28,0.092495,0.094128,0.091715,0.092744,45632774
2023-01-29,0.092744,0.094498,0.092133,0.094385,57493922
2023-01-30,0.094386,0.094797,0.088585,0.089975,82400176
2023-01-31,0.089992,0.091613,0.08919,0.09066,59554413
2023-02-01,0.090633,0.092448,0.087381,0.092295,93860392
2023-02-02,0.092303,0.094657,0.091032,0.091916,94950066
2023-02-03,0.091892,0.093228,0.091355,0.092886,59340592
2023-02-04,0.092888,0.094,0.092086,0.09292,40553028
2023-02-05,0.092892,0.093823,0.089776,0.090963,56710615
2023-02-06,0.090966,0.091613,0.088646,0.08882,61765230
2023-02-07,0.088844,0.092084,0.088646,0.092009,92680886
2023-02-08,0.09203,0.092993,0.089518,0.091009,80344176
2023-02-09,0.091014,0.09136,0.085077,0.085677,134403542
2023-02-10,0.085697,0.086968,0.0848,0.085647,64910770
2023-02-11,0.085658,0.08676,0.085153,0.086239,30823570
2023-02-12,0.086241,0.087199,0.0843,0.085199,53765143
2023-02-13,0.085175,0.086686,0.082398,0.085116,102500997
2023-02-14,0.085109,0.085999,0.082885,0.085981,67429471
2023-02-15,0.085975,0.090239,0.084786,0.090168,99690297
2023-02-16,0.090196,0.091095,0.086229,0.08626,115985635
2023-02-17,0.086258,0.090734,0.085853,0.090702,93631647
2023-02-18,0.090684,0.093308,0.089626,0.091777,68766031
2023-02-19,0.091801,0.093609,0.089912,0.090526,58227238
2023-02-20,0.090581,0.095,0.088816,0.094449,84461948
2023-02-21,0.094445,0.097949,0.093371,0.094826,95964174
2023-02-22,0.094834,0.095162,0.090324,0.092316,100968205
2023-02-23,0.092314,0.093087,0.090232,0.090921,65675257
2023-02-24,0.090952,0.091588,0.087475,0.089079,83100734
2023-02-25,0.089085,0.089629,0.086623,0.087943,49394747
2023-02-26,0.087948,0.089046,0.087077,0.088989,33639168
2023-02-27,0.088988,0.089345,0.08704,0.088231,56436219
2023-02-28,0.088236,0.088502,0.085794,0.087117,69617108
2023-03-01,0.08713,0.088619,0.086603,0.087918,48111060
2023-03-02,0.087959,0.088272,0.086106,0.087517,48360603
2023-03-03,0.087506,0.087673,0.082649,0.085608,72921227
2023-03-04,0.085619,0.085855,0.082,0.083605,22603764
2023-03-05,0.083605,0.084473,0.082317,0.082716,34932602
2023-03-06,0.082704,0.083628,0.081744,0.083437,52916712
2023-03-07,0.083456,0.084225,0.081655,0.082746,66257225
2023-03-08,0.082754,0.084568,0.080574,0.081619,107285829
2023-03-09,0.081591,0.0823,0.076223,0.077094,98238773
2023-03-10,0.07707,0.079661,0.07481,0.078408,109629003
2023-03-11,0.078383,0.080476,0.075308,0.079377,81050634
2023-03-12,0.079377,0.083483,0.078928,0.083101,55064824
2023-03-13,0.083007,0.085693,0.08041,0.084798,101632430
2023-03-14,0.084866,0.090186,0.083766,0.088601,126615507
2023-03-15,0.088622,0.08904,0.083075,0.084004,104366857
2023-03-16,0.084049,0.08546,0.083493,0.084741,66956976
2023-03-17,0.084727,0.088176,0.083939,0.088127,91477265
2023-03-18,0.088108,0.088826,0.085223,0.085765,92018121
2023-03-19,0.085795,0.089277,0.085674,0.087971,72318973
2023-03-20,0.087971,0.089763,0.086456,0.086685,75102020
2023-03-21,0.086656,0.1,0.085764,0.096556,198003180
2023-03-22,0.096552,0.097308,0.088585,0.091078,120560929
2023-03-23,0.091079,0.093834,0.089929,0.092663,79626159
2023-03-24,0.092703,0.092789,0.087288,0.088897,73228338
2023-03-25,0.0889,0.093074,0.088481,0.090755,74010727
2023-03-26,0.090743,0.092504,0.090513,0.09195,43300450
2023-03-27,0.091937,0.095136,0.089586,0.0926,100735441
2023-03-28,0.092578,0.098246,0.090928,0.097757,128673922
2023-03-29,0.097762,0.107378,0.09773,0.101692,146985575
2023-03-30,0.101702,0.106962,0.099801,0.106326,137543761
2023-03-31,0.106314,0.113051,0.105065,0.112266,117956522
2023-04-01,0.112204,0.114562,0.107688,0.108254,61689717
2023-04-02,0.108216,0.11107,0.105776,0.106631,65767189
2023-04-03,0.106638,0.110496,0.104919,0.106586,96335245
2023-04-04,0.106559,0.107084,0.104527,0.106098,60321133
2023-04-05,0.106102,0.10875,0.105187,0.107286,56019146
2023-04-06,0.107305,0.10738,0.104111,0.105941,52552512
2023-04-07,0.105914,0.106526,0.104249,0.106447,44009401
2023-04-08,0.106452,0.106622,0.103944,0.104437,31665424
2023-04-09,0.104434,0.105528,0.10279,0.104852,30147035
2023-04-10,0.104832,0.105935,0.102497,0.10566,38222059
2023-04-11,0.105642,0.107429,0.10447,0.105116,48599780
2023-04-12,0.105092,0.105249,0.102488,0.10359,50926642
2023-04-13,0.103629,0.1059,0.103056,0.105407,51301746
2023-04-14,0.105423,0.109122,0.105235,0.107013,101159762
2023-04-15,0.107013,0.107599,0.105828,0.106469,42685471
2023-04-16,0.106462,0.108074,0.105364,0.10741,43793603
2023-04-17,0.107427,0.107611,0.1035,0.103997,56770362
2023-04-18,0.104028,0.10627,0.103469,0.105708,71935610
2023-04-19,0.105708,0.106181,0.09563,0.097625,107529409
2023-04-20,0.097597,0.098533,0.094276,0.095802,78134537
2023-04-21,0.095739,0.096693,0.092165,0.092916,82637272
2023-04-22,0.092912,0.095673,0.092069,0.095527,31770970
2023-04-23,0.095582,0.095641,0.093001,0.094658,31574016
2023-04-24,0.094618,0.096034,0.092005,0.093345,58401438
2023-04-25,0.09337,0.095052,0.092087,0.094894,49383388
2023-04-26,0.09493,0.097,0.091055,0.093583,77478712
2023-04-27,0.093623,0.094943,0.09255,0.094297,48643210
2023-04-28,0.094298,0.09596,0.093576,0.094838,46740831
2023-04-29,0.0948,0.095881,0.093935,0.095852,27204856
2023-04-30,0.095851,0.09596,0.0941,0.094428,35471743
2023-05-01,0.094427,0.094722,0.091665,0.092713,55343635
2023-05-02,0.092721,0.093752,0.091837,0.093596,53013323
2023-05-03,0.093596,0.093835,0.091792,0.093547,56389326
2023-05-04,0.093558,0.094164,0.092701,0.093504,49341672
2023-05-05,0.093502,0.095002,0.092217,0.094397,65886842
2023-05-06,0.094378,0.094838,0.091861,0.09252,51630329
2023-05-07,0.092496,0.093213,0.091764,0.092034,32250906
2023-05-08,0.092017,0.092443,0.0881,0.089477,79992559
2023-05-09,0.089476,0.089515,0.08817,0.089097,48057303
2023-05-10,0.089097,0.090006,0.0875,0.08907,68901623
2023-05-11,0.089064,0.090146,0.087627,0.089481,63779821
2023-05-12,0.089498,0.090157,0.087184,0.089062,77833238
2023-05-13,0.089066,0.08931,0.08816,0.088308,27769307
2023-05-14,0.088363,0.088777,0.0877,0.088698,26687459
2023-05-15,0.088683,0.089372,0.0874,0.088039,43706902
2023-05-16,0.088045,0.08869,0.0868,0.088014,42557957
2023-05-17,0.088011,0.089044,0.087324,0.088768,54309435
2023-05-18,0.088765,0.090038,0.087472,0.088766,48370611
2023-05-19,0.088745,0.089679,0.088376,0.089186,32701957
2023-05-20,0.089193,0.089343,0.088198,0.088801,22132134
2023-05-21,0.088808,0.089199,0.087797,0.088199,27400745
2023-05-22,0.088177,0.0886,0.087388,0.08809,38596063
2023-05-23,0.088131,0.089056,0.087754,0.088282,33761997
2023-05-24,0.088275,0.088401,0.085581,0.086548,46888245
2023-05-25,0.086566,0.087134,0.085625,0.087126,33833863
2023-05-26,0.087126,0.088207,0.086765,0.08782,39215036
2023-05-27,0.087807,0.088434,0.087397,0.088173,28410528
2023-05-28,0.088171,0.088986,0.087846,0.088702,28030744
2023-05-29,0.088703,0.089531,0.088399,0.089195,34454017
2023-05-30,0.089199,0.091133,0.088802,0.090893,84184940
2023-05-31,0.09088,0.093349,0.089474,0.092581,90902844
2023-06-01,0.092599,0.092786,0.090809,0.091219,59079088
2023-06-02,0.091218,0.092417,0.090754,0.092007,39868767
2023-06-03,0.091988,0.093436,0.09155,0.091937,31697921
2023-06-04,0.091952,0.092908,0.091222,0.091495,39118387
2023-06-05,0.09148,0.091958,0.08559,0.08787,73813337
2023-06-06,0.087905,0.0898,0.086582,0.089665,70455691
2023-06-07,0.08967,0.089964,0.086759,0.087423,64087567
2023-06-08,0.087399,0.08809,0.086795,0.087049,42921601
2023-06-09,0.08706,0.089056,0.086529,0.088987,53708583
2023-06-10,0.088961,0.089058,0.079208,0.082137,114604199
2023-06-11,0.082163,0.087024,0.081054,0.083611,60388580
2023-06-12,0.083566,0.083647,0.081705,0.083071,56216461
2023-06-13,0.083054,0.086351,0.080478,0.082488,84654956
2023-06-14,0.08251,0.083017,0.077847,0.079319,65137435
2023-06-15,0.079306,0.079681,0.075183,0.076344,62598520
2023-06-16,0.076354,0.078866,0.075945,0.077402,56313349
2023-06-17,0.077383,0.080511,0.076862,0.079598,49491972
2023-06-18,0.079596,0.08102,0.079,0.079509,41226157
2023-06-19,0.07953,0.080523,0.07891,0.079994,37053740
2023-06-20,0.079998,0.083221,0.07818,0.082795,66094005
2023-06-21,0.082776,0.087313,0.0821,0.0867,88165215
2023-06-22,0.086698,0.089366,0.085764,0.086679,84415307
2023-06-23,0.086679,0.090149,0.086646,0.08959,82297643
2023-06-24,0.089628,0.091276,0.08866,0.090483,67888843
2023-06-25,0.090466,0.092476,0.090367,0.091623,70406501
2023-06-26,0.091624,0.092809,0.090568,0.092184,72662713
2023-06-27,0.092176,0.103449,0.092083,0.102839,200173833
2023-06-28,0.102753,0.105909,0.098827,0.100427,286456242
2023-06-29,0.100455,0.104734,0.100396,0.102172,115039237
2023-06-30,0.102166,0.1179,0.101396,0.110705,230015341
2023-07-01,0.110664,0.111715,0.105807,0.107362,86898664
2023-07-02,0.107395,0.10801,0.104585,0.107356,83038247
2023-07-03,0.107363,0.109372,0.104866,0.106004,82546109
2023-07-04,0.105966,0.106472,0.102825,0.103335,62477773
2023-07-05,0.103372,0.10458,0.099417,0.10053,82204730
2023-07-06,0.100534,0.10221,0.096001,0.096273,98307274
2023-07-07,0.096218,0.097494,0.094908,0.097374,98874952
2023-07-08,0.097344,0.100241,0.0965,0.099694,79254178
2023-07-09,0.099671,0.100015,0.098446,0.099001,48656178
2023-07-10,0.099001,0.100619,0.097,0.099865,73964798
2023-07-11,0.099868,0.100869,0.098343,0.098486,64213504
2023-07-12,0.098496,0.098533,0.095365,0.09618,70296087
2023-07-13,0.096172,0.195999,0.09535,0.155163,499408769
2023-07-14,0.15527,0.157997,0.125505,0.134953,355021071
2023-07-15,0.134996,0.135622,0.127142,0.12783,134567085
2023-07-16,0.12785,0.138871,0.124967,0.131473,159419641
2023-07-17,0.131354,0.134645,0.124406,0.129169,98805182
2023-07-18,0.129171,0.133797,0.125165,0.132516,108035654
2023-07-19,0.132494,0.167999,0.131418,0.156489,249741489
2023-07-20,0.156527,0.181181,0.154617,0.163197,281842760
2023-07-21,0.163306,0.171073,0.153609,0.157218,131681586
2023-07-22,0.157266,0.168862,0.154841,0.155604,100572862
2023-07-23,0.155569,0.161073,0.152362,0.155986,79491209
2023-07-24,0.155931,0.155979,0.144018,0.145622,94667015
2023-07-25,0.145639,0.149988,0.141259,0.144842,99024481
2023-07-26,0.144859,0.16356,0.140253,0.155699,120835567
2023-07-27,0.155685,0.163476,0.15322,0.159238,118029028
2023-07-28,0.159232,0.17,0.157733,0.159836,119167686
2023-07-29,0.15977,0.161268,0.15733,0.15839,45007848
2023-07-30,0.158399,0.162017,0.152774,0.156614,63029459
2023-07-31,0.156479,0.157952,0.14869,0.150091,55114569
2023-08-01,0.150137,0.1536,0.145018,0.153578,78644337
2023-08-02,0.153569,0.1548,0.14336,0.143975,66927447
2023-08-03,0.143926,0.145651,0.138144,0.138974,78311845
2023-08-04,0.138907,0.141835,0.135963,0.136246,67136049
2023-08-05,0.136183,0.139206,0.133242,0.138891,47190564
2023-08-06,0.138938,0.145035,0.138432,0.139245,62472645
2023-08-07,0.139314,0.143355,0.13682,0.142749,92265144
2023-08-08,0.142742,0.143863,0.138371,0.142811,71904890
2023-08-09,0.142858,0.146057,0.139666,0.141509,71860948
2023-08-10,0.141515,0.141745,0.138038,0.138781,43835117
2023-08-11,0.138819,0.141365,0.13821,0.1396,32542777
2023-08-12,0.139572,0.140265,0.136873,0.137892,23684071
2023-08-13,0.137859,0.140599,0.13741,0.137819,24721927
2023-08-14,0.137751,0.1382,0.134518,0.135969,29427052
2023-08-15,0.135946,0.136454,0.122528,0.130165,77939122
2023-08-16,0.130134,0.132732,0.123268,0.12645,86981392
2023-08-17,0.12639,0.127452,0.1108,0.113271,96481496
2023-08-18,0.11326,0.117812,0.111009,0.116631,79962769
2023-08-19,0.116607,0.125513,0.116512,0.123881,79043198
2023-08-20,0.123804,0.132787,0.122549,0.129619,104947886
2023-08-21,0.129561,0.130369,0.122117,0.124726,63192809
2023-08-22,0.124765,0.124913,0.117302,0.120569,56516269
2023-08-23,0.120582,0.129053,0.119725,0.127399,84539438
2023-08-24,0.127363,0.128819,0.121575,0.123804,46176020
2023-08-25,0.123767,0.124994,0.120655,0.123813,36131302
2023-08-26,0.12389,0.12454,0.120471,0.120861,25867628
2023-08-27,0.120843,0.122334,0.11942,0.120861,21847307
2023-08-28,0.120875,0.121264,0.118522,0.119875,37563383
2023-08-29,0.119899,0.128397,0.116743,0.124399,83208706
2023-08-30,0.12441,0.124445,0.120224,0.120429,33985765
2023-08-31,0.120392,0.120949,0.113575,0.114879,46595371
2023-09-01,0.1148,0.117316,0.112675,0.114053,34889737
2023-09-02,0.114005,0.114353,0.111307,0.113534,26087245
2023-09-03,0.113562,0.120601,0.113009,0.118707,67813923
2023-09-04,0.118669,0.126533,0.118421,0.124302,98162106
2023-09-05,0.124335,0.12975,0.121362,0.122247,80209763
2023-09-06,0.122242,0.124242,0.117385,0.123857,54982156
2023-09-07,0.123857,0.125716,0.121714,0.12539,51533634
2023-09-08,0.12539,0.127563,0.122199,0.126847,59507580
2023-09-09,0.126827,0.132985,0.125908,0.131591,91370868
2023-09-10,0.131498,0.134685,0.127455,0.133785,96859368
2023-09-11,0.133787,0.134591,0.124203,0.128508,95680967
2023-09-12,0.128528,0.132,0.120331,0.121163,118163649
2023-09-13,0.121159,0.122459,0.11932,0.120847,59178383
2023-09-14,0.120847,0.12184,0.11815,0.120306,57518106
2023-09-15,0.120359,0.121999,0.117614,0.120346,54552022
2023-09-16,0.120399,0.121274,0.11799,0.119374,32615295
2023-09-17,0.11939,0.119425,0.115192,0.116175,42654951
2023-09-18,0.116253,0.1195,0.115227,0.118099,41717471
2023-09-19,0.117971,0.120236,0.117345,0.118431,36615829
2023-09-20,0.118462,0.119205,0.11622,0.11692,39832949
2023-09-21,0.116899,0.11692,0.111655,0.113918,58063684
2023-09-22,0.113824,0.115524,0.113293,0.114633,38009804
2023-09-23,0.114634,0.115255,0.112953,0.114235,20734591
2023-09-24,0.114236,0.114237,0.112,0.112252,26567884
2023-09-25,0.11223,0.113332,0.110881,0.112948,39423522
2023-09-26,0.112914,0.11305,0.110948,0.111859,29518603
2023-09-27,0.111842,0.114274,0.111316,0.112485,44094555
2023-09-28,0.112443,0.114436,0.112163,0.11417,30526233
2023-09-29,0.114173,0.118791,0.112599,0.112682,79279792
2023-09-30,0.112731,0.11281,0.110889,0.112269,35735973
2023-10-01,0.112274,0.114622,0.111921,0.114335,31047922
2023-10-02,0.114347,0.115,0.110519,0.11162,49489968
2023-10-03,0.111624,0.1166,0.109905,0.114704,57804594
2023-10-04,0.114699,0.1153,0.1113,0.112446,67108606
2023-10-05,0.112399,0.112461,0.110335,0.110656,25909688
2023-10-06,0.11061,0.11239,0.10953,0.111789,30446284
2023-10-07,0.111832,0.112142,0.110551,0.111165,13251967
2023-10-08,0.111183,0.111472,0.110275,0.11077,14472061
2023-10-09,0.110787,0.111061,0.104585,0.106049,56542282
2023-10-10,0.106049,0.106075,0.103476,0.104328,35975217
2023-10-11,0.104285,0.104961,0.101725,0.103307,32907368
2023-10-12,0.103271,0.103322,0.101128,0.102509,30434624
2023-10-13,0.102509,0.103546,0.1021,0.102911,30181619
2023-10-14,0.102918,0.104472,0.102884,0.104271,15841939
2023-10-15,0.104269,0.106378,0.104006,0.106357,28927372
2023-10-16,0.106393,0.111211,0.106137,0.107354,52029787
2023-10-17,0.107376,0.107594,0.10293,0.102994,44342550
2023-10-18,0.102968,0.104763,0.1025,0.103251,26100901
2023-10-19,0.103246,0.107864,0.102049,0.107369,57866124
2023-10-20,0.107344,0.110069,0.10637,0.107542,51452123
2023-10-21,0.107537,0.1127,0.107399,0.110788,39546293
2023-10-22,0.110804,0.112089,0.1077,0.110888,44444327
2023-10-23,0.110875,0.116294,0.109844,0.116039,104622582
2023-10-24,0.116054,0.120443,0.11268,0.114361,168362198
2023-10-25,0.114397,0.11563,0.112259,0.114412,56918341
2023-10-26,0.114354,0.116853,0.110625,0.113164,72079236
2023-10-27,0.113127,0.11352,0.110136,0.111909,38228536
2023-10-28,0.111895,0.114316,0.111822,0.114097,22933528
2023-10-29,0.114063,0.1169,0.112467,0.11569,28457093
2023-10-30,0.11577,0.120059,0.11465,0.119003,61856115
2023-10-31,0.119009,0.124907,0.115593,0.121222,109149485
2023-11-01,0.121272,0.123048,0.117569,0.122594,89667119
2023-11-02,0.122574,0.12351,0.117171,0.119721,83514105
2023-11-03,0.119621,0.124298,0.116162,0.122487,108863225
2023-11-04,0.122548,0.12437,0.121169,0.123604,38172300
2023-11-05,0.123685,0.12837,0.123,0.125567,104826621
2023-11-06,0.125664,0.1349,0.125132,0.131201,134577028
2023-11-07,0.131119,0.131124,0.122223,0.126687,96378725
2023-11-08,0.126716,0.128883,0.1255,0.127697,52346949
2023-11-09,0.127727,0.130863,0.119182,0.12287,146020962
2023-11-10,0.12287,0.124368,0.120301,0.123768,75779178
2023-11-11,0.12389,0.127276,0.120708,0.125044,85572264
2023-11-12,0.125114,0.126753,0.121902,0.124382,68174343
2023-11-13,0.124381,0.137867,0.120727,0.122309,212860621
2023-11-14,0.122293,0.122658,0.116,0.117938,113771082
2023-11-15,0.118015,0.121801,0.116953,0.121494,50252696
2023-11-16,0.121505,0.123204,0.116989,0.118424,95673351
2023-11-17,0.118419,0.120467,0.114331,0.118268,89366831
2023-11-18,0.118268,0.11941,0.1148,0.119251,57373259
2023-11-19,0.119285,0.1213,0.117707,0.121116,52086611
2023-11-20,0.121136,0.121853,0.118006,0.11986,53832507
2023-11-21,0.119807,0.120422,0.113105,0.113592,87155985
2023-11-22,0.113592,0.118452,0.113347,0.118208,53394933
2023-11-23,0.118232,0.118813,0.115406,0.117264,57498501
2023-11-24,0.117331,0.119247,0.116708,0.118015,39013208
2023-11-25,0.117971,0.12159,0.117504,0.121144,35304870
2023-11-26,0.121101,0.123436,0.1191,0.119951,59702556
2023-11-27,0.119955,0.120692,0.114699,0.116499,60350642
2023-11-28,0.116559,0.118985,0.115072,0.118565,43986687
2023-11-29,0.118645,0.120118,0.118073,0.118537,39748806
2023-11-30,0.118601,0.119675,0.117903,0.118256,34630118
2023-12-01,0.118309,0.120031,0.117821,0.119819,29160125
2023-12-02,0.119819,0.121769,0.119312,0.121605,36467617
2023-12-03,0.121597,0.123306,0.120852,0.122,50809514
2023-12-04,0.121907,0.125373,0.119901,0.122239,98140578
2023-12-05,0.122234,0.122973,0.119572,0.1225,77447725
2023-12-06,0.1225,0.125948,0.12083,0.125505,110163212
2023-12-07,0.125473,0.127423,0.123071,0.126182,123435059
2023-12-08,0.126192,0.133287,0.125808,0.13239,105561992
2023-12-09,0.132384,0.138388,0.131561,0.133719,139553883
2023-12-10,0.133684,0.136935,0.131566,0.133357,80524626
2023-12-11,0.133342,0.134623,0.120205,0.123392,127146711
2023-12-12,0.123436,0.125387,0.120699,0.123112,73023578
2023-12-13,0.123096,0.125628,0.118135,0.124909,73598393
2023-12-14,0.124896,0.12818,0.122844,0.127562,61065579
2023-12-15,0.127566,0.128157,0.122601,0.122943,49470458
2023-12-16,0.122962,0.126096,0.1215,0.124692,34900123
2023-12-17,0.124674,0.124904,0.121803,0.122027,41013889
2023-12-18,0.122026,0.122397,0.116155,0.121253,83008953
2023-12-19,0.121302,0.122426,0.118594,0.119464,52384339
2023-12-20,0.119374,0.122868,0.118698,0.121955,71564318
2023-12-21,0.121931,0.124683,0.121143,0.124683,52743186
2023-12-22,0.124691,0.126731,0.123173,0.126625,51235315
2023-12-23,0.126679,0.127098,0.1238,0.126643,32725064
2023-12-24,0.126729,0.127937,0.124435,0.126085,51417932
2023-12-25,0.126085,0.131717,0.125114,0.131023,67822427
2023-12-26,0.131067,0.131204,0.121884,0.126113,77230095
2023-12-27,0.126115,0.133626,0.123821,0.130803,97083783
2023-12-28,0.130803,0.135834,0.12904,0.132151,119978344
2023-12-29,0.132115,0.132578,0.127,0.129728,83132543
2023-12-30,0.12968,0.138378,0.129117,0.132398,129528793
2023-12-31,0.132405,0.133359,0.127301,0.128987,51043070
2024-01-01,0.129153,0.132465,0.127307,0.131996,43422461
2024-01-02,0.132039,0.133359,0.128454,0.129211,75798075
2024-01-03,0.129209,0.135,0.111776,0.120563,164710666
2024-01-04,0.120533,0.122197,0.119373,0.121659,54818755
2024-01-05,0.121747,0.122059,0.114226,0.119269,95815636
2024-01-06,0.11926,0.120714,0.116072,0.120191,68912048
2024-01-07,0.120076,0.120519,0.114612,0.115309,54870596
2024-01-08,0.115367,0.120169,0.112555,0.119614,142913991
2024-01-09,0.119625,0.120694,0.114001,0.116631,107324612
2024-01-10,0.116631,0.122318,0.113206,0.120823,157938279
2024-01-11,0.120874,0.126117,0.120334,0.123514,147359301
2024-01-12,0.123545,0.1254,0.116812,0.11894,100268803
2024-01-13,0.119025,0.120523,0.117315,0.12008,36573845
2024-01-14,0.119988,0.1208,0.117836,0.118049,48982630
2024-01-15,0.118038,0.12078,0.117716,0.118137,36761148
2024-01-16,0.118135,0.119282,0.116467,0.118539,28448518
2024-01-17,0.118497,0.119342,0.116834,0.1187,31710210
2024-01-18,0.118807,0.118829,0.112607,0.114155,56862086
2024-01-19,0.114207,0.114739,0.108816,0.113843,77782401
2024-01-20,0.113864,0.11546,0.112985,0.115411,37880478
2024-01-21,0.115377,0.116679,0.115133,0.115636,34371949
2024-01-22,0.115571,0.116175,0.111514,0.112639,83785461
2024-01-23,0.112675,0.114213,0.107,0.11165,61387266
2024-01-24,0.111614,0.11275,0.110542,0.112624,51009778
2024-01-25,0.112647,0.112698,0.110399,0.111749,41003418
2024-01-26,0.111693,0.116688,0.11159,0.115861,54217865
2024-01-27,0.115856,0.117039,0.1152,0.1163,23007041
2024-01-28,0.1163,0.116588,0.112938,0.113765,36974955
2024-01-29,0.113775,0.11651,0.113207,0.116472,46198490
2024-01-30,0.11651,0.116953,0.112429,0.112769,50927569
2024-01-31,0.112769,0.113596,0.108808,0.10986,51859513
2024-02-01,0.109891,0.110812,0.10793,0.10986,37476677
2024-02-02,0.109887,0.110942,0.108902,0.110272,49350946
2024-02-03,0.110313,0.1125,0.109376,0.110965,51234121
2024-02-04,0.110925,0.111302,0.108435,0.109239,28987375
2024-02-05,0.109223,0.109788,0.107542,0.108433,44456154
2024-02-06,0.108452,0.108968,0.107226,0.108191,35499228
2024-02-07,0.108222,0.109186,0.106827,0.109107,49691147
2024-02-08,0.109135,0.110104,0.108654,0.109813,38559232
2024-02-09,0.109802,0.112367,0.109795,0.112094,41122229
2024-02-10,0.112103,0.113251,0.110667,0.111661,34840689
2024-02-11,0.111749,0.113111,0.110657,0.111264,31749993
2024-02-12,0.111216,0.113486,0.109576,0.113171,53853155
2024-02-13,0.113155,0.114453,0.109561,0.111004,52594212
2024-02-14,0.111006,0.116,0.110208,0.114489,56445624
2024-02-15,0.114482,0.1177,0.11397,0.116829,114344568
2024-02-16,0.116824,0.118309,0.114019,0.115531,77559837
2024-02-17,0.115543,0.115994,0.111833,0.114189,38289372
2024-02-18,0.11419,0.116647,0.1135,0.115986,33940023
2024-02-19,0.115996,0.119105,0.115667,0.118411,58515967
2024-02-20,0.118402,0.121114,0.11419,0.117675,139907445
2024-02-21,0.117696,0.118272,0.110863,0.114354,77908452
2024-02-22,0.114327,0.117593,0.113279,0.11533,66019013.2929
2024-02-23,0.115352,0.117249,0.11294,0.114805,75469311.6729
2024-02-24,0.11478,0.117445,0.113653,0.116384,37136225.711
2024-02-25,0.116425,0.116961,0.115334,0.116569,37553274.3457
2024-02-26,0.116514,0.118208,0.114046,0.118077,79906215.4742
2024-02-27,0.118062,0.123687,0.117178,0.122985,151065149.38451174
2024-02-28,0.122985,0.129643,0.11648,0.121119,158675290.7346301
2024-02-29,0.121113,0.128304,0.11912,0.122164,222903461.4911089
2024-03-01,0.122163,0.127439,0.12156,0.127134,100866039.84292205
2024-03-02,0.127126,0.138481,0.126846,0.13835,206606891.74541098
2024-03-03,0.138323,0.140015,0.129435,0.135867,123708007.81599131
2024-03-04,0.135877,0.1591,0.133625,0.14606,251655044.37678066
2024-03-05,0.146109,0.15315,0.118444,0.132342,346590971.6373941
2024-03-06,0.132383,0.138648,0.128045,0.138581,189992933.086404
2024-03-07,0.138592,0.143463,0.137575,0.142191,142153277.00167722
2024-03-08,0.14218,0.145642,0.13682,0.141864,120703731.3953282
2024-03-09,0.14188,0.144042,0.140291,0.14252,68064232.19393168
2024-03-10,0.142523,0.145087,0.137,0.139839,75282185.88994318
2024-03-11,0.139854,0.162874,0.135,0.157618,240433288.9489868
2024-03-12,0.157654,0.159499,0.1425,0.149347,124575959.58945766
2024-03-13,0.149354,0.153722,0.146514,0.150889,113127331.18312289
2024-03-14,0.150926,0.152548,0.137769,0.144441,171819843.09257054
2024-03-15,0.144457,0.145542,0.126923,0.137056,233861985.8943469
2024-03-16,0.137055,0.143,0.126508,0.129193,176852498.6314781
2024-03-17,0.129193,0.133102,0.124417,0.132037,128565426.97079393
2024-03-18,0.13207,0.137697,0.124907,0.134914,179695453.97590387
2024-03-19,0.134871,0.134872,0.11863,0.120725,272161722.87271625
2024-03-20,0.120642,0.131374,0.117162,0.130844,167208130.59532368
2024-03-21,0.130795,0.135441,0.127833,0.133295,103793386.7463188
2024-03-22,0.133234,0.134174,0.125505,0.128322,127593209.03296009
2024-03-23,0.128318,0.136559,0.127761,0.13268,74865208.71892314
2024-03-24,0.13267,0.135417,0.131762,0.135052,52186385.9699337
2024-03-25,0.135053,0.139503,0.134114,0.136705,78624023.59500225
2024-03-26,0.136709,0.139999,0.135586,0.138207,66307629.57173068
2024-03-27,0.138204,0.139747,0.132106,0.13369,123570303.36929952
2024-03-28,0.133725,0.139674,0.132561,0.137981,86775262.3603283
2024-03-29,0.137984,0.146996,0.137267,0.142758,190460994.80887684
2024-03-30,0.142758,0.143592,0.138116,0.139183,63154768.27216335
2024-03-31,0.139193,0.141414,0.138356,0.141109,51910204.20446207
2024-04-01,0.141132,0.14257,0.132272,0.135591,130777331.86075063
2024-04-02,0.135586,0.135991,0.1271,0.128669,139626351.73478618
2024-04-03,0.128658,0.130808,0.12436,0.126326,140880608.46388507
2024-04-04,0.126297,0.131967,0.124343,0.128837,118227811.42675187
2024-04-05,0.128846,0.129703,0.12416,0.127493,82634864.63130768
2024-04-06,0.127491,0.129899,0.126945,0.129122,29585544.08714
2024-04-07,0.129155,0.130347,0.12796,0.129287,37215067.19862615
2024-04-08,0.129287,0.134442,0.127713,0.13341,72192451.58992486
2024-04-09,0.133427,0.136936,0.130671,0.132017,84255927.01201515
2024-04-10,0.132012,0.132176,0.125448,0.129653,104215257.04959679
2024-04-11,0.129652,0.131417,0.128131,0.130223,47992459.75142763
2024-04-12,0.13025,0.131167,0.102932,0.115132,159360604.57914922
2024-04-13,0.115109,0.115633,0.091439,0.105535,171279414.38778827
2024-04-14,0.105537,0.111564,0.101717,0.110816,139169898.92644644
2024-04-15,0.110773,0.114113,0.103933,0.107652,114590048.5864546
2024-04-16,0.107695,0.110099,0.104223,0.109634,106901030.46124415
2024-04-17,0.109634,0.110067,0.104748,0.107551,69328559.17916876
2024-04-18,0.107503,0.111062,0.105137,0.110457,86444400.5150227
2024-04-19,0.110471,0.11363,0.103514,0.111869,114608177.42072985
2024-04-20,0.111805,0.116946,0.110834,0.115963,54920035.44824852
2024-04-21,0.116004,0.116625,0.112552,0.113859,36595037.73552659
2024-04-22,0.1139,0.1192,0.113589,0.118243,62941553.15302236
2024-04-23,0.118259,0.1188,0.11548,0.117423,49936318.37715826
2024-04-24,0.117412,0.120375,0.113257,0.114424,86075692.24935284
2024-04-25,0.114427,0.115555,0.111422,0.11376,67503100.98243459
2024-04-26,0.113793,0.115128,0.111909,0.113995,52818097.04335653
2024-04-27,0.114,0.114858,0.111101,0.114417,49186671.10078793
2024-04-28,0.114414,0.115892,0.112,0.112306,41666393.7208052
2024-04-29,0.112306,0.113647,0.109715,0.111972,79468515.66594289
2024-04-30,0.111972,0.112833,0.104412,0.107636,90599520.92531753
2024-05-01,0.107677,0.111116,0.102985,0.110985,92125108.54979518
2024-05-02,0.111008,0.111275,0.106956,0.11029,63564826.44335487
2024-05-03,0.110245,0.112581,0.108817,0.111756,53321849.09747029
2024-05-04,0.111762,0.112641,0.110677,0.110918,39992952.05881997
2024-05-05,0.110969,0.111278,0.109338,0.110944,36352843.60690485
2024-05-06,0.110975,0.113646,0.10927,0.109741,102887725.72970946
2024-05-07,0.109788,0.11083,0.107871,0.107992,59194620.14211855
2024-05-08,0.108027,0.109784,0.106804,0.107287,46602106.07984071
2024-05-09,0.107258,0.108749,0.105813,0.108558,39753841.33302475
2024-05-10,0.108561,0.109782,0.105247,0.106263,39196045.08437052
2024-05-11,0.106263,0.107085,0.105405,0.10581,20931372.13532587
2024-05-12,0.105748,0.106272,0.103852,0.104727,16943562.4809173
2024-05-13,0.104673,0.105931,0.100992,0.103958,38081684.35280074
2024-05-14,0.103947,0.104467,0.101625,0.101859,40669309.12658657
2024-05-15,0.101856,0.107267,0.1015,0.106837,42432343.87597854
2024-05-16,0.106843,0.107982,0.104909,0.106699,47172447.31068337
2024-05-17,0.106691,0.109851,0.106056,0.108828,43372100.44881517
2024-05-18,0.108834,0.109521,0.10738,0.108123,19423738.52458698
2024-05-19,0.108133,0.1086,0.105272,0.105619,23825811.44681463
2024-05-20,0.105589,0.11254,0.10453,0.112535,68554565.29885781
2024-05-21,0.112558,0.114097,0.11141,0.1122,64255184.82998771
2024-05-22,0.112195,0.112565,0.1092,0.110602,48565176.42011251
2024-05-23,0.110596,0.111541,0.104871,0.109205,89858640.32031167
2024-05-24,0.109147,0.110617,0.107271,0.110165,55224811.17779277
2024-05-25,0.110154,0.111729,0.110032,0.110948,22747702.50358166
2024-05-26,0.110939,0.111461,0.10793,0.108573,26947303.09079664
2024-05-27,0.108539,0.111495,0.108009,0.110367,44443968.51340571
2024-05-28,0.110387,0.11069,0.106601,0.107768,61185682.78511868
2024-05-29,0.107738,0.109343,0.106365,0.106481,46129369.07366852
2024-05-30,0.106509,0.107774,0.104632,0.106698,58842145.57507146
2024-05-31,0.106665,0.107165,0.104635,0.106181,53661556.18355468
2024-06-01,0.106175,0.106827,0.105975,0.106327,17397260.90885125
2024-06-02,0.106304,0.106694,0.10439,0.105079,25243792.33255044
2024-06-03,0.105106,0.107065,0.104428,0.105372,38157456.45136241
2024-06-04,0.105289,0.106875,0.104,0.106339,48851239.5824242
2024-06-05,0.10635,0.107565,0.10588,0.106986,47982573.82437139
2024-06-06,0.106976,0.106998,0.104777,0.105243,41918589.93514814
2024-06-07,0.1052,0.10678,0.091596,0.100133,85194185.91344477
2024-06-08,0.100088,0.100142,0.09655,0.09825,39395187.26955334
2024-06-09,0.098251,0.099919,0.098045,0.099897,25767431.36659641
2024-06-10,0.0999,0.101267,0.099153,0.099983,61947984.37188157
2024-06-11,0.099983,0.10025,0.095253,0.096739,60539773.79133012
2024-06-12,0.096712,0.101013,0.095425,0.100087,73657998.21960875
2024-06-13,0.100144,0.100269,0.097141,0.097454,48956113.71988943
2024-06-14,0.097454,0.098918,0.094293,0.096769,62736403.95391296
2024-06-15,0.096769,0.098885,0.096202,0.098283,33576637.23661035
2024-06-16,0.098287,0.099234,0.097581,0.099082,28197100.86179806
2024-06-17,0.099101,0.099409,0.09513,0.096845,112631877.79337397
2024-06-18,0.096848,0.097036,0.087871,0.091328,124163475.41187257
2024-06-19,0.091325,0.094259,0.090656,0.093444,60977959.48177613
2024-06-20,0.093444,0.095455,0.092814,0.093929,61761369.76733263
2024-06-21,0.093928,0.094406,0.091062,0.092022,68459913.2803575
2024-06-22,0.092014,0.09206,0.090603,0.090835,23089652.80217613
2024-06-23,0.090835,0.091954,0.088929,0.089508,30196602.1344147
2024-06-24,0.089508,0.089725,0.0851,0.089333,81873709.56063503
2024-06-25,0.089333,0.093066,0.089145,0.091876,60704803.49413398
2024-06-26,0.091865,0.092521,0.089547,0.090155,44288715.96346561
2024-06-27,0.090152,0.091529,0.088619,0.091345,43126682.14690167
2024-06-28,0.091345,0.093075,0.090679,0.090853,47375320.74990184
2024-06-29,0.090861,0.091842,0.089834,0.090117,27847393.21266767
2024-06-30,0.090117,0.09169,0.089216,0.091089,39828340.27810703
2024-07-01,0.091096,0.09273,0.090415,0.091472,60829685.93405589
2024-07-02,0.091471,0.094173,0.091402,0.093562,53245965.41439108
2024-07-03,0.093562,0.093609,0.089175,0.090315,78171368.55608058
2024-07-04,0.090315,0.090636,0.086151,0.087059,128136216.42104565
2024-07-05,0.087058,0.087082,0.076829,0.085493,180092012.1038608
2024-07-06,0.085485,0.09087,0.085035,0.090637,49920438.46449591
2024-07-07,0.090637,0.090637,0.083458,0.083968,50147668.47285991
2024-07-08,0.083969,0.08728,0.080559,0.085518,92877628.91941465
2024-07-09,0.085503,0.088309,0.085124,0.088079,55992137.66637223
2024-07-10,0.088078,0.089293,0.086705,0.087556,51416701.50856827
2024-07-11,0.087557,0.090414,0.086913,0.088779,47602317.1261708
2024-07-12,0.088779,0.092539,0.088173,0.091367,112438174.92155042
2024-07-13,0.091367,0.106075,0.091332,0.102278,177336201.9136426
2024-07-14,0.102278,0.106998,0.099549,0.104506,62827844.99976507
2024-07-15,0.104554,0.105827,0.102477,0.104744,80206799.053305
2024-07-16,0.104742,0.109297,0.101131,0.106918,177463846.3285537
2024-07-17,0.106911,0.112427,0.10614,0.10988,175984472.88489228
2024-07-18,0.10988,0.1112,0.101209,0.103151,110275711.65293156
2024-07-19,0.103151,0.105582,0.100854,0.105318,73754481.17844474
2024-07-20,0.10529,0.106995,0.104006,0.105288,58399683.55119936
2024-07-21,0.105289,0.106091,0.101607,0.105434,61904228.7704649
2024-07-22,0.105435,0.106267,0.102288,0.103563,95381421.29153314
2024-07-23,0.103613,0.104863,0.09943,0.101019,75164082.2323854
2024-07-24,0.101039,0.105888,0.100149,0.102974,70173721.13887852
2024-07-25,0.10295,0.104213,0.099845,0.102198,107271617.87557258
2024-07-26,0.102201,0.104525,0.101404,0.103136,51253867.44742637
2024-07-27,0.103136,0.103559,0.100135,0.101424,47429704.39651732
2024-07-28,0.101394,0.102247,0.0996,0.100261,41613479.8641446
2024-07-29,0.100261,0.101974,0.09878,0.099073,51350160.22401534
2024-07-30,0.099077,0.103618,0.098389,0.102465,86000199.70028359
2024-07-31,0.102458,0.106511,0.100367,0.100471,129913280.86681134
2024-08-01,0.100481,0.101068,0.095356,0.099214,97933846.33666493
2024-08-02,0.099259,0.099468,0.093058,0.095398,80383398.03181571
2024-08-03,0.095403,0.09593,0.091629,0.093299,78021786.49896874
2024-08-04,0.093332,0.093425,0.086452,0.088168,51888382.16416536
2024-08-05,0.088188,0.0892,0.075736,0.087992,142015566.55764112
2024-08-06,0.087992,0.093093,0.087756,0.092556,101644164.30217412
2024-08-07,0.092532,0.104299,0.091696,0.101578,220452786.26166764
2024-08-08,0.101531,0.103567,0.098255,0.103103,140321447.012097
2024-08-09,0.103103,0.103224,0.098542,0.09992,71568189.09279223
2024-08-10,0.09992,0.102027,0.099546,0.101269,37555392.44895164
2024-08-11,0.101265,0.103,0.097,0.097844,47240897.00560419
2024-08-12,0.097839,0.10054,0.097264,0.098817,73747749.96571328
2024-08-13,0.098844,0.0998,0.097613,0.099314,32939849.09671865
2024-08-14,0.099257,0.0995,0.096254,0.096609,47621441.8885026
2024-08-15,0.096599,0.098315,0.094587,0.095661,51798544.23841243
2024-08-16,0.095688,0.096094,0.09312,0.094871,64138974.45920845
2024-08-17,0.094833,0.096388,0.094495,0.095686,30842816.21375371
2024-08-18,0.095688,0.0965,0.093432,0.093523,37838700.91710847
2024-08-19,0.09352,0.096338,0.093068,0.096338,59510709.12753168
2024-08-20,0.096334,0.0992,0.096072,0.0975,58925024.99944806
2024-08-21,0.097567,0.099208,0.096246,0.098554,55296496.25556247
2024-08-22,0.098568,0.099719,0.097255,0.098936,42778814.78956279
2024-08-23,0.098932,0.102475,0.098696,0.101908,57936467.0187898
2024-08-24,0.101908,0.103666,0.100825,0.102602,51925253.42170353
2024-08-25,0.102602,0.102948,0.099811,0.100943,60675113.02367748
2024-08-26,0.100972,0.10125,0.096617,0.097113,45358042.67893745
2024-08-27,0.097065,0.097729,0.092324,0.093734,80817293.52287862
2024-08-28,0.09361,0.094799,0.090644,0.092791,79435826.84581648
2024-08-29,0.092751,0.09443,0.092051,0.093126,45899490.31583232
2024-08-30,0.093054,0.094114,0.091044,0.093193,49235154.48593845
2024-08-31,0.093176,0.093703,0.091876,0.092531,17501023.15787203
2024-09-01,0.092531,0.092563,0.089263,0.090015,41744046.66777638
2024-09-02,0.089998,0.092573,0.089951,0.092358,35774211.66015559
2024-09-03,0.092366,0.09447,0.091395,0.091471,49609885.03197568
2024-09-04,0.091457,0.0925,0.088347,0.091619,74485000.49707365
2024-09-05,0.091651,0.092015,0.089666,0.09022,47422466.91429334
2024-09-06,0.090205,0.090421,0.085442,0.088029,55696112.908566
2024-09-07,0.087996,0.089747,0.087499,0.088568,24072808.58920687
2024-09-08,0.088577,0.090157,0.088433,0.089995,24724995.42037025
2024-09-09,0.089962,0.093692,0.08987,0.093154,41259438.20665771
2024-09-10,0.093109,0.094531,0.092482,0.093934,24134071.01815662
2024-09-11,0.093947,0.094047,0.091414,0.09264,40041213.39825029
2024-09-12,0.092681,0.095727,0.092339,0.094921,51866758.14833929
2024-09-13,0.094931,0.097009,0.094054,0.096401,39140326.18580599
2024-09-14,0.096409,0.097366,0.095775,0.097121,32395037.68870063
2024-09-15,0.097115,0.097381,0.094674,0.095101,27130136.21795056
2024-09-16,0.0951,0.095647,0.093687,0.094971,40762941.46227202
2024-09-17,0.09489,0.096426,0.094019,0.09458,54468537.74887985
2024-09-18,0.094539,0.09607,0.092901,0.095995,48700759.45216792
2024-09-19,0.09601,0.097,0.09459,0.095995,53818204.06735646
2024-09-20,0.095995,0.097145,0.095242,0.096157,36625474.81930878
2024-09-21,0.096162,0.099168,0.095729,0.098013,35417362.22846797
2024-09-22,0.097989,0.098123,0.094806,0.09604,35776520.33125946
2024-09-23,0.096073,0.096798,0.094922,0.096298,32714677.49875469
2024-09-24,0.096312,0.096917,0.095,0.096824,25127892.84829371
2024-09-25,0.096849,0.097182,0.095652,0.09595,40238372.47925162
2024-09-26,0.09595,0.099542,0.094678,0.098028,72991476.02452452
2024-09-27,0.098,0.0995,0.097582,0.09946,35911733.48536146
2024-09-28,0.09946,0.101907,0.098328,0.09943,91672412.28229849
2024-09-29,0.099431,0.103871,0.098411,0.101777,70618403.73155183
2024-09-30,0.101818,0.10358,0.098248,0.098453,95352409.5151524
2024-10-01,0.098407,0.100838,0.092448,0.093857,127985889.17629343
2024-10-02,0.093773,0.095119,0.09,0.090486,107498413.94227214
2024-10-03,0.090445,0.09221,0.088148,0.090429,91570637.3324467
2024-10-04,0.090429,0.092061,0.089627,0.09186,58829813.73882263
2024-10-05,0.09186,0.09268,0.091035,0.092055,31060261.99988071
2024-10-06,0.092053,0.093249,0.091495,0.092372,17501533.1402069
2024-10-07,0.092328,0.093274,0.090713,0.09104,48451872.80335134
2024-10-08,0.091052,0.092244,0.089525,0.089981,47163770.64539574
2024-10-09,0.08998,0.090813,0.088759,0.089714,36024546.89030269
2024-10-10,0.089721,0.090327,0.08815,0.09011,40059720.47045999
2024-10-11,0.090116,0.0922,0.089771,0.091884,44021367.15830799
2024-10-12,0.091892,0.092483,0.0916,0.091905,22880177.1243945
2024-10-13,0.091906,0.091935,0.089627,0.090383,33737804.94209492
2024-10-14,0.090357,0.093718,0.089714,0.093434,42623786.35359783
2024-10-15,0.093467,0.094496,0.091089,0.092971,80093519.97978857
2024-10-16,0.092997,0.096384,0.092251,0.095534,60082125.08053798
2024-10-17,0.095538,0.096772,0.094,0.094912,59187751.22164233
2024-10-18,0.09491,0.096869,0.09435,0.096642,36680868.89108572
2024-10-19,0.096644,0.097499,0.095854,0.096885,30943501.57149624
2024-10-20,0.096902,0.097273,0.096119,0.097195,26047668.05299378
2024-10-21,0.097196,0.097483,0.0947,0.0953,46462808.26081323
2024-10-22,0.095301,0.097,0.094652,0.095172,56752785.14789621
2024-10-23,0.095172,0.095683,0.09261,0.094433,54183487.50857337
2024-10-24,0.094463,0.096748,0.094182,0.096615,39052258.96548239
2024-10-25,0.096616,0.097254,0.091356,0.093306,76513983.53175475
2024-10-26,0.093269,0.094868,0.092651,0.09414,42324685.86758484
2024-10-27,0.094139,0.096999,0.093342,0.094149,27323809.12572819
2024-10-28,0.09417,0.094691,0.092684,0.094274,36678178.5465661
2024-10-29,0.094295,0.096947,0.094163,0.096629,43623556.02001178
2024-10-30,0.096676,0.096796,0.094397,0.094714,29621906.3878363
2024-10-31,0.094693,0.094925,0.091749,0.092311,50542986.66725799
2024-11-01,0.09231,0.093649,0.090781,0.093074,45707561.76243377
2024-11-02,0.093079,0.093559,0.091536,0.09263,25644745.54008654
2024-11-03,0.092607,0.092675,0.08932,0.090616,44016184.24221962
2024-11-04,0.090665,0.092208,0.0901,0.0911,45888649.91143078
2024-11-05,0.091117,0.093951,0.090649,0.093415,46584501.0505035
2024-11-06,0.09346,0.097805,0.09346,0.09719,106343115.45334134
2024-11-07,0.097186,0.102369,0.09664,0.102213,105327131.77056077
2024-11-08,0.102213,0.103364,0.099868,0.101277,69926838.26776776
2024-11-09,0.101298,0.102445,0.099556,0.102294,46049138.1384773
2024-11-10,0.102286,0.113313,0.101556,0.108418,181548214.28709316
2024-11-11,0.10844,0.114989,0.107459,0.114852,138134998.18017218
2024-11-12,0.114899,0.14163,0.11101,0.134546,317170269.9139366
2024-11-13,0.134437,0.13858,0.120777,0.124435,217313239.87467176
2024-11-14,0.124434,0.140607,0.121758,0.131089,234037795.5459112
2024-11-15,0.131126,0.148004,0.128284,0.14576,238581290.3852343
2024-11-16,0.145698,0.243054,0.140686,0.220952,691983977.7104648
2024-11-17,0.220773,0.225962,0.188913,0.196348,318246018.7445377
2024-11-18,0.19648,0.25588,0.195974,0.231774,570741387.9337884
2024-11-19,0.231871,0.244613,0.222336,0.231865,248915353.64516583
2024-11-20,0.231887,0.269999,0.226,0.247587,366608291.606383
2024-11-21,0.24751,0.265,0.23,0.262242,303399806.58243454
2024-11-22,0.262243,0.352816,0.262243,0.340474,666017199.991855
2024-11-23,0.340471,0.553459,0.339551,0.52229,1399045290.739928
2024-11-24,0.522643,0.63898,0.428144,0.536547,1495914538.1813102
2024-11-25,0.536898,0.559464,0.471164,0.481433,822751405.3478498
2024-11-26,0.481395,0.514123,0.414924,0.438407,739510662.6081053
2024-11-27,0.438126,0.531971,0.418005,0.483976,737354878.4997551
2024-11-28,0.483909,0.505,0.463031,0.499695,310220276.89535356
2024-11-29,0.499977,0.56182,0.48663,0.548399,521399900.2873674
2024-11-30,0.547939,0.562,0.52099,0.525545,336352330.96171975
2024-12-01,0.525656,0.578833,0.492859,0.559508,407705492.25501287
2024-12-02,0.559521,0.605416,0.497501,0.539436,656453830.8828479
2024-12-03,0.539437,0.6,0.48213,0.507241,560017027.2347803
2024-12-04,0.50724,0.52244,0.475867,0.489841,313450527.01296985
2024-12-05,0.490049,0.503926,0.460001,0.471513,299937526.21975696
2024-12-06,0.471389,0.500723,0.455555,0.496411,189807016.646492
2024-12-07,0.496525,0.531504,0.480321,0.504212,148301468.66665956
2024-12-08,0.504191,0.504324,0.475487,0.493162,106559831.5827033
2024-12-09,0.493153,0.493279,0.354421,0.411151,266155348.66018245
2024-12-10,0.410592,0.4415,0.362389,0.436821,440314646.0470565
2024-12-11,0.43666,0.446288,0.402811,0.435425,304673456.30260634
2024-12-12,0.43547,0.450928,0.418767,0.425328,207731174.5006196
2024-12-13,0.42521,0.453022,0.411977,0.437809,154005966.73055318
2024-12-14,0.437904,0.451789,0.411066,0.424153,116583128.1154041
2024-12-15,0.424375,0.435446,0.416135,0.430243,98334494.88523847
2024-12-16,0.430316,0.447299,0.407,0.418839,121106186.12399651
2024-12-17,0.4189,0.471542,0.410209,0.428778,238428075.10578525
2024-12-18,0.4291,0.4472,0.39,0.395779,211470410.8605692
2024-12-19,0.395617,0.414493,0.35281,0.369432,251576048.00194073
2024-12-20,0.369538,0.383862,0.311903,0.375112,265615059.35716438
2024-12-21,0.375095,0.389795,0.350772,0.355914,134891594.2950186
2024-12-22,0.355811,0.371703,0.342643,0.356126,132277860.55774605
2024-12-23,0.356153,0.375,0.345334,0.370669,150951629.57682544
2024-12-24,0.370612,0.413916,0.35974,0.402221,164457389.27375686
2024-12-25,0.402149,0.40349,0.378088,0.382564,89792751.67579535
2024-12-26,0.382715,0.38652,0.349516,0.354302,118727462.25719796
2024-12-27,0.35439,0.368658,0.342866,0.349175,93334223.05572802
2024-12-28,0.3492,0.359351,0.34428,0.355586,44979048.19240678
2024-12-29,0.355461,0.355916,0.334649,0.337616,51033784.81593703
2024-12-30,0.337626,0.347409,0.320209,0.331293,108115205.79284526
2024-12-31,0.331253,0.345946,0.323288,0.332022,84706831.34943397
2025-01-01,0.332022,0.44,0.331472,0.424759,297428738.4136911
2025-01-02,0.42476,0.459338,0.412066,0.431594,214973036.78169554
2025-01-03,0.431502,0.46,0.429435,0.44802,230658215.9194988
2025-01-04,0.44805,0.485725,0.44432,0.450405,187155608.24995038
2025-01-05,0.450371,0.456668,0.431499,0.440633,95348328.36826564
2025-01-06,0.440589,0.463373,0.432501,0.446855,132921303.34709395
2025-01-07,0.446855,0.469409,0.414019,0.417763,173522934.01656577
2025-01-08,0.417699,0.439254,0.3893,0.425252,299825913.1226112
2025-01-09,0.425352,0.429996,0.386635,0.391367,173586364.94254172
2025-01-10,0.391371,0.425968,0.387232,0.414288,171001107.92208087
2025-01-11,0.414397,0.458879,0.403297,0.445723,152253639.74841633
2025-01-12,0.445602,0.446521,0.419428,0.422054,108717378.75241342
2025-01-13,0.422244,0.439001,0.392001,0.419652,204411641.15648925
2025-01-14,0.419597,0.436611,0.415253,0.430099,139719333.51806805
2025-01-15,0.430025,0.495365,0.426181,0.488175,363674789.7615725
2025-01-16,0.488078,0.514783,0.463439,0.481883,338554113.9710567
2025-01-17,0.482001,0.499953,0.474216,0.48787,207644024.47481018
2025-01-18,0.487971,0.492166,0.45116,0.490069,190466332.22959182
2025-01-19,0.490197,0.494839,0.417145,0.432747,252950862.5260231
2025-01-20,0.432653,0.478172,0.423157,0.446662,334595897.7417295
2025-01-21,0.446907,0.454751,0.427,0.442457,165429000.7297656
2025-01-22,0.442416,0.44545,0.425625,0.428399,142395811.7348286
2025-01-23,0.428468,0.437396,0.412156,0.430968,163217653.13077238
2025-01-24,0.430999,0.448851,0.419791,0.430933,149658368.76102853
2025-01-25,0.430878,0.437197,0.41326,0.417009,73966576.02639447
2025-01-26,0.417014,0.426143,0.405599,0.406251,93747417.55700716
2025-01-27,0.406069,0.410108,0.363,0.407363,271453401.69801176
2025-01-28,0.407513,0.421074,0.390019,0.392557,155703091.5508021
2025-01-29,0.392502,0.406625,0.381771,0.392914,154465357.31965813
2025-01-30,0.392903,0.443999,0.389222,0.428698,224675543.4951252
2025-01-31,0.428756,0.429978,0.406938,0.413928,121375731.60176769
2025-02-01,0.413879,0.42031,0.388655,0.391985,91751035.83586653
2025-02-02,0.391935,0.401294,0.33591,0.353692,255370078.93341792
2025-02-03,0.353998,0.372777,0.26127,0.370934,445415022.5734014
2025-02-04,0.370746,0.37566,0.332728,0.340915,221258296.78709203
2025-02-05,0.341001,0.348829,0.322252,0.327256,128355482.99969883
2025-02-06,0.327252,0.341264,0.313153,0.31823,137046669.63218257
2025-02-07,0.318284,0.345443,0.31663,0.326857,175497265.6231107
2025-02-08,0.326853,0.334518,0.320834,0.331581,65187288.47477992
2025-02-09,0.331616,0.338872,0.302853,0.314062,105651024.6870021
2025-02-10,0.314068,0.323069,0.303328,0.313191,106791404.78237936
2025-02-11,0.313311,0.339466,0.312041,0.318039,123624256.52455828
2025-02-12,0.317904,0.337222,0.307031,0.333265,140918812.13778707
2025-02-13,0.333269,0.343,0.322559,0.336998,91604323.8331326
2025-02-14,0.33704,0.36293,0.333967,0.350607,179516411.9229261
2025-02-15,0.350706,0.366119,0.345587,0.348883,103626609.08218001
2025-02-16,0.348798,0.35195,0.339701,0.342565,52403288.22659558
2025-02-17,0.342537,0.3485,0.330377,0.334058,97772688.76440582
2025-02-18,0.334059,0.335336,0.31553,0.323431,82137904.30850686
2025-02-19,0.323338,0.34249,0.320864,0.341822,81773542.65544213
2025-02-20,0.341885,0.349764,0.335835,0.344592,67039171.06905051
2025-02-21,0.344708,0.346456,0.320391,0.325895,90211491.85630316
2025-02-22,0.325976,0.339796,0.324201,0.334261,42782852.30856024
2025-02-23,0.334459,0.336151,0.3267,0.333025,30883101.75397903
2025-02-24,0.33311,0.335,0.294052,0.297765,107700554.29043612
2025-02-25,0.297667,0.30341,0.270744,0.295184,133475169.42886575
2025-02-26,0.295334,0.298937,0.277798,0.286036,62932717.41510852
2025-02-27,0.286144,0.293475,0.27686,0.28305,66435908.35188184
2025-02-28,0.283128,0.288677,0.252364,0.286236,100360346.58635448
2025-03-01,0.286319,0.31864,0.283414,0.311209,97653127.61041594
2025-03-02,0.311428,0.375175,0.309353,0.351196,247894227.81830943
2025-03-03,0.351196,0.361473,0.289707,0.292341,181023251.46777415
2025-03-04,0.292022,0.301171,0.273756,0.294893,142877772.88753188
2025-03-05,0.29478,0.308966,0.290031,0.299644,73162779.1064228
2025-03-06,0.299484,0.309752,0.295009,0.296156,76820003.32473531
2025-03-07,0.296156,0.302919,0.279667,0.283219,113298878.70361589
2025-03-08,0.283198,0.28475,0.271964,0.275716,41366792.48821006
2025-03-09,0.275716,0.279583,0.260941,0.263049,64934636.13827979
2025-03-10,0.263078,0.275593,0.239657,0.241778,124058849.53268
2025-03-11,0.241779,0.261354,0.22679,0.255292,94924614.16500533
2025-03-12,0.25539,0.263492,0.246608,0.259359,76373521.75323933
2025-03-13,0.259337,0.29485,0.258479,0.273717,181252277.85458565
2025-03-14,0.273865,0.283549,0.270825,0.276255,89162687.34921122
2025-03-15,0.276258,0.284209,0.271535,0.274559,56168539.96443978
2025-03-16,0.274602,0.276208,0.260832,0.26259,53421241.43739931
2025-03-17,0.262612,0.277458,0.262286,0.273008,72196907.55381674
2025-03-18,0.272953,0.275,0.262383,0.27341,49562856.649955
2025-03-19,0.273364,0.297747,0.273198,0.290757,143710252.13651493
2025-03-20,0.29073,0.292748,0.2778,0.281332,65116698.33668043
2025-03-21,0.281171,0.287699,0.274,0.276983,49152001.29271439
2025-03-22,0.276866,0.27993,0.273381,0.273959,29579019.48835033
2025-03-23,0.273927,0.283976,0.273127,0.283207,34273383.32207631
2025-03-24,0.283048,0.294955,0.278173,0.290756,56624510.13823718
2025-03-25,0.290705,0.296101,0.286115,0.293837,41729386.80869285
2025-03-26,0.293804,0.302261,0.283382,0.285466,58990489.99216743
2025-03-27,0.285486,0.294766,0.281987,0.286296,51854490.4370383
2025-03-28,0.286293,0.289053,0.269612,0.274473,59244371.60208964
2025-03-29,0.274553,0.276768,0.26174,0.267226,40129822.88708358
2025-03-30,0.267082,0.272455,0.263201,0.266768,33739229.09011572
2025-03-31,0.266768,0.269844,0.25835,0.26391,65467373.75064529
2025-04-01,0.263909,0.27921,0.261852,0.272001,56945432.36827322
2025-04-02,0.27213,0.27815,0.254207,0.25813,96266826.0437058
2025-04-03,0.258089,0.267036,0.25,0.261,59740842.55546012
2025-04-04,0.261019,0.264927,0.253262,0.259492,60193109.91548371
2025-04-05,0.259487,0.261403,0.24837,0.252409,35637254.4426424
2025-04-06,0.252409,0.254131,0.222884,0.226174,82273967.66706973
2025-04-07,0.226202,0.244824,0.2,0.232023,149134909.3106583
2025-04-08,0.232056,0.241437,0.219635,0.22097,78930468.03133419
2025-04-09,0.221016,0.246,0.213219,0.242211,128836957.85780023
2025-04-10,0.242119,0.24238,0.224254,0.230146,63207941.27398166
2025-04-11,0.230049,0.237718,0.229184,0.233724,61548979.87284321
2025-04-12,0.233865,0.248588,0.232856,0.246294,41742535.5314762
2025-04-13,0.246157,0.2526,0.234875,0.237928,75253015.79422349
2025-04-14,0.237928,0.247354,0.23695,0.239934,61280041.76065126
2025-04-15,0.239936,0.245102,0.235236,0.235517,50947596.86482309
2025-04-16,0.235418,0.23974,0.23055,0.235814,57509389.29556139
2025-04-17,0.235822,0.242221,0.234348,0.239429,51260952.30668021
2025-04-18,0.23943,0.244652,0.238003,0.239986,34498999.63193322
2025-04-19,0.239987,0.249429,0.239723,0.246103,32980247.02882128
2025-04-20,0.24618,0.247496,0.238373,0.243534,39658961.13888782
2025-04-21,0.243621,0.262512,0.243605,0.250245,99786253.91249168
2025-04-22,0.250239,0.267992,0.243789,0.265113,93340867.67937215
2025-04-23,0.26511,0.27544,0.26317,0.266482,97209552.84862667
2025-04-24,0.26639,0.28373,0.258847,0.281126,102236970.69542871
2025-04-25,0.280995,0.29165,0.274346,0.283642,82244468.35814556
2025-04-26,0.283805,0.297505,0.283805,0.290765,75581362.18115449
2025-04-27,0.290834,0.294444,0.280724,0.284303,100095236.74746117
2025-04-28,0.284348,0.294342,0.27839,0.282468,105100495.60308594
2025-04-29,0.282504,0.28514,0.275244,0.277785,60069863.63948034
2025-04-30,0.27774,0.281909,0.268048,0.271021,71508493.79281488
2025-05-01,0.271091,0.280576,0.27019,0.273691,72714201.95867439
2025-05-02,0.273545,0.279722,0.270703,0.274678,62510290.14974271
2025-05-03,0.274749,0.275826,0.267934,0.269159,40400568.06954619
2025-05-04,0.269134,0.273603,0.265,0.265446,48624492.05927016
2025-05-05,0.265408,0.270459,0.256242,0.258331,94589140.22681627
2025-05-06,0.258237,0.26312,0.25194,0.262846,79978628.32688987
2025-05-07,0.262879,0.264457,0.25641,0.260362,52238953.67248662
2025-05-08,0.26039,0.291611,0.258878,0.291238,151949402.1483303
2025-05-09,0.291073,0.30667,0.289307,0.295259,194922845.59309295
2025-05-10,0.295345,0.321699,0.293614,0.321699,131377042.07154518
2025-05-11,0.321771,0.324805,0.300761,0.306353,105084840.96849665
2025-05-12,0.306365,0.33446,0.305513,0.312577,245822018.68818787
2025-05-13,0.312628,0.318283,0.297314,0.314126,122936647.81481962
2025-05-14,0.314051,0.318217,0.300818,0.303733,105190991.79480895
2025-05-15,0.303842,0.308002,0.286976,0.293231,132105811.58114061
2025-05-16,0.293189,0.301012,0.289045,0.293155,83924549.60331936
2025-05-17,0.293235,0.294322,0.28168,0.286622,80639058.38848151
2025-05-18,0.286579,0.297643,0.28186,0.292532,116358108.05548476
2025-05-19,0.292532,0.294191,0.276985,0.286746,119040110.12428132
2025-05-20,0.286733,0.290415,0.280006,0.287675,98714292.59126346
2025-05-21,0.28766,0.298252,0.284059,0.293311,131003560.42501494
2025-05-22,0.293442,0.307564,0.293067,0.304304,92759396.25798218
2025-05-23,0.304296,0.312445,0.284194,0.28527,119442528.09366791
2025-05-24,0.285293,0.2916,0.284203,0.28605,27752991.67657974
2025-05-25,0.286049,0.287948,0.27763,0.287912,56708169.42644881
2025-05-26,0.287931,0.290652,0.283261,0.285829,46449634.15794561
2025-05-27,0.285778,0.293171,0.281227,0.287303,48123963.10461914
2025-05-28,0.287241,0.289961,0.27911,0.285406,47155084.5926883
2025-05-29,0.285406,0.288707,0.278369,0.279111,71613232.90502267
2025-05-30,0.279179,0.2801,0.263648,0.2652,102541531.37709905
2025-05-31,0.265123,0.267784,0.259,0.264232,53623550.21198703
2025-06-01,0.264263,0.268286,0.262,0.267489,43345313.39890276
2025-06-02,0.267479,0.272106,0.26388,0.272016,54694176.73871441
2025-06-03,0.27204,0.276593,0.269915,0.273025,57300052.67295613
2025-06-04,0.272962,0.275759,0.265362,0.266783,39762621.43655218
2025-06-05,0.266835,0.269054,0.252601,0.257202,68028143.9434584
2025-06-06,0.257158,0.266844,0.25577,0.262979,40871522.25253133
2025-06-07,0.26298,0.268134,0.262072,0.264779,24101655.32236243
2025-06-08,0.264792,0.27447,0.263269,0.268032,54514189.69436541
2025-06-09,0.267855,0.275128,0.264316,0.275,44301416.20780659
2025-06-10,0.27498,0.28152,0.272158,0.280521,62607913.3203231
2025-06-11,0.28057,0.284847,0.276161,0.276845,81506701.79771107
2025-06-12,0.276782,0.278355,0.267423,0.267475,60242864.05062281
2025-06-13,0.267451,0.267451,0.253733,0.26092,83804411.90634046
2025-06-14,0.260949,0.261252,0.253058,0.256597,27094891.61770371
2025-06-15,0.256597,0.259964,0.254566,0.258671,27076639.76849283
2025-06-16,0.25869,0.27036,0.256429,0.261759,59264625.58091954
2025-06-17,0.261774,0.263911,0.250623,0.251977,69805877.03014646
2025-06-18,0.252009,0.254168,0.245965,0.252462,53419676.88316176
2025-06-19,0.252461,0.253186,0.247377,0.249632,21995170.79359894
2025-06-20,0.249616,0.251731,0.240241,0.241984,58280163.90200247
2025-06-21,0.242004,0.244888,0.232602,0.237282,42335082.5400357
2025-06-22,0.237282,0.238936,0.216784,0.228909,80783357.002175
2025-06-23,0.228923,0.246456,0.225171,0.245881,65069696.08776275
2025-06-24,0.245889,0.249922,0.243919,0.24885,38017100.00363887
2025-06-25,0.24885,0.24928,0.239808,0.241571,36417072.70268112
2025-06-26,0.241571,0.24435,0.233836,0.234252,36886068.38970706
2025-06-27,0.234279,0.238572,0.23266,0.236996,42247711.6444207
2025-06-28,0.237033,0.240224,0.236047,0.238992,21102416.09156091
2025-06-29,0.238961,0.242263,0.234874,0.24033,25984306.43650296
2025-06-30,0.240344,0.243243,0.233795,0.238091,67630122.3263025
2025-07-01,0.23812,0.239651,0.222854,0.225451,62306625.24432859
2025-07-02,0.225438,0.240487,0.224209,0.238077,48311918.76541161
2025-07-03,0.238139,0.24797,0.237706,0.242676,59049144.02291655
2025-07-04,0.242676,0.244959,0.23509,0.237707,38729752.4201241
2025-07-05,0.237712,0.238842,0.235013,0.238417,13921792.70895017
2025-07-06,0.238415,0.251935,0.236733,0.250744,61556091.46183233
2025-07-07,0.250718,0.257381,0.246102,0.248268,103662510.74345618
2025-07-08,0.248232,0.2598,0.246174,0.259563,74613959.44381773
2025-07-09,0.259563,0.297593,0.256724,0.288268,186608301.26353142
2025-07-10,0.288315,0.306027,0.285363,0.303062,189025714.9215943
2025-07-11,0.303027,0.4,0.297618,0.36036,402390299.4557485
2025-07-12,0.360273,0.418898,0.351,0.393096,311159261.73327494
2025-07-13,0.39308,0.482557,0.387311,0.470758,361202275.4763283
2025-07-14,0.470781,0.52,0.438361,0.463526,423096559.04605573
2025-07-15,0.463776,0.474899,0.429497,0.451626,259345122.1178555
2025-07-16,0.451597,0.480992,0.447347,0.453726,244741377.6003716
2025-07-17,0.453738,0.514709,0.444576,0.497701,284302549.2236493
2025-07-18,0.497595,0.520657,0.45,0.459218,220309801.54603097
2025-07-19,0.45924,0.469615,0.450379,0.461326,79621764.08415234
2025-07-20,0.461376,0.4774,0.455,0.462733,87054435.51012792
2025-07-21,0.462795,0.494208,0.45612,0.473159,128307257.49847417
2025-07-22,0.473204,0.476819,0.449342,0.472487,116155632.02175339
2025-07-23,0.47264,0.474699,0.409,0.428152,141546057.26612908
2025-07-24,0.427998,0.448194,0.401232,0.424732,128614858.98908862
2025-07-25,0.424754,0.43664,0.404911,0.431329,119966530.05736446
2025-07-26,0.431371,0.446921,0.42871,0.435308,67463143.56126378
2025-07-27,0.435338,0.4597,0.434018,0.444425,72554293.6565991
2025-07-28,0.444427,0.454437,0.4155,0.419291,70974278.35057531
2025-07-29,0.419271,0.434866,0.411743,0.421035,56995032.52739935
2025-07-30,0.421018,0.424332,0.393,0.407631,86143950.57495637
2025-07-31,0.407595,0.428758,0.400182,0.400964,84220800.4862184
2025-08-01,0.401043,0.4016,0.374724,0.381972,148591660.80944747
2025-08-02,0.381964,0.391212,0.361919,0.36698,86871634.64259046
2025-08-03,0.36704,0.403302,0.3612,0.399364,88073319.75969987
2025-08-04,0.399354,0.419705,0.396608,0.413442,92623080.06851558
2025-08-05,0.413442,0.418535,0.39137,0.39585,90382076.99756815
2025-08-06,0.395918,0.402647,0.384783,0.400185,68642742.97051087
2025-08-07,0.400278,0.440979,0.396448,0.439549,94112407.45658864
2025-08-08,0.439546,0.468931,0.436194,0.450049,159479415.71543923
2025-08-09,0.450073,0.456999,0.444778,0.446969,54060186.60439366
2025-08-10,0.446969,0.456662,0.433156,0.444589,65682619.17179667
2025-08-11,0.444635,0.461122,0.427512,0.430403,97709263.03869598
2025-08-12,0.430375,0.455887,0.42974,0.449192,86396570.63492163
2025-08-13,0.449165,0.459566,0.440274,0.451983,74887840.93368036
2025-08-14,0.452082,0.471303,0.41047,0.423655,113736800.3510058
2025-08-15,0.423685,0.433507,0.411737,0.430588,71373121.7446933
2025-08-16,0.430588,0.433179,0.422567,0.426832,31108877.8660783
2025-08-17,0.426807,0.434202,0.423603,0.424734,34910861.60920476
2025-08-18,0.424733,0.42529,0.4035,0.414694,66936834.22756467
2025-08-19,0.41473,0.418506,0.3895,0.390752,63221472.80533232
2025-08-20,0.390784,0.408676,0.387352,0.404544,60663694.13171618
2025-08-21,0.404567,0.407535,0.389671,0.391125,41848634.73050674
2025-08-22,0.391132,0.428904,0.380654,0.424606,97778973.9517007
2025-08-23,0.424495,0.424902,0.409464,0.416511,39733768.60616417
2025-08-24,0.416524,0.424,0.402232,0.407798,60960688.03258572
2025-08-25,0.40785,0.410841,0.377477,0.3843,69993026.8486475
2025-08-26,0.3843,0.399652,0.382032,0.394826,59078213.39783248
2025-08-27,0.394854,0.394942,0.377589,0.379008,64665705.73215222
2025-08-28,0.379072,0.387448,0.374312,0.382247,41473982.76579224
2025-08-29,0.38221,0.382505,0.354627,0.361494,73920780.27711286
2025-08-30,0.361532,0.36263,0.351825,0.360024,33501717.54414375
2025-08-31,0.360032,0.364834,0.35218,0.352704,32872056.74573957
2025-09-01,0.352791,0.363907,0.344309,0.35742,73906457.61984712
2025-09-02,0.357446,0.368068,0.354005,0.368068,57201648.74025203
2025-09-03,0.368067,0.368882,0.360538,0.362161,46850865.80750086
2025-09-04,0.36219,0.36357,0.350739,0.352009,40635518.55717746
2025-09-05,0.352015,0.367949,0.350748,0.359579,48033067.9319724
2025-09-06,0.359578,0.36139,0.352976,0.355846,21237353.9086656
2025-09-07,0.35585,0.365757,0.355496,0.3617,35180020.67479621
2025-09-08,0.361585,0.384734,0.358333,0.377482,72813889.63508385
2025-09-09,0.377597,0.386751,0.37056,0.372146,53041065.42267182
2025-09-10,0.372183,0.386078,0.370148,0.383453,39077716.2664016
2025-09-11,0.383454,0.396609,0.383246,0.39606,54728907.55506253
2025-09-12,0.396058,0.405567,0.390162,0.40522,48743619.81453738
2025-09-13,0.4053,0.414396,0.400197,0.40518,52452151.10216489
2025-09-14,0.405132,0.405773,0.384104,0.389695,37976981.28505365
2025-09-15,0.38971,0.394771,0.374152,0.380678,44562572.05720565
2025-09-16,0.38059,0.391675,0.374747,0.384228,42275131.44734562
2025-09-17,0.384258,0.398546,0.38,0.395542,61131380.34045017
2025-09-18,0.39558,0.404889,0.392318,0.396289,52328714.3287538
2025-09-19,0.396282,0.399911,0.38562,0.38832,41412925.16451623
2025-09-20,0.38827,0.394003,0.385001,0.386404,23503133.04380844
2025-09-21,0.386356,0.39078,0.379157,0.379891,23660728.49435823
2025-09-22,0.37989,0.380702,0.344958,0.368589,53651098.11229355
2025-09-23,0.368587,0.374948,0.361448,0.364505,42629549.80263282
2025-09-24,0.364567,0.381439,0.3573,0.374756,38429033.13225534
2025-09-25,0.374794,0.377,0.346799,0.350571,52898887.61810717
2025-09-26,0.35064,0.364314,0.346016,0.3621,39384146.79727579
2025-09-27,0.3621,0.363324,0.356271,0.360975,18189707.94757498
2025-09-28,0.36097,0.369548,0.352041,0.367703,20099392.69165504
2025-09-29,0.367828,0.377051,0.36333,0.371866,35151966.73390827
2025-09-30,0.371906,0.374346,0.35782,0.364252,32488074.31172796
2025-10-01,0.36423,0.398794,0.361575,0.398522,49006071.01388787
2025-10-02,0.398466,0.414113,0.394773,0.408899,64069819.43902829
2025-10-03,0.408933,0.413764,0.399228,0.406485,69986887.45583795
2025-10-04,0.406485,0.408104,0.388198,0.393898,28971024.44922556
2025-10-05,0.39403,0.409054,0.39189,0.396368,41081274.64996735
2025-10-06,0.3964,0.413,0.393615,0.408619,55693006.54954623
2025-10-07,0.408666,0.4104,0.383069,0.383935,48091058.37585585
2025-10-08,0.383906,0.392491,0.378044,0.38851,32374708.32486137
2025-10-09,0.38851,0.388785,0.37111,0.379517,30891803.92087495
2025-10-10,0.37954,0.386209,0.28,0.323468,88962818.84273735
2025-10-11,0.323254,0.340507,0.309129,0.323358,77586183.73452315
2025-10-12,0.323398,0.350532,0.313824,0.341847,65244495.1762946
2025-10-13,0.341842,0.354958,0.336468,0.35146,74981885.49554802
2025-10-14,0.35146,0.353349,0.318772,0.337578,77986176.79653113
2025-10-15,0.33744,0.342643,0.31983,0.324664,56409298.79254206
2025-10-16,0.32476,0.332758,0.3075,0.312232,96842577.28702876
2025-10-17,0.312178,0.317767,0.289438,0.30854,87024238.35336185
2025-10-18,0.308659,0.320057,0.30822,0.314439,26382820.17307376
2025-10-19,0.31451,0.323675,0.307294,0.317968,30410846.01532019
2025-10-20,0.317936,0.333071,0.313103,0.324384,32048129.47875503
2025-10-21,0.324431,0.333025,0.313623,0.314203,53695132.17117768
2025-10-22,0.313652,0.315404,0.302419,0.308115,48485581.04206928
2025-10-23,0.308114,0.317045,0.307976,0.311535,29548987.09992084
2025-10-24,0.311538,0.324694,0.310279,0.319429,40089602.99695003
2025-10-25,0.319429,0.330266,0.317715,0.32498,19906460.47574721
2025-10-26,0.32498,0.332993,0.322498,0.330444,30145198.48782679
2025-10-27,0.330358,0.3347,0.32133,0.322729,42021437.86646234
2025-10-28,0.322655,0.337916,0.31395,0.318345,72052966.48161912
2025-10-29,0.318319,0.32487,0.310855,0.315898,54544978.46563693
2025-10-30,0.31595,0.318602,0.290195,0.298439,48112985.65374922
2025-10-31,0.298439,0.312604,0.297904,0.304722,42010462.12908101
2025-11-01,0.304722,0.307276,0.301479,0.30495,20198060.01036459
2025-11-02,0.304917,0.3077,0.2995,0.304665,18765166.98793665
2025-11-03,0.30474,0.30556,0.272951,0.278113,56831878.22329803
2025-11-04,0.278162,0.284257,0.2535,0.269458,77261059.02867068
2025-11-05,0.26942,0.282064,0.25777,0.280058,50254386.74076494
2025-11-06,0.27999,0.281841,0.26341,0.269618,41150461.3284092
2025-11-07,0.26951,0.293151,0.26535,0.291458,75792422.11536916
2025-11-08,0.291448,0.29555,0.278342,0.28331,30768932.34365539
2025-11-09,0.283319,0.287892,0.272606,0.285834,34124277.48901201
2025-11-10,0.285782,0.311374,0.283773,0.300355,74620939.34485568
2025-11-11,0.300355,0.304999,0.279768,0.281755,50394406.74830806
2025-11-12,0.281792,0.294968,0.273592,0.277704,37308084.95303691
2025-11-13,0.277688,0.299656,0.2625,0.268289,71273865.91804034
2025-11-14,0.268363,0.270777,0.256204,0.259198,55857299.56614978
2025-11-15,0.259282,0.267254,0.25741,0.259476,22382283.62473977
2025-11-16,0.259454,0.26299,0.248863,0.253816,35156770.74276275
2025-11-17,0.25387,0.262108,0.243922,0.24687,59058172.34257178
2025-11-18,0.246871,0.260131,0.24,0.255767,47159197.6026644
2025-11-19,0.25577,0.256657,0.235154,0.2463,51656918.54815985
2025-11-20,0.246253,0.254137,0.233716,0.236648,48946523.30653294
2025-11-21,0.236692,0.240241,0.216643,0.231781,74204304.02747983
2025-11-22,0.231706,0.233042,0.225876,0.230055,30626150.10435346
2025-11-23,0.23,0.253189,0.229096,0.247252,41244732.00274681
2025-11-24,0.247242,0.260099,0.2413,0.254591,60155965.36194856
2025-11-25,0.254667,0.256304,0.241,0.252182,36317195.69620612
2025-11-26,0.252182,0.261963,0.247839,0.258454,42574377.52345572
2025-11-27,0.258453,0.259427,0.250908,0.25573,32116656.79534364
2025-11-28,0.25564,0.263,0.2509,0.253312,29013501.66452896
2025-11-29,0.25333,0.257794,0.249973,0.253996,17282469.10225385
2025-11-30,0.253996,0.255974,0.247715,0.248069,14703319.38654816
2025-12-01,0.247942,0.24888,0.226735,0.233838,64212248.14832941
2025-12-02,0.233834,0.25803,0.230111,0.254688,42876783.42237835
2025-12-03,0.25473,0.262955,0.251332,0.258006,35722422.70898006
2025-12-04,0.258048,0.259,0.248451,0.252057,22235620.31037271
2025-12-05,0.252069,0.254184,0.238816,0.239776,23166097.42787281
2025-12-06,0.239744,0.242807,0.23769,0.239555,12290795.65606619
2025-12-07,0.239551,0.244851,0.231721,0.237348,23606407.96839216
2025-12-08,0.237309,0.246763,0.236944,0.240633,25088794.72443885
2025-12-09,0.240631,0.258309,0.237505,0.253121,38827771.60169458
2025-12-10,0.25312,0.259871,0.248768,0.249908,34346686.44109722
2025-12-11,0.249888,0.250496,0.23915,0.245823,32115519.53542915
2025-12-12,0.245902,0.248104,0.233143,0.238658,30881549.7294298
2025-12-13,0.238658,0.240844,0.236276,0.237797,11415749.13215417
2025-12-14,0.237765,0.238398,0.2275,0.229522,26709096.05029098
2025-12-15,0.229436,0.23517,0.211807,0.220523,55395670.07807013
2025-12-16,0.220545,0.224438,0.215,0.219416,33989967.14695161
2025-12-17,0.219439,0.22515,0.208975,0.210664,39070239.2104738
2025-12-18,0.210571,0.218835,0.202901,0.207295,38608636.55594145
2025-12-19,0.207297,0.221639,0.204164,0.219218,43883902.77987794
2025-12-20,0.21918,0.223379,0.217594,0.218222,18550074.42130015
2025-12-21,0.218178,0.219684,0.211909,0.216409,15613593.28335856
2025-12-22,0.21648,0.22616,0.214485,0.220416,31727791.37805274
2025-12-23,0.220376,0.221452,0.21345,0.217122,30520524.85309531
2025-12-24,0.217076,0.218153,0.211045,0.212,20188811.39057675
2025-12-25,0.212021,0.21663,0.208325,0.209879,15226327.17714957
2025-12-26,0.209833,0.217107,0.20815,0.213355,27461725.05421357
2025-12-27,0.2133,0.221363,0.212023,0.220682,20396626.47261794
2025-12-28,0.220698,0.224759,0.217951,0.22033,22013403.32113589
2025-12-29,0.22031,0.22744,0.215193,0.215851,39731414.91684793
2025-12-30,0.215848,0.216013,0.2097,0.210429,72124373.51542705
2025-12-31,0.210429,0.211048,0.197338,0.200721,66460791.28427883
2026-01-01,0.200728,0.209989,0.20063,0.208319,61243381.39774316
2026-01-02,0.208323,0.225858,0.205181,0.219088,116867670.04665302
2026-01-03,0.219029,0.22763,0.216632,0.222105,42765628.96725991
2026-01-04,0.222117,0.235398,0.221711,0.23288,61678399.87995335
2026-01-05,0.232895,0.254176,0.22956,0.252669,149245097.7504976
2026-01-06,0.25262,0.255505,0.233752,0.243676,80838897.4785952
2026-01-07,0.243622,0.243814,0.231681,0.233943,46038211.87630018
2026-01-08,0.233809,0.235882,0.225338,0.230109,51262016.39808494
2026-01-09,0.230133,0.23325,0.22518,0.228003,42930381.61519732
2026-01-10,0.227976,0.228927,0.225,0.226157,18683402.30457588
2026-01-11,0.226111,0.228936,0.221331,0.224087,26148013.30361507
2026-01-12,0.224044,0.228524,0.21636,0.219047,49721402.4489115
2026-01-13,0.218959,0.241409,0.218629,0.238537,62875410.66655651
2026-01-14,0.238537,0.246923,0.234974,0.236195,74387385.87922779
2026-01-15,0.236196,0.236508,0.224749,0.228374,46081996.47075079
2026-01-16,0.228343,0.229379,0.220099,0.225978,26878399.89404006
2026-01-17,0.225978,0.239061,0.224571,0.230762,28198538.50614673
2026-01-18,0.230754,0.232656,0.217877,0.218137,31394618.24286826
2026-01-19,0.21799,0.219955,0.20825,0.21557,54321801.57938913
2026-01-20,0.215613,0.216755,0.205189,0.206751,35691810.40112549
2026-01-21,0.206788,0.217383,0.205172,0.212284,44611888.11790046
2026-01-22,0.21229,0.216931,0.209401,0.211271,28202345.85558901
2026-01-23,0.2114,0.218693,0.208263,0.211895,19439899.51566504
2026-01-24,0.212007,0.212919,0.209937,0.211021,8507640.27335456
2026-01-25,0.21112,0.211467,0.200589,0.202966,31439490.19782037
2026-01-26,0.202968,0.211661,0.202968,0.206965,31787361.16970411
2026-01-27,0.206965,0.209651,0.203038,0.208241,30276258.48310896
2026-01-28,0.208248,0.211784,0.2065,0.21007,27048348.89730837
2026-01-29,0.21017,0.210189,0.194642,0.19841,41915345.4085916
2026-01-30,0.19845,0.19958,0.188154,0.19159,58916864.2049554
2026-01-31,0.191645,0.192204,0.166,0.180854,74664175.71417356
2026-02-01,0.180815,0.1824,0.170999,0.174835,37052430.41898824
2026-02-02,0.174882,0.183551,0.168286,0.178492,55459926.31099731
2026-02-03,0.17853,0.1818,0.167637,0.175503,43166280.7210374
2026-02-04,0.175472,0.178366,0.166812,0.171011,45664154.70273729
2026-02-05,0.170979,0.171167,0.14321,0.146854,129500912.4237375
2026-02-06,0.146783,0.171206,0.13612,0.16402,116168419.98248789
2026-02-07,0.163983,0.164628,0.155969,0.161683,36788620.07620195
2026-02-08,0.16173,0.164952,0.158787,0.161403,24573416.70049047
2026-02-09,0.161392,0.163889,0.156016,0.15948,32590233.87297174
2026-02-10,0.15948,0.1609,0.154692,0.158478,30287339.2936884
2026-02-11,0.158446,0.15898,0.15052,0.154586,36306856.08434911
2026-02-12,0.154593,0.163561,0.153776,0.15621,30158527.17639647
2026-02-13,0.156205,0.166587,0.154437,0.164408,34638341.29994819
2026-02-14,0.164443,0.176669,0.164352,0.17434,25147564.0580271
2026-02-15,0.17433,0.18554,0.167453,0.17013,45183652.42504974
2026-02-16,0.170134,0.172512,0.16602,0.16967,22783796.44513413
2026-02-17,0.16969,0.1703,0.164151,0.165613,22817235.76126533
2026-02-18,0.165554,0.169343,0.160737,0.161231,21462946.13037933
2026-02-19,0.16125,0.16595,0.157159,0.158933,26675305.23099392
2026-02-20,0.158911,0.16517,0.157425,0.162597,29722090.20442249
2026-02-21,0.162576,0.164474,0.160942,0.160975,13440512.26135673
2026-02-22,0.160951,0.161,0.153759,0.154872,78100637.24916685
2026-02-23,0.154875,0.157453,0.149094,0.15154,41531813.01816067
2026-02-24,0.15158,0.152552,0.147299,0.14957,36958934.1442701
2026-02-25,0.14957,0.169331,0.149392,0.162661,55571210.51469375
2026-02-26,0.162603,0.165532,0.158445,0.16218,32161493.02357725
2026-02-27,0.162213,0.170967,0.156276,0.158794,41182625.8203088
2026-02-28,0.15875,0.160323,0.147888,0.15895,52735911.95882133
2026-03-01,0.15901,0.16463,0.151786,0.15421,38934382.37665295
2026-03-02,0.154191,0.16218,0.15187,0.155759,36197181.38616262
2026-03-03,0.155799,0.155799,0.148628,0.151588,41271600.8378373
2026-03-04,0.15159,0.165868,0.149808,0.1596,67990806.19161795
2026-03-05,0.159605,0.161217,0.154206,0.156849,34878061.66547101
2026-03-06,0.156849,0.160525,0.150069,0.15228,35666794.76762829
2026-03-07,0.15228,0.15355,0.149179,0.150477,16589566.11423897
2026-03-08,0.15048,0.152269,0.146781,0.148136,28148986.20025214
2026-03-09,0.148146,0.15412,0.148016,0.15075,33192497.85971836
2026-03-10,0.150748,0.167855,0.150521,0.158539,64856238.11826128
2026-03-11,0.15853,0.162225,0.155516,0.15922,34284041.70916081
2026-03-12,0.15924,0.161107,0.15645,0.160034,23490430.35804077
2026-03-13,0.160004,0.1682,0.159404,0.164052,42263552.48973995
2026-03-14,0.164016,0.166714,0.162337,0.16656,19774613.57898112
2026-03-15,0.16659,0.17131,0.165445,0.169331,25440049.24175961
2026-03-16,0.16936,0.17704,0.16693,0.17602,60102833.9381347
2026-03-17,0.175975,0.18198,0.172188,0.173689,35366957.27090021
2026-03-18,0.17371,0.177582,0.165197,0.17019,34602696.62527991
2026-03-19,0.170174,0.170814,0.163311,0.16534,26252216.58943389
2026-03-20,0.16534,0.16892,0.163304,0.16547,22821580.00328384
2026-03-21,0.16551,0.1669,0.161343,0.162144,12425257.92387204
2026-03-22,0.162075,0.1637,0.154899,0.155898,28406299.41249385
2026-03-23,0.1559,0.1675,0.155372,0.166752,51581006.12997802
2026-03-24,0.166736,0.175174,0.16374,0.17382,43849026.41145809
2026-03-25,0.173799,0.182339,0.17361,0.177444,52783822.21437473
2026-03-26,0.177373,0.178443,0.171073,0.173855,31714929.07444837
2026-03-27,0.17376,0.17531,0.166666,0.167207,24179392.6164171
2026-03-28,0.167204,0.1717,0.164371,0.167785,19726587.47516748
2026-03-29,0.1678,0.169195,0.161126,0.164574,18972734.48402305
2026-03-30,0.164455,0.173816,0.164282,0.16727,33193412.53835884
2026-03-31,0.16727,0.170792,0.163479,0.166944,30434174.90543042
2026-04-01,0.166968,0.17454,0.166739,0.169299,32663065.23786622
2026-04-02,0.169297,0.170978,0.1602,0.16294,49224659.80572404
2026-04-03,0.162984,0.166541,0.161875,0.16298,25777575.31551939
2026-04-04,0.162953,0.163296,0.160633,0.161903,14445300.29737497
2026-04-05,0.161904,0.16274,0.1555,0.162695,22632115.27778532
2026-04-06,0.162695,0.164174,0.15513,0.15564,31648090.17782569
2026-04-07,0.155623,0.16462,0.153513,0.163513,34067765.68856914
2026-04-08,0.163512,0.165204,0.157478,0.157729,31987928.02765174
2026-04-09,0.157711,0.158748,0.152301,0.154819,54162502.53248302
2026-04-10,0.154836,0.158471,0.152885,0.15541,34645351.20841569
2026-04-11,0.155409,0.156956,0.153165,0.15375,20018996.95730231
2026-04-12,0.15375,0.154221,0.150241,0.150299,16310780.74987144
2026-04-13,0.150299,0.156587,0.15,0.156368,23277972.90998597
2026-04-14,0.156398,0.158744,0.153882,0.154752,30237560.19574386
2026-04-15,0.154744,0.158957,0.154466,0.157924,29449439.75097101
2026-04-16,0.15793,0.169615,0.157393,0.169258,65705776.8058338
2026-04-17,0.16926,0.1773,0.164254,0.17424,54222687.15843811
2026-04-18,0.174211,0.176243,0.167623,0.17042,27805049.22338817
2026-04-19,0.170496,0.172558,0.166084,0.166594,29610388.14370399
2026-04-20,0.16665,0.175296,0.16646,0.173852,38510150.86255628
2026-04-21,0.173908,0.184669,0.172943,0.179,66153391.75697366
2026-04-22,0.17906,0.182454,0.17651,0.176709,42547478.4882986
2026-04-23,0.17671,0.179396,0.174266,0.17546,40592867.34697196
2026-04-24,0.175462,0.176918,0.172247,0.17306,34065173.96389548
2026-04-25,0.173055,0.17482,0.169609,0.169764,19155010.70050975
2026-04-26,0.169792,0.172685,0.168112,0.171096,24194478.93752406
2026-04-27,0.171008,0.17352,0.164325,0.166081,57025784.34493584
2026-04-28,0.16608,0.16609,0.16116,0.161786,29091846.31353588
2026-04-29,0.161817,0.164668,0.158406,0.15946,38590240.89868297
2026-04-30,0.15946,0.161021,0.158206,0.15829,18368698.57022423
2026-05-01,0.15823,0.162587,0.15818,0.159479,27158276.74507873
2026-05-02,0.15948,0.16102,0.15888,0.159942,14072552.6930471
2026-05-03,0.159933,0.160115,0.157801,0.1579,16312553.8747082
2026-05-04,0.1579,0.16164,0.156507,0.157489,41823331.10427733
2026-05-05,0.157489,0.161307,0.156934,0.159752,34837087.72743954
2026-05-06,0.159754,0.166053,0.159723,0.161608,51840231.81213622
2026-05-07,0.161642,0.162651,0.1576,0.158122,36266688.47058932
2026-05-08,0.158122,0.165687,0.1576,0.163415,22384522.07173276
2026-05-09,0.163495,0.167842,0.161495,0.162404,42683675.45278172
2026-05-10,0.162375,0.173916,0.16086,0.169591,79947113.70084453
2026-05-11,0.169583,0.171101,0.164657,0.168501,66470043.86831384
2026-05-12,0.168475,0.1691,0.16116,0.162492,43004656.05825536
2026-05-13,0.162434,0.165908,0.157696,0.15891,43362103.88686828
2026-05-14,0.158901,0.168461,0.157936,0.162319,55953945.69479915
2026-05-15,0.162319,0.163614,0.15363,0.154573,54613186.64371008
2026-05-16,0.154572,0.155571,0.150218,0.151726,36042586.28742132
2026-05-17,0.151702,0.152843,0.146,0.149355,34990811.2324927
2026-05-18,0.149298,0.150505,0.144619,0.147232,36434941.09745057
2026-05-19,0.147232,0.148352,0.142588,0.143424,30607050.08069524
2026-05-20,0.143424,0.14688,0.14198,0.143704,39562532.74792758
2026-05-21,0.143733,0.148707,0.142929,0.146637,43966379.46559412
2026-05-22,0.1466,0.150453,0.142971,0.14338,39425627.48217719
2026-05-23,0.143382,0.14957,0.1395,0.148087,36293796.0538748
2026-05-24,0.148065,0.14966,0.14476,0.147397,30292234.66863183
2026-05-25,0.147431,0.153568,0.146573,0.149662,36990563.78376813
2026-05-26,0.149662,0.151263,0.1464,0.147505,35431577.09835893
2026-05-27,0.147521,0.17,0.146013,0.163724,203629757.21784505
2026-05-28,0.163748,0.217234,0.163675,0.20351,623434202.5645865
2026-05-29,0.20349,0.26602,0.195643,0.259588,596160185.6151174
2026-05-30,0.259383,0.297944,0.226086,0.229255,518732045.4827775
2026-05-31,0.229255,0.267108,0.220777,0.259647,349424563.41175485
2026-06-01,0.259647,0.276317,0.240001,0.242806,418121146.26041573
2026-06-02,0.242806,0.243507,0.214347,0.222172,225526987.63702053
2026-06-03,0.222221,0.234223,0.208068,0.208389,214228706.09787405
2026-06-04,0.208395,0.220506,0.198014,0.20143,243721068.8543206
2026-06-05,0.201391,0.208714,0.184197,0.203289,318911201.0052271
2026-06-06,0.203339,0.215291,0.188841,0.212091,216898231.41767368
2026-06-07,0.211945,0.217908,0.199482,0.205767,155224885.39607763
2026-06-08,0.205747,0.207942,0.197505,0.202509,110553201.95654026
2026-06-09,0.202547,0.204707,0.191016,0.192204,88975531.10752425
2026-06-10,0.192207,0.192942,0.181082,0.182689,107800259.84772485
2026-06-11,0.182689,0.194427,0.182337,0.19184,82181261.73869465
2026-06-12,0.19186,0.199507,0.187191,0.187962,65373797.47124948
2026-06-13,0.187909,0.192108,0.183418,0.186975,57087464.13495668
2026-06-14,0.187019,0.1923,0.181088,0.190885,57347113.57390242
2026-06-15,0.190873,0.234165,0.187379,0.2135,250835664.59559974
2026-06-16,0.21345,0.233912,0.208193,0.216875,156861641.7586014
2026-06-17,0.216876,0.233964,0.216516,0.22544,161466436.47855762
2026-06-18,0.22545,0.251559,0.225351,0.234185,239332219.9447487
2026-06-19,0.234156,0.235082,0.214413,0.217975,104548109.7221624
2026-06-20,0.217992,0.218759,0.210366,0.215971,63220205.22318479
2026-06-21,0.215981,0.217652,0.209281,0.20957,51979270.79533095
2026-06-22,0.209501,0.216921,0.201259,0.202681,69090955.29635835
2026-06-23,0.202608,0.202608,0.190362,0.194905,82982335.78821722
2026-06-24,0.194905,0.197114,0.181619,0.185251,81445072.43597613
2026-06-25,0.185251,0.189945,0.173793,0.1787,90199873.26651533
2026-06-26,0.17871,0.180566,0.170792,0.177596,89177000.14802153
2026-06-27,0.177605,0.18057,0.172102,0.17368,56028998.21632805
2026-06-28,0.173672,0.175059,0.168623,0.172674,37340300.86092796
2026-06-29,0.172719,0.178873,0.169704,0.174876,68392956.09200852
2026-06-30,0.174867,0.189129,0.173298,0.188836,152794545.30389106
2026-07-01,0.18886,0.20747,0.18886,0.197208,180920563.85539675
2026-07-02,0.197283,0.204288,0.192397,0.199066,92370071.60386133
2026-07-03,0.199064,0.206775,0.195985,0.203904,73568301.3993132
2026-07-04,0.20385,0.215471,0.202423,0.206512,97170812.60504997
2026-07-05,0.206569,0.206809,0.19735,0.202976,58617619.92369603
2026-07-06,0.203112,0.207329,0.195862,0.19996,82980329.10925174
2026-07-07,0.199969,0.200681,0.18772,0.188596,56735097.69671825
2026-07-08,0.188619,0.189795,0.1795,0.181124,60212122.24159743
2026-07-09,0.181124,0.187708,0.17983,0.186139,58744806.88346602
2026-07-10,0.186139,0.194403,0.184789,0.190554,55217574.20606882
2026-07-11,0.190513,0.193576,0.186189,0.186332,37064498.07779514
2026-07-12,0.186295,0.191438,0.182587,0.18633,37836218.31231528
2026-07-13,0.186258,0.189329,0.1783,0.18069,53440646.30192055
2026-07-14,0.18069,0.186482,0.177664,0.184339,50457192.80819869
2026-07-15,0.184381,0.192113,0.181568,0.188424,81282095.60309875
2026-07-16,0.1884,0.192759,0.184736,0.18501,74673583.22790456
2026-07-17,0.184975,0.188,0.181609,0.185434,53849601.35047186
2026-07-18,0.185386,0.189199,0.18316,0.187686,32214051.10509236
2026-07-19,0.187695,0.1919,0.185911,0.188067,42832289.53588556
2026-07-20,0.187968,0.190216,0.183817,0.188219,56196130.80197467
2026-07-21,0.188183,0.196351,0.186493,0.19202,60096978.82181535
2026-07-22,0.19206,0.195452,0.185607,0.187433,54698604.75757004
2026-07-23,0.18744,0.18768,0.180348,0.182102,50131654.27361009
2026-07-24,0.182102,0.184877,0.175948,0.177794,54933460.6394343
2026-07-25,0.177794,0.179948,0.17629,0.178004,21516748.34061248
2026-07-26,0.177971,0.183282,0.176201,0.182436,34472402.32419605
2026-07-27,0.182466,0.183116,0.171,0.17195,52145244.37723736
2026-07-28,0.171904,0.174843,0.169562,0.17387,51298621.66711068
2026-07-29,0.17392,0.176138,0.16844,0.171747,45172525.79695174
2026-07-30,0.17177,0.17373,0.170716,0.17176,26481038.65663144
2026-07-31,0.171797,0.173662,0.167737,0.172109,51408964.01196278
2026-08-01,0.17211,0.173078,0.168381,0.170849,29816471.63075449
2026-08-02,0.17085,0.177284,0.170335,0.174039,46077125.6082688
2026-08-03,0.173951,0.174188,0.169713,0.171127,38249863.32478346
2026-08-04,0.171196,0.171963,0.1684,0.168511,45694687.57227464
2026-08-05,0.168513,0.168613,0.164229,0.16479,45593473.04204106
2026-08-06,0.16479,0.165026,0.159129,0.161252,47694574.87260325
2026-08-07,0.161252,0.163128,0.15924,0.161297,29245563.76810607
2026-08-08,0.161297,0.166635,0.161118,0.164317,27287858.12147825
2026-08-09,0.164349,0.164758,0.1608,0.162632,50518595.70137417
2026-08-10,0.162498,0.165879,0.160842,0.161333,36390459.56347555
2026-08-11,0.16135,0.16268,0.158626,0.161907,29151017.86295986
2026-08-12,0.161887,0.16256,0.158035,0.159264,37766233.77387407
2026-08-13,0.159232,0.162752,0.158171,0.159454,29630078.75686695
2026-08-14,0.159437,0.160383,0.155838,0.158,32714264.02294121
2026-08-15,0.158001,0.159651,0.1575,0.15788,21296562.67010026
2026-08-16,0.157886,0.159628,0.1558,0.156204,28474938.24597637
2026-08-17,0.156168,0.15924,0.155776,0.15807,30371718.23003688
2026-08-18,0.1581,0.15816,0.15236,0.154784,39418387.99988637
2026-08-19,0.154812,0.172985,0.153663,0.170252,77030150.51346616
2026-08-20,0.170228,0.191981,0.166104,0.181608,149920875.37110293
2026-08-21,0.18163,0.204135,0.181244,0.201804,162613549.56374508
2026-08-22,0.201764,0.222592,0.190554,0.195547,240429843.08199525
2026-08-23,0.195578,0.202114,0.187662,0.199699,92285364.70258877
2026-08-24,0.199635,0.200586,0.191583,0.193741,71424322.04753943
2026-08-25,0.193648,0.200182,0.181701,0.182389,79287449.7233785
2026-08-26,0.1824,0.185864,0.177848,0.185309,54586000.62633697
2026-08-27,0.185363,0.189769,0.18073,0.187382,41612221.17398238
2026-08-28,0.187407,0.189244,0.175341,0.17955,70509512.6145257
2026-08-29,0.17951,0.180396,0.176715,0.179751,20271682.96481278
2026-08-30,0.179751,0.182527,0.172502,0.174631,38333689.24148581
